match_id,innings,over,ball_in_over,batting_team,bowling_team,current_score,wickets_lost,wickets_in_hand,runs_to_go,balls_remaining,overs_remaining,current_run_rate,required_run_rate,target_runs,win_flag,venue_canon,home_team,checkpoint_over,rrr_x_wickets_in_hand,runs_to_go_x_wickets_in_hand,rrr_minus_crr,date,season
335983,2,19,6,Punjab Kings,Chennai Super Kings,198,4,6,43,6.0,1.0,10.421052631578949,43.0,241,0,"IS Bindra Stadium, Mohali",Punjab Kings,19,258.0,258,32.578947368421055,2008-04-19,2007/08
335985,2,19,6,Royal Challengers Bangalore,Mumbai Indians,163,5,5,3,6.0,1.0,8.578947368421053,3.0,166,1,"Wankhede Stadium, Mumbai",Mumbai Indians,19,15.0,15,-5.578947368421053,2008-04-20,2007/08
335986,2,19,6,Kolkata Knight Riders,Sunrisers Hyderabad,112,5,5,0,6.0,1.0,5.894736842105263,0.0,111,1,"Eden Gardens, Kolkata",Kolkata Knight Riders,19,0.0,0,-5.894736842105263,2008-04-20,2007/08
335987,2,19,1,Rajasthan Royals,Punjab Kings,168,4,6,0,11.0,1.8333333333333333,9.247706422018348,0.0,167,1,"Sawai Mansingh Stadium, Jaipur",Rajasthan Royals,19,0.0,0,-9.247706422018348,2008-04-21,2007/08
335989,2,19,6,Mumbai Indians,Chennai Super Kings,190,7,3,19,6.0,1.0,10.0,19.0,209,0,"MA Chidambaram Stadium, Chennai",Chennai Super Kings,19,57.0,57,9.0,2008-04-23,2007/08
335990,2,19,7,Rajasthan Royals,Sunrisers Hyderabad,198,7,3,17,6.0,1.0,10.421052631578949,17.0,215,1,"Rajiv Gandhi International Stadium, Hyderabad",Sunrisers Hyderabad,19,51.0,51,6.578947368421051,2008-04-24,2007/08
335991,2,19,7,Mumbai Indians,Punjab Kings,116,9,1,67,6.0,1.0,6.105263157894737,67.0,183,0,"IS Bindra Stadium, Mohali",Punjab Kings,19,67.0,67,60.89473684210526,2008-04-25,2007/08
335995,2,19,6,Punjab Kings,Delhi Capitals,158,6,4,1,6.0,1.0,8.31578947368421,1.0,159,1,"IS Bindra Stadium, Mohali",Punjab Kings,19,4.0,4,-7.315789473684211,2008-04-27,2007/08
335996,2,19,6,Royal Challengers Bangalore,Chennai Super Kings,162,9,1,17,6.0,1.0,8.526315789473685,17.0,179,0,"M Chinnaswamy Stadium, Bengaluru",Royal Challengers Bangalore,19,17.0,17,8.473684210526315,2008-04-28,2007/08
335997,2,19,4,Mumbai Indians,Kolkata Knight Riders,138,3,7,0,8.0,1.3333333333333333,7.392857142857142,0.0,138,1,"Eden Gardens, Kolkata",Kolkata Knight Riders,19,0.0,0,-7.392857142857142,2008-04-29,2007/08
335998,2,19,6,Royal Challengers Bangalore,Delhi Capitals,162,5,5,30,6.0,1.0,8.526315789473685,30.0,192,0,"Arun Jaitley Stadium, Delhi",Delhi Capitals,19,150.0,150,21.473684210526315,2008-04-30,2007/08
335999,2,19,6,Punjab Kings,Sunrisers Hyderabad,167,3,7,0,6.0,1.0,8.789473684210526,0.0,165,1,"Rajiv Gandhi International Stadium, Hyderabad",Sunrisers Hyderabad,19,0.0,0,-8.789473684210526,2008-05-01,2007/08
336000,2,19,6,Kolkata Knight Riders,Rajasthan Royals,151,9,1,46,6.0,1.0,7.947368421052632,46.0,197,0,"Sawai Mansingh Stadium, Jaipur",Rajasthan Royals,19,46.0,46,38.05263157894737,2008-05-01,2007/08
336001,2,19,7,Delhi Capitals,Chennai Super Kings,172,2,8,0,6.0,1.0,9.052631578947368,0.0,170,1,"MA Chidambaram Stadium, Chennai",Chennai Super Kings,19,0.0,0,-9.052631578947368,2008-05-02,2007/08
336002,2,19,6,Royal Challengers Bangalore,Sunrisers Hyderabad,171,5,5,0,6.0,1.0,9.0,0.0,166,1,"Rajiv Gandhi International Stadium, Hyderabad",Sunrisers Hyderabad,19,0.0,0,-9.0,2008-05-25,2007/08
336003,2,19,6,Kolkata Knight Riders,Punjab Kings,160,6,4,19,6.0,1.0,8.421052631578947,19.0,179,0,"IS Bindra Stadium, Mohali",Punjab Kings,19,76.0,76,10.578947368421053,2008-05-03,2007/08
336004,2,19,5,Delhi Capitals,Mumbai Indians,133,10,0,30,7.0,1.1666666666666667,7.061946902654868,25.71428571428571,163,0,"Dr DY Patil Sports Academy, Navi Mumbai",Mumbai Indians,19,0.0,0,18.652338811630845,2008-05-04,2007/08
336006,2,19,3,Punjab Kings,Royal Challengers Bangalore,127,4,6,0,9.0,1.5,6.864864864864865,0.0,127,1,"M Chinnaswamy Stadium, Bengaluru",Royal Challengers Bangalore,19,0.0,0,-6.864864864864865,2008-05-05,2007/08
336009,2,19,6,Chennai Super Kings,Delhi Capitals,173,6,4,15,6.0,1.0,9.105263157894736,15.0,188,1,"Arun Jaitley Stadium, Delhi",Delhi Capitals,19,60.0,60,5.894736842105264,2008-05-08,2007/08
336013,2,19,6,Punjab Kings,Chennai Super Kings,155,6,4,27,6.0,1.0,8.157894736842104,27.0,182,0,"MA Chidambaram Stadium, Chennai",Chennai Super Kings,19,108.0,108,18.842105263157897,2008-05-10,2007/08
336014,2,19,8,Sunrisers Hyderabad,Kolkata Knight Riders,172,7,3,33,6.0,1.0,9.052631578947368,33.0,205,0,"Rajiv Gandhi International Stadium, Hyderabad",Sunrisers Hyderabad,19,99.0,99,23.94736842105263,2008-05-11,2007/08
336015,2,19,6,Rajasthan Royals,Delhi Capitals,155,7,3,2,6.0,1.0,8.157894736842104,2.0,157,1,"Sawai Mansingh Stadium, Jaipur",Rajasthan Royals,19,6.0,6,-6.157894736842104,2008-05-11,2007/08
336019,2,19,6,Rajasthan Royals,Punjab Kings,178,7,3,44,6.0,1.0,9.36842105263158,44.0,222,0,"IS Bindra Stadium, Mohali",Punjab Kings,19,132.0,132,34.63157894736842,2008-05-28,2007/08
336020,2,19,6,Sunrisers Hyderabad,Delhi Capitals,180,6,4,15,6.0,1.0,9.473684210526317,15.0,195,0,"Arun Jaitley Stadium, Delhi",Delhi Capitals,19,60.0,60,5.526315789473683,2008-05-15,2007/08
336023,2,19,6,Royal Challengers Bangalore,Rajasthan Royals,118,9,1,80,6.0,1.0,6.2105263157894735,80.0,198,0,"Sawai Mansingh Stadium, Jaipur",Rajasthan Royals,19,80.0,80,73.78947368421052,2008-05-17,2007/08
336024,2,19,6,Sunrisers Hyderabad,Mumbai Indians,147,7,3,32,6.0,1.0,7.736842105263157,32.0,179,0,"Rajiv Gandhi International Stadium, Hyderabad",Sunrisers Hyderabad,19,96.0,96,24.263157894736842,2008-05-18,2007/08
336026,2,19,2,Delhi Capitals,Royal Challengers Bangalore,158,5,5,0,10.0,1.6666666666666667,8.618181818181819,0.0,155,1,"M Chinnaswamy Stadium, Bengaluru",Royal Challengers Bangalore,19,0.0,0,-8.618181818181819,2008-05-19,2007/08
336028,2,19,6,Mumbai Indians,Punjab Kings,171,7,3,19,6.0,1.0,9.0,19.0,190,0,"Wankhede Stadium, Mumbai",Mumbai Indians,19,57.0,57,10.0,2008-05-21,2007/08
336029,2,19,7,Chennai Super Kings,Royal Challengers Bangalore,111,8,2,16,6.0,1.0,5.842105263157895,16.0,127,0,"MA Chidambaram Stadium, Chennai",Chennai Super Kings,19,32.0,32,10.157894736842106,2008-05-21,2007/08
336031,2,19,6,Punjab Kings,Sunrisers Hyderabad,171,4,6,5,6.0,1.0,9.0,5.0,176,1,"IS Bindra Stadium, Mohali",Punjab Kings,19,30.0,30,-4.0,2008-05-23,2007/08
336032,2,19,6,Delhi Capitals,Mumbai Indians,169,5,5,8,6.0,1.0,8.894736842105264,8.0,177,1,"Arun Jaitley Stadium, Delhi",Delhi Capitals,19,40.0,40,-0.8947368421052637,2008-05-24,2007/08
336033,2,19,7,Chennai Super Kings,Rajasthan Royals,197,5,5,15,6.0,1.0,10.36842105263158,15.0,212,0,"MA Chidambaram Stadium, Chennai",Chennai Super Kings,19,75.0,75,4.6315789473684195,2008-05-24,2007/08
336034,2,19,6,Sunrisers Hyderabad,Royal Challengers Bangalore,137,6,4,20,6.0,1.0,7.2105263157894735,20.0,157,0,"M Chinnaswamy Stadium, Bengaluru",Royal Challengers Bangalore,19,80.0,80,12.789473684210527,2008-05-03,2007/08
336035,2,19,6,Kolkata Knight Riders,Punjab Kings,160,7,3,15,6.0,1.0,8.421052631578947,15.0,175,1,"Eden Gardens, Kolkata",Kolkata Knight Riders,19,45.0,45,6.578947368421053,2008-05-25,2007/08
336036,2,19,7,Rajasthan Royals,Mumbai Indians,131,5,5,15,6.0,1.0,6.894736842105263,15.0,146,1,"Sawai Mansingh Stadium, Jaipur",Rajasthan Royals,19,75.0,75,8.105263157894736,2008-05-26,2007/08
336037,2,19,6,Chennai Super Kings,Sunrisers Hyderabad,141,3,7,7,6.0,1.0,7.421052631578948,7.0,148,1,"Rajiv Gandhi International Stadium, Hyderabad",Sunrisers Hyderabad,19,49.0,49,-0.4210526315789478,2008-05-27,2007/08
336040,2,19,6,Rajasthan Royals,Chennai Super Kings,156,7,3,8,6.0,1.0,8.210526315789474,8.0,164,1,"Dr DY Patil Sports Academy, Navi Mumbai",,19,24.0,24,-0.21052631578947434,2008-06-01,2007/08
392181,2,19,6,Chennai Super Kings,Mumbai Indians,141,6,4,25,6.0,1.0,7.421052631578948,25.0,166,0,"Newlands, Cape Town",,19,100.0,100,17.57894736842105,2009-04-18,2009
392188,2,19,7,Royal Challengers Bangalore,Sunrisers Hyderabad,156,7,3,29,6.0,1.0,8.210526315789474,29.0,185,0,"Newlands, Cape Town",,19,87.0,87,20.789473684210527,2009-04-22,2009
392189,2,19,6,Chennai Super Kings,Delhi Capitals,175,7,3,15,6.0,1.0,9.210526315789474,15.0,190,0,"Kingsmead, Durban",,19,45.0,45,5.789473684210526,2009-04-23,2009
392190,2,19,7,Kolkata Knight Riders,Rajasthan Royals,144,6,4,7,6.0,1.0,7.578947368421052,7.0,151,0,"Newlands, Cape Town",,19,28.0,28,-0.5789473684210522,2009-04-23,2009
392191,2,19,7,Punjab Kings,Royal Challengers Bangalore,173,3,7,0,6.0,1.0,9.105263157894736,0.0,169,1,"Kingsmead, Durban",,19,0.0,0,-9.105263157894736,2009-04-24,2009
392192,2,19,6,Mumbai Indians,Sunrisers Hyderabad,147,6,4,22,6.0,1.0,7.736842105263157,22.0,169,0,"Kingsmead, Durban",,19,88.0,88,14.263157894736842,2009-04-25,2009
392194,2,19,6,Delhi Capitals,Royal Challengers Bangalore,147,4,6,3,6.0,1.0,7.736842105263157,3.0,150,1,"St George's Park, Gqeberha",,19,18.0,18,-4.736842105263157,2009-04-26,2009
392195,2,19,6,Rajasthan Royals,Punjab Kings,106,7,3,34,6.0,1.0,5.578947368421052,34.0,140,0,"Newlands, Cape Town",,19,102.0,102,28.42105263157895,2009-04-26,2009
392196,2,19,6,Sunrisers Hyderabad,Chennai Super Kings,158,4,6,8,6.0,1.0,8.31578947368421,8.0,166,1,"Kingsmead, Durban",,19,48.0,48,-0.3157894736842106,2009-04-27,2009
392198,2,19,3,Rajasthan Royals,Delhi Capitals,147,5,5,0,9.0,1.5,7.945945945945946,0.0,144,1,"SuperSport Park, Centurion",,19,0.0,0,-7.945945945945946,2009-04-28,2009
392199,2,19,6,Royal Challengers Bangalore,Kolkata Knight Riders,130,5,5,10,6.0,1.0,6.842105263157895,10.0,140,1,"Kingsmead, Durban",,19,50.0,50,3.1578947368421053,2009-04-29,2009
392200,2,19,6,Mumbai Indians,Punjab Kings,108,6,4,12,6.0,1.0,5.684210526315789,12.0,120,0,"Kingsmead, Durban",,19,48.0,48,6.315789473684211,2009-04-29,2009
392201,2,19,6,Delhi Capitals,Sunrisers Hyderabad,150,4,6,0,6.0,1.0,7.894736842105263,0.0,149,1,"SuperSport Park, Centurion",,19,0.0,0,-7.894736842105263,2009-04-30,2009
392202,2,19,6,Rajasthan Royals,Chennai Super Kings,121,8,2,44,6.0,1.0,6.368421052631579,44.0,165,0,"SuperSport Park, Centurion",,19,88.0,88,37.631578947368425,2009-04-30,2009
392203,2,19,6,Kolkata Knight Riders,Mumbai Indians,130,5,5,19,6.0,1.0,6.842105263157895,19.0,149,0,"Buffalo Park, East London",,19,95.0,95,12.157894736842106,2009-05-01,2009
392204,2,19,6,Punjab Kings,Royal Challengers Bangalore,133,5,5,13,6.0,1.0,7.0,13.0,146,0,"Kingsmead, Durban",,19,65.0,65,6.0,2009-05-01,2009
392205,2,19,6,Rajasthan Royals,Sunrisers Hyderabad,140,7,3,2,6.0,1.0,7.368421052631579,2.0,142,1,"St George's Park, Gqeberha",,19,6.0,6,-5.368421052631579,2009-05-02,2009
392206,2,19,6,Delhi Capitals,Chennai Super Kings,135,8,2,29,6.0,1.0,7.105263157894737,29.0,164,0,"Wanderers Stadium, Johannesburg",,19,58.0,58,21.894736842105264,2009-05-02,2009
392207,2,19,6,Punjab Kings,Kolkata Knight Riders,147,4,6,7,6.0,1.0,7.736842105263157,7.0,154,1,"St George's Park, Gqeberha",,19,42.0,42,-0.7368421052631566,2009-05-03,2009
392208,2,19,1,Royal Challengers Bangalore,Mumbai Indians,150,1,9,0,11.0,1.8333333333333333,8.256880733944953,0.0,150,1,"Wanderers Stadium, Johannesburg",,19,0.0,0,-8.256880733944953,2009-05-03,2009
392210,2,19,6,Punjab Kings,Rajasthan Royals,128,8,2,84,6.0,1.0,6.7368421052631575,84.0,212,0,"Kingsmead, Durban",,19,168.0,168,77.26315789473685,2009-05-05,2009
392211,2,19,6,Delhi Capitals,Kolkata Knight Riders,157,1,9,0,6.0,1.0,8.263157894736842,0.0,155,1,"Kingsmead, Durban",,19,0.0,0,-8.263157894736842,2009-05-05,2009
392212,2,19,6,Mumbai Indians,Sunrisers Hyderabad,121,8,2,25,6.0,1.0,6.368421052631579,25.0,146,0,"SuperSport Park, Centurion",,19,50.0,50,18.63157894736842,2009-05-06,2009
392215,2,19,5,Delhi Capitals,Mumbai Indians,118,3,7,0,7.0,1.1666666666666667,6.265486725663717,0.0,117,1,"Buffalo Park, East London",,19,0.0,0,-6.265486725663717,2009-05-08,2009
392216,2,19,6,Punjab Kings,Sunrisers Hyderabad,161,7,3,8,6.0,1.0,8.473684210526315,8.0,169,1,"De Beers Diamond Oval, Kimberley",,19,24.0,24,-0.47368421052631504,2009-05-09,2009
392217,2,19,2,Chennai Super Kings,Rajasthan Royals,141,3,7,0,10.0,1.6666666666666667,7.690909090909091,0.0,141,1,"De Beers Diamond Oval, Kimberley",,19,0.0,0,-7.690909090909091,2009-05-09,2009
392218,2,19,6,Royal Challengers Bangalore,Mumbai Indians,125,7,3,33,6.0,1.0,6.578947368421052,33.0,158,0,"St George's Park, Gqeberha",,19,99.0,99,26.42105263157895,2009-05-10,2009
392220,2,19,6,Rajasthan Royals,Sunrisers Hyderabad,110,9,1,57,6.0,1.0,5.7894736842105265,57.0,167,0,"De Beers Diamond Oval, Kimberley",,19,57.0,57,51.21052631578947,2009-05-11,2009
392221,2,19,6,Royal Challengers Bangalore,Kolkata Knight Riders,169,4,6,5,6.0,1.0,8.894736842105264,5.0,174,1,"SuperSport Park, Centurion",,19,30.0,30,-3.8947368421052637,2009-05-12,2009
392223,2,19,6,Sunrisers Hyderabad,Delhi Capitals,160,8,2,14,6.0,1.0,8.421052631578947,14.0,174,0,"Kingsmead, Durban",,19,28.0,28,5.578947368421053,2009-05-13,2009
392224,2,19,6,Royal Challengers Bangalore,Chennai Super Kings,125,7,3,5,6.0,1.0,6.578947368421052,5.0,130,1,"Kingsmead, Durban",,19,15.0,15,-1.5789473684210522,2009-05-14,2009
392225,2,19,7,Mumbai Indians,Rajasthan Royals,142,7,3,4,6.0,1.0,7.473684210526316,4.0,146,0,"Kingsmead, Durban",,19,12.0,12,-3.473684210526316,2009-05-14,2009
392226,2,19,8,Punjab Kings,Delhi Capitals,119,4,6,2,6.0,1.0,6.2631578947368425,2.0,121,1,"OUTsurance Oval, Bloemfontein",,19,12.0,12,-4.2631578947368425,2009-05-15,2009
392227,2,19,6,Chennai Super Kings,Mumbai Indians,145,3,7,3,6.0,1.0,7.631578947368421,3.0,148,1,"St George's Park, Gqeberha",,19,21.0,21,-4.631578947368421,2009-05-16,2009
392228,2,19,6,Sunrisers Hyderabad,Kolkata Knight Riders,140,4,6,21,6.0,1.0,7.368421052631579,21.0,161,1,"Wanderers Stadium, Johannesburg",,19,126.0,126,13.631578947368421,2009-05-16,2009
392229,2,19,7,Sunrisers Hyderabad,Punjab Kings,124,6,4,11,6.0,1.0,6.526315789473684,11.0,135,0,"Wanderers Stadium, Johannesburg",,19,44.0,44,4.473684210526316,2009-05-17,2009
392230,2,19,6,Rajasthan Royals,Delhi Capitals,123,9,1,28,6.0,1.0,6.473684210526316,28.0,151,0,"OUTsurance Oval, Bloemfontein",,19,28.0,28,21.526315789473685,2009-05-17,2009
392231,2,19,6,Kolkata Knight Riders,Chennai Super Kings,183,3,7,6,6.0,1.0,9.63157894736842,6.0,189,1,"SuperSport Park, Centurion",,19,42.0,42,-3.6315789473684195,2009-05-18,2009
392232,2,19,7,Royal Challengers Bangalore,Delhi Capitals,135,3,7,0,6.0,1.0,7.105263157894737,0.0,135,1,"Wanderers Stadium, Johannesburg",,19,0.0,0,-7.105263157894737,2009-05-19,2009
392233,2,19,6,Kolkata Knight Riders,Rajasthan Royals,98,6,4,4,6.0,1.0,5.157894736842105,4.0,102,1,"Kingsmead, Durban",,19,16.0,16,-1.1578947368421053,2009-05-20,2009
392234,2,19,6,Punjab Kings,Chennai Super Kings,85,8,2,32,6.0,1.0,4.473684210526316,32.0,117,0,"Kingsmead, Durban",,19,64.0,64,27.526315789473685,2009-05-20,2009
392236,2,19,6,Sunrisers Hyderabad,Royal Challengers Bangalore,145,6,4,26,6.0,1.0,7.631578947368421,26.0,171,0,"SuperSport Park, Centurion",,19,104.0,104,18.36842105263158,2009-05-21,2009
392238,2,19,6,Royal Challengers Bangalore,Chennai Super Kings,149,4,6,0,6.0,1.0,7.842105263157895,0.0,147,1,"Wanderers Stadium, Johannesburg",,19,0.0,0,-7.842105263157895,2009-05-23,2009
392239,2,19,6,Royal Challengers Bangalore,Sunrisers Hyderabad,129,9,1,15,6.0,1.0,6.7894736842105265,15.0,144,0,"Wanderers Stadium, Johannesburg",,19,15.0,15,8.210526315789473,2009-05-24,2009
419106,2,19,7,Sunrisers Hyderabad,Kolkata Knight Riders,145,7,3,17,6.0,1.0,7.631578947368421,17.0,162,0,"Dr DY Patil Sports Academy, Navi Mumbai",,19,51.0,51,9.368421052631579,2010-03-12,2009/10
419107,2,19,7,Rajasthan Royals,Mumbai Indians,201,5,5,12,6.0,1.0,10.578947368421051,12.0,213,0,"Brabourne Stadium, Mumbai",Mumbai Indians,19,60.0,60,1.4210526315789487,2010-03-13,2009/10
419108,2,19,6,Delhi Capitals,Punjab Kings,139,4,6,4,6.0,1.0,7.315789473684211,4.0,143,1,"IS Bindra Stadium, Mohali",Punjab Kings,19,24.0,24,-3.3157894736842106,2010-03-13,2009/10
419109,2,19,6,Kolkata Knight Riders,Royal Challengers Bangalore,135,3,7,1,6.0,1.0,7.105263157894737,1.0,136,1,"Eden Gardens, Kolkata",Kolkata Knight Riders,19,7.0,7,-6.105263157894737,2010-03-14,2009/10
419110,2,19,6,Chennai Super Kings,Sunrisers Hyderabad,146,9,1,45,6.0,1.0,7.684210526315789,45.0,191,0,"MA Chidambaram Stadium, Chennai",Chennai Super Kings,19,45.0,45,37.31578947368421,2010-03-14,2009/10
419112,2,19,6,Royal Challengers Bangalore,Punjab Kings,204,2,8,0,6.0,1.0,10.736842105263158,0.0,204,1,"M Chinnaswamy Stadium, Bengaluru",Royal Challengers Bangalore,19,0.0,0,-10.736842105263158,2010-03-16,2009/10
419113,2,19,6,Kolkata Knight Riders,Chennai Super Kings,109,9,1,56,6.0,1.0,5.7368421052631575,56.0,165,0,"Eden Gardens, Kolkata",Kolkata Knight Riders,19,56.0,56,50.26315789473684,2010-03-16,2009/10
419116,2,19,6,Chennai Super Kings,Delhi Capitals,184,5,5,2,6.0,1.0,9.68421052631579,2.0,186,1,"Arun Jaitley Stadium, Delhi",Delhi Capitals,19,10.0,10,-7.684210526315789,2010-03-19,2009/10
419117,2,19,6,Punjab Kings,Sunrisers Hyderabad,152,7,3,19,6.0,1.0,8.0,19.0,171,0,Barabati Stadium,,19,57.0,57,11.0,2010-03-19,2009/10
419118,2,19,7,Kolkata Knight Riders,Rajasthan Royals,132,3,7,37,6.0,1.0,6.947368421052632,37.0,169,0,"Narendra Modi Stadium, Ahmedabad",,19,259.0,259,30.05263157894737,2010-03-20,2009/10
419119,2,19,6,Royal Challengers Bangalore,Mumbai Indians,151,3,7,1,6.0,1.0,7.947368421052632,1.0,152,1,"Brabourne Stadium, Mumbai",Mumbai Indians,19,7.0,7,-6.947368421052632,2010-03-20,2009/10
419120,2,19,6,Delhi Capitals,Sunrisers Hyderabad,158,7,3,14,6.0,1.0,8.31578947368421,14.0,172,0,Barabati Stadium,,19,42.0,42,5.684210526315789,2010-03-21,2009/10
419121,2,19,7,Chennai Super Kings,Punjab Kings,127,6,4,10,6.0,1.0,6.684210526315789,10.0,137,0,"MA Chidambaram Stadium, Chennai",Chennai Super Kings,19,40.0,40,3.3157894736842106,2010-03-21,2009/10
419122,2,19,3,Mumbai Indians,Kolkata Knight Riders,156,3,7,0,9.0,1.5,8.432432432432432,0.0,156,1,"Brabourne Stadium, Mumbai",Mumbai Indians,19,0.0,0,-8.432432432432432,2010-03-22,2009/10
419123,2,19,6,Chennai Super Kings,Royal Challengers Bangalore,124,6,4,48,6.0,1.0,6.526315789473684,48.0,172,0,"M Chinnaswamy Stadium, Bengaluru",Royal Challengers Bangalore,19,192.0,192,41.473684210526315,2010-03-23,2009/10
419124,2,19,7,Punjab Kings,Rajasthan Royals,152,9,1,32,6.0,1.0,8.0,32.0,184,0,"IS Bindra Stadium, Mohali",Punjab Kings,19,32.0,32,24.0,2010-03-24,2009/10
419125,2,19,6,Mumbai Indians,Chennai Super Kings,181,5,5,0,6.0,1.0,9.526315789473683,0.0,181,1,"Brabourne Stadium, Mumbai",Mumbai Indians,19,0.0,0,-9.526315789473683,2010-03-25,2009/10
419127,2,19,7,Punjab Kings,Kolkata Knight Riders,137,6,4,47,6.0,1.0,7.2105263157894735,47.0,184,0,"IS Bindra Stadium, Mohali",Punjab Kings,19,188.0,188,39.78947368421053,2010-03-27,2009/10
419128,2,19,6,Royal Challengers Bangalore,Delhi Capitals,153,8,2,31,6.0,1.0,8.052631578947368,31.0,184,0,"M Chinnaswamy Stadium, Bengaluru",Royal Challengers Bangalore,19,62.0,62,22.94736842105263,2010-03-25,2009/10
419129,2,19,6,Chennai Super Kings,Rajasthan Royals,156,6,4,22,6.0,1.0,8.210526315789474,22.0,178,0,"Narendra Modi Stadium, Ahmedabad",,19,88.0,88,13.789473684210526,2010-03-28,2009/10
419131,2,19,6,Kolkata Knight Riders,Delhi Capitals,134,7,3,44,6.0,1.0,7.052631578947368,44.0,178,0,"Arun Jaitley Stadium, Delhi",Delhi Capitals,19,132.0,132,36.94736842105263,2010-03-29,2009/10
419132,2,19,6,Mumbai Indians,Punjab Kings,158,6,4,6,6.0,1.0,8.31578947368421,6.0,164,1,"Brabourne Stadium, Mumbai",Mumbai Indians,19,24.0,24,-2.3157894736842106,2010-03-30,2009/10
419133,2,19,7,Chennai Super Kings,Royal Challengers Bangalore,162,5,5,0,6.0,1.0,8.526315789473685,0.0,162,1,"MA Chidambaram Stadium, Chennai",Chennai Super Kings,19,0.0,0,-8.526315789473685,2010-03-31,2009/10
419135,2,19,6,Sunrisers Hyderabad,Kolkata Knight Riders,148,4,6,34,6.0,1.0,7.7894736842105265,34.0,182,0,"Eden Gardens, Kolkata",Kolkata Knight Riders,19,204.0,204,26.210526315789473,2010-04-01,2009/10
419136,2,19,6,Royal Challengers Bangalore,Punjab Kings,179,4,6,3,6.0,1.0,9.421052631578949,3.0,182,1,"IS Bindra Stadium, Mohali",Punjab Kings,19,18.0,18,-6.421052631578949,2010-04-02,2009/10
419137,2,19,6,Rajasthan Royals,Chennai Super Kings,212,5,5,35,6.0,1.0,11.157894736842104,35.0,247,0,"MA Chidambaram Stadium, Chennai",Chennai Super Kings,19,175.0,175,23.842105263157897,2010-04-03,2009/10
419138,2,19,2,Sunrisers Hyderabad,Mumbai Indians,115,10,0,64,10.0,1.6666666666666667,6.272727272727273,38.4,179,0,"Brabourne Stadium, Mumbai",Mumbai Indians,19,0.0,0,32.127272727272725,2010-04-03,2009/10
419139,2,19,2,Punjab Kings,Kolkata Knight Riders,204,2,8,0,10.0,1.6666666666666667,11.127272727272729,0.0,201,1,"Eden Gardens, Kolkata",Kolkata Knight Riders,19,0.0,0,-11.127272727272729,2010-04-04,2009/10
419140,2,19,6,Royal Challengers Bangalore,Delhi Capitals,143,7,3,42,6.0,1.0,7.526315789473684,42.0,185,0,"Arun Jaitley Stadium, Delhi",Delhi Capitals,19,126.0,126,34.473684210526315,2010-04-04,2009/10
419141,2,19,6,Sunrisers Hyderabad,Rajasthan Royals,154,7,3,6,6.0,1.0,8.105263157894736,6.0,160,0,"Vidarbha Cricket Association Stadium, Jamtha",,19,18.0,18,-2.1052631578947363,2010-04-05,2009/10
419142,2,19,6,Mumbai Indians,Chennai Super Kings,132,8,2,34,6.0,1.0,6.947368421052632,34.0,166,0,"MA Chidambaram Stadium, Chennai",Chennai Super Kings,19,68.0,68,27.05263157894737,2010-04-06,2009/10
419144,2,19,7,Delhi Capitals,Kolkata Knight Riders,156,8,2,26,6.0,1.0,8.210526315789474,26.0,182,0,"Eden Gardens, Kolkata",Kolkata Knight Riders,19,52.0,52,17.789473684210527,2010-04-07,2009/10
419145,2,19,6,Sunrisers Hyderabad,Royal Challengers Bangalore,176,3,7,9,6.0,1.0,9.263157894736842,9.0,185,1,"M Chinnaswamy Stadium, Bengaluru",Royal Challengers Bangalore,19,63.0,63,-0.2631578947368425,2010-04-08,2009/10
419146,2,19,6,Punjab Kings,Mumbai Indians,152,4,6,3,6.0,1.0,8.0,3.0,155,1,"IS Bindra Stadium, Mohali",Punjab Kings,19,18.0,18,-5.0,2010-04-09,2009/10
419147,2,19,7,Sunrisers Hyderabad,Chennai Super Kings,137,4,6,2,6.0,1.0,7.2105263157894735,2.0,139,1,"Vidarbha Cricket Association Stadium, Jamtha",,19,12.0,12,-5.2105263157894735,2010-04-10,2009/10
419149,2,19,4,Punjab Kings,Delhi Capitals,112,3,7,0,8.0,1.3333333333333333,6.0,0.0,112,1,"Arun Jaitley Stadium, Delhi",Delhi Capitals,19,0.0,0,-6.0,2010-04-11,2009/10
419150,2,19,6,Rajasthan Royals,Mumbai Indians,129,7,3,46,6.0,1.0,6.7894736842105265,46.0,175,0,"Sawai Mansingh Stadium, Jaipur",Rajasthan Royals,19,138.0,138,39.21052631578947,2010-04-11,2009/10
419151,2,19,6,Royal Challengers Bangalore,Sunrisers Hyderabad,135,8,2,17,6.0,1.0,7.105263157894737,17.0,152,0,"Vidarbha Cricket Association Stadium, Jamtha",,19,34.0,34,9.894736842105264,2010-04-12,2009/10
419152,2,19,6,Delhi Capitals,Mumbai Indians,132,7,3,52,6.0,1.0,6.947368421052632,52.0,184,0,"Brabourne Stadium, Mumbai",Mumbai Indians,19,156.0,156,45.05263157894737,2010-04-13,2009/10
419155,2,19,4,Delhi Capitals,Chennai Super Kings,113,4,6,0,8.0,1.3333333333333333,6.053571428571428,0.0,113,1,"MA Chidambaram Stadium, Chennai",Chennai Super Kings,19,0.0,0,-6.053571428571428,2010-04-15,2009/10
419156,2,19,7,Sunrisers Hyderabad,Punjab Kings,174,5,5,1,6.0,1.0,9.157894736842104,1.0,175,1,"HPCA Stadium, Dharamsala",Punjab Kings,19,5.0,5,-8.157894736842104,2010-04-16,2009/10
419157,2,19,7,Royal Challengers Bangalore,Mumbai Indians,127,9,1,65,6.0,1.0,6.684210526315789,65.0,192,0,"M Chinnaswamy Stadium, Bengaluru",Royal Challengers Bangalore,19,65.0,65,58.31578947368421,2010-04-17,2009/10
419159,2,19,6,Chennai Super Kings,Punjab Kings,177,4,6,16,6.0,1.0,9.31578947368421,16.0,193,1,"HPCA Stadium, Dharamsala",Punjab Kings,19,96.0,96,6.684210526315789,2010-04-18,2009/10
419160,2,19,6,Delhi Capitals,Sunrisers Hyderabad,129,7,3,17,6.0,1.0,6.7894736842105265,17.0,146,0,"Arun Jaitley Stadium, Delhi",Delhi Capitals,19,51.0,51,10.210526315789473,2010-04-18,2009/10
419162,2,19,6,Royal Challengers Bangalore,Mumbai Indians,146,8,2,39,6.0,1.0,7.684210526315789,39.0,185,0,"Dr DY Patil Sports Academy, Navi Mumbai",Mumbai Indians,19,78.0,78,31.315789473684212,2010-04-21,2009/10
419163,2,19,6,Sunrisers Hyderabad,Chennai Super Kings,104,9,1,39,6.0,1.0,5.473684210526316,39.0,143,0,"Dr DY Patil Sports Academy, Navi Mumbai",,19,39.0,39,33.526315789473685,2010-04-22,2009/10
419165,2,19,6,Mumbai Indians,Chennai Super Kings,142,8,2,27,6.0,1.0,7.473684210526316,27.0,169,0,"Dr DY Patil Sports Academy, Navi Mumbai",Mumbai Indians,19,54.0,54,19.526315789473685,2010-04-25,2009/10
501198,2,19,6,Kolkata Knight Riders,Chennai Super Kings,145,6,4,9,6.0,1.0,7.631578947368421,9.0,154,0,"MA Chidambaram Stadium, Chennai",Chennai Super Kings,19,36.0,36,1.3684210526315788,2011-04-08,2011
501199,2,19,5,Rajasthan Royals,Sunrisers Hyderabad,141,2,8,0,7.0,1.1666666666666667,7.486725663716815,0.0,138,1,"Rajiv Gandhi International Stadium, Hyderabad",Sunrisers Hyderabad,19,0.0,0,-7.486725663716815,2011-04-09,2011
501200,2,19,5,Royal Challengers Bangalore,Kochi Tuskers Kerala,162,4,6,0,7.0,1.1666666666666667,8.601769911504425,0.0,162,1,Nehru Stadium,,19,0.0,0,-8.601769911504425,2011-04-09,2011
501203,2,19,6,Sunrisers Hyderabad,Kolkata Knight Riders,144,7,3,20,6.0,1.0,7.578947368421052,20.0,164,0,"Eden Gardens, Kolkata",Kolkata Knight Riders,19,60.0,60,12.421052631578949,2011-04-11,2011
501204,2,19,3,Rajasthan Royals,Delhi Capitals,152,4,6,0,9.0,1.5,8.216216216216216,0.0,152,1,"Sawai Mansingh Stadium, Jaipur",Rajasthan Royals,19,0.0,0,-8.216216216216216,2011-04-12,2011
501205,2,19,3,Mumbai Indians,Royal Challengers Bangalore,143,1,9,0,9.0,1.5,7.72972972972973,0.0,141,1,"M Chinnaswamy Stadium, Bengaluru",Royal Challengers Bangalore,19,0.0,0,-7.72972972972973,2011-04-12,2011
501206,2,19,6,Punjab Kings,Chennai Super Kings,187,4,6,2,6.0,1.0,9.842105263157896,2.0,189,1,"IS Bindra Stadium, Mohali",Punjab Kings,19,12.0,12,-7.842105263157896,2011-04-13,2011
501207,2,19,5,Pune Warriors,Kochi Tuskers Kerala,151,6,4,0,7.0,1.1666666666666667,8.017699115044248,0.0,149,1,"Dr DY Patil Sports Academy, Navi Mumbai",,19,0.0,0,-8.017699115044248,2011-04-13,2011
501208,2,19,7,Royal Challengers Bangalore,Sunrisers Hyderabad,137,8,2,39,6.0,1.0,7.2105263157894735,39.0,176,0,"Rajiv Gandhi International Stadium, Hyderabad",Sunrisers Hyderabad,19,78.0,78,31.789473684210527,2011-04-14,2011
501209,2,19,3,Kolkata Knight Riders,Rajasthan Royals,160,1,9,0,9.0,1.5,8.64864864864865,0.0,160,1,"Sawai Mansingh Stadium, Jaipur",Rajasthan Royals,19,0.0,0,-8.64864864864865,2011-04-15,2011
501210,2,19,6,Kochi Tuskers Kerala,Mumbai Indians,184,2,8,0,6.0,1.0,9.68421052631579,0.0,183,1,"Wankhede Stadium, Mumbai",Mumbai Indians,19,0.0,0,-9.68421052631579,2011-04-15,2011
501211,2,19,7,Royal Challengers Bangalore,Chennai Super Kings,153,7,3,31,6.0,1.0,8.052631578947368,31.0,184,0,"MA Chidambaram Stadium, Chennai",Chennai Super Kings,19,93.0,93,22.94736842105263,2011-04-16,2011
501213,2,19,6,Delhi Capitals,Pune Warriors,180,7,3,8,6.0,1.0,9.473684210526317,8.0,188,1,"Dr DY Patil Sports Academy, Navi Mumbai",,19,24.0,24,-1.4736842105263168,2011-04-17,2011
501216,2,19,7,Delhi Capitals,Sunrisers Hyderabad,143,6,4,26,6.0,1.0,7.526315789473684,26.0,169,0,"Arun Jaitley Stadium, Delhi",Delhi Capitals,19,104.0,104,18.473684210526315,2011-04-19,2011
501218,2,19,6,Mumbai Indians,Pune Warriors,114,3,7,5,6.0,1.0,6.0,5.0,119,1,"Wankhede Stadium, Mumbai",Mumbai Indians,19,35.0,35,-1.0,2011-04-20,2011
501219,2,19,6,Kolkata Knight Riders,Kochi Tuskers Kerala,119,8,2,14,6.0,1.0,6.2631578947368425,14.0,133,0,"Eden Gardens, Kolkata",Kolkata Knight Riders,19,28.0,28,7.7368421052631575,2011-04-20,2011
501220,2,19,7,Rajasthan Royals,Punjab Kings,140,6,4,56,6.0,1.0,7.368421052631579,56.0,196,0,"IS Bindra Stadium, Mohali",Punjab Kings,19,224.0,224,48.631578947368425,2011-04-21,2011
501221,2,19,6,Chennai Super Kings,Mumbai Indians,140,9,1,25,6.0,1.0,7.368421052631579,25.0,165,0,"Wankhede Stadium, Mumbai",Mumbai Indians,19,25.0,25,17.63157894736842,2011-04-22,2011
501222,2,19,1,Royal Challengers Bangalore,Kolkata Knight Riders,175,1,9,0,11.0,1.8333333333333333,9.633027522935778,0.0,172,1,"Eden Gardens, Kolkata",Kolkata Knight Riders,19,0.0,0,-9.633027522935778,2011-04-22,2011
501223,2,19,6,Punjab Kings,Delhi Capitals,195,5,5,37,6.0,1.0,10.263157894736842,37.0,232,0,"Arun Jaitley Stadium, Delhi",Delhi Capitals,19,185.0,185,26.736842105263158,2011-04-23,2011
501224,2,19,7,Sunrisers Hyderabad,Mumbai Indians,129,8,2,44,6.0,1.0,6.7894736842105265,44.0,173,0,"Rajiv Gandhi International Stadium, Hyderabad",Sunrisers Hyderabad,19,88.0,88,37.21052631578947,2011-04-24,2011
501226,2,19,7,Pune Warriors,Chennai Super Kings,113,7,3,30,6.0,1.0,5.947368421052632,30.0,143,0,"MA Chidambaram Stadium, Chennai",Chennai Super Kings,19,90.0,90,24.05263157894737,2011-04-25,2011
501227,2,19,7,Royal Challengers Bangalore,Delhi Capitals,158,7,3,3,6.0,1.0,8.31578947368421,3.0,161,1,"Arun Jaitley Stadium, Delhi",Delhi Capitals,19,9.0,9,-5.315789473684211,2011-04-26,2011
501228,2,19,6,Chennai Super Kings,Pune Warriors,140,2,8,2,6.0,1.0,7.368421052631579,2.0,142,1,"Dr DY Patil Sports Academy, Navi Mumbai",,19,16.0,16,-5.368421052631579,2011-04-27,2011
501230,2,19,6,Delhi Capitals,Kolkata Knight Riders,125,8,2,24,6.0,1.0,6.578947368421052,24.0,149,0,"Arun Jaitley Stadium, Delhi",Delhi Capitals,19,48.0,48,17.42105263157895,2011-04-28,2011
501231,2,19,1,Rajasthan Royals,Mumbai Indians,95,3,7,0,11.0,1.8333333333333333,5.229357798165137,0.0,95,1,"Sawai Mansingh Stadium, Jaipur",Rajasthan Royals,19,0.0,0,-5.229357798165137,2011-04-29,2011
501232,2,19,6,Pune Warriors,Royal Challengers Bangalore,138,5,5,44,6.0,1.0,7.263157894736843,44.0,182,0,"M Chinnaswamy Stadium, Bengaluru",Royal Challengers Bangalore,19,220.0,220,36.73684210526316,2011-04-29,2011
501233,2,19,5,Kochi Tuskers Kerala,Delhi Capitals,119,10,0,39,7.0,1.1666666666666667,6.318584070796461,33.42857142857142,158,0,Nehru Stadium,,19,0.0,0,27.109987357774962,2011-04-30,2011
501235,2,19,7,Rajasthan Royals,Pune Warriors,138,4,6,6,6.0,1.0,7.263157894736843,6.0,144,1,"Sawai Mansingh Stadium, Jaipur",Rajasthan Royals,19,36.0,36,-1.2631578947368434,2011-05-01,2011
501236,2,19,6,Sunrisers Hyderabad,Chennai Super Kings,143,6,4,23,6.0,1.0,7.526315789473684,23.0,166,0,"MA Chidambaram Stadium, Chennai",Chennai Super Kings,19,92.0,92,15.473684210526315,2011-05-01,2011
501237,2,19,6,Punjab Kings,Mumbai Indians,132,7,3,28,6.0,1.0,6.947368421052632,28.0,160,0,"Wankhede Stadium, Mumbai",Mumbai Indians,19,84.0,84,21.05263157894737,2011-05-02,2011
501239,2,19,6,Sunrisers Hyderabad,Kolkata Knight Riders,142,6,4,28,6.0,1.0,7.473684210526316,28.0,170,0,"Rajiv Gandhi International Stadium, Hyderabad",Sunrisers Hyderabad,19,112.0,112,20.526315789473685,2011-05-03,2011
501240,2,19,4,Chennai Super Kings,Rajasthan Royals,149,2,8,0,8.0,1.3333333333333333,7.982142857142857,0.0,148,1,"MA Chidambaram Stadium, Chennai",Chennai Super Kings,19,0.0,0,-7.982142857142857,2011-05-04,2011
501241,2,19,6,Pune Warriors,Mumbai Indians,128,6,4,33,6.0,1.0,6.7368421052631575,33.0,161,0,"Dr DY Patil Sports Academy, Navi Mumbai",Mumbai Indians,19,132.0,132,26.263157894736842,2011-05-04,2011
501242,2,19,6,Kolkata Knight Riders,Kochi Tuskers Kerala,132,5,5,25,6.0,1.0,6.947368421052632,25.0,157,0,Nehru Stadium,,19,125.0,125,18.05263157894737,2011-05-05,2011
501243,2,19,6,Delhi Capitals,Sunrisers Hyderabad,179,6,4,0,6.0,1.0,9.421052631578949,0.0,176,1,"Rajiv Gandhi International Stadium, Hyderabad",Sunrisers Hyderabad,19,0.0,0,-9.421052631578949,2011-05-05,2011
501244,2,19,6,Punjab Kings,Royal Challengers Bangalore,105,9,1,101,6.0,1.0,5.526315789473684,101.0,206,0,"M Chinnaswamy Stadium, Bengaluru",Royal Challengers Bangalore,19,101.0,101,95.47368421052632,2011-05-06,2011
501246,2,19,7,Delhi Capitals,Mumbai Indians,137,8,2,42,6.0,1.0,7.2105263157894735,42.0,179,0,"Wankhede Stadium, Mumbai",Mumbai Indians,19,84.0,84,34.78947368421053,2011-05-07,2011
501249,2,19,6,Rajasthan Royals,Chennai Super Kings,133,8,2,64,6.0,1.0,7.0,64.0,197,0,"Sawai Mansingh Stadium, Jaipur",Rajasthan Royals,19,128.0,128,57.0,2011-05-09,2011
501250,2,19,2,Pune Warriors,Sunrisers Hyderabad,137,4,6,0,10.0,1.6666666666666667,7.4727272727272736,0.0,137,1,"Rajiv Gandhi International Stadium, Hyderabad",Sunrisers Hyderabad,19,0.0,0,-7.4727272727272736,2011-05-10,2011
501253,2,19,6,Delhi Capitals,Chennai Super Kings,148,5,5,29,6.0,1.0,7.7894736842105265,29.0,177,0,"MA Chidambaram Stadium, Chennai",Chennai Super Kings,19,145.0,145,21.210526315789473,2011-05-12,2011
501254,2,19,5,Punjab Kings,Kochi Tuskers Kerala,181,4,6,0,7.0,1.1666666666666667,9.610619469026547,0.0,179,1,"Holkar Cricket Stadium, Indore",Punjab Kings,19,0.0,0,-9.610619469026547,2011-05-13,2011
501256,2,19,6,Mumbai Indians,Sunrisers Hyderabad,110,6,4,26,6.0,1.0,5.7894736842105265,26.0,136,0,"Wankhede Stadium, Mumbai",Mumbai Indians,19,104.0,104,20.210526315789473,2011-05-14,2011
501257,2,19,6,Delhi Capitals,Punjab Kings,128,8,2,43,6.0,1.0,6.7368421052631575,43.0,171,0,"HPCA Stadium, Dharamsala",Punjab Kings,19,86.0,86,36.26315789473684,2011-05-15,2011
501259,2,19,6,Sunrisers Hyderabad,Pune Warriors,133,4,6,4,6.0,1.0,7.0,4.0,137,1,"Dr DY Patil Sports Academy, Navi Mumbai",,19,24.0,24,-3.0,2011-05-16,2011
501261,2,19,6,Kochi Tuskers Kerala,Chennai Super Kings,134,4,6,19,6.0,1.0,7.052631578947368,19.0,153,0,"MA Chidambaram Stadium, Chennai",Chennai Super Kings,19,114.0,114,11.947368421052632,2011-05-18,2011
501264,2,19,6,Punjab Kings,Sunrisers Hyderabad,116,10,0,83,6.0,1.0,6.105263157894737,83.0,199,0,"HPCA Stadium, Dharamsala",Punjab Kings,19,0.0,0,76.89473684210526,2011-05-21,2011
501267,2,19,6,Mumbai Indians,Kolkata Knight Riders,155,5,5,21,6.0,1.0,8.157894736842104,21.0,176,1,"Eden Gardens, Kolkata",Kolkata Knight Riders,19,105.0,105,12.842105263157896,2011-05-22,2011
501268,2,19,6,Chennai Super Kings,Royal Challengers Bangalore,164,4,6,12,6.0,1.0,8.631578947368421,12.0,176,1,"Wankhede Stadium, Mumbai",,19,72.0,72,3.3684210526315788,2011-05-24,2011
501269,2,19,6,Mumbai Indians,Kolkata Knight Riders,141,6,4,7,6.0,1.0,7.421052631578948,7.0,148,1,"Wankhede Stadium, Mumbai",Mumbai Indians,19,28.0,28,-0.4210526315789478,2011-05-25,2011
501270,2,19,7,Mumbai Indians,Royal Challengers Bangalore,129,8,2,57,6.0,1.0,6.7894736842105265,57.0,186,0,"MA Chidambaram Stadium, Chennai",,19,114.0,114,50.21052631578947,2011-05-27,2011
501271,2,19,7,Royal Challengers Bangalore,Chennai Super Kings,133,8,2,73,6.0,1.0,7.0,73.0,206,0,"MA Chidambaram Stadium, Chennai",Chennai Super Kings,19,146.0,146,66.0,2011-05-28,2011
548308,2,19,6,Mumbai Indians,Pune Warriors,96,8,2,34,6.0,1.0,5.052631578947368,34.0,130,0,"Wankhede Stadium, Mumbai",Mumbai Indians,19,68.0,68,28.94736842105263,2012-04-06,2012
548309,2,19,6,Punjab Kings,Rajasthan Royals,152,8,2,40,6.0,1.0,8.0,40.0,192,0,"Sawai Mansingh Stadium, Jaipur",Rajasthan Royals,19,80.0,80,32.0,2012-04-06,2012
548310,2,19,6,Delhi Capitals,Royal Challengers Bangalore,131,7,3,27,6.0,1.0,6.894736842105263,27.0,158,0,"M Chinnaswamy Stadium, Bengaluru",Royal Challengers Bangalore,19,81.0,81,20.105263157894736,2012-04-07,2012
548312,2,19,6,Kolkata Knight Riders,Rajasthan Royals,134,9,1,31,6.0,1.0,7.052631578947368,31.0,165,0,"Sawai Mansingh Stadium, Jaipur",Rajasthan Royals,19,31.0,31,23.94736842105263,2012-04-08,2012
548313,2,19,7,Punjab Kings,Pune Warriors,131,8,2,36,6.0,1.0,6.894736842105263,36.0,167,0,Subrata Roy Sahara Stadium,Pune Warriors,19,72.0,72,29.105263157894736,2012-04-08,2012
548314,2,19,6,Mumbai Indians,Sunrisers Hyderabad,121,5,5,18,6.0,1.0,6.368421052631579,18.0,139,1,Dr. Y.S. Rajasekhara Reddy ACA-VDCA Cricket Stadium,,19,90.0,90,11.631578947368421,2012-04-09,2012
548315,2,19,7,Royal Challengers Bangalore,Kolkata Knight Riders,118,8,2,48,6.0,1.0,6.2105263157894735,48.0,166,0,"M Chinnaswamy Stadium, Bengaluru",Royal Challengers Bangalore,19,96.0,96,41.78947368421053,2012-04-10,2012
548317,2,19,6,Rajasthan Royals,Mumbai Indians,166,9,1,32,6.0,1.0,8.736842105263158,32.0,198,0,"Wankhede Stadium, Mumbai",Mumbai Indians,19,32.0,32,23.263157894736842,2012-04-11,2012
548318,2,19,6,Chennai Super Kings,Royal Challengers Bangalore,191,4,6,15,6.0,1.0,10.052631578947368,15.0,206,1,"MA Chidambaram Stadium, Chennai",Chennai Super Kings,19,90.0,90,4.947368421052632,2012-04-12,2012
548320,2,19,6,Kolkata Knight Riders,Rajasthan Royals,131,5,5,1,6.0,1.0,6.894736842105263,1.0,132,1,"Eden Gardens, Kolkata",Kolkata Knight Riders,19,5.0,5,-5.894736842105263,2012-04-13,2012
548321,2,19,6,Delhi Capitals,Sunrisers Hyderabad,156,5,5,2,6.0,1.0,8.210526315789474,2.0,158,1,"Arun Jaitley Stadium, Delhi",Delhi Capitals,19,10.0,10,-6.210526315789474,2012-04-19,2012
548322,2,19,6,Pune Warriors,Chennai Super Kings,146,3,7,10,6.0,1.0,7.684210526315789,10.0,156,1,Subrata Roy Sahara Stadium,Pune Warriors,19,70.0,70,2.3157894736842106,2012-04-14,2012
548323,2,19,6,Kolkata Knight Riders,Punjab Kings,126,6,4,9,6.0,1.0,6.631578947368421,9.0,135,0,"Eden Gardens, Kolkata",Kolkata Knight Riders,19,36.0,36,2.3684210526315788,2012-04-15,2012
548324,2,19,6,Royal Challengers Bangalore,Rajasthan Royals,127,9,1,69,6.0,1.0,6.684210526315789,69.0,196,0,"M Chinnaswamy Stadium, Bengaluru",Royal Challengers Bangalore,19,69.0,69,62.31578947368421,2012-04-15,2012
548326,2,19,7,Rajasthan Royals,Sunrisers Hyderabad,186,5,5,11,6.0,1.0,9.789473684210526,11.0,197,1,"Sawai Mansingh Stadium, Jaipur",Rajasthan Royals,19,55.0,55,1.2105263157894743,2012-04-17,2012
548327,2,19,6,Royal Challengers Bangalore,Pune Warriors,162,4,6,21,6.0,1.0,8.526315789473685,21.0,183,1,"M Chinnaswamy Stadium, Bengaluru",Royal Challengers Bangalore,19,126.0,126,12.473684210526315,2012-04-17,2012
548330,2,19,6,Pune Warriors,Chennai Super Kings,144,6,4,21,6.0,1.0,7.578947368421052,21.0,165,0,"MA Chidambaram Stadium, Chennai",Chennai Super Kings,19,84.0,84,13.421052631578949,2012-04-19,2012
548331,2,19,6,Royal Challengers Bangalore,Punjab Kings,160,5,5,4,6.0,1.0,8.421052631578947,4.0,164,1,"IS Bindra Stadium, Mohali",Punjab Kings,19,20.0,20,-4.421052631578947,2012-04-20,2012
548332,2,19,6,Chennai Super Kings,Rajasthan Royals,139,3,7,8,6.0,1.0,7.315789473684211,8.0,147,1,"MA Chidambaram Stadium, Chennai",Chennai Super Kings,19,56.0,56,0.6842105263157894,2012-04-21,2012
548333,2,19,6,Delhi Capitals,Pune Warriors,167,6,4,26,6.0,1.0,8.789473684210526,26.0,193,0,"Arun Jaitley Stadium, Delhi",Delhi Capitals,19,104.0,104,17.210526315789473,2012-04-21,2012
548334,2,19,6,Punjab Kings,Mumbai Indians,155,4,6,9,6.0,1.0,8.157894736842104,9.0,164,1,"Wankhede Stadium, Mumbai",Mumbai Indians,19,54.0,54,0.8421052631578956,2012-04-22,2012
548335,2,19,7,Kolkata Knight Riders,Sunrisers Hyderabad,126,5,5,1,6.0,1.0,6.631578947368421,1.0,127,1,Barabati Stadium,,19,5.0,5,-5.631578947368421,2012-04-22,2012
548336,2,19,6,Rajasthan Royals,Royal Challengers Bangalore,135,6,4,55,6.0,1.0,7.105263157894737,55.0,190,0,"Sawai Mansingh Stadium, Jaipur",Rajasthan Royals,19,220.0,220,47.89473684210526,2012-04-23,2012
548339,2,19,6,Mumbai Indians,Punjab Kings,164,6,4,5,6.0,1.0,8.631578947368421,5.0,169,1,"IS Bindra Stadium, Mohali",Punjab Kings,19,20.0,20,-3.6315789473684212,2012-04-25,2012
548341,2,19,7,Pune Warriors,Sunrisers Hyderabad,152,6,4,26,6.0,1.0,8.0,26.0,178,0,Subrata Roy Sahara Stadium,Pune Warriors,19,104.0,104,18.0,2012-04-26,2012
548342,2,19,6,Mumbai Indians,Delhi Capitals,167,7,3,41,6.0,1.0,8.789473684210526,41.0,208,0,"Arun Jaitley Stadium, Delhi",Delhi Capitals,19,123.0,123,32.21052631578947,2012-04-27,2012
548343,2,19,6,Chennai Super Kings,Punjab Kings,140,7,3,17,6.0,1.0,7.368421052631579,17.0,157,0,"MA Chidambaram Stadium, Chennai",Chennai Super Kings,19,51.0,51,9.631578947368421,2012-04-28,2012
548344,2,19,6,Royal Challengers Bangalore,Kolkata Knight Riders,138,5,5,53,6.0,1.0,7.263157894736843,53.0,191,0,"Eden Gardens, Kolkata",Kolkata Knight Riders,19,265.0,265,45.73684210526316,2012-04-28,2012
548345,2,19,6,Rajasthan Royals,Delhi Capitals,141,2,8,12,6.0,1.0,7.421052631578948,12.0,153,0,"Arun Jaitley Stadium, Delhi",Delhi Capitals,19,96.0,96,4.578947368421052,2012-04-29,2012
548346,2,19,2,Mumbai Indians,Sunrisers Hyderabad,101,5,5,0,10.0,1.6666666666666667,5.50909090909091,0.0,101,1,"Wankhede Stadium, Mumbai",Mumbai Indians,19,0.0,0,-5.50909090909091,2012-04-29,2012
548347,2,19,6,Kolkata Knight Riders,Chennai Super Kings,134,4,6,6,6.0,1.0,7.052631578947368,6.0,140,1,"MA Chidambaram Stadium, Chennai",Chennai Super Kings,19,36.0,36,-1.0526315789473681,2012-04-30,2012
548348,2,19,6,Pune Warriors,Sunrisers Hyderabad,164,4,6,23,6.0,1.0,8.631578947368421,23.0,187,0,Barabati Stadium,,19,138.0,138,14.368421052631579,2012-05-01,2012
548350,2,19,6,Punjab Kings,Royal Challengers Bangalore,154,6,4,5,6.0,1.0,8.105263157894736,5.0,159,1,"M Chinnaswamy Stadium, Bengaluru",Royal Challengers Bangalore,19,20.0,20,-3.1052631578947363,2012-05-02,2012
548351,2,19,6,Pune Warriors,Mumbai Indians,109,6,4,12,6.0,1.0,5.7368421052631575,12.0,121,0,Subrata Roy Sahara Stadium,Pune Warriors,19,48.0,48,6.2631578947368425,2012-05-03,2012
548352,2,19,7,Sunrisers Hyderabad,Chennai Super Kings,141,4,6,20,6.0,1.0,7.421052631578948,20.0,161,0,"MA Chidambaram Stadium, Chennai",Chennai Super Kings,19,120.0,120,12.578947368421051,2012-05-04,2012
548353,2,19,6,Pune Warriors,Kolkata Knight Riders,133,7,3,18,6.0,1.0,7.0,18.0,151,0,"Eden Gardens, Kolkata",Kolkata Knight Riders,19,54.0,54,11.0,2012-05-05,2012
548354,2,19,6,Punjab Kings,Rajasthan Royals,125,8,2,53,6.0,1.0,6.578947368421052,53.0,178,0,"IS Bindra Stadium, Mohali",Punjab Kings,19,106.0,106,46.421052631578945,2012-05-05,2012
548355,2,19,7,Mumbai Indians,Chennai Super Kings,158,7,3,16,6.0,1.0,8.31578947368421,16.0,174,1,"Wankhede Stadium, Mumbai",Mumbai Indians,19,48.0,48,7.684210526315789,2012-05-06,2012
548356,2,19,5,Royal Challengers Bangalore,Sunrisers Hyderabad,185,5,5,0,7.0,1.1666666666666667,9.823008849557525,0.0,182,1,"M Chinnaswamy Stadium, Bengaluru",Royal Challengers Bangalore,19,0.0,0,-9.823008849557525,2012-05-06,2012
548357,2,19,5,Kolkata Knight Riders,Delhi Capitals,154,4,6,0,7.0,1.1666666666666667,8.176991150442479,0.0,154,1,"Arun Jaitley Stadium, Delhi",Delhi Capitals,19,0.0,0,-8.176991150442479,2012-05-07,2012
548359,2,19,6,Sunrisers Hyderabad,Punjab Kings,136,8,2,35,6.0,1.0,7.157894736842105,35.0,171,0,"Rajiv Gandhi International Stadium, Hyderabad",Sunrisers Hyderabad,19,70.0,70,27.842105263157894,2012-05-08,2012
548361,2,19,3,Chennai Super Kings,Rajasthan Royals,127,6,4,0,9.0,1.5,6.864864864864865,0.0,127,1,"Sawai Mansingh Stadium, Jaipur",Rajasthan Royals,19,0.0,0,-6.864864864864865,2012-05-10,2012
548362,2,19,6,Pune Warriors,Royal Challengers Bangalore,128,9,1,46,6.0,1.0,6.7368421052631575,46.0,174,0,Subrata Roy Sahara Stadium,Pune Warriors,19,46.0,46,39.26315789473684,2012-05-11,2012
548363,2,19,6,Kolkata Knight Riders,Mumbai Indians,145,3,7,38,6.0,1.0,7.631578947368421,38.0,183,0,"Eden Gardens, Kolkata",Kolkata Knight Riders,19,266.0,266,30.36842105263158,2012-05-12,2012
548365,2,19,6,Pune Warriors,Rajasthan Royals,116,9,1,55,6.0,1.0,6.105263157894737,55.0,171,0,"Sawai Mansingh Stadium, Jaipur",Rajasthan Royals,19,55.0,55,48.89473684210526,2012-05-13,2012
548366,2,19,6,Punjab Kings,Sunrisers Hyderabad,175,6,4,16,6.0,1.0,9.210526315789474,16.0,191,1,"IS Bindra Stadium, Mohali",Punjab Kings,19,64.0,64,6.789473684210526,2012-05-13,2012
548367,2,19,6,Mumbai Indians,Royal Challengers Bangalore,158,5,5,14,6.0,1.0,8.31578947368421,14.0,172,1,"M Chinnaswamy Stadium, Bengaluru",Royal Challengers Bangalore,19,70.0,70,5.684210526315789,2012-05-14,2012
548368,2,19,6,Chennai Super Kings,Kolkata Knight Riders,150,4,6,9,6.0,1.0,7.894736842105263,9.0,159,1,"Eden Gardens, Kolkata",Kolkata Knight Riders,19,54.0,54,1.1052631578947372,2012-05-14,2012
548369,2,19,6,Delhi Capitals,Punjab Kings,140,5,5,0,6.0,1.0,7.368421052631579,0.0,137,1,"Arun Jaitley Stadium, Delhi",Delhi Capitals,19,0.0,0,-7.368421052631579,2012-05-15,2012
548370,2,19,6,Mumbai Indians,Kolkata Knight Riders,108,9,1,33,6.0,1.0,5.684210526315789,33.0,141,0,"Wankhede Stadium, Mumbai",Mumbai Indians,19,33.0,33,27.315789473684212,2012-05-16,2012
548372,2,19,7,Delhi Capitals,Royal Challengers Bangalore,186,7,3,30,6.0,1.0,9.789473684210526,30.0,216,0,"Arun Jaitley Stadium, Delhi",Delhi Capitals,19,90.0,90,20.210526315789473,2012-05-17,2012
548373,2,19,4,Sunrisers Hyderabad,Rajasthan Royals,128,5,5,0,8.0,1.3333333333333333,6.857142857142857,0.0,127,1,"Rajiv Gandhi International Stadium, Hyderabad",Sunrisers Hyderabad,19,0.0,0,-6.857142857142857,2012-05-18,2012
548374,2,19,2,Delhi Capitals,Punjab Kings,145,4,6,0,10.0,1.6666666666666667,7.909090909090909,0.0,142,1,"HPCA Stadium, Dharamsala",Punjab Kings,19,0.0,0,-7.909090909090909,2012-05-19,2012
548375,2,19,6,Pune Warriors,Kolkata Knight Riders,99,8,2,38,6.0,1.0,5.2105263157894735,38.0,137,0,Subrata Roy Sahara Stadium,Pune Warriors,19,76.0,76,32.78947368421053,2012-05-19,2012
548376,2,19,6,Royal Challengers Bangalore,Sunrisers Hyderabad,119,7,3,14,6.0,1.0,6.2631578947368425,14.0,133,0,"Rajiv Gandhi International Stadium, Hyderabad",Sunrisers Hyderabad,19,42.0,42,7.7368421052631575,2012-05-20,2012
548377,2,19,1,Mumbai Indians,Rajasthan Royals,163,0,10,0,11.0,1.8333333333333333,8.972477064220183,0.0,163,1,"Sawai Mansingh Stadium, Jaipur",Rajasthan Royals,19,0.0,0,-8.972477064220183,2012-05-20,2012
548378,2,19,6,Delhi Capitals,Kolkata Knight Riders,137,6,4,26,6.0,1.0,7.2105263157894735,26.0,163,0,Subrata Roy Sahara Stadium,,19,104.0,104,18.789473684210527,2012-05-22,2012
548379,2,19,6,Mumbai Indians,Chennai Super Kings,142,8,2,46,6.0,1.0,7.473684210526316,46.0,188,0,"M Chinnaswamy Stadium, Bengaluru",,19,92.0,92,38.526315789473685,2012-05-23,2012
548381,2,19,7,Kolkata Knight Riders,Chennai Super Kings,182,5,5,9,6.0,1.0,9.578947368421051,9.0,191,1,"MA Chidambaram Stadium, Chennai",Chennai Super Kings,19,45.0,45,-0.5789473684210513,2012-05-27,2012
597998,2,19,4,Kolkata Knight Riders,Delhi Capitals,129,4,6,0,8.0,1.3333333333333333,6.910714285714286,0.0,129,1,"Eden Gardens, Kolkata",Kolkata Knight Riders,19,0.0,0,-6.910714285714286,2013-04-03,2013
597999,2,19,6,Mumbai Indians,Royal Challengers Bangalore,147,3,7,10,6.0,1.0,7.736842105263157,10.0,157,0,"M Chinnaswamy Stadium, Bengaluru",Royal Challengers Bangalore,19,70.0,70,2.2631578947368434,2013-04-04,2013
598000,2,19,5,Pune Warriors,Sunrisers Hyderabad,104,10,0,23,7.0,1.1666666666666667,5.52212389380531,19.71428571428571,127,0,"Rajiv Gandhi International Stadium, Hyderabad",Sunrisers Hyderabad,19,0.0,0,14.1921618204804,2013-04-05,2013
598001,2,19,7,Delhi Capitals,Rajasthan Royals,157,4,6,9,6.0,1.0,8.263157894736842,9.0,166,0,"Arun Jaitley Stadium, Delhi",Delhi Capitals,19,54.0,54,0.7368421052631575,2013-04-06,2013
598002,2,19,8,Chennai Super Kings,Mumbai Indians,137,8,2,12,6.0,1.0,7.2105263157894735,12.0,149,0,"MA Chidambaram Stadium, Chennai",Chennai Super Kings,19,24.0,24,4.7894736842105265,2013-04-06,2013
598004,2,19,6,Sunrisers Hyderabad,Royal Challengers Bangalore,124,6,4,7,6.0,1.0,6.526315789473684,7.0,131,0,"Rajiv Gandhi International Stadium, Hyderabad",Sunrisers Hyderabad,19,28.0,28,0.47368421052631593,2013-04-07,2013
598005,2,19,6,Kolkata Knight Riders,Rajasthan Royals,125,10,0,20,6.0,1.0,6.578947368421052,20.0,145,0,"Sawai Mansingh Stadium, Jaipur",Rajasthan Royals,19,0.0,0,13.421052631578949,2013-04-08,2013
598006,2,19,6,Delhi Capitals,Mumbai Indians,154,8,2,56,6.0,1.0,8.105263157894736,56.0,210,0,"Wankhede Stadium, Mumbai",Mumbai Indians,19,112.0,112,47.89473684210526,2013-04-09,2013
598009,2,19,4,Pune Warriors,Rajasthan Royals,148,3,7,0,8.0,1.3333333333333333,7.928571428571428,0.0,146,1,Subrata Roy Sahara Stadium,Pune Warriors,19,0.0,0,-7.928571428571428,2013-04-11,2013
598010,2,19,6,Sunrisers Hyderabad,Delhi Capitals,109,7,3,6,6.0,1.0,5.7368421052631575,6.0,115,1,"Arun Jaitley Stadium, Delhi",Delhi Capitals,19,18.0,18,0.2631578947368425,2013-04-12,2013
598011,2,19,6,Pune Warriors,Mumbai Indians,138,8,2,46,6.0,1.0,7.263157894736843,46.0,184,0,"Wankhede Stadium, Mumbai",Mumbai Indians,19,92.0,92,38.73684210526316,2013-04-13,2013
598012,2,19,7,Chennai Super Kings,Royal Challengers Bangalore,150,6,4,16,6.0,1.0,7.894736842105263,16.0,166,1,"MA Chidambaram Stadium, Chennai",Chennai Super Kings,19,64.0,64,8.105263157894736,2013-04-13,2013
598013,2,19,6,Sunrisers Hyderabad,Kolkata Knight Riders,126,6,4,55,6.0,1.0,6.631578947368421,55.0,181,0,"Eden Gardens, Kolkata",Kolkata Knight Riders,19,220.0,220,48.368421052631575,2013-04-14,2013
598014,2,19,6,Rajasthan Royals,Punjab Kings,120,4,6,5,6.0,1.0,6.315789473684211,5.0,125,1,"Sawai Mansingh Stadium, Jaipur",Rajasthan Royals,19,30.0,30,-1.3157894736842106,2013-04-14,2013
598015,2,19,6,Chennai Super Kings,Pune Warriors,124,7,3,36,6.0,1.0,6.526315789473684,36.0,160,0,"MA Chidambaram Stadium, Chennai",Chennai Super Kings,19,108.0,108,29.473684210526315,2013-04-15,2013
598016,2,19,6,Kolkata Knight Riders,Punjab Kings,147,7,3,11,6.0,1.0,7.736842105263157,11.0,158,0,"IS Bindra Stadium, Mohali",Punjab Kings,19,33.0,33,3.2631578947368434,2013-04-16,2013
598017,2,19,6,Royal Challengers Bangalore,Delhi Capitals,141,7,3,12,6.0,1.0,7.421052631578948,12.0,153,0,"M Chinnaswamy Stadium, Bengaluru",Royal Challengers Bangalore,19,36.0,36,4.578947368421052,2013-04-16,2013
598018,2,19,6,Pune Warriors,Sunrisers Hyderabad,108,10,0,12,6.0,1.0,5.684210526315789,12.0,120,0,"MCA Stadium, Pune",Pune Warriors,19,0.0,0,6.315789473684211,2013-04-17,2013
598019,2,19,2,Mumbai Indians,Rajasthan Royals,92,10,0,88,10.0,1.6666666666666667,5.0181818181818185,52.8,180,0,"Sawai Mansingh Stadium, Jaipur",Rajasthan Royals,19,0.0,0,47.78181818181818,2013-04-17,2013
598021,2,19,6,Sunrisers Hyderabad,Punjab Kings,127,5,5,0,6.0,1.0,6.684210526315789,0.0,124,1,"Rajiv Gandhi International Stadium, Hyderabad",Sunrisers Hyderabad,19,0.0,0,-6.684210526315789,2013-04-19,2013
598022,2,19,6,Chennai Super Kings,Kolkata Knight Riders,118,6,4,2,6.0,1.0,6.2105263157894735,2.0,120,1,"Eden Gardens, Kolkata",Kolkata Knight Riders,19,8.0,8,-4.2105263157894735,2013-04-20,2013
598025,2,19,6,Punjab Kings,Pune Warriors,170,3,7,16,6.0,1.0,8.947368421052632,16.0,186,1,"IS Bindra Stadium, Mohali",Punjab Kings,19,112.0,112,7.052631578947368,2013-04-21,2013
598026,2,19,6,Chennai Super Kings,Rajasthan Royals,175,5,5,11,6.0,1.0,9.210526315789474,11.0,186,1,"MA Chidambaram Stadium, Chennai",Chennai Super Kings,19,55.0,55,1.7894736842105257,2013-04-22,2013
598027,2,19,6,Pune Warriors,Royal Challengers Bangalore,128,7,3,136,6.0,1.0,6.7368421052631575,136.0,264,0,"M Chinnaswamy Stadium, Bengaluru",Royal Challengers Bangalore,19,408.0,408,129.26315789473685,2013-04-23,2013
598028,2,19,6,Delhi Capitals,Punjab Kings,150,5,5,22,6.0,1.0,7.894736842105263,22.0,172,0,"HPCA Stadium, Dharamsala",Punjab Kings,19,110.0,110,14.105263157894736,2013-05-16,2013
598029,2,19,6,Mumbai Indians,Kolkata Knight Riders,150,4,6,10,6.0,1.0,7.894736842105263,10.0,160,1,"Eden Gardens, Kolkata",Kolkata Knight Riders,19,60.0,60,2.105263157894737,2013-04-24,2013
598030,2,19,6,Chennai Super Kings,Sunrisers Hyderabad,145,5,5,15,6.0,1.0,7.631578947368421,15.0,160,1,"MA Chidambaram Stadium, Chennai",Chennai Super Kings,19,75.0,75,7.368421052631579,2013-04-25,2013
598031,2,19,3,Kolkata Knight Riders,Punjab Kings,150,4,6,0,9.0,1.5,8.108108108108109,0.0,150,1,"Eden Gardens, Kolkata",Kolkata Knight Riders,19,0.0,0,-8.108108108108109,2013-04-26,2013
598033,2,19,6,Royal Challengers Bangalore,Mumbai Indians,124,7,3,71,6.0,1.0,6.526315789473684,71.0,195,0,"Wankhede Stadium, Mumbai",Mumbai Indians,19,213.0,213,64.47368421052632,2013-04-27,2013
598034,2,19,8,Kolkata Knight Riders,Chennai Super Kings,182,4,6,19,6.0,1.0,9.578947368421051,19.0,201,0,"MA Chidambaram Stadium, Chennai",Chennai Super Kings,19,114.0,114,9.421052631578949,2013-04-28,2013
598035,2,19,6,Pune Warriors,Delhi Capitals,137,4,6,28,6.0,1.0,7.2105263157894735,28.0,165,0,"SVNS Intl Stadium, Raipur",Delhi Capitals,19,168.0,168,20.789473684210527,2013-04-28,2013
598036,2,19,6,Rajasthan Royals,Royal Challengers Bangalore,166,4,6,6,6.0,1.0,8.736842105263158,6.0,172,1,"Sawai Mansingh Stadium, Jaipur",Rajasthan Royals,19,36.0,36,-2.7368421052631575,2013-04-29,2013
598037,2,19,6,Punjab Kings,Mumbai Indians,158,9,1,17,6.0,1.0,8.31578947368421,17.0,175,0,"Wankhede Stadium, Mumbai",Mumbai Indians,19,17.0,17,8.68421052631579,2013-04-29,2013
598038,2,19,6,Pune Warriors,Chennai Super Kings,121,8,2,44,6.0,1.0,6.368421052631579,44.0,165,0,Subrata Roy Sahara Stadium,Pune Warriors,19,88.0,88,37.631578947368425,2013-04-30,2013
598041,2,19,6,Punjab Kings,Chennai Super Kings,168,3,7,19,6.0,1.0,8.842105263157896,19.0,187,0,"MA Chidambaram Stadium, Chennai",Chennai Super Kings,19,133.0,133,10.157894736842104,2013-05-02,2013
598042,2,19,6,Pune Warriors,Royal Challengers Bangalore,164,8,2,24,6.0,1.0,8.631578947368421,24.0,188,0,Subrata Roy Sahara Stadium,Pune Warriors,19,48.0,48,15.368421052631579,2013-05-02,2013
598045,2,19,1,Punjab Kings,Royal Challengers Bangalore,176,3,7,0,11.0,1.8333333333333333,9.688073394495412,0.0,175,1,"M Chinnaswamy Stadium, Bengaluru",Royal Challengers Bangalore,19,0.0,0,-9.688073394495412,2013-05-14,2013
598047,2,19,6,Rajasthan Royals,Pune Warriors,174,4,6,5,6.0,1.0,9.157894736842104,5.0,179,1,"Sawai Mansingh Stadium, Jaipur",Rajasthan Royals,19,30.0,30,-4.157894736842104,2013-05-05,2013
598050,2,19,2,Kolkata Knight Riders,Mumbai Indians,105,10,0,66,10.0,1.6666666666666667,5.7272727272727275,39.6,171,0,"Wankhede Stadium, Mumbai",Mumbai Indians,19,0.0,0,33.872727272727275,2013-05-07,2013
598051,2,19,6,Sunrisers Hyderabad,Chennai Super Kings,134,7,3,90,6.0,1.0,7.052631578947368,90.0,224,0,"Rajiv Gandhi International Stadium, Hyderabad",Sunrisers Hyderabad,19,270.0,270,82.94736842105263,2013-05-08,2013
598052,2,19,6,Rajasthan Royals,Punjab Kings,147,2,8,0,6.0,1.0,7.736842105263157,0.0,146,1,"IS Bindra Stadium, Mohali",Punjab Kings,19,0.0,0,-7.736842105263157,2013-05-09,2013
598053,2,19,6,Pune Warriors,Kolkata Knight Riders,105,8,2,48,6.0,1.0,5.526315789473684,48.0,153,0,Subrata Roy Sahara Stadium,Pune Warriors,19,96.0,96,42.473684210526315,2013-05-09,2013
598054,2,19,8,Delhi Capitals,Royal Challengers Bangalore,165,6,4,19,6.0,1.0,8.68421052631579,19.0,184,0,"Arun Jaitley Stadium, Delhi",Delhi Capitals,19,76.0,76,10.31578947368421,2013-05-10,2013
598055,2,19,5,Mumbai Indians,Pune Warriors,116,5,5,0,7.0,1.1666666666666667,6.159292035398231,0.0,113,1,Subrata Roy Sahara Stadium,Pune Warriors,19,0.0,0,-6.159292035398231,2013-05-11,2013
598056,2,19,6,Punjab Kings,Sunrisers Hyderabad,111,7,3,40,6.0,1.0,5.842105263157895,40.0,151,0,"IS Bindra Stadium, Mohali",Punjab Kings,19,120.0,120,34.1578947368421,2013-05-11,2013
598057,2,19,6,Kolkata Knight Riders,Royal Challengers Bangalore,111,5,5,5,6.0,1.0,5.842105263157895,5.0,116,1,JSCA International Stadium Complex,,19,25.0,25,-0.8421052631578947,2013-05-12,2013
598060,2,19,6,Mumbai Indians,Sunrisers Hyderabad,172,4,6,7,6.0,1.0,9.052631578947368,7.0,179,1,"Wankhede Stadium, Mumbai",Mumbai Indians,19,42.0,42,-2.052631578947368,2013-05-13,2013
598061,2,19,6,Kolkata Knight Riders,Pune Warriors,153,6,4,18,6.0,1.0,8.052631578947368,18.0,171,0,JSCA International Stadium Complex,,19,72.0,72,9.947368421052632,2013-05-15,2013
598062,2,19,6,Delhi Capitals,Chennai Super Kings,130,9,1,39,6.0,1.0,6.842105263157895,39.0,169,0,"MA Chidambaram Stadium, Chennai",Chennai Super Kings,19,39.0,39,32.1578947368421,2013-05-14,2013
598063,2,19,6,Rajasthan Royals,Mumbai Indians,144,6,4,23,6.0,1.0,7.578947368421052,23.0,167,0,"Wankhede Stadium, Mumbai",Mumbai Indians,19,92.0,92,15.421052631578949,2013-05-15,2013
598065,2,19,6,Rajasthan Royals,Sunrisers Hyderabad,102,8,2,35,6.0,1.0,5.368421052631579,35.0,137,0,"Rajiv Gandhi International Stadium, Hyderabad",Sunrisers Hyderabad,19,70.0,70,29.63157894736842,2013-05-17,2013
598066,2,19,6,Mumbai Indians,Punjab Kings,133,8,2,51,6.0,1.0,7.0,51.0,184,0,"HPCA Stadium, Dharamsala",Punjab Kings,19,102.0,102,44.0,2013-05-18,2013
598067,2,19,6,Delhi Capitals,Pune Warriors,128,8,2,45,6.0,1.0,6.7368421052631575,45.0,173,0,Subrata Roy Sahara Stadium,Pune Warriors,19,90.0,90,38.26315789473684,2013-05-19,2013
598069,2,19,5,Sunrisers Hyderabad,Kolkata Knight Riders,132,5,5,0,7.0,1.1666666666666667,7.008849557522124,0.0,131,1,"Rajiv Gandhi International Stadium, Hyderabad",Sunrisers Hyderabad,19,0.0,0,-7.008849557522124,2013-05-19,2013
598070,2,19,4,Mumbai Indians,Chennai Super Kings,144,10,0,49,8.0,1.3333333333333333,7.7142857142857135,36.75,193,0,"Arun Jaitley Stadium, Delhi",,19,0.0,0,29.035714285714285,2013-05-21,2013
598071,2,19,6,Rajasthan Royals,Sunrisers Hyderabad,123,6,4,10,6.0,1.0,6.473684210526316,10.0,133,1,"Arun Jaitley Stadium, Delhi",,19,40.0,40,3.526315789473684,2013-05-22,2013
598072,2,19,7,Mumbai Indians,Rajasthan Royals,158,5,5,8,6.0,1.0,8.31578947368421,8.0,166,1,"Eden Gardens, Kolkata",,19,40.0,40,-0.3157894736842106,2013-05-24,2013
598073,2,19,7,Chennai Super Kings,Mumbai Indians,107,9,1,42,6.0,1.0,5.631578947368421,42.0,149,0,"Eden Gardens, Kolkata",,19,42.0,42,36.368421052631575,2013-05-26,2013
729279,2,19,6,Mumbai Indians,Kolkata Knight Riders,117,6,4,47,6.0,1.0,6.157894736842105,47.0,164,0,"Sheikh Zayed Stadium, Abu Dhabi",,19,188.0,188,40.8421052631579,2014-04-16,2014
729283,2,19,5,Punjab Kings,Chennai Super Kings,206,4,6,0,7.0,1.1666666666666667,10.938053097345133,0.0,206,1,"Sheikh Zayed Stadium, Abu Dhabi",,19,0.0,0,-10.938053097345133,2014-04-18,2014
729285,2,19,6,Rajasthan Royals,Sunrisers Hyderabad,126,6,4,8,6.0,1.0,6.631578947368421,8.0,134,1,"Sheikh Zayed Stadium, Abu Dhabi",,19,32.0,32,1.3684210526315788,2014-04-18,2014
729289,2,19,6,Delhi Capitals,Kolkata Knight Riders,161,5,5,6,6.0,1.0,8.473684210526315,6.0,167,1,"Dubai International Cricket Stadium, Dubai",,19,30.0,30,-2.473684210526315,2014-04-19,2014
729291,2,19,4,Punjab Kings,Rajasthan Royals,193,3,7,0,8.0,1.3333333333333333,10.339285714285714,0.0,192,1,"Sharjah Cricket Stadium, Sharjah",,19,0.0,0,-10.339285714285714,2014-04-20,2014
729295,2,19,6,Sunrisers Hyderabad,Punjab Kings,120,9,1,74,6.0,1.0,6.315789473684211,74.0,194,0,"Sharjah Cricket Stadium, Sharjah",,19,74.0,74,67.6842105263158,2014-04-22,2014
729297,2,19,6,Rajasthan Royals,Chennai Super Kings,117,9,1,24,6.0,1.0,6.157894736842105,24.0,141,0,"Dubai International Cricket Stadium, Dubai",,19,24.0,24,17.842105263157894,2014-04-23,2014
729299,2,19,7,Royal Challengers Bangalore,Kolkata Knight Riders,142,4,6,9,6.0,1.0,7.473684210526316,9.0,151,0,"Sharjah Cricket Stadium, Sharjah",,19,54.0,54,1.526315789473684,2014-04-24,2014
729301,2,19,6,Delhi Capitals,Sunrisers Hyderabad,165,4,6,20,6.0,1.0,8.68421052631579,20.0,185,0,"Dubai International Cricket Stadium, Dubai",,19,120.0,120,11.31578947368421,2014-04-25,2014
729303,2,19,6,Chennai Super Kings,Mumbai Indians,142,3,7,0,6.0,1.0,7.473684210526316,0.0,142,1,"Dubai International Cricket Stadium, Dubai",,19,0.0,0,-7.473684210526316,2014-04-25,2014
729307,2,19,3,Kolkata Knight Riders,Punjab Kings,109,10,0,24,9.0,1.5,5.891891891891892,16.0,133,0,"Sheikh Zayed Stadium, Abu Dhabi",,19,0.0,0,10.108108108108109,2014-04-26,2014
729309,2,19,5,Delhi Capitals,Mumbai Indians,126,4,6,0,7.0,1.1666666666666667,6.690265486725664,0.0,126,1,"Sharjah Cricket Stadium, Sharjah",,19,0.0,0,-6.690265486725664,2014-04-27,2014
729311,2,19,6,Chennai Super Kings,Sunrisers Hyderabad,140,5,5,6,6.0,1.0,7.368421052631579,6.0,146,1,"Sharjah Cricket Stadium, Sharjah",,19,30.0,30,-1.3684210526315788,2014-04-27,2014
729313,2,19,6,Punjab Kings,Royal Challengers Bangalore,127,5,5,0,6.0,1.0,6.684210526315789,0.0,125,1,"Dubai International Cricket Stadium, Dubai",,19,0.0,0,-6.684210526315789,2014-04-28,2014
729315,2,19,7,Kolkata Knight Riders,Rajasthan Royals,141,7,3,12,6.0,1.0,7.421052631578948,12.0,153,0,"Sheikh Zayed Stadium, Abu Dhabi",,19,36.0,36,4.578947368421052,2014-04-29,2014
729317,2,19,7,Mumbai Indians,Sunrisers Hyderabad,153,6,4,20,6.0,1.0,8.052631578947368,20.0,173,0,"Dubai International Cricket Stadium, Dubai",,19,80.0,80,11.947368421052632,2014-04-30,2014
733973,2,19,7,Mumbai Indians,Punjab Kings,164,5,5,5,6.0,1.0,8.631578947368421,5.0,169,1,"Wankhede Stadium, Mumbai",Mumbai Indians,19,25.0,25,-3.6315789473684212,2014-05-03,2014
733975,2,19,3,Rajasthan Royals,Delhi Capitals,156,3,7,0,9.0,1.5,8.432432432432432,0.0,153,1,"Arun Jaitley Stadium, Delhi",Delhi Capitals,19,0.0,0,-8.432432432432432,2014-05-03,2014
733977,2,19,6,Royal Challengers Bangalore,Sunrisers Hyderabad,152,5,5,4,6.0,1.0,8.0,4.0,156,1,"M Chinnaswamy Stadium, Bengaluru",Royal Challengers Bangalore,19,20.0,20,-4.0,2014-05-04,2014
733979,2,19,7,Kolkata Knight Riders,Rajasthan Royals,154,6,4,17,6.0,1.0,8.105263157894736,17.0,171,0,"Narendra Modi Stadium, Ahmedabad",,19,68.0,68,8.894736842105264,2014-05-05,2014
733981,2,19,6,Chennai Super Kings,Delhi Capitals,168,2,8,11,6.0,1.0,8.842105263157896,11.0,179,1,"Arun Jaitley Stadium, Delhi",Delhi Capitals,19,88.0,88,2.1578947368421044,2014-05-05,2014
733983,2,19,6,Royal Challengers Bangalore,Mumbai Indians,161,8,2,27,6.0,1.0,8.473684210526315,27.0,188,0,"Wankhede Stadium, Mumbai",Mumbai Indians,19,54.0,54,18.526315789473685,2014-05-06,2014
733985,2,19,2,Kolkata Knight Riders,Delhi Capitals,161,2,8,0,10.0,1.6666666666666667,8.781818181818183,0.0,161,1,"Arun Jaitley Stadium, Delhi",Delhi Capitals,19,0.0,0,-8.781818181818183,2014-05-07,2014
733987,2,19,6,Chennai Super Kings,Punjab Kings,168,6,4,64,6.0,1.0,8.842105263157896,64.0,232,0,Barabati Stadium,,19,256.0,256,55.1578947368421,2014-05-07,2014
733989,2,19,8,Rajasthan Royals,Sunrisers Hyderabad,100,9,1,35,6.0,1.0,5.2631578947368425,35.0,135,0,"Narendra Modi Stadium, Ahmedabad",,19,35.0,35,29.736842105263158,2014-05-08,2014
733991,2,19,6,Royal Challengers Bangalore,Punjab Kings,149,8,2,50,6.0,1.0,7.842105263157895,50.0,199,0,"M Chinnaswamy Stadium, Bengaluru",Royal Challengers Bangalore,19,100.0,100,42.1578947368421,2014-05-09,2014
733995,2,19,6,Chennai Super Kings,Mumbai Indians,147,6,4,11,6.0,1.0,7.736842105263157,11.0,158,1,"Wankhede Stadium, Mumbai",Mumbai Indians,19,44.0,44,3.2631578947368434,2014-05-10,2014
733999,2,19,6,Rajasthan Royals,Royal Challengers Bangalore,191,5,5,0,6.0,1.0,10.052631578947368,0.0,191,1,"M Chinnaswamy Stadium, Bengaluru",Royal Challengers Bangalore,19,0.0,0,-10.052631578947368,2014-05-11,2014
734001,2,19,4,Mumbai Indians,Sunrisers Hyderabad,160,3,7,0,8.0,1.3333333333333333,8.571428571428571,0.0,158,1,"Rajiv Gandhi International Stadium, Hyderabad",Sunrisers Hyderabad,19,0.0,0,-8.571428571428571,2014-05-12,2014
734003,2,19,6,Chennai Super Kings,Rajasthan Royals,137,5,5,12,6.0,1.0,7.2105263157894735,12.0,149,1,JSCA International Stadium Complex,,19,60.0,60,4.7894736842105265,2014-05-13,2014
734005,2,19,7,Delhi Capitals,Royal Challengers Bangalore,161,6,4,26,6.0,1.0,8.473684210526315,26.0,187,0,"M Chinnaswamy Stadium, Bengaluru",Royal Challengers Bangalore,19,104.0,104,17.526315789473685,2014-05-13,2014
734007,2,19,4,Punjab Kings,Sunrisers Hyderabad,211,4,6,0,8.0,1.3333333333333333,11.303571428571429,0.0,206,1,"Rajiv Gandhi International Stadium, Hyderabad",Sunrisers Hyderabad,19,0.0,0,-11.303571428571429,2014-05-14,2014
734009,2,19,4,Kolkata Knight Riders,Mumbai Indians,142,4,6,0,8.0,1.3333333333333333,7.607142857142857,0.0,142,1,Barabati Stadium,,19,0.0,0,-7.607142857142857,2014-05-14,2014
734011,2,19,6,Delhi Capitals,Rajasthan Royals,126,9,1,76,6.0,1.0,6.631578947368421,76.0,202,0,"Narendra Modi Stadium, Ahmedabad",,19,76.0,76,69.36842105263158,2014-05-15,2014
734013,2,19,6,Royal Challengers Bangalore,Chennai Super Kings,129,4,6,10,6.0,1.0,6.7894736842105265,10.0,139,1,JSCA International Stadium Complex,,19,60.0,60,3.2105263157894735,2014-05-18,2014
734015,2,19,6,Kolkata Knight Riders,Sunrisers Hyderabad,133,3,7,10,6.0,1.0,7.0,10.0,143,1,"Rajiv Gandhi International Stadium, Hyderabad",Sunrisers Hyderabad,19,70.0,70,3.0,2014-05-18,2014
734017,2,19,6,Rajasthan Royals,Mumbai Indians,145,8,2,34,6.0,1.0,7.631578947368421,34.0,179,0,"Narendra Modi Stadium, Ahmedabad",,19,68.0,68,26.36842105263158,2014-05-19,2014
734019,2,19,6,Punjab Kings,Delhi Capitals,156,6,4,9,6.0,1.0,8.210526315789474,9.0,165,1,"Arun Jaitley Stadium, Delhi",Delhi Capitals,19,36.0,36,0.7894736842105257,2014-05-19,2014
734021,2,19,7,Sunrisers Hyderabad,Royal Challengers Bangalore,157,3,7,4,6.0,1.0,8.263157894736842,4.0,161,1,"Rajiv Gandhi International Stadium, Hyderabad",Sunrisers Hyderabad,19,28.0,28,-4.2631578947368425,2014-05-20,2014
734025,2,19,6,Mumbai Indians,Punjab Kings,159,3,7,0,6.0,1.0,8.368421052631579,0.0,157,1,"IS Bindra Stadium, Mohali",Punjab Kings,19,0.0,0,-8.368421052631579,2014-05-21,2014
734027,2,19,7,Royal Challengers Bangalore,Kolkata Knight Riders,155,5,5,41,6.0,1.0,8.157894736842104,41.0,196,0,"Eden Gardens, Kolkata",Kolkata Knight Riders,19,205.0,205,32.8421052631579,2014-05-22,2014
734029,2,19,6,Sunrisers Hyderabad,Chennai Super Kings,184,3,7,2,6.0,1.0,9.68421052631579,2.0,186,1,JSCA International Stadium Complex,,19,14.0,14,-7.684210526315789,2014-05-22,2014
734031,2,19,7,Delhi Capitals,Mumbai Indians,149,4,6,25,6.0,1.0,7.842105263157895,25.0,174,0,"Wankhede Stadium, Mumbai",Mumbai Indians,19,150.0,150,17.157894736842106,2014-05-23,2014
734033,2,19,6,Rajasthan Royals,Punjab Kings,149,8,2,31,6.0,1.0,7.842105263157895,31.0,180,0,"IS Bindra Stadium, Mohali",Punjab Kings,19,62.0,62,23.157894736842106,2014-05-23,2014
734043,2,19,6,Punjab Kings,Kolkata Knight Riders,134,7,3,30,6.0,1.0,7.052631578947368,30.0,164,0,"Eden Gardens, Kolkata",Kolkata Knight Riders,19,90.0,90,22.94736842105263,2014-05-27,2014
734045,2,19,5,Chennai Super Kings,Mumbai Indians,176,3,7,0,7.0,1.1666666666666667,9.345132743362832,0.0,174,1,"Brabourne Stadium, Mumbai",Mumbai Indians,19,0.0,0,-9.345132743362832,2014-05-28,2014
734047,2,19,6,Chennai Super Kings,Punjab Kings,187,7,3,40,6.0,1.0,9.842105263157896,40.0,227,0,"Wankhede Stadium, Mumbai",,19,120.0,120,30.157894736842103,2014-05-30,2014
734049,2,19,6,Kolkata Knight Riders,Punjab Kings,195,7,3,5,6.0,1.0,10.263157894736842,5.0,200,1,"M Chinnaswamy Stadium, Bengaluru",,19,15.0,15,-5.2631578947368425,2014-06-01,2014
829705,2,19,3,Kolkata Knight Riders,Mumbai Indians,170,3,7,0,9.0,1.5,9.18918918918919,0.0,169,1,"Eden Gardens, Kolkata",Kolkata Knight Riders,19,0.0,0,-9.18918918918919,2015-04-08,2015
829707,2,19,7,Delhi Capitals,Chennai Super Kings,132,8,2,19,6.0,1.0,6.947368421052632,19.0,151,0,"MA Chidambaram Stadium, Chennai",Chennai Super Kings,19,38.0,38,12.052631578947368,2015-04-09,2015
829709,2,19,6,Punjab Kings,Rajasthan Royals,131,8,2,32,6.0,1.0,6.894736842105263,32.0,163,0,"MCA Stadium, Pune",,19,64.0,64,25.105263157894736,2015-04-10,2015
829711,2,19,6,Sunrisers Hyderabad,Chennai Super Kings,150,6,4,60,6.0,1.0,7.894736842105263,60.0,210,0,"MA Chidambaram Stadium, Chennai",Chennai Super Kings,19,240.0,240,52.10526315789474,2015-04-11,2015
829713,2,19,6,Royal Challengers Bangalore,Kolkata Knight Riders,179,7,3,0,6.0,1.0,9.421052631578949,0.0,178,1,"Eden Gardens, Kolkata",Kolkata Knight Riders,19,0.0,0,-9.421052631578949,2015-04-11,2015
829715,2,19,6,Rajasthan Royals,Delhi Capitals,173,7,3,12,6.0,1.0,9.105263157894736,12.0,185,1,"Arun Jaitley Stadium, Delhi",Delhi Capitals,19,36.0,36,2.8947368421052637,2015-04-12,2015
829717,2,19,6,Mumbai Indians,Punjab Kings,148,6,4,30,6.0,1.0,7.7894736842105265,30.0,178,0,"Wankhede Stadium, Mumbai",Mumbai Indians,19,120.0,120,22.210526315789473,2015-04-12,2015
829721,2,19,6,Rajasthan Royals,Mumbai Indians,164,3,7,1,6.0,1.0,8.631578947368421,1.0,165,1,"Narendra Modi Stadium, Ahmedabad",,19,7.0,7,-7.631578947368421,2015-04-14,2015
829723,2,19,6,Kolkata Knight Riders,Chennai Super Kings,160,3,7,6,6.0,1.0,8.421052631578947,6.0,166,1,"Eden Gardens, Kolkata",Kolkata Knight Riders,19,42.0,42,-2.421052631578947,2015-04-30,2015
829725,2,19,7,Delhi Capitals,Punjab Kings,163,4,6,3,6.0,1.0,8.578947368421053,3.0,166,1,"MCA Stadium, Pune",,19,18.0,18,-5.578947368421053,2015-04-15,2015
829727,2,19,6,Rajasthan Royals,Sunrisers Hyderabad,123,4,6,5,6.0,1.0,6.473684210526316,5.0,128,1,Dr. Y.S. Rajasekhara Reddy ACA-VDCA Cricket Stadium,,19,30.0,30,-1.473684210526316,2015-04-16,2015
829731,2,19,6,Sunrisers Hyderabad,Delhi Capitals,158,6,4,10,6.0,1.0,8.31578947368421,10.0,168,0,Dr. Y.S. Rajasekhara Reddy ACA-VDCA Cricket Stadium,,19,40.0,40,1.6842105263157894,2015-04-18,2015
829735,2,19,2,Rajasthan Royals,Chennai Super Kings,157,2,8,0,10.0,1.6666666666666667,8.563636363636364,0.0,157,1,"Narendra Modi Stadium, Ahmedabad",,19,0.0,0,-8.563636363636364,2015-04-19,2015
829737,2,19,7,Royal Challengers Bangalore,Mumbai Indians,182,6,4,28,6.0,1.0,9.578947368421051,28.0,210,0,"M Chinnaswamy Stadium, Bengaluru",Royal Challengers Bangalore,19,112.0,112,18.42105263157895,2015-04-19,2015
829739,2,19,1,Kolkata Knight Riders,Delhi Capitals,147,4,6,0,11.0,1.8333333333333333,8.091743119266054,0.0,147,1,"Arun Jaitley Stadium, Delhi",Delhi Capitals,19,0.0,0,-8.091743119266054,2015-04-20,2015
829741,2,19,7,Punjab Kings,Rajasthan Royals,178,6,4,14,6.0,1.0,9.36842105263158,14.0,192,0,"Narendra Modi Stadium, Ahmedabad",,19,56.0,56,4.6315789473684195,2015-04-21,2015
829745,2,19,6,Royal Challengers Bangalore,Chennai Super Kings,147,7,3,35,6.0,1.0,7.736842105263157,35.0,182,0,"M Chinnaswamy Stadium, Bengaluru",Royal Challengers Bangalore,19,105.0,105,27.263157894736842,2015-04-22,2015
829747,2,19,8,Mumbai Indians,Delhi Capitals,148,8,2,43,6.0,1.0,7.7894736842105265,43.0,191,0,"Arun Jaitley Stadium, Delhi",Delhi Capitals,19,86.0,86,35.21052631578947,2015-04-23,2015
829751,2,19,6,Sunrisers Hyderabad,Mumbai Indians,128,8,2,30,6.0,1.0,6.7368421052631575,30.0,158,0,"Wankhede Stadium, Mumbai",Mumbai Indians,19,60.0,60,23.263157894736842,2015-04-25,2015
829753,2,19,6,Punjab Kings,Chennai Super Kings,94,8,2,99,6.0,1.0,4.947368421052632,99.0,193,0,"MA Chidambaram Stadium, Chennai",Chennai Super Kings,19,198.0,198,94.05263157894737,2015-04-25,2015
829759,2,19,6,Punjab Kings,Sunrisers Hyderabad,126,8,2,25,6.0,1.0,6.631578947368421,25.0,151,0,"IS Bindra Stadium, Mohali",Punjab Kings,19,50.0,50,18.36842105263158,2015-04-27,2015
829761,2,19,6,Delhi Capitals,Kolkata Knight Riders,143,6,4,29,6.0,1.0,7.526315789473684,29.0,172,0,"Eden Gardens, Kolkata",Kolkata Knight Riders,19,116.0,116,21.473684210526315,2015-05-07,2015
829765,2,19,6,Kolkata Knight Riders,Chennai Super Kings,118,9,1,17,6.0,1.0,6.2105263157894735,17.0,135,0,"MA Chidambaram Stadium, Chennai",Chennai Super Kings,19,17.0,17,10.789473684210527,2015-04-28,2015
829769,2,19,6,Rajasthan Royals,Mumbai Indians,168,6,4,20,6.0,1.0,8.842105263157896,20.0,188,0,"Wankhede Stadium, Mumbai",Mumbai Indians,19,80.0,80,11.157894736842104,2015-05-01,2015
829773,2,19,6,Chennai Super Kings,Sunrisers Hyderabad,164,6,4,29,6.0,1.0,8.631578947368421,29.0,193,0,"Rajiv Gandhi International Stadium, Hyderabad",Sunrisers Hyderabad,19,116.0,116,20.36842105263158,2015-05-02,2015
829775,2,19,7,Punjab Kings,Mumbai Indians,140,6,4,33,6.0,1.0,7.368421052631579,33.0,173,0,"IS Bindra Stadium, Mohali",Punjab Kings,19,132.0,132,25.63157894736842,2015-05-03,2015
829777,2,19,9,Delhi Capitals,Rajasthan Royals,160,7,3,30,6.0,1.0,8.421052631578947,30.0,190,0,"Brabourne Stadium, Mumbai",,19,90.0,90,21.578947368421055,2015-05-03,2015
829779,2,19,6,Royal Challengers Bangalore,Chennai Super Kings,124,8,2,25,6.0,1.0,6.526315789473684,25.0,149,0,"MA Chidambaram Stadium, Chennai",Chennai Super Kings,19,50.0,50,18.473684210526315,2015-05-04,2015
829781,2,19,6,Sunrisers Hyderabad,Kolkata Knight Riders,131,8,2,37,6.0,1.0,6.894736842105263,37.0,168,0,"Eden Gardens, Kolkata",Kolkata Knight Riders,19,74.0,74,30.105263157894736,2015-05-04,2015
829783,2,19,6,Mumbai Indians,Delhi Capitals,145,5,5,8,6.0,1.0,7.631578947368421,8.0,153,1,"Wankhede Stadium, Mumbai",Mumbai Indians,19,40.0,40,0.36842105263157876,2015-05-05,2015
829787,2,19,6,Rajasthan Royals,Sunrisers Hyderabad,184,7,3,18,6.0,1.0,9.68421052631579,18.0,202,0,"Brabourne Stadium, Mumbai",,19,54.0,54,8.31578947368421,2015-05-07,2015
829789,2,19,6,Mumbai Indians,Chennai Super Kings,154,4,6,5,6.0,1.0,8.105263157894736,5.0,159,1,"MA Chidambaram Stadium, Chennai",Chennai Super Kings,19,30.0,30,-3.1052631578947363,2015-05-08,2015
829791,2,19,6,Kolkata Knight Riders,Punjab Kings,176,7,3,8,6.0,1.0,9.263157894736842,8.0,184,1,"Eden Gardens, Kolkata",Kolkata Knight Riders,19,24.0,24,-1.2631578947368425,2015-05-09,2015
829793,2,19,6,Delhi Capitals,Sunrisers Hyderabad,148,4,6,16,6.0,1.0,7.7894736842105265,16.0,164,0,"SVNS Intl Stadium, Raipur",Delhi Capitals,19,96.0,96,8.210526315789473,2015-05-09,2015
829795,2,19,6,Mumbai Indians,Royal Challengers Bangalore,182,6,4,54,6.0,1.0,9.578947368421051,54.0,236,0,"Wankhede Stadium, Mumbai",Mumbai Indians,19,216.0,216,44.421052631578945,2015-05-10,2015
829797,2,19,8,Rajasthan Royals,Chennai Super Kings,131,8,2,27,6.0,1.0,6.894736842105263,27.0,158,0,"MA Chidambaram Stadium, Chennai",Chennai Super Kings,19,54.0,54,20.105263157894736,2015-05-10,2015
829799,2,19,6,Punjab Kings,Sunrisers Hyderabad,158,7,3,28,6.0,1.0,8.31578947368421,28.0,186,0,"Rajiv Gandhi International Stadium, Hyderabad",Sunrisers Hyderabad,19,84.0,84,19.684210526315788,2015-05-11,2015
829805,2,19,6,Kolkata Knight Riders,Mumbai Indians,160,6,4,12,6.0,1.0,8.421052631578947,12.0,172,0,"Wankhede Stadium, Mumbai",Mumbai Indians,19,48.0,48,3.578947368421053,2015-05-14,2015
829811,2,19,7,Kolkata Knight Riders,Rajasthan Royals,184,8,2,16,6.0,1.0,9.68421052631579,16.0,200,0,"Brabourne Stadium, Mumbai",,19,32.0,32,6.315789473684211,2015-05-16,2015
829817,2,19,6,Chennai Super Kings,Mumbai Indians,162,10,0,26,6.0,1.0,8.526315789473685,26.0,188,0,"Wankhede Stadium, Mumbai",Mumbai Indians,19,0.0,0,17.473684210526315,2015-05-19,2015
829819,2,19,6,Rajasthan Royals,Royal Challengers Bangalore,109,10,0,72,6.0,1.0,5.7368421052631575,72.0,181,0,"MCA Stadium, Pune",,19,0.0,0,66.26315789473685,2015-05-20,2015
829821,2,19,6,Chennai Super Kings,Royal Challengers Bangalore,135,6,4,5,6.0,1.0,7.105263157894737,5.0,140,1,JSCA International Stadium Complex,,19,20.0,20,-2.105263157894737,2015-05-22,2015
829823,2,19,6,Chennai Super Kings,Mumbai Indians,140,8,2,63,6.0,1.0,7.368421052631579,63.0,203,0,"Eden Gardens, Kolkata",,19,126.0,126,55.631578947368425,2015-05-24,2015
980907,2,19,6,Sunrisers Hyderabad,Royal Challengers Bangalore,173,6,4,55,6.0,1.0,9.105263157894736,55.0,228,0,"M Chinnaswamy Stadium, Bengaluru",Royal Challengers Bangalore,19,220.0,220,45.89473684210526,2016-04-12,2016
980909,2,19,6,Mumbai Indians,Kolkata Knight Riders,187,4,6,1,6.0,1.0,9.842105263157896,1.0,188,1,"Eden Gardens, Kolkata",Kolkata Knight Riders,19,6.0,6,-8.842105263157896,2016-04-13,2016
980911,2,19,1,Gujarat Lions,Rising Pune Supergiant,164,3,7,0,11.0,1.8333333333333333,9.027522935779816,0.0,164,1,Saurashtra Cricket Association Stadium,,19,0.0,0,-9.027522935779816,2016-04-14,2016
980915,2,19,2,Kolkata Knight Riders,Sunrisers Hyderabad,146,2,8,0,10.0,1.6666666666666667,7.963636363636364,0.0,143,1,"Rajiv Gandhi International Stadium, Hyderabad",Sunrisers Hyderabad,19,0.0,0,-7.963636363636364,2016-04-16,2016
980917,2,19,6,Gujarat Lions,Mumbai Indians,133,7,3,11,6.0,1.0,7.0,11.0,144,1,"Wankhede Stadium, Mumbai",Mumbai Indians,19,33.0,33,4.0,2016-04-16,2016
980919,2,19,4,Punjab Kings,Rising Pune Supergiant,153,4,6,0,8.0,1.3333333333333333,8.196428571428571,0.0,153,1,"IS Bindra Stadium, Mohali",Punjab Kings,19,0.0,0,-8.196428571428571,2016-04-17,2016
980921,2,19,6,Delhi Capitals,Royal Challengers Bangalore,191,3,7,1,6.0,1.0,10.052631578947368,1.0,192,1,"M Chinnaswamy Stadium, Bengaluru",Royal Challengers Bangalore,19,7.0,7,-9.052631578947368,2016-04-17,2016
980931,2,19,6,Rising Pune Supergiant,Royal Challengers Bangalore,165,7,3,21,6.0,1.0,8.68421052631579,21.0,186,0,"MCA Stadium, Pune",Rising Pune Supergiant,19,63.0,63,12.31578947368421,2016-04-22,2016
980933,2,19,7,Mumbai Indians,Delhi Capitals,144,5,5,21,6.0,1.0,7.578947368421052,21.0,165,0,"Arun Jaitley Stadium, Delhi",Delhi Capitals,19,105.0,105,13.421052631578949,2016-04-23,2016
980937,2,19,6,Gujarat Lions,Royal Challengers Bangalore,174,3,7,7,6.0,1.0,9.157894736842104,7.0,181,1,Saurashtra Cricket Association Stadium,,19,49.0,49,-2.1578947368421044,2016-04-24,2016
980939,2,19,7,Kolkata Knight Riders,Rising Pune Supergiant,154,7,3,7,6.0,1.0,8.105263157894736,7.0,161,1,"MCA Stadium, Pune",Rising Pune Supergiant,19,21.0,21,-1.1052631578947363,2016-04-24,2016
980941,2,19,9,Punjab Kings,Mumbai Indians,151,7,3,39,6.0,1.0,7.947368421052632,39.0,190,0,"IS Bindra Stadium, Mohali",Punjab Kings,19,117.0,117,31.05263157894737,2016-04-25,2016
980945,2,19,6,Delhi Capitals,Gujarat Lions,159,5,5,14,6.0,1.0,8.368421052631579,14.0,173,0,"Arun Jaitley Stadium, Delhi",Delhi Capitals,19,70.0,70,5.631578947368421,2016-04-27,2016
980949,2,19,6,Gujarat Lions,Rising Pune Supergiant,187,5,5,9,6.0,1.0,9.842105263157896,9.0,196,1,"MCA Stadium, Pune",Rising Pune Supergiant,19,45.0,45,-0.8421052631578956,2016-04-29,2016
980951,2,19,4,Kolkata Knight Riders,Delhi Capitals,159,10,0,28,8.0,1.3333333333333333,8.517857142857142,21.0,187,0,"Arun Jaitley Stadium, Delhi",Delhi Capitals,19,0.0,0,12.482142857142858,2016-04-30,2016
980953,2,19,6,Royal Challengers Bangalore,Sunrisers Hyderabad,173,5,5,22,6.0,1.0,9.105263157894736,22.0,195,0,"Rajiv Gandhi International Stadium, Hyderabad",Sunrisers Hyderabad,19,110.0,110,12.894736842105264,2016-04-30,2016
980955,2,19,6,Gujarat Lions,Punjab Kings,125,8,2,30,6.0,1.0,6.578947368421052,30.0,155,0,Saurashtra Cricket Association Stadium,,19,60.0,60,23.42105263157895,2016-05-01,2016
980957,2,19,3,Mumbai Indians,Rising Pune Supergiant,161,2,8,0,9.0,1.5,8.702702702702704,0.0,160,1,"MCA Stadium, Pune",Rising Pune Supergiant,19,0.0,0,-8.702702702702704,2016-05-01,2016
980959,2,19,6,Kolkata Knight Riders,Royal Challengers Bangalore,185,5,5,1,6.0,1.0,9.736842105263158,1.0,186,1,"M Chinnaswamy Stadium, Bengaluru",Royal Challengers Bangalore,19,5.0,5,-8.736842105263158,2016-05-02,2016
980963,2,19,6,Punjab Kings,Kolkata Knight Riders,153,6,4,12,6.0,1.0,8.052631578947368,12.0,165,0,"Eden Gardens, Kolkata",Kolkata Knight Riders,19,48.0,48,3.947368421052632,2016-05-04,2016
980965,2,19,6,Rising Pune Supergiant,Delhi Capitals,160,3,7,3,6.0,1.0,8.421052631578947,3.0,163,1,"Arun Jaitley Stadium, Delhi",Delhi Capitals,19,21.0,21,-5.421052631578947,2016-05-05,2016
980967,2,19,7,Sunrisers Hyderabad,Gujarat Lions,129,5,5,0,6.0,1.0,6.7894736842105265,0.0,127,1,"Rajiv Gandhi International Stadium, Hyderabad",Sunrisers Hyderabad,19,0.0,0,-6.7894736842105265,2016-05-06,2016
980969,2,19,7,Royal Challengers Bangalore,Rising Pune Supergiant,188,3,7,4,6.0,1.0,9.894736842105264,4.0,192,1,"M Chinnaswamy Stadium, Bengaluru",Royal Challengers Bangalore,19,28.0,28,-5.894736842105264,2016-05-07,2016
980971,2,19,6,Delhi Capitals,Punjab Kings,157,5,5,25,6.0,1.0,8.263157894736842,25.0,182,0,"IS Bindra Stadium, Mohali",Punjab Kings,19,125.0,125,16.736842105263158,2016-05-07,2016
980977,2,19,6,Punjab Kings,Royal Challengers Bangalore,159,4,6,17,6.0,1.0,8.368421052631579,17.0,176,0,"IS Bindra Stadium, Mohali",Punjab Kings,19,102.0,102,8.631578947368421,2016-05-09,2016
980979,2,19,6,Rising Pune Supergiant,Sunrisers Hyderabad,124,5,5,14,6.0,1.0,6.526315789473684,14.0,138,0,Dr. Y.S. Rajasekhara Reddy ACA-VDCA Cricket Stadium,,19,70.0,70,7.473684210526316,2016-05-10,2016
980981,2,19,6,Mumbai Indians,Royal Challengers Bangalore,153,4,6,0,6.0,1.0,8.052631578947368,0.0,152,1,"M Chinnaswamy Stadium, Bengaluru",Royal Challengers Bangalore,19,0.0,0,-8.052631578947368,2016-05-11,2016
980983,2,19,1,Delhi Capitals,Sunrisers Hyderabad,150,3,7,0,11.0,1.8333333333333333,8.256880733944953,0.0,147,1,"Rajiv Gandhi International Stadium, Hyderabad",Sunrisers Hyderabad,19,0.0,0,-8.256880733944953,2016-05-12,2016
980987,2,19,4,Gujarat Lions,Royal Challengers Bangalore,104,10,0,145,8.0,1.3333333333333333,5.571428571428571,108.75,249,0,"M Chinnaswamy Stadium, Bengaluru",Royal Challengers Bangalore,19,0.0,0,103.17857142857143,2016-05-14,2016
980991,2,19,6,Sunrisers Hyderabad,Punjab Kings,171,3,7,9,6.0,1.0,9.0,9.0,180,1,"IS Bindra Stadium, Mohali",Punjab Kings,19,63.0,63,0.0,2016-05-15,2016
980993,2,19,6,Delhi Capitals,Mumbai Indians,126,9,1,81,6.0,1.0,6.631578947368421,81.0,207,0,Dr. Y.S. Rajasekhara Reddy ACA-VDCA Cricket Stadium,,19,81.0,81,74.36842105263158,2016-05-15,2016
980995,2,19,4,Royal Challengers Bangalore,Kolkata Knight Riders,186,1,9,0,8.0,1.3333333333333333,9.964285714285714,0.0,184,1,"Eden Gardens, Kolkata",Kolkata Knight Riders,19,0.0,0,-9.964285714285714,2016-05-16,2016
981003,2,19,6,Delhi Capitals,Sunrisers Hyderabad,148,4,6,11,6.0,1.0,7.7894736842105265,11.0,159,1,"SVNS Intl Stadium, Raipur",Delhi Capitals,19,66.0,66,3.2105263157894735,2016-05-20,2016
981005,2,19,6,Rising Pune Supergiant,Punjab Kings,150,6,4,23,6.0,1.0,7.894736842105263,23.0,173,1,Dr. Y.S. Rajasekhara Reddy ACA-VDCA Cricket Stadium,,19,92.0,92,15.105263157894736,2016-05-21,2016
981009,2,19,6,Sunrisers Hyderabad,Kolkata Knight Riders,144,7,3,28,6.0,1.0,7.578947368421052,28.0,172,0,"Eden Gardens, Kolkata",Kolkata Knight Riders,19,84.0,84,20.42105263157895,2016-05-22,2016
981011,2,19,1,Royal Challengers Bangalore,Delhi Capitals,139,4,6,0,11.0,1.8333333333333333,7.651376146788991,0.0,139,1,"SVNS Intl Stadium, Raipur",Delhi Capitals,19,0.0,0,-7.651376146788991,2016-05-22,2016
981013,2,19,2,Royal Challengers Bangalore,Gujarat Lions,159,6,4,0,10.0,1.6666666666666667,8.672727272727274,0.0,159,1,"M Chinnaswamy Stadium, Bengaluru",Royal Challengers Bangalore,19,0.0,0,-8.672727272727274,2016-05-24,2016
981015,2,19,6,Kolkata Knight Riders,Sunrisers Hyderabad,138,6,4,25,6.0,1.0,7.263157894736843,25.0,163,0,"Arun Jaitley Stadium, Delhi",,19,100.0,100,17.736842105263158,2016-05-25,2016
981017,2,19,6,Sunrisers Hyderabad,Gujarat Lions,158,6,4,5,6.0,1.0,8.31578947368421,5.0,163,1,"Arun Jaitley Stadium, Delhi",,19,20.0,20,-3.3157894736842106,2016-05-27,2016
981019,2,19,6,Royal Challengers Bangalore,Sunrisers Hyderabad,191,6,4,18,6.0,1.0,10.052631578947368,18.0,209,0,"M Chinnaswamy Stadium, Bengaluru",Royal Challengers Bangalore,19,72.0,72,7.947368421052632,2016-05-29,2016
1082591,2,19,6,Royal Challengers Bangalore,Sunrisers Hyderabad,165,9,1,43,6.0,1.0,8.68421052631579,43.0,208,0,"Rajiv Gandhi International Stadium, Hyderabad",Sunrisers Hyderabad,19,43.0,43,34.31578947368421,2017-04-05,2017
1082592,2,19,6,Rising Pune Supergiant,Mumbai Indians,172,3,7,13,6.0,1.0,9.052631578947368,13.0,185,1,"MCA Stadium, Pune",Rising Pune Supergiant,19,91.0,91,3.947368421052632,2017-04-06,2017
1082594,2,19,7,Punjab Kings,Rising Pune Supergiant,164,4,6,0,6.0,1.0,8.631578947368421,0.0,164,1,"Holkar Cricket Stadium, Indore",Punjab Kings,19,0.0,0,-8.631578947368421,2017-04-08,2017
1082595,2,19,6,Delhi Capitals,Royal Challengers Bangalore,139,7,3,19,6.0,1.0,7.315789473684211,19.0,158,0,M.Chinnaswamy Stadium,Royal Challengers Bangalore,19,57.0,57,11.68421052631579,2017-04-08,2017
1082597,2,19,7,Mumbai Indians,Kolkata Knight Riders,168,6,4,11,6.0,1.0,8.842105263157896,11.0,179,1,"Wankhede Stadium, Mumbai",Mumbai Indians,19,44.0,44,2.1578947368421044,2017-04-09,2017
1082600,2,19,4,Mumbai Indians,Sunrisers Hyderabad,159,6,4,0,8.0,1.3333333333333333,8.517857142857142,0.0,159,1,"Wankhede Stadium, Mumbai",Mumbai Indians,19,0.0,0,-8.517857142857142,2017-04-12,2017
1082602,2,19,6,Mumbai Indians,Royal Challengers Bangalore,145,6,4,0,6.0,1.0,7.631578947368421,0.0,143,1,"M Chinnaswamy Stadium, Bengaluru",Royal Challengers Bangalore,19,0.0,0,-7.631578947368421,2017-04-14,2017
1082604,2,19,6,Sunrisers Hyderabad,Kolkata Knight Riders,143,6,4,30,6.0,1.0,7.526315789473684,30.0,173,0,"Eden Gardens, Kolkata",Kolkata Knight Riders,19,120.0,120,22.473684210526315,2017-04-15,2017
1082605,2,19,6,Punjab Kings,Delhi Capitals,134,7,3,55,6.0,1.0,7.052631578947368,55.0,189,0,"Arun Jaitley Stadium, Delhi",Delhi Capitals,19,165.0,165,47.94736842105263,2017-04-15,2017
1082606,2,19,7,Mumbai Indians,Gujarat Lions,169,4,6,8,6.0,1.0,8.894736842105264,8.0,177,1,"Wankhede Stadium, Mumbai",Mumbai Indians,19,48.0,48,-0.8947368421052637,2017-04-16,2017
1082607,2,19,6,Royal Challengers Bangalore,Rising Pune Supergiant,131,8,2,31,6.0,1.0,6.894736842105263,31.0,162,0,"M Chinnaswamy Stadium, Bengaluru",Royal Challengers Bangalore,19,62.0,62,24.105263157894736,2017-04-16,2017
1082608,2,19,6,Kolkata Knight Riders,Delhi Capitals,160,5,5,9,6.0,1.0,8.421052631578947,9.0,169,1,"Arun Jaitley Stadium, Delhi",Delhi Capitals,19,45.0,45,0.5789473684210531,2017-04-17,2017
1082609,2,19,7,Punjab Kings,Sunrisers Hyderabad,149,9,1,11,6.0,1.0,7.842105263157895,11.0,160,0,"Rajiv Gandhi International Stadium, Hyderabad",Sunrisers Hyderabad,19,11.0,11,3.1578947368421053,2017-04-17,2017
1082610,2,19,7,Gujarat Lions,Royal Challengers Bangalore,188,6,4,26,6.0,1.0,9.894736842105264,26.0,214,0,Saurashtra Cricket Association Stadium,,19,104.0,104,16.105263157894736,2017-04-18,2017
1082611,2,19,6,Delhi Capitals,Sunrisers Hyderabad,168,4,6,24,6.0,1.0,8.842105263157896,24.0,192,0,"Rajiv Gandhi International Stadium, Hyderabad",Sunrisers Hyderabad,19,144.0,144,15.157894736842104,2017-04-19,2017
1082613,2,19,2,Gujarat Lions,Kolkata Knight Riders,188,6,4,0,10.0,1.6666666666666667,10.254545454545456,0.0,188,1,"Eden Gardens, Kolkata",Kolkata Knight Riders,19,0.0,0,-10.254545454545456,2017-04-21,2017
1082614,2,19,6,Delhi Capitals,Mumbai Indians,118,7,3,25,6.0,1.0,6.2105263157894735,25.0,143,0,"Wankhede Stadium, Mumbai",Mumbai Indians,19,75.0,75,18.789473684210527,2017-04-22,2017
1082615,2,19,7,Rising Pune Supergiant,Sunrisers Hyderabad,166,4,6,11,6.0,1.0,8.736842105263158,11.0,177,1,"MCA Stadium, Pune",Rising Pune Supergiant,19,66.0,66,2.2631578947368425,2017-04-22,2017
1082616,2,19,7,Gujarat Lions,Punjab Kings,153,7,3,36,6.0,1.0,8.052631578947368,36.0,189,0,Saurashtra Cricket Association Stadium,,19,108.0,108,27.94736842105263,2017-04-23,2017
1082618,2,19,7,Mumbai Indians,Rising Pune Supergiant,144,5,5,17,6.0,1.0,7.578947368421052,17.0,161,0,"Wankhede Stadium, Mumbai",Mumbai Indians,19,85.0,85,9.421052631578949,2017-04-24,2017
1082620,2,19,1,Kolkata Knight Riders,Rising Pune Supergiant,184,3,7,0,11.0,1.8333333333333333,10.128440366972477,0.0,183,1,"MCA Stadium, Pune",Rising Pune Supergiant,19,0.0,0,-10.128440366972477,2017-04-26,2017
1082623,2,19,6,Punjab Kings,Sunrisers Hyderabad,175,7,3,33,6.0,1.0,9.210526315789474,33.0,208,0,"IS Bindra Stadium, Mohali",Punjab Kings,19,99.0,99,23.789473684210527,2017-04-28,2017
1082624,2,19,6,Royal Challengers Bangalore,Rising Pune Supergiant,88,9,1,70,6.0,1.0,4.631578947368421,70.0,158,0,"MCA Stadium, Pune",Rising Pune Supergiant,19,70.0,70,65.36842105263158,2017-04-29,2017
1082625,2,19,6,Mumbai Indians,Gujarat Lions,143,8,2,11,6.0,1.0,7.526315789473684,11.0,154,0,Saurashtra Cricket Association Stadium,,19,22.0,22,3.473684210526316,2017-04-29,2017
1082627,2,19,6,Kolkata Knight Riders,Sunrisers Hyderabad,154,6,4,56,6.0,1.0,8.105263157894736,56.0,210,0,"Rajiv Gandhi International Stadium, Hyderabad",Sunrisers Hyderabad,19,224.0,224,47.89473684210526,2017-04-30,2017
1082628,2,19,6,Mumbai Indians,Royal Challengers Bangalore,156,6,4,7,6.0,1.0,8.210526315789474,7.0,163,1,"Wankhede Stadium, Mumbai",Mumbai Indians,19,28.0,28,-1.2105263157894743,2017-05-01,2017
1082629,2,19,6,Rising Pune Supergiant,Gujarat Lions,154,5,5,8,6.0,1.0,8.105263157894736,8.0,162,1,"MCA Stadium, Pune",Rising Pune Supergiant,19,40.0,40,-0.10526315789473628,2017-05-01,2017
1082630,2,19,6,Delhi Capitals,Sunrisers Hyderabad,185,4,6,1,6.0,1.0,9.736842105263158,1.0,186,1,"Arun Jaitley Stadium, Delhi",Delhi Capitals,19,6.0,6,-8.736842105263158,2017-05-02,2017
1082631,2,19,6,Rising Pune Supergiant,Kolkata Knight Riders,151,6,4,5,6.0,1.0,7.947368421052632,5.0,156,1,"Eden Gardens, Kolkata",Kolkata Knight Riders,19,20.0,20,-2.947368421052632,2017-05-03,2017
1082633,2,19,6,Royal Challengers Bangalore,Punjab Kings,119,10,0,20,6.0,1.0,6.2631578947368425,20.0,139,0,"M Chinnaswamy Stadium, Bengaluru",Royal Challengers Bangalore,19,0.0,0,13.736842105263158,2017-05-05,2017
1082634,2,19,7,Sunrisers Hyderabad,Rising Pune Supergiant,136,6,4,13,6.0,1.0,7.157894736842105,13.0,149,0,"Rajiv Gandhi International Stadium, Hyderabad",Sunrisers Hyderabad,19,52.0,52,5.842105263157895,2017-05-06,2017
1082637,2,19,6,Gujarat Lions,Punjab Kings,182,4,6,8,6.0,1.0,9.578947368421051,8.0,190,1,"IS Bindra Stadium, Mohali",Punjab Kings,19,48.0,48,-1.5789473684210513,2017-05-07,2017
1082638,2,19,2,Sunrisers Hyderabad,Mumbai Indians,140,3,7,0,10.0,1.6666666666666667,7.636363636363637,0.0,139,1,"Rajiv Gandhi International Stadium, Hyderabad",Sunrisers Hyderabad,19,0.0,0,-7.636363636363637,2017-05-08,2017
1082639,2,19,6,Kolkata Knight Riders,Punjab Kings,148,6,4,20,6.0,1.0,7.7894736842105265,20.0,168,0,"IS Bindra Stadium, Mohali",Punjab Kings,19,80.0,80,12.210526315789473,2017-05-09,2017
1082640,2,19,6,Delhi Capitals,Gujarat Lions,187,7,3,9,6.0,1.0,9.842105263157896,9.0,196,1,Green Park,,19,27.0,27,-0.8421052631578956,2017-05-10,2017
1082641,2,19,7,Mumbai Indians,Punjab Kings,215,6,4,16,6.0,1.0,11.31578947368421,16.0,231,0,"Wankhede Stadium, Mumbai",Mumbai Indians,19,64.0,64,4.684210526315789,2017-05-11,2017
1082642,2,19,6,Rising Pune Supergiant,Delhi Capitals,144,6,4,25,6.0,1.0,7.578947368421052,25.0,169,0,"Arun Jaitley Stadium, Delhi",Delhi Capitals,19,100.0,100,17.42105263157895,2017-05-12,2017
1082643,2,19,1,Sunrisers Hyderabad,Gujarat Lions,158,2,8,0,11.0,1.8333333333333333,8.697247706422019,0.0,155,1,Green Park,,19,0.0,0,-8.697247706422019,2017-05-13,2017
1082644,2,19,6,Kolkata Knight Riders,Mumbai Indians,160,8,2,14,6.0,1.0,8.421052631578947,14.0,174,0,"Eden Gardens, Kolkata",Kolkata Knight Riders,19,28.0,28,5.578947368421053,2017-05-13,2017
1082646,2,19,6,Delhi Capitals,Royal Challengers Bangalore,149,8,2,13,6.0,1.0,7.842105263157895,13.0,162,0,"Arun Jaitley Stadium, Delhi",Delhi Capitals,19,26.0,26,5.157894736842105,2017-05-14,2017
1082647,2,19,6,Mumbai Indians,Rising Pune Supergiant,133,8,2,30,6.0,1.0,7.0,30.0,163,0,"Wankhede Stadium, Mumbai",Mumbai Indians,19,60.0,60,23.0,2017-05-16,2017
1082650,2,19,6,Rising Pune Supergiant,Mumbai Indians,119,3,7,11,6.0,1.0,6.2631578947368425,11.0,130,0,"Rajiv Gandhi International Stadium, Hyderabad",,19,77.0,77,4.7368421052631575,2017-05-21,2017
1136561,2,19,6,Chennai Super Kings,Mumbai Indians,159,9,1,7,6.0,1.0,8.368421052631579,7.0,166,1,"Wankhede Stadium, Mumbai",Mumbai Indians,19,7.0,7,-1.3684210526315788,2018-04-07,2018
1136562,2,19,6,Punjab Kings,Delhi Capitals,167,4,6,0,6.0,1.0,8.789473684210526,0.0,167,1,Punjab Cricket Association IS Bindra Stadium,,19,0.0,0,-8.789473684210526,2018-04-08,2018
1136563,2,19,6,Kolkata Knight Riders,Royal Challengers Bangalore,177,6,4,0,6.0,1.0,9.31578947368421,0.0,177,1,"Eden Gardens, Kolkata",Kolkata Knight Riders,19,0.0,0,-9.31578947368421,2018-04-08,2018
1136565,2,19,6,Chennai Super Kings,Kolkata Knight Riders,186,5,5,17,6.0,1.0,9.789473684210526,17.0,203,1,"MA Chidambaram Stadium, Chennai",Chennai Super Kings,19,85.0,85,7.210526315789474,2018-04-10,2018
1136567,2,19,6,Sunrisers Hyderabad,Mumbai Indians,137,9,1,11,6.0,1.0,7.2105263157894735,11.0,148,1,Rajiv Gandhi International Stadium,Sunrisers Hyderabad,19,11.0,11,3.7894736842105265,2018-04-12,2018
1136568,2,19,6,Royal Challengers Bangalore,Punjab Kings,151,6,4,5,6.0,1.0,7.947368421052632,5.0,156,1,M.Chinnaswamy Stadium,Royal Challengers Bangalore,19,20.0,20,-2.947368421052632,2018-04-13,2018
1136569,2,19,6,Delhi Capitals,Mumbai Indians,184,3,7,11,6.0,1.0,9.68421052631579,11.0,195,1,"Wankhede Stadium, Mumbai",Mumbai Indians,19,77.0,77,1.3157894736842106,2018-04-14,2018
1136570,2,19,6,Sunrisers Hyderabad,Kolkata Knight Riders,139,5,5,0,6.0,1.0,7.315789473684211,0.0,139,1,"Eden Gardens, Kolkata",Kolkata Knight Riders,19,0.0,0,-7.315789473684211,2018-04-14,2018
1136571,2,19,6,Royal Challengers Bangalore,Rajasthan Royals,182,6,4,36,6.0,1.0,9.578947368421051,36.0,218,0,M.Chinnaswamy Stadium,Royal Challengers Bangalore,19,144.0,144,26.42105263157895,2018-04-15,2018
1136572,2,19,6,Chennai Super Kings,Punjab Kings,181,5,5,17,6.0,1.0,9.526315789473683,17.0,198,0,Punjab Cricket Association IS Bindra Stadium,,19,85.0,85,7.473684210526317,2018-04-15,2018
1136574,2,19,7,Royal Challengers Bangalore,Mumbai Indians,155,8,2,59,6.0,1.0,8.157894736842104,59.0,214,0,"Wankhede Stadium, Mumbai",Mumbai Indians,19,118.0,118,50.8421052631579,2018-04-17,2018
1136575,2,19,6,Kolkata Knight Riders,Rajasthan Royals,163,3,7,0,6.0,1.0,8.578947368421053,0.0,161,1,"Sawai Mansingh Stadium, Jaipur",Rajasthan Royals,19,0.0,0,-8.578947368421053,2018-04-18,2018
1136576,2,19,7,Sunrisers Hyderabad,Punjab Kings,161,5,5,33,6.0,1.0,8.473684210526315,33.0,194,0,Punjab Cricket Association IS Bindra Stadium,,19,165.0,165,24.526315789473685,2018-04-19,2018
1136577,2,19,3,Rajasthan Royals,Chennai Super Kings,140,10,0,65,9.0,1.5,7.567567567567568,43.333333333333336,205,0,"MCA Stadium, Pune",,19,0.0,0,35.765765765765764,2018-04-20,2018
1136580,2,19,6,Sunrisers Hyderabad,Chennai Super Kings,164,6,4,19,6.0,1.0,8.631578947368421,19.0,183,0,Rajiv Gandhi International Stadium,Sunrisers Hyderabad,19,76.0,76,10.368421052631579,2018-04-22,2018
1136581,2,19,7,Rajasthan Royals,Mumbai Indians,158,6,4,10,6.0,1.0,8.31578947368421,10.0,168,1,"Sawai Mansingh Stadium, Jaipur",Rajasthan Royals,19,40.0,40,1.6842105263157894,2018-04-22,2018
1136582,2,19,6,Delhi Capitals,Punjab Kings,127,7,3,17,6.0,1.0,6.684210526315789,17.0,144,0,"Arun Jaitley Stadium, Delhi",Delhi Capitals,19,51.0,51,10.31578947368421,2018-04-23,2018
1136583,2,19,5,Mumbai Indians,Sunrisers Hyderabad,87,10,0,32,7.0,1.1666666666666667,4.619469026548673,27.428571428571427,119,0,"Wankhede Stadium, Mumbai",Mumbai Indians,19,0.0,0,22.809102402022752,2018-04-24,2018
1136584,2,19,9,Chennai Super Kings,Royal Challengers Bangalore,190,5,5,16,6.0,1.0,10.0,16.0,206,1,M.Chinnaswamy Stadium,Royal Challengers Bangalore,19,80.0,80,6.0,2018-04-25,2018
1136585,2,19,6,Punjab Kings,Sunrisers Hyderabad,118,9,1,15,6.0,1.0,6.2105263157894735,15.0,133,0,Rajiv Gandhi International Stadium,Sunrisers Hyderabad,19,15.0,15,8.789473684210527,2018-04-26,2018
1136586,2,19,6,Kolkata Knight Riders,Delhi Capitals,153,9,1,67,6.0,1.0,8.052631578947368,67.0,220,0,"Arun Jaitley Stadium, Delhi",Delhi Capitals,19,67.0,67,58.94736842105263,2018-04-27,2018
1136587,2,19,6,Mumbai Indians,Chennai Super Kings,165,2,8,5,6.0,1.0,8.68421052631579,5.0,170,1,"MCA Stadium, Pune",,19,40.0,40,-3.6842105263157894,2018-04-28,2018
1136588,2,19,6,Rajasthan Royals,Sunrisers Hyderabad,131,5,5,21,6.0,1.0,6.894736842105263,21.0,152,0,"Sawai Mansingh Stadium, Jaipur",Rajasthan Royals,19,105.0,105,14.105263157894736,2018-04-29,2018
1136589,2,19,6,Kolkata Knight Riders,Royal Challengers Bangalore,172,5,5,4,6.0,1.0,9.052631578947368,4.0,176,1,M.Chinnaswamy Stadium,Royal Challengers Bangalore,19,20.0,20,-5.052631578947368,2018-04-29,2018
1136590,2,19,7,Delhi Capitals,Chennai Super Kings,184,5,5,28,6.0,1.0,9.68421052631579,28.0,212,0,"MCA Stadium, Pune",,19,140.0,140,18.315789473684212,2018-04-30,2018
1136591,2,19,6,Mumbai Indians,Royal Challengers Bangalore,143,6,4,25,6.0,1.0,7.526315789473684,25.0,168,0,M.Chinnaswamy Stadium,Royal Challengers Bangalore,19,100.0,100,17.473684210526315,2018-05-01,2018
1136594,2,19,6,Mumbai Indians,Punjab Kings,176,4,6,0,6.0,1.0,9.263157894736842,0.0,175,1,"Holkar Cricket Stadium, Indore",Punjab Kings,19,0.0,0,-9.263157894736842,2018-05-04,2018
1136596,2,19,7,Sunrisers Hyderabad,Delhi Capitals,150,3,7,14,6.0,1.0,7.894736842105263,14.0,164,1,Rajiv Gandhi International Stadium,Sunrisers Hyderabad,19,98.0,98,6.105263157894737,2018-05-05,2018
1136597,2,19,6,Kolkata Knight Riders,Mumbai Indians,159,5,5,23,6.0,1.0,8.368421052631579,23.0,182,0,"Wankhede Stadium, Mumbai",Mumbai Indians,19,115.0,115,14.631578947368421,2018-05-06,2018
1136598,2,19,4,Punjab Kings,Rajasthan Royals,155,4,6,0,8.0,1.3333333333333333,8.303571428571429,0.0,153,1,"Holkar Cricket Stadium, Indore",Punjab Kings,19,0.0,0,-8.303571428571429,2018-05-06,2018
1136599,2,19,6,Royal Challengers Bangalore,Sunrisers Hyderabad,135,5,5,12,6.0,1.0,7.105263157894737,12.0,147,0,Rajiv Gandhi International Stadium,Sunrisers Hyderabad,19,60.0,60,4.894736842105263,2018-05-07,2018
1136600,2,19,6,Punjab Kings,Rajasthan Royals,127,6,4,32,6.0,1.0,6.684210526315789,32.0,159,0,"Sawai Mansingh Stadium, Jaipur",Rajasthan Royals,19,128.0,128,25.315789473684212,2018-05-08,2018
1136601,2,19,1,Kolkata Knight Riders,Mumbai Indians,108,10,0,103,11.0,1.8333333333333333,5.944954128440367,56.18181818181819,211,0,"Eden Gardens, Kolkata",Kolkata Knight Riders,19,0.0,0,50.23686405337782,2018-05-09,2018
1136602,2,19,5,Sunrisers Hyderabad,Delhi Capitals,191,1,9,0,7.0,1.1666666666666667,10.141592920353984,0.0,188,1,"Arun Jaitley Stadium, Delhi",Delhi Capitals,19,0.0,0,-10.141592920353984,2018-05-10,2018
1136603,2,19,7,Rajasthan Royals,Chennai Super Kings,165,6,4,12,6.0,1.0,8.68421052631579,12.0,177,1,"Sawai Mansingh Stadium, Jaipur",Rajasthan Royals,19,48.0,48,3.3157894736842106,2018-05-11,2018
1136604,2,19,6,Punjab Kings,Kolkata Knight Riders,208,6,4,38,6.0,1.0,10.947368421052632,38.0,246,0,"Holkar Cricket Stadium, Indore",Punjab Kings,19,152.0,152,27.05263157894737,2018-05-12,2018
1136605,2,19,6,Royal Challengers Bangalore,Delhi Capitals,187,5,5,0,6.0,1.0,9.842105263157896,0.0,182,1,"Arun Jaitley Stadium, Delhi",Delhi Capitals,19,0.0,0,-9.842105263157896,2018-05-12,2018
1136606,2,19,6,Chennai Super Kings,Sunrisers Hyderabad,180,2,8,0,6.0,1.0,9.473684210526317,0.0,180,1,"MCA Stadium, Pune",,19,0.0,0,-9.473684210526317,2018-05-13,2018
1136610,2,19,7,Punjab Kings,Mumbai Indians,170,4,6,17,6.0,1.0,8.947368421052632,17.0,187,0,"Wankhede Stadium, Mumbai",Mumbai Indians,19,102.0,102,8.052631578947368,2018-05-16,2018
1136611,2,19,7,Sunrisers Hyderabad,Royal Challengers Bangalore,199,2,8,20,6.0,1.0,10.473684210526317,20.0,219,0,M.Chinnaswamy Stadium,Royal Challengers Bangalore,19,160.0,160,9.526315789473683,2018-05-17,2018
1136612,2,19,6,Chennai Super Kings,Delhi Capitals,124,5,5,39,6.0,1.0,6.526315789473684,39.0,163,0,"Arun Jaitley Stadium, Delhi",Delhi Capitals,19,195.0,195,32.473684210526315,2018-05-18,2018
1136613,2,19,6,Royal Challengers Bangalore,Rajasthan Royals,130,9,1,35,6.0,1.0,6.842105263157895,35.0,165,0,"Sawai Mansingh Stadium, Jaipur",Rajasthan Royals,19,35.0,35,28.157894736842106,2018-05-19,2018
1136614,2,19,6,Kolkata Knight Riders,Sunrisers Hyderabad,168,4,6,5,6.0,1.0,8.842105263157896,5.0,173,1,Rajiv Gandhi International Stadium,Sunrisers Hyderabad,19,30.0,30,-3.8421052631578956,2018-05-19,2018
1136615,2,19,6,Mumbai Indians,Delhi Capitals,157,8,2,18,6.0,1.0,8.263157894736842,18.0,175,0,"Arun Jaitley Stadium, Delhi",Delhi Capitals,19,36.0,36,9.736842105263158,2018-05-20,2018
1136616,2,19,6,Chennai Super Kings,Punjab Kings,153,5,5,1,6.0,1.0,8.052631578947368,1.0,154,1,"MCA Stadium, Pune",,19,5.0,5,-7.052631578947368,2018-05-20,2018
1136617,2,19,7,Chennai Super Kings,Sunrisers Hyderabad,134,8,2,6,6.0,1.0,7.052631578947368,6.0,140,1,"Wankhede Stadium, Mumbai",,19,12.0,12,-1.0526315789473681,2018-05-22,2018
1136618,2,19,6,Rajasthan Royals,Kolkata Knight Riders,136,4,6,34,6.0,1.0,7.157894736842105,34.0,170,0,"Eden Gardens, Kolkata",Kolkata Knight Riders,19,204.0,204,26.842105263157894,2018-05-23,2018
1136619,2,19,6,Kolkata Knight Riders,Sunrisers Hyderabad,156,7,3,19,6.0,1.0,8.210526315789474,19.0,175,0,"Eden Gardens, Kolkata",Kolkata Knight Riders,19,57.0,57,10.789473684210526,2018-05-25,2018
1136620,2,19,3,Chennai Super Kings,Sunrisers Hyderabad,181,2,8,0,9.0,1.5,9.783783783783784,0.0,179,1,"Wankhede Stadium, Mumbai",,19,0.0,0,-9.783783783783784,2018-05-27,2018
1175357,2,19,6,Kolkata Knight Riders,Sunrisers Hyderabad,169,4,6,13,6.0,1.0,8.894736842105264,13.0,182,1,"Eden Gardens, Kolkata",Kolkata Knight Riders,19,78.0,78,4.105263157894736,2019-03-24,2019
1175358,2,19,8,Mumbai Indians,Delhi Capitals,176,8,2,38,6.0,1.0,9.263157894736842,38.0,214,0,"Wankhede Stadium, Mumbai",Mumbai Indians,19,76.0,76,28.736842105263158,2019-03-24,2019
1175359,2,19,6,Rajasthan Royals,Punjab Kings,164,7,3,21,6.0,1.0,8.631578947368421,21.0,185,0,"Sawai Mansingh Stadium, Jaipur",Rajasthan Royals,19,63.0,63,12.368421052631579,2019-03-25,2019
1175360,2,19,6,Chennai Super Kings,Delhi Capitals,146,3,7,2,6.0,1.0,7.684210526315789,2.0,148,1,"Arun Jaitley Stadium, Delhi",Delhi Capitals,19,14.0,14,-5.684210526315789,2019-03-26,2019
1175361,2,19,7,Punjab Kings,Kolkata Knight Riders,177,4,6,42,6.0,1.0,9.31578947368421,42.0,219,0,"Eden Gardens, Kolkata",Kolkata Knight Riders,19,252.0,252,32.68421052631579,2019-03-27,2019
1175362,2,19,7,Royal Challengers Bangalore,Mumbai Indians,171,5,5,17,6.0,1.0,9.0,17.0,188,0,M.Chinnaswamy Stadium,Royal Challengers Bangalore,19,85.0,85,8.0,2019-03-28,2019
1175363,2,19,7,Sunrisers Hyderabad,Rajasthan Royals,201,5,5,0,6.0,1.0,10.578947368421051,0.0,199,1,Rajiv Gandhi International Stadium,Sunrisers Hyderabad,19,0.0,0,-10.578947368421051,2019-03-29,2019
1175364,2,19,4,Punjab Kings,Mumbai Indians,177,2,8,0,8.0,1.3333333333333333,9.482142857142856,0.0,177,1,Punjab Cricket Association IS Bindra Stadium,,19,0.0,0,-9.482142857142856,2019-03-30,2019
1175365,2,19,7,Delhi Capitals,Kolkata Knight Riders,180,4,6,6,6.0,1.0,9.473684210526317,6.0,186,0,"Arun Jaitley Stadium, Delhi",Delhi Capitals,19,36.0,36,-3.473684210526317,2019-03-30,2019
1175366,2,19,8,Royal Challengers Bangalore,Sunrisers Hyderabad,110,9,1,122,6.0,1.0,5.7894736842105265,122.0,232,0,Rajiv Gandhi International Stadium,Sunrisers Hyderabad,19,122.0,122,116.21052631578948,2019-03-31,2019
1175367,2,19,6,Rajasthan Royals,Chennai Super Kings,164,6,4,12,6.0,1.0,8.631578947368421,12.0,176,0,"MA Chidambaram Stadium, Chennai",Chennai Super Kings,19,48.0,48,3.3684210526315788,2019-03-31,2019
1175368,2,19,6,Delhi Capitals,Punjab Kings,152,8,2,15,6.0,1.0,8.0,15.0,167,0,Punjab Cricket Association IS Bindra Stadium,,19,30.0,30,7.0,2019-04-01,2019
1175369,2,19,6,Rajasthan Royals,Royal Challengers Bangalore,154,3,7,5,6.0,1.0,8.105263157894736,5.0,159,1,"Sawai Mansingh Stadium, Jaipur",Rajasthan Royals,19,35.0,35,-3.1052631578947363,2019-04-02,2019
1175370,2,19,6,Chennai Super Kings,Mumbai Indians,122,7,3,49,6.0,1.0,6.421052631578948,49.0,171,0,"Wankhede Stadium, Mumbai",Mumbai Indians,19,147.0,147,42.578947368421055,2019-04-03,2019
1175371,2,19,3,Sunrisers Hyderabad,Delhi Capitals,131,5,5,0,9.0,1.5,7.081081081081081,0.0,130,1,"Arun Jaitley Stadium, Delhi",Delhi Capitals,19,0.0,0,-7.081081081081081,2019-04-04,2019
1175372,2,19,6,Kolkata Knight Riders,Royal Challengers Bangalore,205,5,5,1,6.0,1.0,10.789473684210526,1.0,206,1,M.Chinnaswamy Stadium,Royal Challengers Bangalore,19,5.0,5,-9.789473684210526,2019-04-05,2019
1178393,2,19,8,Punjab Kings,Chennai Super Kings,135,4,6,26,6.0,1.0,7.105263157894737,26.0,161,0,"MA Chidambaram Stadium, Chennai",Chennai Super Kings,19,156.0,156,18.894736842105264,2019-04-06,2019
1178395,2,19,5,Delhi Capitals,Royal Challengers Bangalore,152,6,4,0,7.0,1.1666666666666667,8.070796460176991,0.0,150,1,M.Chinnaswamy Stadium,Royal Challengers Bangalore,19,0.0,0,-8.070796460176991,2019-04-07,2019
1178397,2,19,6,Punjab Kings,Sunrisers Hyderabad,140,4,6,11,6.0,1.0,7.368421052631579,11.0,151,1,Punjab Cricket Association IS Bindra Stadium,,19,66.0,66,3.6315789473684212,2019-04-08,2019
1178399,2,19,6,Mumbai Indians,Punjab Kings,183,6,4,15,6.0,1.0,9.63157894736842,15.0,198,1,"Wankhede Stadium, Mumbai",Mumbai Indians,19,60.0,60,5.3684210526315805,2019-04-10,2019
1178400,2,19,6,Chennai Super Kings,Rajasthan Royals,134,5,5,18,6.0,1.0,7.052631578947368,18.0,152,1,"Sawai Mansingh Stadium, Jaipur",Rajasthan Royals,19,90.0,90,10.947368421052632,2019-04-11,2019
1178401,2,19,5,Delhi Capitals,Kolkata Knight Riders,180,3,7,0,7.0,1.1666666666666667,9.557522123893806,0.0,179,1,"Eden Gardens, Kolkata",Kolkata Knight Riders,19,0.0,0,-9.557522123893806,2019-04-12,2019
1178402,2,19,6,Rajasthan Royals,Mumbai Indians,182,6,4,6,6.0,1.0,9.578947368421051,6.0,188,1,"Wankhede Stadium, Mumbai",Mumbai Indians,19,24.0,24,-3.5789473684210513,2019-04-13,2019
1178403,2,19,6,Royal Challengers Bangalore,Punjab Kings,168,2,8,6,6.0,1.0,8.842105263157896,6.0,174,1,Punjab Cricket Association IS Bindra Stadium,,19,48.0,48,-2.8421052631578956,2019-04-13,2019
1178404,2,19,6,Chennai Super Kings,Kolkata Knight Riders,154,5,5,8,6.0,1.0,8.105263157894736,8.0,162,1,"Eden Gardens, Kolkata",Kolkata Knight Riders,19,40.0,40,-0.10526315789473628,2019-04-14,2019
1178405,2,19,6,Sunrisers Hyderabad,Delhi Capitals,116,10,0,40,6.0,1.0,6.105263157894737,40.0,156,0,Rajiv Gandhi International Stadium,Sunrisers Hyderabad,19,0.0,0,33.89473684210526,2019-04-14,2019
1178406,2,19,7,Mumbai Indians,Royal Challengers Bangalore,172,5,5,0,6.0,1.0,9.052631578947368,0.0,172,1,"Wankhede Stadium, Mumbai",Mumbai Indians,19,0.0,0,-9.052631578947368,2019-04-15,2019
1178407,2,19,6,Rajasthan Royals,Punjab Kings,160,6,4,23,6.0,1.0,8.421052631578947,23.0,183,0,Punjab Cricket Association IS Bindra Stadium,,19,92.0,92,14.578947368421053,2019-04-16,2019
1178409,2,19,7,Delhi Capitals,Mumbai Indians,119,8,2,50,6.0,1.0,6.2631578947368425,50.0,169,0,"Arun Jaitley Stadium, Delhi",Delhi Capitals,19,100.0,100,43.73684210526316,2019-04-18,2019
1178410,2,19,7,Kolkata Knight Riders,Royal Challengers Bangalore,190,4,6,24,6.0,1.0,10.0,24.0,214,0,"Eden Gardens, Kolkata",Kolkata Knight Riders,19,144.0,144,14.0,2019-04-19,2019
1178411,2,19,6,Rajasthan Royals,Mumbai Indians,158,5,5,4,6.0,1.0,8.31578947368421,4.0,162,1,"Sawai Mansingh Stadium, Jaipur",Rajasthan Royals,19,20.0,20,-4.315789473684211,2019-04-20,2019
1178412,2,19,6,Delhi Capitals,Punjab Kings,158,5,5,6,6.0,1.0,8.31578947368421,6.0,164,1,"Arun Jaitley Stadium, Delhi",Delhi Capitals,19,30.0,30,-2.3157894736842106,2019-04-20,2019
1178414,2,19,7,Chennai Super Kings,Royal Challengers Bangalore,136,7,3,26,6.0,1.0,7.157894736842105,26.0,162,0,M.Chinnaswamy Stadium,Royal Challengers Bangalore,19,78.0,78,18.842105263157894,2019-04-21,2019
1178415,2,19,6,Delhi Capitals,Rajasthan Royals,186,4,6,6,6.0,1.0,9.789473684210526,6.0,192,1,"Sawai Mansingh Stadium, Jaipur",Rajasthan Royals,19,36.0,36,-3.7894736842105257,2019-04-22,2019
1178416,2,19,6,Chennai Super Kings,Sunrisers Hyderabad,167,3,7,9,6.0,1.0,8.789473684210526,9.0,176,1,"MA Chidambaram Stadium, Chennai",Chennai Super Kings,19,63.0,63,0.21052631578947434,2019-04-23,2019
1178417,2,19,6,Punjab Kings,Royal Challengers Bangalore,176,5,5,27,6.0,1.0,9.263157894736842,27.0,203,0,M.Chinnaswamy Stadium,Royal Challengers Bangalore,19,135.0,135,17.736842105263158,2019-04-24,2019
1178418,2,19,6,Rajasthan Royals,Kolkata Knight Riders,167,7,3,9,6.0,1.0,8.789473684210526,9.0,176,1,"Eden Gardens, Kolkata",Kolkata Knight Riders,19,27.0,27,0.21052631578947434,2019-04-25,2019
1178420,2,19,6,Rajasthan Royals,Sunrisers Hyderabad,157,3,7,4,6.0,1.0,8.263157894736842,4.0,161,1,"Sawai Mansingh Stadium, Jaipur",Rajasthan Royals,19,28.0,28,-4.2631578947368425,2019-04-27,2019
1178421,2,19,6,Royal Challengers Bangalore,Delhi Capitals,162,6,4,26,6.0,1.0,8.526315789473685,26.0,188,0,"Arun Jaitley Stadium, Delhi",Delhi Capitals,19,104.0,104,17.473684210526315,2019-04-28,2019
1178422,2,19,6,Mumbai Indians,Kolkata Knight Riders,190,6,4,43,6.0,1.0,10.0,43.0,233,0,"Eden Gardens, Kolkata",Kolkata Knight Riders,19,172.0,172,33.0,2019-04-28,2019
1178423,2,19,7,Punjab Kings,Sunrisers Hyderabad,165,6,4,48,6.0,1.0,8.68421052631579,48.0,213,0,Rajiv Gandhi International Stadium,Sunrisers Hyderabad,19,192.0,192,39.31578947368421,2019-04-29,2019
1178426,2,19,6,Sunrisers Hyderabad,Mumbai Indians,146,5,5,17,6.0,1.0,7.684210526315789,17.0,163,0,"Wankhede Stadium, Mumbai",Mumbai Indians,19,85.0,85,9.31578947368421,2019-05-02,2019
1178429,2,19,8,Royal Challengers Bangalore,Sunrisers Hyderabad,170,6,4,6,6.0,1.0,8.947368421052632,6.0,176,1,M.Chinnaswamy Stadium,Royal Challengers Bangalore,19,24.0,24,-2.947368421052632,2019-05-04,2019
1181764,2,19,3,Mumbai Indians,Chennai Super Kings,132,4,6,0,9.0,1.5,7.135135135135135,0.0,132,1,"MA Chidambaram Stadium, Chennai",Chennai Super Kings,19,0.0,0,-7.135135135135135,2019-05-07,2019
1181766,2,19,7,Delhi Capitals,Sunrisers Hyderabad,158,7,3,5,6.0,1.0,8.31578947368421,5.0,163,1,Dr. Y.S. Rajasekhara Reddy ACA-VDCA Cricket Stadium,,19,15.0,15,-3.3157894736842106,2019-05-08,2019
1181767,2,19,6,Chennai Super Kings,Delhi Capitals,151,4,6,0,6.0,1.0,7.947368421052632,0.0,148,1,Dr. Y.S. Rajasekhara Reddy ACA-VDCA Cricket Stadium,,19,0.0,0,-7.947368421052632,2019-05-10,2019
1181768,2,19,6,Chennai Super Kings,Mumbai Indians,141,5,5,9,6.0,1.0,7.421052631578948,9.0,150,0,Rajiv Gandhi International Stadium,,19,45.0,45,1.5789473684210522,2019-05-12,2019
1216492,2,19,6,Chennai Super Kings,Mumbai Indians,158,5,5,5,6.0,1.0,8.31578947368421,5.0,163,1,"Sheikh Zayed Stadium, Abu Dhabi",,19,25.0,25,-3.3157894736842106,2020-09-19,2020/21
1216493,2,19,6,Punjab Kings,Delhi Capitals,145,6,4,13,6.0,1.0,7.631578947368421,13.0,158,0,"Dubai International Cricket Stadium, Dubai",,19,52.0,52,5.368421052631579,2020-09-20,2020/21
1216496,2,19,6,Chennai Super Kings,Rajasthan Royals,179,6,4,38,6.0,1.0,9.421052631578949,38.0,217,0,"Sharjah Cricket Stadium, Sharjah",,19,152.0,152,28.57894736842105,2020-09-22,2020/21
1216497,2,19,6,Delhi Capitals,Kolkata Knight Riders,132,8,2,63,6.0,1.0,6.947368421052632,63.0,195,0,"Sheikh Zayed Stadium, Abu Dhabi",,19,126.0,126,56.05263157894737,2020-10-24,2020/21
1216498,2,19,6,Sunrisers Hyderabad,Punjab Kings,113,7,3,14,6.0,1.0,5.947368421052632,14.0,127,0,"Dubai International Cricket Stadium, Dubai",,19,42.0,42,8.052631578947368,2020-10-24,2020/21
1216499,2,19,6,Mumbai Indians,Royal Challengers Bangalore,162,5,5,3,6.0,1.0,8.526315789473685,3.0,165,1,"Sheikh Zayed Stadium, Abu Dhabi",,19,15.0,15,-5.526315789473685,2020-10-28,2020/21
1216500,2,19,8,Rajasthan Royals,Delhi Capitals,136,8,2,49,6.0,1.0,7.157894736842105,49.0,185,0,"Sharjah Cricket Stadium, Sharjah",,19,98.0,98,41.8421052631579,2020-10-09,2020/21
1216501,2,19,6,Chennai Super Kings,Kolkata Knight Riders,142,5,5,26,6.0,1.0,7.473684210526316,26.0,168,0,"Sheikh Zayed Stadium, Abu Dhabi",,19,130.0,130,18.526315789473685,2020-10-07,2020/21
1216503,2,19,6,Punjab Kings,Mumbai Indians,135,8,2,57,6.0,1.0,7.105263157894737,57.0,192,0,"Sheikh Zayed Stadium, Abu Dhabi",,19,114.0,114,49.89473684210526,2020-10-01,2020/21
1216504,2,19,6,Rajasthan Royals,Kolkata Knight Riders,126,9,1,49,6.0,1.0,6.631578947368421,49.0,175,0,"Dubai International Cricket Stadium, Dubai",,19,49.0,49,42.368421052631575,2020-09-30,2020/21
1216505,2,19,8,Delhi Capitals,Royal Challengers Bangalore,154,4,6,0,6.0,1.0,8.105263157894736,0.0,153,1,"Sheikh Zayed Stadium, Abu Dhabi",,19,0.0,0,-8.105263157894736,2020-11-02,2020/21
1216506,2,19,5,Chennai Super Kings,Punjab Kings,154,1,9,0,7.0,1.1666666666666667,8.176991150442479,0.0,154,1,"Sheikh Zayed Stadium, Abu Dhabi",,19,0.0,0,-8.176991150442479,2020-11-01,2020/21
1216507,2,19,6,Rajasthan Royals,Sunrisers Hyderabad,151,5,5,8,6.0,1.0,7.947368421052632,8.0,159,1,"Dubai International Cricket Stadium, Dubai",,19,40.0,40,0.05263157894736814,2020-10-11,2020/21
1216508,2,19,7,Kolkata Knight Riders,Mumbai Indians,142,8,2,54,6.0,1.0,7.473684210526316,54.0,196,0,"Sheikh Zayed Stadium, Abu Dhabi",,19,108.0,108,46.526315789473685,2020-09-23,2020/21
1216509,2,19,7,Delhi Capitals,Chennai Super Kings,163,5,5,17,6.0,1.0,8.578947368421053,17.0,180,1,"Sharjah Cricket Stadium, Sharjah",,19,85.0,85,8.421052631578947,2020-10-17,2020/21
1216511,2,19,1,Rajasthan Royals,Mumbai Indians,136,10,0,58,11.0,1.8333333333333333,7.486238532110091,31.636363636363637,194,0,"Sheikh Zayed Stadium, Abu Dhabi",,19,0.0,0,24.150125104253547,2020-10-06,2020/21
1216512,2,19,6,Sunrisers Hyderabad,Kolkata Knight Riders,146,6,4,18,6.0,1.0,7.684210526315789,18.0,164,0,"Sheikh Zayed Stadium, Abu Dhabi",,19,72.0,72,10.31578947368421,2020-10-18,2020/21
1216514,2,19,6,Royal Challengers Bangalore,Rajasthan Royals,154,2,8,1,6.0,1.0,8.105263157894736,1.0,155,1,"Sheikh Zayed Stadium, Abu Dhabi",,19,8.0,8,-7.105263157894736,2020-10-03,2020/21
1216515,2,19,6,Kolkata Knight Riders,Delhi Capitals,203,7,3,26,6.0,1.0,10.68421052631579,26.0,229,0,"Sharjah Cricket Stadium, Sharjah",,19,78.0,78,15.31578947368421,2020-10-03,2020/21
1216516,2,19,6,Chennai Super Kings,Sunrisers Hyderabad,137,5,5,28,6.0,1.0,7.2105263157894735,28.0,165,0,"Dubai International Cricket Stadium, Dubai",,19,140.0,140,20.789473684210527,2020-10-02,2020/21
1216517,2,19,6,Punjab Kings,Mumbai Indians,168,5,5,9,6.0,1.0,8.842105263157896,9.0,177,0,"Dubai International Cricket Stadium, Dubai",,19,45.0,45,0.15789473684210442,2020-10-18,2020/21
1216518,2,19,1,Sunrisers Hyderabad,Rajasthan Royals,156,2,8,0,11.0,1.8333333333333333,8.587155963302752,0.0,155,1,"Dubai International Cricket Stadium, Dubai",,19,0.0,0,-8.587155963302752,2020-10-22,2020/21
1216519,2,19,6,Royal Challengers Bangalore,Delhi Capitals,127,9,1,70,6.0,1.0,6.684210526315789,70.0,197,0,"Dubai International Cricket Stadium, Dubai",,19,70.0,70,63.31578947368421,2020-10-05,2020/21
1216520,2,19,5,Punjab Kings,Kolkata Knight Riders,150,2,8,0,7.0,1.1666666666666667,7.964601769911505,0.0,150,1,"Sharjah Cricket Stadium, Sharjah",,19,0.0,0,-7.964601769911505,2020-10-26,2020/21
1216522,2,19,7,Royal Challengers Bangalore,Rajasthan Royals,168,3,7,10,6.0,1.0,8.842105263157896,10.0,178,1,"Dubai International Cricket Stadium, Dubai",,19,70.0,70,1.1578947368421044,2020-10-17,2020/21
1216523,2,19,6,Punjab Kings,Kolkata Knight Riders,151,4,6,14,6.0,1.0,7.947368421052632,14.0,165,0,"Sheikh Zayed Stadium, Abu Dhabi",,19,84.0,84,6.052631578947368,2020-10-10,2020/21
1216524,2,19,6,Delhi Capitals,Sunrisers Hyderabad,131,10,0,89,6.0,1.0,6.894736842105263,89.0,220,0,"Dubai International Cricket Stadium, Dubai",,19,0.0,0,82.10526315789474,2020-10-27,2020/21
1216525,2,19,6,Chennai Super Kings,Royal Challengers Bangalore,126,8,2,44,6.0,1.0,6.631578947368421,44.0,170,0,"Dubai International Cricket Stadium, Dubai",,19,88.0,88,37.368421052631575,2020-10-10,2020/21
1216527,2,19,6,Rajasthan Royals,Punjab Kings,222,5,5,2,6.0,1.0,11.68421052631579,2.0,224,1,"Sharjah Cricket Stadium, Sharjah",,19,10.0,10,-9.68421052631579,2020-09-27,2020/21
1216528,2,19,7,Sunrisers Hyderabad,Chennai Super Kings,146,7,3,22,6.0,1.0,7.684210526315789,22.0,168,0,"Dubai International Cricket Stadium, Dubai",,19,66.0,66,14.31578947368421,2020-10-13,2020/21
1216529,2,19,6,Mumbai Indians,Delhi Capitals,156,5,5,7,6.0,1.0,8.210526315789474,7.0,163,1,"Sheikh Zayed Stadium, Abu Dhabi",,19,35.0,35,-1.2105263157894743,2020-10-11,2020/21
1216530,2,19,6,Rajasthan Royals,Kolkata Knight Riders,129,9,1,63,6.0,1.0,6.7894736842105265,63.0,192,0,"Dubai International Cricket Stadium, Dubai",,19,63.0,63,56.21052631578947,2020-11-01,2020/21
1216531,2,19,7,Punjab Kings,Royal Challengers Bangalore,170,1,9,2,6.0,1.0,8.947368421052632,2.0,172,1,"Sharjah Cricket Stadium, Sharjah",,19,18.0,18,-6.947368421052632,2020-10-15,2020/21
1216532,2,19,7,Delhi Capitals,Sunrisers Hyderabad,135,6,4,28,6.0,1.0,7.105263157894737,28.0,163,0,"Sheikh Zayed Stadium, Abu Dhabi",,19,112.0,112,20.894736842105264,2020-09-29,2020/21
1216534,2,19,6,Sunrisers Hyderabad,Royal Challengers Bangalore,146,9,1,18,6.0,1.0,7.684210526315789,18.0,164,0,"Dubai International Cricket Stadium, Dubai",,19,18.0,18,10.31578947368421,2020-09-21,2020/21
1216536,2,19,8,Chennai Super Kings,Kolkata Knight Riders,163,4,6,10,6.0,1.0,8.578947368421053,10.0,173,1,"Dubai International Cricket Stadium, Dubai",,19,60.0,60,1.421052631578947,2020-10-29,2020/21
1216538,2,19,6,Sunrisers Hyderabad,Mumbai Indians,172,7,3,37,6.0,1.0,9.052631578947368,37.0,209,0,"Sharjah Cricket Stadium, Sharjah",,19,111.0,111,27.94736842105263,2020-10-04,2020/21
1216539,2,19,8,Chennai Super Kings,Delhi Capitals,127,5,5,49,6.0,1.0,6.684210526315789,49.0,176,0,"Dubai International Cricket Stadium, Dubai",,19,245.0,245,42.31578947368421,2020-09-25,2020/21
1216540,2,19,6,Kolkata Knight Riders,Royal Challengers Bangalore,108,9,1,87,6.0,1.0,5.684210526315789,87.0,195,0,"Sharjah Cricket Stadium, Sharjah",,19,87.0,87,81.3157894736842,2020-10-12,2020/21
1216541,2,19,2,Rajasthan Royals,Mumbai Indians,196,2,8,0,10.0,1.6666666666666667,10.690909090909091,0.0,196,1,"Sheikh Zayed Stadium, Abu Dhabi",,19,0.0,0,-10.690909090909091,2020-10-25,2020/21
1216543,2,19,6,Rajasthan Royals,Delhi Capitals,140,7,3,22,6.0,1.0,7.368421052631579,22.0,162,0,"Dubai International Cricket Stadium, Dubai",,19,66.0,66,14.631578947368421,2020-10-14,2020/21
1216544,2,19,4,Chennai Super Kings,Royal Challengers Bangalore,150,2,8,0,8.0,1.3333333333333333,8.035714285714285,0.0,146,1,"Dubai International Cricket Stadium, Dubai",,19,0.0,0,-8.035714285714285,2020-10-25,2020/21
1216546,2,19,6,Punjab Kings,Delhi Capitals,167,5,5,0,6.0,1.0,8.789473684210526,0.0,165,1,"Dubai International Cricket Stadium, Dubai",,19,0.0,0,-8.789473684210526,2020-10-20,2020/21
1216547,2,19,7,Mumbai Indians,Royal Challengers Bangalore,183,4,6,19,6.0,1.0,9.63157894736842,19.0,202,0,"Dubai International Cricket Stadium, Dubai",,19,114.0,114,9.36842105263158,2020-09-28,2020/21
1237177,2,19,7,Delhi Capitals,Mumbai Indians,129,7,3,72,6.0,1.0,6.7894736842105265,72.0,201,0,"Dubai International Cricket Stadium, Dubai",,19,216.0,216,65.21052631578948,2020-11-05,2020/21
1237178,2,19,6,Sunrisers Hyderabad,Royal Challengers Bangalore,123,4,6,9,6.0,1.0,6.473684210526316,9.0,132,1,"Sheikh Zayed Stadium, Abu Dhabi",,19,54.0,54,2.526315789473684,2020-11-06,2020/21
1237180,2,19,7,Sunrisers Hyderabad,Delhi Capitals,168,8,2,22,6.0,1.0,8.842105263157896,22.0,190,0,"Sheikh Zayed Stadium, Abu Dhabi",,19,44.0,44,13.157894736842104,2020-11-08,2020/21
1237181,2,19,4,Mumbai Indians,Delhi Capitals,157,5,5,0,8.0,1.3333333333333333,8.410714285714285,0.0,157,1,"Dubai International Cricket Stadium, Dubai",,19,0.0,0,-8.410714285714285,2020-11-10,2020/21
1254058,2,19,6,Royal Challengers Bangalore,Mumbai Indians,153,7,3,7,6.0,1.0,8.052631578947368,7.0,160,1,"MA Chidambaram Stadium, Chepauk, Chennai",,19,21.0,21,-1.0526315789473681,2021-04-09,2021
1254059,2,19,4,Delhi Capitals,Chennai Super Kings,190,3,7,0,8.0,1.3333333333333333,10.178571428571429,0.0,189,1,"Wankhede Stadium, Mumbai",,19,0.0,0,-10.178571428571429,2021-04-10,2021
1254060,2,19,6,Sunrisers Hyderabad,Kolkata Knight Riders,166,5,5,22,6.0,1.0,8.736842105263158,22.0,188,0,"MA Chidambaram Stadium, Chepauk, Chennai",,19,110.0,110,13.263157894736842,2021-04-11,2021
1254061,2,19,6,Rajasthan Royals,Punjab Kings,209,6,4,13,6.0,1.0,11.0,13.0,222,0,"Wankhede Stadium, Mumbai",,19,52.0,52,2.0,2021-04-12,2021
1254062,2,19,6,Kolkata Knight Riders,Mumbai Indians,138,5,5,15,6.0,1.0,7.263157894736843,15.0,153,0,"MA Chidambaram Stadium, Chepauk, Chennai",,19,75.0,75,7.736842105263157,2021-04-13,2021
1254063,2,19,6,Sunrisers Hyderabad,Royal Challengers Bangalore,134,7,3,16,6.0,1.0,7.052631578947368,16.0,150,0,"MA Chidambaram Stadium, Chepauk, Chennai",,19,48.0,48,8.947368421052632,2021-04-14,2021
1254064,2,19,6,Rajasthan Royals,Delhi Capitals,136,7,3,12,6.0,1.0,7.157894736842105,12.0,148,1,"Wankhede Stadium, Mumbai",,19,36.0,36,4.842105263157895,2021-04-15,2021
1254066,2,19,6,Sunrisers Hyderabad,Mumbai Indians,135,8,2,16,6.0,1.0,7.105263157894737,16.0,151,0,"MA Chidambaram Stadium, Chepauk, Chennai",,19,32.0,32,8.894736842105264,2021-04-17,2021
1254067,2,19,6,Kolkata Knight Riders,Royal Challengers Bangalore,162,7,3,43,6.0,1.0,8.526315789473685,43.0,205,0,"MA Chidambaram Stadium, Chepauk, Chennai",,19,129.0,129,34.473684210526315,2021-04-18,2021
1254068,2,19,3,Delhi Capitals,Punjab Kings,198,4,6,0,9.0,1.5,10.702702702702704,0.0,196,1,"Wankhede Stadium, Mumbai",,19,0.0,0,-10.702702702702704,2021-04-18,2021
1254069,2,19,6,Rajasthan Royals,Chennai Super Kings,137,8,2,52,6.0,1.0,7.2105263157894735,52.0,189,0,"Wankhede Stadium, Mumbai",,19,104.0,104,44.78947368421053,2021-04-19,2021
1254070,2,19,8,Delhi Capitals,Mumbai Indians,133,4,6,5,6.0,1.0,7.0,5.0,138,1,"MA Chidambaram Stadium, Chepauk, Chennai",,19,30.0,30,-2.0,2021-04-20,2021
1254071,2,19,5,Sunrisers Hyderabad,Punjab Kings,121,1,9,0,7.0,1.1666666666666667,6.424778761061948,0.0,121,1,"MA Chidambaram Stadium, Chepauk, Chennai",,19,0.0,0,-6.424778761061948,2021-04-21,2021
1254072,2,19,6,Kolkata Knight Riders,Chennai Super Kings,201,9,1,20,6.0,1.0,10.578947368421051,20.0,221,0,"Wankhede Stadium, Mumbai",,19,20.0,20,9.421052631578949,2021-04-21,2021
1254075,2,19,5,Rajasthan Royals,Kolkata Knight Riders,134,4,6,0,7.0,1.1666666666666667,7.115044247787611,0.0,134,1,"Wankhede Stadium, Mumbai",,19,0.0,0,-7.115044247787611,2021-04-24,2021
1254076,2,19,6,Royal Challengers Bangalore,Chennai Super Kings,111,9,1,81,6.0,1.0,5.842105263157895,81.0,192,0,"Wankhede Stadium, Mumbai",,19,81.0,81,75.15789473684211,2021-04-25,2021
1254077,2,19,7,Sunrisers Hyderabad,Delhi Capitals,144,7,3,16,6.0,1.0,7.578947368421052,16.0,160,0,"MA Chidambaram Stadium, Chepauk, Chennai",,19,48.0,48,8.421052631578949,2021-04-25,2021
1254079,2,19,6,Delhi Capitals,Royal Challengers Bangalore,158,4,6,14,6.0,1.0,8.31578947368421,14.0,172,0,"Narendra Modi Stadium, Ahmedabad",,19,84.0,84,5.684210526315789,2021-04-27,2021
1254080,2,19,3,Chennai Super Kings,Sunrisers Hyderabad,173,3,7,0,9.0,1.5,9.35135135135135,0.0,172,1,"Arun Jaitley Stadium, Delhi",,19,0.0,0,-9.35135135135135,2021-04-28,2021
1254081,2,19,3,Mumbai Indians,Rajasthan Royals,172,3,7,0,9.0,1.5,9.297297297297296,0.0,172,1,"Arun Jaitley Stadium, Delhi",,19,0.0,0,-9.297297297297296,2021-04-29,2021
1254083,2,19,6,Royal Challengers Bangalore,Punjab Kings,133,7,3,47,6.0,1.0,7.0,47.0,180,0,"Narendra Modi Stadium, Ahmedabad",,19,141.0,141,40.0,2021-04-30,2021
1254084,2,19,6,Mumbai Indians,Chennai Super Kings,203,6,4,16,6.0,1.0,10.68421052631579,16.0,219,1,"Arun Jaitley Stadium, Delhi",,19,64.0,64,5.315789473684211,2021-05-01,2021
1254085,2,19,6,Sunrisers Hyderabad,Rajasthan Royals,158,8,2,63,6.0,1.0,8.31578947368421,63.0,221,0,"Arun Jaitley Stadium, Delhi",,19,126.0,126,54.68421052631579,2021-05-02,2021
1254088,2,19,6,Sunrisers Hyderabad,Mumbai Indians,182,8,2,54,6.0,1.0,9.578947368421051,54.0,236,0,"Zayed Cricket Stadium, Abu Dhabi",,19,108.0,108,44.421052631578945,2021-10-08,2021
1254090,2,19,7,Punjab Kings,Royal Challengers Bangalore,146,5,5,19,6.0,1.0,7.684210526315789,19.0,165,0,"Sharjah Cricket Stadium, Sharjah",,19,95.0,95,11.31578947368421,2021-10-03,2021
1254091,2,19,7,Chennai Super Kings,Sunrisers Hyderabad,132,4,6,3,6.0,1.0,6.947368421052632,3.0,135,1,"Sharjah Cricket Stadium, Sharjah",,19,18.0,18,-3.947368421052632,2021-09-30,2021
1254092,2,19,2,Kolkata Knight Riders,Delhi Capitals,130,7,3,0,10.0,1.6666666666666667,7.090909090909092,0.0,128,1,"Sharjah Cricket Stadium, Sharjah",,19,0.0,0,-7.090909090909092,2021-09-28,2021
1254095,2,19,6,Royal Challengers Bangalore,Sunrisers Hyderabad,129,6,4,13,6.0,1.0,6.7894736842105265,13.0,142,0,"Zayed Cricket Stadium, Abu Dhabi",,19,52.0,52,6.2105263157894735,2021-10-06,2021
1254097,2,19,8,Rajasthan Royals,Delhi Capitals,110,6,4,45,6.0,1.0,5.7894736842105265,45.0,155,0,"Zayed Cricket Stadium, Abu Dhabi",,19,180.0,180,39.21052631578947,2021-09-25,2021
1254098,2,19,6,Chennai Super Kings,Kolkata Knight Riders,168,6,4,4,6.0,1.0,8.842105263157896,4.0,172,1,"Zayed Cricket Stadium, Abu Dhabi",,19,16.0,16,-4.842105263157896,2021-09-26,2021
1254099,2,19,6,Mumbai Indians,Punjab Kings,137,4,6,0,6.0,1.0,7.2105263157894735,0.0,136,1,"Zayed Cricket Stadium, Abu Dhabi",,19,0.0,0,-7.2105263157894735,2021-09-28,2021
1254100,2,19,3,Sunrisers Hyderabad,Rajasthan Royals,167,3,7,0,9.0,1.5,9.027027027027026,0.0,165,1,"Dubai International Cricket Stadium, Dubai",,19,0.0,0,-9.027027027027026,2021-09-27,2021
1254101,2,19,6,Royal Challengers Bangalore,Delhi Capitals,150,3,7,15,6.0,1.0,7.894736842105263,15.0,165,1,"Dubai International Cricket Stadium, Dubai",,19,105.0,105,7.105263157894737,2021-10-08,2021
1254102,2,19,6,Punjab Kings,Kolkata Knight Riders,161,4,6,5,6.0,1.0,8.473684210526315,5.0,166,1,"Dubai International Cricket Stadium, Dubai",,19,30.0,30,-3.473684210526315,2021-10-01,2021
1254104,2,19,8,Mumbai Indians,Chennai Super Kings,133,6,4,24,6.0,1.0,7.0,24.0,157,0,"Dubai International Cricket Stadium, Dubai",,19,96.0,96,17.0,2021-09-19,2021
1254107,2,19,6,Sunrisers Hyderabad,Punjab Kings,109,7,3,17,6.0,1.0,5.7368421052631575,17.0,126,0,"Sharjah Cricket Stadium, Sharjah",,19,51.0,51,11.263157894736842,2021-09-25,2021
1254108,2,19,1,Mumbai Indians,Royal Challengers Bangalore,111,10,0,55,11.0,1.8333333333333333,6.110091743119265,30.0,166,0,"Dubai International Cricket Stadium, Dubai",,19,0.0,0,23.889908256880734,2021-09-26,2021
1254109,2,19,6,Kolkata Knight Riders,Sunrisers Hyderabad,113,4,6,3,6.0,1.0,5.947368421052632,3.0,116,1,"Dubai International Cricket Stadium, Dubai",,19,18.0,18,-2.947368421052632,2021-10-03,2021
1254110,2,19,6,Delhi Capitals,Chennai Super Kings,131,6,4,6,6.0,1.0,6.894736842105263,6.0,137,1,"Dubai International Cricket Stadium, Dubai",,19,24.0,24,-0.8947368421052628,2021-10-04,2021
1254111,2,19,6,Punjab Kings,Rajasthan Royals,182,2,8,4,6.0,1.0,9.578947368421051,4.0,186,0,"Dubai International Cricket Stadium, Dubai",,19,32.0,32,-5.578947368421051,2021-09-21,2021
1254112,2,19,6,Delhi Capitals,Mumbai Indians,126,6,4,4,6.0,1.0,6.631578947368421,4.0,130,1,"Sharjah Cricket Stadium, Sharjah",,19,16.0,16,-2.6315789473684212,2021-10-02,2021
1254113,2,19,2,Chennai Super Kings,Royal Challengers Bangalore,157,4,6,0,10.0,1.6666666666666667,8.563636363636364,0.0,157,1,"Sharjah Cricket Stadium, Sharjah",,19,0.0,0,-8.563636363636364,2021-09-24,2021
1254114,2,19,6,Chennai Super Kings,Delhi Capitals,160,5,5,13,6.0,1.0,8.421052631578947,13.0,173,1,"Dubai International Cricket Stadium, Dubai",,19,65.0,65,4.578947368421053,2021-10-10,2021
1254115,2,19,6,Kolkata Knight Riders,Royal Challengers Bangalore,132,6,4,7,6.0,1.0,6.947368421052632,7.0,139,1,"Sharjah Cricket Stadium, Sharjah",,19,28.0,28,0.05263157894736814,2021-10-11,2021
1254116,2,19,6,Kolkata Knight Riders,Delhi Capitals,129,5,5,7,6.0,1.0,6.7894736842105265,7.0,136,1,"Sharjah Cricket Stadium, Sharjah",,19,35.0,35,0.21052631578947345,2021-10-13,2021
1254117,2,19,10,Kolkata Knight Riders,Chennai Super Kings,162,8,2,31,6.0,1.0,8.526315789473685,31.0,193,0,"Dubai International Cricket Stadium, Dubai",,19,62.0,62,22.473684210526315,2021-10-15,2021
1304047,2,19,3,Kolkata Knight Riders,Chennai Super Kings,133,4,6,0,9.0,1.5,7.1891891891891895,0.0,132,1,"Wankhede Stadium, Mumbai",,19,0.0,0,-7.1891891891891895,2022-03-26,2022
1304048,2,19,2,Delhi Capitals,Mumbai Indians,179,6,4,0,10.0,1.6666666666666667,9.763636363636364,0.0,178,1,"Brabourne Stadium, Mumbai",Mumbai Indians,19,0.0,0,-9.763636363636364,2022-03-27,2022
1304049,2,19,7,Punjab Kings,Royal Challengers Bangalore,208,5,5,0,6.0,1.0,10.947368421052632,0.0,206,1,"Dr DY Patil Sports Academy, Mumbai",,19,0.0,0,-10.947368421052632,2022-03-27,2022
1304050,2,19,6,Gujarat Titans,Lucknow Super Giants,148,5,5,11,6.0,1.0,7.7894736842105265,11.0,159,1,"Wankhede Stadium, Mumbai",,19,55.0,55,3.2105263157894735,2022-03-28,2022
1304051,2,19,8,Sunrisers Hyderabad,Rajasthan Royals,134,7,3,77,6.0,1.0,7.052631578947368,77.0,211,0,"Maharashtra Cricket Association Stadium, Pune",,19,231.0,231,69.94736842105263,2022-03-29,2022
1304052,2,19,6,Royal Challengers Bangalore,Kolkata Knight Riders,122,7,3,7,6.0,1.0,6.421052631578948,7.0,129,1,"Dr DY Patil Sports Academy, Mumbai",,19,21.0,21,0.5789473684210522,2022-03-30,2022
1304053,2,19,8,Lucknow Super Giants,Chennai Super Kings,202,4,6,9,6.0,1.0,10.63157894736842,9.0,211,1,"Brabourne Stadium, Mumbai",,19,54.0,54,-1.6315789473684195,2022-03-31,2022
1304055,2,19,10,Mumbai Indians,Rajasthan Royals,165,7,3,29,6.0,1.0,8.68421052631579,29.0,194,0,"Dr DY Patil Sports Academy, Mumbai",Mumbai Indians,19,87.0,87,20.315789473684212,2022-04-02,2022
1304056,2,19,6,Delhi Capitals,Gujarat Titans,148,9,1,24,6.0,1.0,7.7894736842105265,24.0,172,0,"Maharashtra Cricket Association Stadium, Pune",,19,24.0,24,16.210526315789473,2022-04-02,2022
1304058,2,19,7,Sunrisers Hyderabad,Lucknow Super Giants,154,6,4,16,6.0,1.0,8.105263157894736,16.0,170,0,"Dr DY Patil Sports Academy, Mumbai",,19,64.0,64,7.894736842105264,2022-04-04,2022
1304059,2,19,7,Royal Challengers Bangalore,Rajasthan Royals,167,6,4,3,6.0,1.0,8.789473684210526,3.0,170,1,"Wankhede Stadium, Mumbai",,19,12.0,12,-5.789473684210526,2022-04-05,2022
1304061,2,19,6,Lucknow Super Giants,Delhi Capitals,145,3,7,5,6.0,1.0,7.631578947368421,5.0,150,1,"Dr DY Patil Sports Academy, Mumbai",,19,35.0,35,-2.6315789473684212,2022-04-07,2022
1304062,2,19,7,Gujarat Titans,Punjab Kings,171,3,7,19,6.0,1.0,9.0,19.0,190,1,"Brabourne Stadium, Mumbai",,19,133.0,133,10.0,2022-04-08,2022
1304064,2,19,3,Royal Challengers Bangalore,Mumbai Indians,152,3,7,0,9.0,1.5,8.216216216216216,0.0,152,1,"Maharashtra Cricket Association Stadium, Pune",,19,0.0,0,-8.216216216216216,2022-04-09,2022
1304065,2,19,6,Kolkata Knight Riders,Delhi Capitals,166,8,2,50,6.0,1.0,8.736842105263158,50.0,216,0,"Brabourne Stadium, Mumbai",,19,100.0,100,41.26315789473684,2022-04-10,2022
1304066,2,19,7,Lucknow Super Giants,Rajasthan Royals,151,8,2,15,6.0,1.0,7.947368421052632,15.0,166,0,"Wankhede Stadium, Mumbai",,19,30.0,30,7.052631578947368,2022-04-10,2022
1304067,2,19,6,Sunrisers Hyderabad,Gujarat Titans,162,3,7,1,6.0,1.0,8.526315789473685,1.0,163,1,"Dr DY Patil Sports Academy, Mumbai",,19,7.0,7,-7.526315789473685,2022-04-11,2022
1304068,2,19,6,Royal Challengers Bangalore,Chennai Super Kings,181,9,1,36,6.0,1.0,9.526315789473683,36.0,217,0,"Dr DY Patil Sports Academy, Mumbai",,19,36.0,36,26.473684210526315,2022-04-12,2022
1304069,2,19,6,Mumbai Indians,Punjab Kings,177,6,4,22,6.0,1.0,9.31578947368421,22.0,199,0,"Maharashtra Cricket Association Stadium, Pune",,19,88.0,88,12.68421052631579,2022-04-13,2022
1304070,2,19,6,Rajasthan Royals,Gujarat Titans,153,8,2,40,6.0,1.0,8.052631578947368,40.0,193,0,"Dr DY Patil Sports Academy, Mumbai",,19,80.0,80,31.94736842105263,2022-04-14,2022
1304072,2,19,6,Mumbai Indians,Lucknow Super Giants,174,6,4,26,6.0,1.0,9.157894736842104,26.0,200,0,"Brabourne Stadium, Mumbai",Mumbai Indians,19,104.0,104,16.842105263157897,2022-04-16,2022
1304073,2,19,6,Delhi Capitals,Royal Challengers Bangalore,163,7,3,27,6.0,1.0,8.578947368421053,27.0,190,0,"Wankhede Stadium, Mumbai",,19,81.0,81,18.421052631578945,2022-04-16,2022
1304074,2,19,5,Sunrisers Hyderabad,Punjab Kings,152,3,7,0,7.0,1.1666666666666667,8.070796460176991,0.0,152,1,"Dr DY Patil Sports Academy, Mumbai",,19,0.0,0,-8.070796460176991,2022-04-17,2022
1304075,2,19,6,Gujarat Titans,Chennai Super Kings,157,7,3,13,6.0,1.0,8.263157894736842,13.0,170,1,"Maharashtra Cricket Association Stadium, Pune",,19,39.0,39,4.7368421052631575,2022-04-17,2022
1304076,2,19,7,Kolkata Knight Riders,Rajasthan Royals,207,8,2,11,6.0,1.0,10.894736842105264,11.0,218,0,"Brabourne Stadium, Mumbai",,19,22.0,22,0.10526315789473628,2022-04-18,2022
1304077,2,19,7,Lucknow Super Giants,Royal Challengers Bangalore,151,7,3,31,6.0,1.0,7.947368421052632,31.0,182,0,"Dr DY Patil Sports Academy, Mumbai",,19,93.0,93,23.05263157894737,2022-04-19,2022
1304079,2,19,6,Chennai Super Kings,Mumbai Indians,139,6,4,17,6.0,1.0,7.315789473684211,17.0,156,1,"Dr DY Patil Sports Academy, Mumbai",Mumbai Indians,19,68.0,68,9.68421052631579,2022-04-21,2022
1304080,2,19,6,Delhi Capitals,Rajasthan Royals,187,7,3,36,6.0,1.0,9.842105263157896,36.0,223,0,"Wankhede Stadium, Mumbai",,19,108.0,108,26.157894736842103,2022-04-22,2022
1304081,2,19,6,Kolkata Knight Riders,Gujarat Titans,139,7,3,18,6.0,1.0,7.315789473684211,18.0,157,0,"Dr DY Patil Sports Academy, Mumbai",,19,54.0,54,10.68421052631579,2022-04-23,2022
1304083,2,19,7,Mumbai Indians,Lucknow Super Giants,130,5,5,39,6.0,1.0,6.842105263157895,39.0,169,0,"Wankhede Stadium, Mumbai",Mumbai Indians,19,195.0,195,32.1578947368421,2022-04-24,2022
1304084,2,19,6,Chennai Super Kings,Punjab Kings,161,5,5,27,6.0,1.0,8.473684210526315,27.0,188,0,"Wankhede Stadium, Mumbai",,19,135.0,135,18.526315789473685,2022-04-25,2022
1304085,2,19,7,Royal Challengers Bangalore,Rajasthan Royals,115,9,1,30,6.0,1.0,6.052631578947368,30.0,145,0,"Maharashtra Cricket Association Stadium, Pune",,19,30.0,30,23.94736842105263,2022-04-26,2022
1304086,2,19,6,Gujarat Titans,Sunrisers Hyderabad,174,5,5,22,6.0,1.0,9.157894736842104,22.0,196,1,"Wankhede Stadium, Mumbai",,19,110.0,110,12.842105263157896,2022-04-27,2022
1304087,2,19,6,Delhi Capitals,Kolkata Knight Riders,150,6,4,0,6.0,1.0,7.894736842105263,0.0,147,1,"Wankhede Stadium, Mumbai",,19,0.0,0,-7.894736842105263,2022-04-28,2022
1304088,2,19,7,Punjab Kings,Lucknow Super Giants,123,8,2,31,6.0,1.0,6.473684210526316,31.0,154,0,"Maharashtra Cricket Association Stadium, Pune",,19,62.0,62,24.526315789473685,2022-04-29,2022
1304089,2,19,6,Gujarat Titans,Royal Challengers Bangalore,164,4,6,7,6.0,1.0,8.631578947368421,7.0,171,1,"Brabourne Stadium, Mumbai",,19,42.0,42,-1.6315789473684212,2022-04-30,2022
1304090,2,19,6,Mumbai Indians,Rajasthan Royals,155,4,6,4,6.0,1.0,8.157894736842104,4.0,159,1,"Dr DY Patil Sports Academy, Mumbai",Mumbai Indians,19,24.0,24,-4.157894736842104,2022-04-30,2022
1304091,2,19,6,Delhi Capitals,Lucknow Super Giants,175,7,3,21,6.0,1.0,9.210526315789474,21.0,196,0,"Wankhede Stadium, Mumbai",,19,63.0,63,11.789473684210526,2022-05-01,2022
1304092,2,19,7,Sunrisers Hyderabad,Chennai Super Kings,165,6,4,38,6.0,1.0,8.68421052631579,38.0,203,0,"Maharashtra Cricket Association Stadium, Pune",,19,152.0,152,29.315789473684212,2022-05-01,2022
1304093,2,19,9,Kolkata Knight Riders,Rajasthan Royals,152,3,7,1,6.0,1.0,8.0,1.0,153,1,"Wankhede Stadium, Mumbai",,19,7.0,7,-7.0,2022-05-02,2022
1304095,2,19,6,Chennai Super Kings,Royal Challengers Bangalore,143,7,3,31,6.0,1.0,7.526315789473684,31.0,174,0,"Maharashtra Cricket Association Stadium, Pune",,19,93.0,93,23.473684210526315,2022-05-04,2022
1304096,2,19,6,Sunrisers Hyderabad,Delhi Capitals,181,7,3,27,6.0,1.0,9.526315789473683,27.0,208,0,"Brabourne Stadium, Mumbai",,19,81.0,81,17.473684210526315,2022-05-05,2022
1304097,2,19,6,Gujarat Titans,Mumbai Indians,169,4,6,9,6.0,1.0,8.894736842105264,9.0,178,0,"Brabourne Stadium, Mumbai",Mumbai Indians,19,54.0,54,0.10526315789473628,2022-05-06,2022
1304098,2,19,6,Rajasthan Royals,Punjab Kings,182,4,6,8,6.0,1.0,9.578947368421051,8.0,190,1,"Wankhede Stadium, Mumbai",,19,48.0,48,-1.5789473684210513,2022-05-07,2022
1304100,2,19,6,Sunrisers Hyderabad,Royal Challengers Bangalore,124,9,1,69,6.0,1.0,6.526315789473684,69.0,193,0,"Wankhede Stadium, Mumbai",,19,69.0,69,62.473684210526315,2022-05-08,2022
1304104,2,19,1,Delhi Capitals,Rajasthan Royals,161,2,8,0,11.0,1.8333333333333333,8.862385321100916,0.0,161,1,"Dr DY Patil Sports Academy, Mumbai",,19,0.0,0,-8.862385321100916,2022-05-11,2022
1304106,2,19,6,Royal Challengers Bangalore,Punjab Kings,147,9,1,63,6.0,1.0,7.736842105263157,63.0,210,0,"Brabourne Stadium, Mumbai",,19,63.0,63,55.26315789473684,2022-05-13,2022
1304107,2,19,6,Sunrisers Hyderabad,Kolkata Knight Riders,117,8,2,61,6.0,1.0,6.157894736842105,61.0,178,0,"Maharashtra Cricket Association Stadium, Pune",,19,122.0,122,54.8421052631579,2022-05-14,2022
1304108,2,19,6,Gujarat Titans,Chennai Super Kings,133,3,7,1,6.0,1.0,7.0,1.0,134,1,"Wankhede Stadium, Mumbai",,19,7.0,7,-6.0,2022-05-15,2022
1304109,2,19,9,Lucknow Super Giants,Rajasthan Royals,145,7,3,34,6.0,1.0,7.631578947368421,34.0,179,0,"Brabourne Stadium, Mumbai",,19,102.0,102,26.36842105263158,2022-05-15,2022
1304110,2,19,6,Punjab Kings,Delhi Capitals,134,9,1,26,6.0,1.0,7.052631578947368,26.0,160,0,"Dr DY Patil Sports Academy, Mumbai",,19,26.0,26,18.94736842105263,2022-05-16,2022
1304111,2,19,6,Mumbai Indians,Sunrisers Hyderabad,175,7,3,19,6.0,1.0,9.210526315789474,19.0,194,0,"Wankhede Stadium, Mumbai",Mumbai Indians,19,57.0,57,9.789473684210526,2022-05-17,2022
1304112,2,19,7,Kolkata Knight Riders,Lucknow Super Giants,190,6,4,21,6.0,1.0,10.0,21.0,211,0,"Dr DY Patil Sports Academy, Mumbai",,19,84.0,84,11.0,2022-05-18,2022
1304113,2,19,4,Royal Challengers Bangalore,Gujarat Titans,170,2,8,0,8.0,1.3333333333333333,9.107142857142856,0.0,169,1,"Wankhede Stadium, Mumbai",,19,0.0,0,-9.107142857142856,2022-05-19,2022
1304114,2,19,6,Rajasthan Royals,Chennai Super Kings,144,5,5,7,6.0,1.0,7.578947368421052,7.0,151,1,"Brabourne Stadium, Mumbai",,19,35.0,35,-0.5789473684210522,2022-05-20,2022
1304115,2,19,6,Mumbai Indians,Delhi Capitals,155,5,5,5,6.0,1.0,8.157894736842104,5.0,160,1,"Wankhede Stadium, Mumbai",Mumbai Indians,19,25.0,25,-3.1578947368421044,2022-05-21,2022
1312197,2,19,6,Gujarat Titans,Rajasthan Royals,173,3,7,16,6.0,1.0,9.105263157894736,16.0,189,1,"Eden Gardens, Kolkata",,19,112.0,112,6.894736842105264,2022-05-24,2022
1312198,2,19,9,Lucknow Super Giants,Royal Challengers Bangalore,184,6,4,24,6.0,1.0,9.68421052631579,24.0,208,0,"Eden Gardens, Kolkata",,19,96.0,96,14.31578947368421,2022-05-25,2022
1312199,2,19,1,Rajasthan Royals,Royal Challengers Bangalore,161,3,7,0,11.0,1.8333333333333333,8.862385321100916,0.0,158,1,"Narendra Modi Stadium, Ahmedabad",,19,0.0,0,-8.862385321100916,2022-05-27,2022
1312200,2,19,1,Gujarat Titans,Rajasthan Royals,133,3,7,0,11.0,1.8333333333333333,7.321100917431192,0.0,131,1,"Narendra Modi Stadium, Ahmedabad",Gujarat Titans,19,0.0,0,-7.321100917431192,2022-05-29,2022
1359475,2,19,6,Gujarat Titans,Chennai Super Kings,171,5,5,8,6.0,1.0,9.0,8.0,179,1,"Narendra Modi Stadium, Ahmedabad",Gujarat Titans,19,40.0,40,-1.0,2023-03-31,2023
1359477,2,19,7,Delhi Capitals,Lucknow Super Giants,139,7,3,55,6.0,1.0,7.315789473684211,55.0,194,0,"Bharat Ratna Shri Atal Bihari Vajpayee Ekana Cricket Stadium, Lucknow",Lucknow Super Giants,19,165.0,165,47.68421052631579,2023-04-01,2023
1359478,2,19,6,Sunrisers Hyderabad,Rajasthan Royals,108,8,2,96,6.0,1.0,5.684210526315789,96.0,204,0,"Rajiv Gandhi International Stadium, Uppal, Hyderabad",Sunrisers Hyderabad,19,192.0,192,90.3157894736842,2023-04-02,2023
1359480,2,19,9,Lucknow Super Giants,Chennai Super Kings,190,6,4,28,6.0,1.0,10.0,28.0,218,0,"MA Chidambaram Stadium, Chepauk, Chennai",Chennai Super Kings,19,112.0,112,18.0,2023-04-03,2023
1359481,2,19,1,Gujarat Titans,Delhi Capitals,163,4,6,0,11.0,1.8333333333333333,8.972477064220183,0.0,163,1,"Arun Jaitley Stadium, Delhi",Delhi Capitals,19,0.0,0,-8.972477064220183,2023-04-04,2023
1359482,2,19,7,Rajasthan Royals,Punjab Kings,182,6,4,16,6.0,1.0,9.578947368421051,16.0,198,0,"Barsapara Cricket Stadium, Guwahati",,19,64.0,64,6.421052631578949,2023-04-05,2023
1359485,2,19,6,Delhi Capitals,Rajasthan Royals,139,8,2,61,6.0,1.0,7.315789473684211,61.0,200,0,"Barsapara Cricket Stadium, Guwahati",,19,122.0,122,53.68421052631579,2023-04-08,2023
1359486,2,19,2,Chennai Super Kings,Mumbai Indians,159,3,7,0,10.0,1.6666666666666667,8.672727272727274,0.0,158,1,"Wankhede Stadium, Mumbai",Mumbai Indians,19,0.0,0,-8.672727272727274,2023-04-08,2023
1359487,2,19,8,Kolkata Knight Riders,Gujarat Titans,176,7,3,29,6.0,1.0,9.263157894736842,29.0,205,1,"Narendra Modi Stadium, Ahmedabad",Gujarat Titans,19,87.0,87,19.736842105263158,2023-04-09,2023
1359489,2,19,8,Lucknow Super Giants,Royal Challengers Bangalore,208,7,3,5,6.0,1.0,10.947368421052632,5.0,213,1,"M Chinnaswamy Stadium, Bengaluru",Royal Challengers Bangalore,19,15.0,15,-5.947368421052632,2023-04-10,2023
1359490,2,19,6,Mumbai Indians,Delhi Capitals,168,4,6,5,6.0,1.0,8.842105263157896,5.0,173,1,"Arun Jaitley Stadium, Delhi",Delhi Capitals,19,30.0,30,-3.8421052631578956,2023-04-11,2023
1359491,2,19,7,Chennai Super Kings,Rajasthan Royals,155,6,4,21,6.0,1.0,8.157894736842104,21.0,176,0,"MA Chidambaram Stadium, Chepauk, Chennai",Chennai Super Kings,19,84.0,84,12.842105263157896,2023-04-12,2023
1359492,2,19,6,Gujarat Titans,Punjab Kings,147,3,7,7,6.0,1.0,7.736842105263157,7.0,154,1,"Punjab Cricket Association IS Bindra Stadium, Mohali, Chandigarh",,19,49.0,49,-0.7368421052631566,2023-04-13,2023
1359493,2,19,6,Kolkata Knight Riders,Sunrisers Hyderabad,197,6,4,32,6.0,1.0,10.36842105263158,32.0,229,0,"Eden Gardens, Kolkata",Kolkata Knight Riders,19,128.0,128,21.631578947368418,2023-04-14,2023
1359494,2,19,6,Delhi Capitals,Royal Challengers Bangalore,139,9,1,36,6.0,1.0,7.315789473684211,36.0,175,0,"M Chinnaswamy Stadium, Bengaluru",Royal Challengers Bangalore,19,36.0,36,28.684210526315788,2023-04-15,2023
1359495,2,19,7,Punjab Kings,Lucknow Super Giants,153,8,2,7,6.0,1.0,8.052631578947368,7.0,160,1,"Bharat Ratna Shri Atal Bihari Vajpayee Ekana Cricket Stadium, Lucknow",Lucknow Super Giants,19,14.0,14,-1.0526315789473681,2023-04-15,2023
1359497,2,19,6,Rajasthan Royals,Gujarat Titans,171,7,3,7,6.0,1.0,9.0,7.0,178,1,"Narendra Modi Stadium, Ahmedabad",Gujarat Titans,19,21.0,21,-2.0,2023-04-16,2023
1359498,2,19,8,Royal Challengers Bangalore,Chennai Super Kings,208,7,3,19,6.0,1.0,10.947368421052632,19.0,227,0,"M Chinnaswamy Stadium, Bengaluru",Royal Challengers Bangalore,19,57.0,57,8.052631578947368,2023-04-17,2023
1359499,2,19,6,Sunrisers Hyderabad,Mumbai Indians,173,8,2,20,6.0,1.0,9.105263157894736,20.0,193,0,"Rajiv Gandhi International Stadium, Uppal, Hyderabad",Sunrisers Hyderabad,19,40.0,40,10.894736842105264,2023-04-18,2023
1359500,2,19,6,Rajasthan Royals,Lucknow Super Giants,136,4,6,19,6.0,1.0,7.157894736842105,19.0,155,0,"Sawai Mansingh Stadium, Jaipur",Rajasthan Royals,19,114.0,114,11.842105263157894,2023-04-19,2023
1359501,2,19,3,Punjab Kings,Royal Challengers Bangalore,150,10,0,25,9.0,1.5,8.108108108108109,16.666666666666668,175,0,"Punjab Cricket Association IS Bindra Stadium, Mohali, Chandigarh",,19,0.0,0,8.558558558558559,2023-04-20,2023
1359502,2,19,6,Delhi Capitals,Kolkata Knight Riders,121,6,4,7,6.0,1.0,6.368421052631579,7.0,128,1,"Arun Jaitley Stadium, Delhi",Delhi Capitals,19,28.0,28,0.6315789473684212,2023-04-20,2023
1359503,2,19,4,Chennai Super Kings,Sunrisers Hyderabad,138,3,7,0,8.0,1.3333333333333333,7.392857142857142,0.0,135,1,"MA Chidambaram Stadium, Chepauk, Chennai",Chennai Super Kings,19,0.0,0,-7.392857142857142,2023-04-21,2023
1359504,2,19,6,Lucknow Super Giants,Gujarat Titans,124,3,7,12,6.0,1.0,6.526315789473684,12.0,136,0,"Bharat Ratna Shri Atal Bihari Vajpayee Ekana Cricket Stadium, Lucknow",Lucknow Super Giants,19,84.0,84,5.473684210526316,2023-04-22,2023
1359505,2,19,6,Mumbai Indians,Punjab Kings,199,4,6,16,6.0,1.0,10.473684210526317,16.0,215,0,"Wankhede Stadium, Mumbai",Mumbai Indians,19,96.0,96,5.526315789473683,2023-04-22,2023
1359506,2,19,6,Rajasthan Royals,Royal Challengers Bangalore,170,5,5,20,6.0,1.0,8.947368421052632,20.0,190,0,"M Chinnaswamy Stadium, Bengaluru",Royal Challengers Bangalore,19,100.0,100,11.052631578947368,2023-04-23,2023
1359507,2,19,6,Kolkata Knight Riders,Chennai Super Kings,180,8,2,56,6.0,1.0,9.473684210526317,56.0,236,0,"Eden Gardens, Kolkata",Kolkata Knight Riders,19,112.0,112,46.526315789473685,2023-04-23,2023
1359508,2,19,6,Sunrisers Hyderabad,Delhi Capitals,132,6,4,13,6.0,1.0,6.947368421052632,13.0,145,0,"Rajiv Gandhi International Stadium, Uppal, Hyderabad",Sunrisers Hyderabad,19,52.0,52,6.052631578947368,2023-04-24,2023
1359509,2,19,6,Mumbai Indians,Gujarat Titans,144,8,2,64,6.0,1.0,7.578947368421052,64.0,208,0,"Narendra Modi Stadium, Ahmedabad",Gujarat Titans,19,128.0,128,56.421052631578945,2023-04-25,2023
1359510,2,19,6,Royal Challengers Bangalore,Kolkata Knight Riders,166,8,2,35,6.0,1.0,8.736842105263158,35.0,201,0,"M Chinnaswamy Stadium, Bengaluru",Royal Challengers Bangalore,19,70.0,70,26.263157894736842,2023-04-26,2023
1359511,2,19,6,Chennai Super Kings,Rajasthan Royals,166,5,5,37,6.0,1.0,8.736842105263158,37.0,203,0,"Sawai Mansingh Stadium, Jaipur",Rajasthan Royals,19,185.0,185,28.263157894736842,2023-04-27,2023
1359512,2,19,7,Punjab Kings,Lucknow Super Giants,199,9,1,59,6.0,1.0,10.473684210526317,59.0,258,0,"Punjab Cricket Association IS Bindra Stadium, Mohali, Chandigarh",,19,59.0,59,48.526315789473685,2023-04-28,2023
1359514,2,19,6,Delhi Capitals,Sunrisers Hyderabad,172,6,4,26,6.0,1.0,9.052631578947368,26.0,198,0,"Arun Jaitley Stadium, Delhi",Delhi Capitals,19,104.0,104,16.94736842105263,2023-04-29,2023
1359515,2,19,8,Punjab Kings,Chennai Super Kings,192,6,4,9,6.0,1.0,10.105263157894736,9.0,201,1,"MA Chidambaram Stadium, Chepauk, Chennai",Chennai Super Kings,19,36.0,36,-1.1052631578947363,2023-04-30,2023
1359516,2,19,7,Mumbai Indians,Rajasthan Royals,196,4,6,17,6.0,1.0,10.31578947368421,17.0,213,1,"Wankhede Stadium, Mumbai",Mumbai Indians,19,102.0,102,6.684210526315789,2023-04-30,2023
1359517,2,19,7,Lucknow Super Giants,Royal Challengers Bangalore,104,9,1,23,6.0,1.0,5.473684210526316,23.0,127,0,"Bharat Ratna Shri Atal Bihari Vajpayee Ekana Cricket Stadium, Lucknow",Lucknow Super Giants,19,23.0,23,17.526315789473685,2023-05-01,2023
1359518,2,19,6,Gujarat Titans,Delhi Capitals,119,5,5,12,6.0,1.0,6.2631578947368425,12.0,131,0,"Narendra Modi Stadium, Ahmedabad",Gujarat Titans,19,60.0,60,5.7368421052631575,2023-05-02,2023
1359520,2,19,5,Mumbai Indians,Punjab Kings,216,4,6,0,7.0,1.1666666666666667,11.469026548672566,0.0,215,1,"Punjab Cricket Association IS Bindra Stadium, Mohali, Chandigarh",,19,0.0,0,-11.469026548672566,2023-05-03,2023
1359521,2,19,8,Sunrisers Hyderabad,Kolkata Knight Riders,163,7,3,9,6.0,1.0,8.578947368421053,9.0,172,0,"Rajiv Gandhi International Stadium, Uppal, Hyderabad",Sunrisers Hyderabad,19,27.0,27,0.4210526315789469,2023-05-04,2023
1359525,2,19,7,Lucknow Super Giants,Gujarat Titans,166,7,3,62,6.0,1.0,8.736842105263158,62.0,228,0,"Narendra Modi Stadium, Ahmedabad",Gujarat Titans,19,186.0,186,53.26315789473684,2023-05-07,2023
1359526,2,19,6,Sunrisers Hyderabad,Rajasthan Royals,198,6,4,17,6.0,1.0,10.421052631578949,17.0,215,1,"Sawai Mansingh Stadium, Jaipur",Rajasthan Royals,19,68.0,68,6.578947368421051,2023-05-07,2023
1359527,2,19,6,Kolkata Knight Riders,Punjab Kings,174,4,6,6,6.0,1.0,9.157894736842104,6.0,180,1,"Eden Gardens, Kolkata",Kolkata Knight Riders,19,36.0,36,-3.1578947368421044,2023-05-08,2023
1359529,2,19,6,Delhi Capitals,Chennai Super Kings,125,7,3,43,6.0,1.0,6.578947368421052,43.0,168,0,"MA Chidambaram Stadium, Chepauk, Chennai",Chennai Super Kings,19,129.0,129,36.421052631578945,2023-05-10,2023
1359531,2,19,6,Gujarat Titans,Mumbai Indians,171,8,2,48,6.0,1.0,9.0,48.0,219,0,"Wankhede Stadium, Mumbai",Mumbai Indians,19,96.0,96,39.0,2023-05-12,2023
1359532,2,19,6,Lucknow Super Giants,Sunrisers Hyderabad,179,3,7,4,6.0,1.0,9.421052631578949,4.0,183,1,"Rajiv Gandhi International Stadium, Uppal, Hyderabad",Sunrisers Hyderabad,19,28.0,28,-5.421052631578949,2023-05-13,2023
1359533,2,19,6,Delhi Capitals,Punjab Kings,131,8,2,37,6.0,1.0,6.894736842105263,37.0,168,0,"Arun Jaitley Stadium, Delhi",Delhi Capitals,19,74.0,74,30.105263157894736,2023-05-13,2023
1359535,2,19,4,Kolkata Knight Riders,Chennai Super Kings,147,4,6,0,8.0,1.3333333333333333,7.874999999999999,0.0,145,1,"MA Chidambaram Stadium, Chepauk, Chennai",Chennai Super Kings,19,0.0,0,-7.874999999999999,2023-05-14,2023
1359536,2,19,6,Sunrisers Hyderabad,Gujarat Titans,147,9,1,42,6.0,1.0,7.736842105263157,42.0,189,0,"Narendra Modi Stadium, Ahmedabad",Gujarat Titans,19,42.0,42,34.26315789473684,2023-05-15,2023
1359537,2,19,7,Mumbai Indians,Lucknow Super Giants,167,5,5,11,6.0,1.0,8.789473684210526,11.0,178,0,"Bharat Ratna Shri Atal Bihari Vajpayee Ekana Cricket Stadium, Lucknow",Lucknow Super Giants,19,55.0,55,2.2105263157894743,2023-05-16,2023
1359538,2,19,6,Punjab Kings,Delhi Capitals,181,7,3,33,6.0,1.0,9.526315789473683,33.0,214,0,"Himachal Pradesh Cricket Association Stadium, Dharamsala",Punjab Kings,19,99.0,99,23.473684210526315,2023-05-17,2023
1359539,2,19,7,Royal Challengers Bangalore,Sunrisers Hyderabad,184,2,8,3,6.0,1.0,9.68421052631579,3.0,187,1,"Rajiv Gandhi International Stadium, Uppal, Hyderabad",Sunrisers Hyderabad,19,24.0,24,-6.684210526315789,2023-05-18,2023
1359540,2,19,6,Rajasthan Royals,Punjab Kings,179,6,4,9,6.0,1.0,9.421052631578949,9.0,188,1,"Himachal Pradesh Cricket Association Stadium, Dharamsala",Punjab Kings,19,36.0,36,-0.4210526315789487,2023-05-19,2023
1359541,2,19,6,Delhi Capitals,Chennai Super Kings,146,7,3,78,6.0,1.0,7.684210526315789,78.0,224,0,"Arun Jaitley Stadium, Delhi",Delhi Capitals,19,234.0,234,70.3157894736842,2023-05-20,2023
1359542,2,19,6,Kolkata Knight Riders,Lucknow Super Giants,156,7,3,21,6.0,1.0,8.210526315789474,21.0,177,0,"Eden Gardens, Kolkata",Kolkata Knight Riders,19,63.0,63,12.789473684210526,2023-05-20,2023
1359544,2,19,7,Gujarat Titans,Royal Challengers Bangalore,190,4,6,8,6.0,1.0,10.0,8.0,198,1,"M Chinnaswamy Stadium, Bengaluru",Royal Challengers Bangalore,19,48.0,48,-2.0,2023-05-21,2023
1370350,2,19,6,Gujarat Titans,Chennai Super Kings,146,9,1,27,6.0,1.0,7.684210526315789,27.0,173,0,"MA Chidambaram Stadium, Chepauk, Chennai",Chennai Super Kings,19,27.0,27,19.315789473684212,2023-05-23,2023
1370352,2,19,2,Mumbai Indians,Gujarat Titans,171,10,0,63,10.0,1.6666666666666667,9.327272727272728,37.8,234,0,"Narendra Modi Stadium, Ahmedabad",Gujarat Titans,19,0.0,0,28.47272727272727,2023-05-26,2023
1422119,2,19,5,Chennai Super Kings,Royal Challengers Bangalore,176,4,6,0,7.0,1.1666666666666667,9.345132743362832,0.0,174,1,"MA Chidambaram Stadium, Chepauk, Chennai",Chennai Super Kings,19,0.0,0,-9.345132743362832,2024-03-22,2024
1422120,2,19,6,Punjab Kings,Delhi Capitals,169,6,4,6,6.0,1.0,8.894736842105264,6.0,175,1,"Maharaja Yadavindra Singh International Cricket Stadium, Mullanpur",,19,24.0,24,-2.8947368421052637,2024-03-23,2024
1422121,2,19,7,Sunrisers Hyderabad,Kolkata Knight Riders,196,5,5,13,6.0,1.0,10.31578947368421,13.0,209,0,"Eden Gardens, Kolkata",Kolkata Knight Riders,19,65.0,65,2.6842105263157894,2024-03-23,2024
1422122,2,19,7,Lucknow Super Giants,Rajasthan Royals,167,6,4,27,6.0,1.0,8.789473684210526,27.0,194,0,"Sawai Mansingh Stadium, Jaipur",Rajasthan Royals,19,108.0,108,18.210526315789473,2024-03-24,2024
1422123,2,19,6,Mumbai Indians,Gujarat Titans,150,7,3,19,6.0,1.0,7.894736842105263,19.0,169,0,"Narendra Modi Stadium, Ahmedabad",Gujarat Titans,19,57.0,57,11.105263157894736,2024-03-24,2024
1422124,2,19,7,Royal Challengers Bangalore,Punjab Kings,167,6,4,10,6.0,1.0,8.789473684210526,10.0,177,1,"M Chinnaswamy Stadium, Bengaluru",Royal Challengers Bangalore,19,40.0,40,1.2105263157894743,2024-03-25,2024
1422125,2,19,6,Gujarat Titans,Chennai Super Kings,135,8,2,72,6.0,1.0,7.105263157894737,72.0,207,0,"MA Chidambaram Stadium, Chepauk, Chennai",Chennai Super Kings,19,144.0,144,64.89473684210526,2024-03-26,2024
1422126,2,19,6,Mumbai Indians,Sunrisers Hyderabad,231,5,5,47,6.0,1.0,12.157894736842104,47.0,278,0,"Rajiv Gandhi International Stadium, Uppal, Hyderabad",Sunrisers Hyderabad,19,235.0,235,34.8421052631579,2024-03-27,2024
1422127,2,19,6,Delhi Capitals,Rajasthan Royals,169,5,5,17,6.0,1.0,8.894736842105264,17.0,186,0,"Sawai Mansingh Stadium, Jaipur",Rajasthan Royals,19,85.0,85,8.105263157894736,2024-03-28,2024
1422129,2,19,6,Punjab Kings,Lucknow Super Giants,159,5,5,41,6.0,1.0,8.368421052631579,41.0,200,0,"Bharat Ratna Shri Atal Bihari Vajpayee Ekana Cricket Stadium, Lucknow",Lucknow Super Giants,19,205.0,205,32.631578947368425,2024-03-30,2024
1422130,2,19,6,Gujarat Titans,Sunrisers Hyderabad,162,3,7,1,6.0,1.0,8.526315789473685,1.0,163,1,"Narendra Modi Stadium, Ahmedabad",Gujarat Titans,19,7.0,7,-7.526315789473685,2024-03-31,2024
1422131,2,19,7,Chennai Super Kings,Delhi Capitals,151,6,4,41,6.0,1.0,7.947368421052632,41.0,192,0,"Dr. Y.S. Rajasekhara Reddy ACA-VDCA Cricket Stadium, Visakhapatnam",,19,164.0,164,33.05263157894737,2024-03-31,2024
1422133,2,19,7,Royal Challengers Bangalore,Lucknow Super Giants,152,9,1,30,6.0,1.0,8.0,30.0,182,0,"M Chinnaswamy Stadium, Bengaluru",Royal Challengers Bangalore,19,30.0,30,22.0,2024-04-02,2024
1422135,2,19,6,Punjab Kings,Gujarat Titans,193,6,4,7,6.0,1.0,10.157894736842104,7.0,200,1,"Narendra Modi Stadium, Ahmedabad",Gujarat Titans,19,28.0,28,-3.1578947368421044,2024-04-04,2024
1422136,2,19,1,Sunrisers Hyderabad,Chennai Super Kings,166,4,6,0,11.0,1.8333333333333333,9.137614678899082,0.0,166,1,"Rajiv Gandhi International Stadium, Uppal, Hyderabad",Sunrisers Hyderabad,19,0.0,0,-9.137614678899082,2024-04-05,2024
1422137,2,19,7,Rajasthan Royals,Royal Challengers Bangalore,183,4,6,1,6.0,1.0,9.63157894736842,1.0,184,1,"Sawai Mansingh Stadium, Jaipur",Rajasthan Royals,19,6.0,6,-8.63157894736842,2024-04-06,2024
1422138,2,19,6,Delhi Capitals,Mumbai Indians,201,5,5,34,6.0,1.0,10.578947368421051,34.0,235,0,"Wankhede Stadium, Mumbai",Mumbai Indians,19,170.0,170,23.42105263157895,2024-04-07,2024
1422139,2,19,5,Gujarat Titans,Lucknow Super Giants,130,10,0,34,7.0,1.1666666666666667,6.902654867256637,29.142857142857142,164,0,"Bharat Ratna Shri Atal Bihari Vajpayee Ekana Cricket Stadium, Lucknow",Lucknow Super Giants,19,0.0,0,22.240202275600506,2024-04-07,2024
1426261,2,19,6,Punjab Kings,Sunrisers Hyderabad,154,6,4,29,6.0,1.0,8.105263157894736,29.0,183,0,"Maharaja Yadavindra Singh International Cricket Stadium, Mullanpur",,19,116.0,116,20.894736842105264,2024-04-09,2024
1426262,2,19,9,Gujarat Titans,Rajasthan Royals,182,6,4,15,6.0,1.0,9.578947368421051,15.0,197,1,"Sawai Mansingh Stadium, Jaipur",Rajasthan Royals,19,60.0,60,5.421052631578949,2024-04-10,2024
1426264,2,19,1,Delhi Capitals,Lucknow Super Giants,170,4,6,0,11.0,1.8333333333333333,9.357798165137616,0.0,168,1,"Bharat Ratna Shri Atal Bihari Vajpayee Ekana Cricket Stadium, Lucknow",Lucknow Super Giants,19,0.0,0,-9.357798165137616,2024-04-12,2024
1426265,2,19,6,Rajasthan Royals,Punjab Kings,138,7,3,10,6.0,1.0,7.263157894736843,10.0,148,1,"Maharaja Yadavindra Singh International Cricket Stadium, Mullanpur",,19,30.0,30,2.7368421052631566,2024-04-13,2024
1426267,2,19,8,Mumbai Indians,Chennai Super Kings,173,6,4,34,6.0,1.0,9.105263157894736,34.0,207,0,"Wankhede Stadium, Mumbai",Mumbai Indians,19,136.0,136,24.894736842105264,2024-04-14,2024
1426268,2,19,6,Royal Challengers Bangalore,Sunrisers Hyderabad,244,7,3,44,6.0,1.0,12.842105263157896,44.0,288,0,"M Chinnaswamy Stadium, Bengaluru",Royal Challengers Bangalore,19,132.0,132,31.157894736842103,2024-04-15,2024
1426269,2,19,6,Rajasthan Royals,Kolkata Knight Riders,215,8,2,9,6.0,1.0,11.31578947368421,9.0,224,1,"Eden Gardens, Kolkata",Kolkata Knight Riders,19,18.0,18,-2.3157894736842106,2024-04-16,2024
1426271,2,19,6,Punjab Kings,Mumbai Indians,181,9,1,12,6.0,1.0,9.526315789473683,12.0,193,0,"Maharaja Yadavindra Singh International Cricket Stadium, Mullanpur",,19,12.0,12,2.473684210526317,2024-04-18,2024
1426272,2,19,9,Lucknow Super Giants,Chennai Super Kings,180,2,8,0,6.0,1.0,9.473684210526317,0.0,177,1,"Bharat Ratna Shri Atal Bihari Vajpayee Ekana Cricket Stadium, Lucknow",Lucknow Super Giants,19,0.0,0,-9.473684210526317,2024-04-19,2024
1426273,2,19,6,Delhi Capitals,Sunrisers Hyderabad,199,9,1,68,6.0,1.0,10.473684210526317,68.0,267,0,"Arun Jaitley Stadium, Delhi",Delhi Capitals,19,68.0,68,57.526315789473685,2024-04-20,2024
1426274,2,19,6,Royal Challengers Bangalore,Kolkata Knight Riders,202,8,2,21,6.0,1.0,10.63157894736842,21.0,223,0,"Eden Gardens, Kolkata",Kolkata Knight Riders,19,42.0,42,10.36842105263158,2024-04-21,2024
1426275,2,19,6,Gujarat Titans,Punjab Kings,142,7,3,1,6.0,1.0,7.473684210526316,1.0,143,1,"Maharaja Yadavindra Singh International Cricket Stadium, Mullanpur",,19,3.0,3,-6.473684210526316,2024-04-21,2024
1426276,2,19,4,Rajasthan Royals,Mumbai Indians,183,1,9,0,8.0,1.3333333333333333,9.803571428571429,0.0,180,1,"Sawai Mansingh Stadium, Jaipur",Rajasthan Royals,19,0.0,0,-9.803571428571429,2024-04-22,2024
1426277,2,19,6,Lucknow Super Giants,Chennai Super Kings,194,4,6,17,6.0,1.0,10.210526315789474,17.0,211,1,"MA Chidambaram Stadium, Chepauk, Chennai",Chennai Super Kings,19,102.0,102,6.789473684210526,2024-04-23,2024
1426278,2,19,7,Gujarat Titans,Delhi Capitals,206,8,2,19,6.0,1.0,10.842105263157896,19.0,225,0,"Arun Jaitley Stadium, Delhi",Delhi Capitals,19,38.0,38,8.157894736842104,2024-04-24,2024
1426279,2,19,7,Sunrisers Hyderabad,Royal Challengers Bangalore,163,8,2,44,6.0,1.0,8.578947368421053,44.0,207,0,"Rajiv Gandhi International Stadium, Uppal, Hyderabad",Sunrisers Hyderabad,19,88.0,88,35.421052631578945,2024-04-25,2024
1426280,2,19,4,Punjab Kings,Kolkata Knight Riders,262,2,8,0,8.0,1.3333333333333333,14.035714285714285,0.0,262,1,"Eden Gardens, Kolkata",Kolkata Knight Riders,19,0.0,0,-14.035714285714285,2024-04-26,2024
1426281,2,19,6,Mumbai Indians,Delhi Capitals,233,7,3,25,6.0,1.0,12.263157894736842,25.0,258,0,"Arun Jaitley Stadium, Delhi",Delhi Capitals,19,75.0,75,12.736842105263158,2024-04-27,2024
1426282,2,19,6,Rajasthan Royals,Lucknow Super Giants,199,3,7,0,6.0,1.0,10.473684210526317,0.0,197,1,"Bharat Ratna Shri Atal Bihari Vajpayee Ekana Cricket Stadium, Lucknow",Lucknow Super Giants,19,0.0,0,-10.473684210526317,2024-04-27,2024
1426284,2,19,5,Sunrisers Hyderabad,Chennai Super Kings,134,10,0,79,7.0,1.1666666666666667,7.115044247787611,67.71428571428571,213,0,"MA Chidambaram Stadium, Chepauk, Chennai",Chennai Super Kings,19,0.0,0,60.5992414664981,2024-04-28,2024
1426286,2,19,7,Lucknow Super Giants,Mumbai Indians,142,6,4,3,6.0,1.0,7.473684210526316,3.0,145,1,"Bharat Ratna Shri Atal Bihari Vajpayee Ekana Cricket Stadium, Lucknow",Lucknow Super Giants,19,12.0,12,-4.473684210526316,2024-04-30,2024
1426288,2,19,6,Rajasthan Royals,Sunrisers Hyderabad,189,6,4,13,6.0,1.0,9.947368421052632,13.0,202,0,"Rajiv Gandhi International Stadium, Uppal, Hyderabad",Sunrisers Hyderabad,19,52.0,52,3.052631578947368,2024-05-02,2024
1426289,2,19,5,Mumbai Indians,Kolkata Knight Riders,145,10,0,25,7.0,1.1666666666666667,7.6991150442477885,21.428571428571427,170,0,"Wankhede Stadium, Mumbai",Mumbai Indians,19,0.0,0,13.729456384323639,2024-05-03,2024
1426291,2,19,7,Punjab Kings,Chennai Super Kings,132,9,1,36,6.0,1.0,6.947368421052632,36.0,168,0,"Himachal Pradesh Cricket Association Stadium, Dharamsala",Punjab Kings,19,36.0,36,29.05263157894737,2024-05-05,2024
1426294,2,19,6,Rajasthan Royals,Delhi Capitals,193,7,3,29,6.0,1.0,10.157894736842104,29.0,222,0,"Arun Jaitley Stadium, Delhi",Delhi Capitals,19,87.0,87,18.842105263157897,2024-05-07,2024
1426297,2,19,6,Chennai Super Kings,Gujarat Titans,180,8,2,52,6.0,1.0,9.473684210526317,52.0,232,0,"Narendra Modi Stadium, Ahmedabad",Gujarat Titans,19,104.0,104,42.526315789473685,2024-05-10,2024
1426299,2,19,2,Chennai Super Kings,Rajasthan Royals,145,5,5,0,10.0,1.6666666666666667,7.909090909090909,0.0,142,1,"MA Chidambaram Stadium, Chepauk, Chennai",Chennai Super Kings,19,0.0,0,-7.909090909090909,2024-05-12,2024
1426300,2,19,8,Delhi Capitals,Royal Challengers Bangalore,140,9,1,48,6.0,1.0,7.368421052631579,48.0,188,0,"M Chinnaswamy Stadium, Bengaluru",Royal Challengers Bangalore,19,48.0,48,40.631578947368425,2024-05-12,2024
1426302,2,19,6,Lucknow Super Giants,Delhi Capitals,186,9,1,23,6.0,1.0,9.789473684210526,23.0,209,0,"Arun Jaitley Stadium, Delhi",Delhi Capitals,19,23.0,23,13.210526315789474,2024-05-14,2024
1426303,2,19,5,Punjab Kings,Rajasthan Royals,145,5,5,0,7.0,1.1666666666666667,7.6991150442477885,0.0,145,1,"Barsapara Cricket Stadium, Guwahati",,19,0.0,0,-7.6991150442477885,2024-05-15,2024
1426305,2,19,7,Mumbai Indians,Lucknow Super Giants,181,5,5,34,6.0,1.0,9.526315789473683,34.0,215,0,"Wankhede Stadium, Mumbai",Mumbai Indians,19,170.0,170,24.473684210526315,2024-05-17,2024
1426306,2,19,7,Chennai Super Kings,Royal Challengers Bangalore,184,6,4,35,6.0,1.0,9.68421052631579,35.0,219,0,"M Chinnaswamy Stadium, Bengaluru",Royal Challengers Bangalore,19,140.0,140,25.315789473684212,2024-05-18,2024
1426307,2,19,6,Sunrisers Hyderabad,Punjab Kings,211,6,4,4,6.0,1.0,11.105263157894736,4.0,215,1,"Rajiv Gandhi International Stadium, Uppal, Hyderabad",Sunrisers Hyderabad,19,16.0,16,-7.105263157894736,2024-05-19,2024
1426310,2,19,6,Rajasthan Royals,Royal Challengers Bangalore,174,6,4,0,6.0,1.0,9.157894736842104,0.0,173,1,"Narendra Modi Stadium, Ahmedabad",,19,0.0,0,-9.157894736842104,2024-05-22,2024
1426311,2,19,7,Rajasthan Royals,Sunrisers Hyderabad,134,7,3,42,6.0,1.0,7.052631578947368,42.0,176,0,"MA Chidambaram Stadium, Chepauk, Chennai",,19,126.0,126,34.94736842105263,2024-05-24,2024
1473439,2,19,8,Rajasthan Royals,Sunrisers Hyderabad,232,5,5,55,6.0,1.0,12.210526315789474,55.0,287,0,"Rajiv Gandhi International Stadium, Uppal, Hyderabad",Sunrisers Hyderabad,19,275.0,275,42.78947368421053,2025-03-23,2025
1473440,2,19,6,Chennai Super Kings,Mumbai Indians,152,6,4,4,6.0,1.0,8.0,4.0,156,1,"MA Chidambaram Stadium, Chepauk, Chennai",Chennai Super Kings,19,16.0,16,-4.0,2025-03-23,2025
1473441,2,19,6,Delhi Capitals,Lucknow Super Giants,204,9,1,6,6.0,1.0,10.736842105263158,6.0,210,1,"Dr. Y.S. Rajasekhara Reddy ACA-VDCA Cricket Stadium, Visakhapatnam",,19,6.0,6,-4.7368421052631575,2025-03-24,2025
1473442,2,19,7,Gujarat Titans,Punjab Kings,217,3,7,27,6.0,1.0,11.421052631578949,27.0,244,0,"Narendra Modi Stadium, Ahmedabad",Gujarat Titans,19,189.0,189,15.578947368421051,2025-03-25,2025
1473445,2,19,6,Chennai Super Kings,Royal Challengers Bangalore,130,8,2,67,6.0,1.0,6.842105263157895,67.0,197,0,"MA Chidambaram Stadium, Chepauk, Chennai",Chennai Super Kings,19,134.0,134,60.1578947368421,2025-03-28,2025
1473446,2,19,7,Mumbai Indians,Gujarat Titans,151,6,4,46,6.0,1.0,7.947368421052632,46.0,197,0,"Narendra Modi Stadium, Ahmedabad",Gujarat Titans,19,184.0,184,38.05263157894737,2025-03-29,2025
1473448,2,19,6,Chennai Super Kings,Rajasthan Royals,163,5,5,20,6.0,1.0,8.578947368421053,20.0,183,0,"Barsapara Cricket Stadium, Guwahati",,19,100.0,100,11.421052631578947,2025-03-30,2025
1473453,2,19,6,Mumbai Indians,Lucknow Super Giants,182,5,5,22,6.0,1.0,9.578947368421051,22.0,204,0,"Bharat Ratna Shri Atal Bihari Vajpayee Ekana Cricket Stadium, Lucknow",Lucknow Super Giants,19,110.0,110,12.421052631578949,2025-04-04,2025
1473454,2,19,7,Chennai Super Kings,Delhi Capitals,143,5,5,41,6.0,1.0,7.526315789473684,41.0,184,0,"MA Chidambaram Stadium, Chepauk, Chennai",Chennai Super Kings,19,205.0,205,33.473684210526315,2025-04-05,2025
1473455,2,19,6,Punjab Kings,Rajasthan Royals,150,8,2,56,6.0,1.0,7.894736842105263,56.0,206,0,"Maharaja Yadavindra Singh International Cricket Stadium, Mullanpur",,19,112.0,112,48.10526315789474,2025-04-05,2025
1473456,2,19,6,Kolkata Knight Riders,Lucknow Super Giants,215,7,3,24,6.0,1.0,11.31578947368421,24.0,239,0,"Eden Gardens, Kolkata",Kolkata Knight Riders,19,72.0,72,12.68421052631579,2025-04-08,2025
1473458,2,19,6,Mumbai Indians,Royal Challengers Bangalore,203,6,4,19,6.0,1.0,10.68421052631579,19.0,222,0,"Wankhede Stadium, Mumbai",Mumbai Indians,19,76.0,76,8.31578947368421,2025-04-07,2025
1473459,2,19,7,Chennai Super Kings,Punjab Kings,192,4,6,28,6.0,1.0,10.105263157894736,28.0,220,0,"Maharaja Yadavindra Singh International Cricket Stadium, Mullanpur",,19,168.0,168,17.894736842105264,2025-04-08,2025
1473460,2,19,7,Rajasthan Royals,Gujarat Titans,158,9,1,60,6.0,1.0,8.31578947368421,60.0,218,0,"Narendra Modi Stadium, Ahmedabad",Gujarat Titans,19,60.0,60,51.68421052631579,2025-04-09,2025
1473463,2,19,6,Lucknow Super Giants,Gujarat Titans,175,4,6,6,6.0,1.0,9.210526315789474,6.0,181,1,"Bharat Ratna Shri Atal Bihari Vajpayee Ekana Cricket Stadium, Lucknow",Lucknow Super Giants,19,36.0,36,-3.2105263157894743,2025-04-12,2025
1473464,2,19,3,Sunrisers Hyderabad,Punjab Kings,247,2,8,0,9.0,1.5,13.35135135135135,0.0,246,1,"Rajiv Gandhi International Stadium, Uppal, Hyderabad",Sunrisers Hyderabad,19,0.0,0,-13.35135135135135,2025-04-12,2025
1473466,2,19,6,Delhi Capitals,Mumbai Indians,193,10,0,13,6.0,1.0,10.157894736842104,13.0,206,0,"Arun Jaitley Stadium, Delhi",Delhi Capitals,19,0.0,0,2.8421052631578956,2025-04-13,2025
1473467,2,19,8,Chennai Super Kings,Lucknow Super Giants,162,5,5,5,6.0,1.0,8.526315789473685,5.0,167,1,"Bharat Ratna Shri Atal Bihari Vajpayee Ekana Cricket Stadium, Lucknow",Lucknow Super Giants,19,25.0,25,-3.526315789473685,2025-04-14,2025
1473469,2,19,7,Rajasthan Royals,Delhi Capitals,180,4,6,9,6.0,1.0,9.473684210526317,9.0,189,0,"Arun Jaitley Stadium, Delhi",Delhi Capitals,19,54.0,54,-0.4736842105263168,2025-04-16,2025
1473470,2,19,1,Mumbai Indians,Sunrisers Hyderabad,166,6,4,0,11.0,1.8333333333333333,9.137614678899082,0.0,163,1,"Wankhede Stadium, Mumbai",Mumbai Indians,19,0.0,0,-9.137614678899082,2025-04-17,2025
1473472,2,19,6,Gujarat Titans,Delhi Capitals,194,3,7,10,6.0,1.0,10.210526315789474,10.0,204,1,"Narendra Modi Stadium, Ahmedabad",Gujarat Titans,19,70.0,70,-0.21052631578947434,2025-04-19,2025
1473473,2,19,6,Rajasthan Royals,Lucknow Super Giants,172,4,6,9,6.0,1.0,9.052631578947368,9.0,181,0,"Sawai Mansingh Stadium, Jaipur",Rajasthan Royals,19,54.0,54,-0.05263157894736814,2025-04-19,2025
1473474,2,19,5,Royal Challengers Bangalore,Punjab Kings,159,3,7,0,7.0,1.1666666666666667,8.442477876106196,0.0,158,1,"Maharaja Yadavindra Singh International Cricket Stadium, Mullanpur",,19,0.0,0,-8.442477876106196,2025-04-20,2025
1473476,2,19,6,Kolkata Knight Riders,Gujarat Titans,151,7,3,48,6.0,1.0,7.947368421052632,48.0,199,0,"Eden Gardens, Kolkata",Kolkata Knight Riders,19,144.0,144,40.05263157894737,2025-04-21,2025
1473479,2,19,6,Rajasthan Royals,Royal Challengers Bangalore,189,7,3,17,6.0,1.0,9.947368421052632,17.0,206,0,"M Chinnaswamy Stadium, Bengaluru",Royal Challengers Bangalore,19,51.0,51,7.052631578947368,2025-04-24,2025
1473480,2,19,4,Sunrisers Hyderabad,Chennai Super Kings,155,5,5,0,8.0,1.3333333333333333,8.303571428571429,0.0,155,1,"MA Chidambaram Stadium, Chepauk, Chennai",Chennai Super Kings,19,0.0,0,-8.303571428571429,2025-04-25,2025
1473482,2,19,8,Lucknow Super Giants,Mumbai Indians,158,9,1,58,6.0,1.0,8.31578947368421,58.0,216,0,"Wankhede Stadium, Mumbai",Mumbai Indians,19,58.0,58,49.68421052631579,2025-04-27,2025
1473483,2,19,4,Royal Challengers Bangalore,Delhi Capitals,165,4,6,0,8.0,1.3333333333333333,8.839285714285714,0.0,163,1,"Arun Jaitley Stadium, Delhi",Delhi Capitals,19,0.0,0,-8.839285714285714,2025-04-27,2025
1473485,2,19,6,Delhi Capitals,Kolkata Knight Riders,180,8,2,25,6.0,1.0,9.473684210526317,25.0,205,0,"Arun Jaitley Stadium, Delhi",Delhi Capitals,19,50.0,50,15.526315789473683,2025-04-29,2025
1473486,2,19,6,Punjab Kings,Chennai Super Kings,189,5,5,2,6.0,1.0,9.947368421052632,2.0,191,1,"MA Chidambaram Stadium, Chepauk, Chennai",Chennai Super Kings,19,10.0,10,-7.947368421052632,2025-04-30,2025
1473488,2,19,6,Sunrisers Hyderabad,Gujarat Titans,181,6,4,44,6.0,1.0,9.526315789473683,44.0,225,0,"Narendra Modi Stadium, Ahmedabad",Gujarat Titans,19,176.0,176,34.473684210526315,2025-05-02,2025
1473489,2,19,6,Chennai Super Kings,Royal Challengers Bangalore,199,4,6,15,6.0,1.0,10.473684210526317,15.0,214,0,"M Chinnaswamy Stadium, Bengaluru",Royal Challengers Bangalore,19,90.0,90,4.526315789473683,2025-05-03,2025
1473490,2,19,6,Rajasthan Royals,Kolkata Knight Riders,185,7,3,22,6.0,1.0,9.736842105263158,22.0,207,0,"Eden Gardens, Kolkata",Kolkata Knight Riders,19,66.0,66,12.263157894736842,2025-05-04,2025
1473491,2,19,6,Lucknow Super Giants,Punjab Kings,188,6,4,49,6.0,1.0,9.894736842105264,49.0,237,0,"Himachal Pradesh Cricket Association Stadium, Dharamsala",Punjab Kings,19,196.0,196,39.10526315789474,2025-05-04,2025
1473493,2,19,7,Gujarat Titans,Mumbai Indians,147,7,3,9,6.0,1.0,7.736842105263157,9.0,156,1,"Wankhede Stadium, Mumbai",Mumbai Indians,19,27.0,27,1.2631578947368434,2025-05-06,2025
1473494,2,19,7,Chennai Super Kings,Kolkata Knight Riders,172,8,2,8,6.0,1.0,9.052631578947368,8.0,180,1,"Eden Gardens, Kolkata",Kolkata Knight Riders,19,16.0,16,-1.0526315789473681,2025-05-07,2025
1473497,2,19,6,Rajasthan Royals,Punjab Kings,198,5,5,22,6.0,1.0,10.421052631578949,22.0,220,0,"Sawai Mansingh Stadium, Jaipur",Rajasthan Royals,19,110.0,110,11.578947368421051,2025-05-18,2025
1473498,2,19,6,Gujarat Titans,Delhi Capitals,205,0,10,0,6.0,1.0,10.789473684210526,0.0,200,1,"Arun Jaitley Stadium, Delhi",Delhi Capitals,19,0.0,0,-10.789473684210526,2025-05-18,2025
1473499,2,19,2,Sunrisers Hyderabad,Lucknow Super Giants,206,5,5,0,10.0,1.6666666666666667,11.236363636363636,0.0,206,1,"Bharat Ratna Shri Atal Bihari Vajpayee Ekana Cricket Stadium, Lucknow",Lucknow Super Giants,19,0.0,0,-11.236363636363636,2025-05-19,2025
1473501,2,19,2,Delhi Capitals,Mumbai Indians,121,10,0,60,10.0,1.6666666666666667,6.6000000000000005,36.0,181,0,"Wankhede Stadium, Mumbai",Mumbai Indians,19,0.0,0,29.4,2025-05-21,2025
1473502,2,19,6,Gujarat Titans,Lucknow Super Giants,198,7,3,38,6.0,1.0,10.421052631578949,38.0,236,0,"Narendra Modi Stadium, Ahmedabad",Gujarat Titans,19,114.0,114,27.57894736842105,2025-05-22,2025
1473503,2,19,6,Royal Challengers Bangalore,Sunrisers Hyderabad,187,9,1,45,6.0,1.0,9.842105263157896,45.0,232,0,"Bharat Ratna Shri Atal Bihari Vajpayee Ekana Cricket Stadium, Lucknow",,19,45.0,45,35.1578947368421,2025-05-23,2025
1473504,2,19,3,Gujarat Titans,Chennai Super Kings,147,10,0,84,9.0,1.5,7.945945945945946,56.0,231,0,"Narendra Modi Stadium, Ahmedabad",Gujarat Titans,19,0.0,0,48.054054054054056,2025-05-25,2025
1473505,2,19,5,Kolkata Knight Riders,Sunrisers Hyderabad,168,10,0,111,7.0,1.1666666666666667,8.920353982300886,95.14285714285714,279,0,"Arun Jaitley Stadium, Delhi",,19,0.0,0,86.22250316055626,2025-05-25,2025
1473506,2,19,3,Punjab Kings,Mumbai Indians,187,3,7,0,9.0,1.5,10.108108108108109,0.0,185,1,"Sawai Mansingh Stadium, Jaipur",,19,0.0,0,-10.108108108108109,2025-05-26,2025
1473507,2,19,4,Royal Challengers Bangalore,Lucknow Super Giants,230,4,6,0,8.0,1.3333333333333333,12.321428571428571,0.0,228,1,"Bharat Ratna Shri Atal Bihari Vajpayee Ekana Cricket Stadium, Lucknow",Lucknow Super Giants,19,0.0,0,-12.321428571428571,2025-05-27,2025
1473509,2,19,6,Gujarat Titans,Mumbai Indians,205,5,5,24,6.0,1.0,10.789473684210526,24.0,229,0,"Maharaja Yadavindra Singh International Cricket Stadium, New Chandigarh",,19,120.0,120,13.210526315789474,2025-05-30,2025
1473510,2,19,8,Punjab Kings,Mumbai Indians,207,5,5,0,6.0,1.0,10.894736842105264,0.0,204,1,"Narendra Modi Stadium, Ahmedabad",,19,0.0,0,-10.894736842105264,2025-06-01,2025
1473511,2,19,6,Punjab Kings,Royal Challengers Bangalore,162,7,3,29,6.0,1.0,8.526315789473685,29.0,191,0,"Narendra Modi Stadium, Ahmedabad",,19,87.0,87,20.473684210526315,2025-06-03,2025
1485779,2,19,6,Delhi Capitals,Punjab Kings,199,4,6,8,6.0,1.0,10.473684210526317,8.0,207,1,"Sawai Mansingh Stadium, Jaipur",,19,48.0,48,-2.473684210526317,2025-05-24,2025
