match_id,innings,over,ball_in_over,batting_team,bowling_team,current_score,wickets_lost,wickets_in_hand,runs_to_go,balls_remaining,overs_remaining,current_run_rate,required_run_rate,target_runs,win_flag,venue_canon,home_team,checkpoint_over,rrr_x_wickets_in_hand,runs_to_go_x_wickets_in_hand,rrr_minus_crr,date,season
335982,2,15,7,Royal Challengers Bangalore,Kolkata Knight Riders,81,9,1,142,30.0,5.0,5.4,28.4,223,0,"M Chinnaswamy Stadium, Bengaluru",Royal Challengers Bangalore,15,28.4,142,23.0,2008-04-18,2007/08
335983,2,15,6,Punjab Kings,Chennai Super Kings,165,3,7,76,30.0,5.0,11.0,15.2,241,0,"IS Bindra Stadium, Mohali",Punjab Kings,15,106.39999999999999,532,4.199999999999999,2008-04-19,2007/08
335984,2,15,7,Delhi Capitals,Rajasthan Royals,128,1,9,2,30.0,5.0,8.533333333333333,0.4,130,1,"Arun Jaitley Stadium, Delhi",Delhi Capitals,15,3.6,18,-8.133333333333333,2008-04-19,2007/08
335985,2,15,6,Royal Challengers Bangalore,Mumbai Indians,118,4,6,48,30.0,5.0,7.866666666666666,9.6,166,1,"Wankhede Stadium, Mumbai",Mumbai Indians,15,57.599999999999994,288,1.7333333333333334,2008-04-20,2007/08
335986,2,15,6,Kolkata Knight Riders,Sunrisers Hyderabad,81,4,6,30,30.0,5.0,5.4,6.0,111,1,"Eden Gardens, Kolkata",Kolkata Knight Riders,15,36.0,180,0.5999999999999996,2008-04-20,2007/08
335987,2,15,6,Rajasthan Royals,Punjab Kings,142,4,6,25,30.0,5.0,9.466666666666669,5.0,167,1,"Sawai Mansingh Stadium, Jaipur",Rajasthan Royals,15,30.0,150,-4.466666666666669,2008-04-21,2007/08
335989,2,15,6,Mumbai Indians,Chennai Super Kings,134,5,5,75,30.0,5.0,8.933333333333334,15.0,209,0,"MA Chidambaram Stadium, Chennai",Chennai Super Kings,15,75.0,375,6.066666666666666,2008-04-23,2007/08
335990,2,15,6,Rajasthan Royals,Sunrisers Hyderabad,159,3,7,56,30.0,5.0,10.6,11.2,215,1,"Rajiv Gandhi International Stadium, Hyderabad",Sunrisers Hyderabad,15,78.39999999999999,392,0.5999999999999996,2008-04-24,2007/08
335991,2,15,6,Mumbai Indians,Punjab Kings,101,7,3,82,30.0,5.0,6.733333333333333,16.4,183,0,"IS Bindra Stadium, Mohali",Punjab Kings,15,49.199999999999996,246,9.666666666666664,2008-04-25,2007/08
335992,2,15,6,Rajasthan Royals,Royal Challengers Bangalore,121,2,8,15,30.0,5.0,8.066666666666666,3.0,136,1,"M Chinnaswamy Stadium, Bengaluru",Royal Challengers Bangalore,15,24.0,120,-5.066666666666666,2008-04-26,2007/08
335993,2,15,6,Chennai Super Kings,Kolkata Knight Riders,121,1,9,27,30.0,5.0,8.066666666666666,5.4,148,1,"MA Chidambaram Stadium, Chennai",Chennai Super Kings,15,48.6,243,-2.666666666666666,2008-04-26,2007/08
335995,2,15,6,Punjab Kings,Delhi Capitals,123,4,6,36,30.0,5.0,8.2,7.2,159,1,"IS Bindra Stadium, Mohali",Punjab Kings,15,43.2,216,-0.9999999999999991,2008-04-27,2007/08
335996,2,15,7,Royal Challengers Bangalore,Chennai Super Kings,132,3,7,47,30.0,5.0,8.8,9.4,179,0,"M Chinnaswamy Stadium, Bengaluru",Royal Challengers Bangalore,15,65.8,329,0.5999999999999996,2008-04-28,2007/08
335997,2,15,6,Mumbai Indians,Kolkata Knight Riders,110,3,7,28,30.0,5.0,7.333333333333333,5.6,138,1,"Eden Gardens, Kolkata",Kolkata Knight Riders,15,39.199999999999996,196,-1.7333333333333334,2008-04-29,2007/08
335998,2,15,6,Royal Challengers Bangalore,Delhi Capitals,134,3,7,58,30.0,5.0,8.933333333333334,11.6,192,0,"Arun Jaitley Stadium, Delhi",Delhi Capitals,15,81.2,406,2.666666666666666,2008-04-30,2007/08
335999,2,15,7,Punjab Kings,Sunrisers Hyderabad,129,3,7,36,30.0,5.0,8.6,7.2,165,1,"Rajiv Gandhi International Stadium, Hyderabad",Sunrisers Hyderabad,15,50.4,252,-1.3999999999999995,2008-05-01,2007/08
336000,2,15,6,Kolkata Knight Riders,Rajasthan Royals,128,5,5,69,30.0,5.0,8.533333333333333,13.8,197,0,"Sawai Mansingh Stadium, Jaipur",Rajasthan Royals,15,69.0,345,5.2666666666666675,2008-05-01,2007/08
336001,2,15,6,Delhi Capitals,Chennai Super Kings,142,2,8,28,30.0,5.0,9.466666666666669,5.6,170,1,"MA Chidambaram Stadium, Chennai",Chennai Super Kings,15,44.8,224,-3.866666666666669,2008-05-02,2007/08
336002,2,15,6,Royal Challengers Bangalore,Sunrisers Hyderabad,106,3,7,60,30.0,5.0,7.066666666666666,12.0,166,1,"Rajiv Gandhi International Stadium, Hyderabad",Sunrisers Hyderabad,15,84.0,420,4.933333333333334,2008-05-25,2007/08
336003,2,15,6,Kolkata Knight Riders,Punjab Kings,101,5,5,78,30.0,5.0,6.733333333333333,15.6,179,0,"IS Bindra Stadium, Mohali",Punjab Kings,15,78.0,390,8.866666666666667,2008-05-03,2007/08
336004,2,15,6,Delhi Capitals,Mumbai Indians,114,5,5,49,30.0,5.0,7.6,9.8,163,0,"Dr DY Patil Sports Academy, Navi Mumbai",Mumbai Indians,15,49.0,245,2.200000000000001,2008-05-04,2007/08
336005,2,15,2,Rajasthan Royals,Chennai Super Kings,110,2,8,0,34.0,5.666666666666667,7.674418604651162,0.0,110,1,"Sawai Mansingh Stadium, Jaipur",Rajasthan Royals,15,0.0,0,-7.674418604651162,2008-05-04,2007/08
336006,2,15,6,Punjab Kings,Royal Challengers Bangalore,109,4,6,18,30.0,5.0,7.266666666666667,3.6,127,1,"M Chinnaswamy Stadium, Bengaluru",Royal Challengers Bangalore,15,21.6,108,-3.6666666666666665,2008-05-05,2007/08
336007,2,15,6,Sunrisers Hyderabad,Chennai Super Kings,115,2,8,30,30.0,5.0,7.666666666666667,6.0,145,1,"MA Chidambaram Stadium, Chennai",Chennai Super Kings,15,48.0,240,-1.666666666666667,2008-05-06,2007/08
336008,2,15,7,Mumbai Indians,Rajasthan Royals,102,3,7,2,30.0,5.0,6.8,0.4,104,1,"Dr DY Patil Sports Academy, Navi Mumbai",Mumbai Indians,15,2.8000000000000003,14,-6.3999999999999995,2008-05-07,2007/08
336009,2,15,6,Chennai Super Kings,Delhi Capitals,142,4,6,46,30.0,5.0,9.466666666666669,9.2,188,1,"Arun Jaitley Stadium, Delhi",Delhi Capitals,15,55.199999999999996,276,-0.26666666666666927,2008-05-08,2007/08
336010,2,15,6,Royal Challengers Bangalore,Kolkata Knight Riders,111,4,6,19,30.0,5.0,7.4,3.8,130,0,"Eden Gardens, Kolkata",Kolkata Knight Riders,15,22.799999999999997,114,-3.6000000000000005,2008-05-08,2007/08
336011,2,15,7,Rajasthan Royals,Sunrisers Hyderabad,129,1,9,12,30.0,5.0,8.6,2.4,141,1,"Sawai Mansingh Stadium, Jaipur",Rajasthan Royals,15,21.599999999999998,108,-6.199999999999999,2008-05-09,2007/08
336012,2,15,6,Mumbai Indians,Royal Challengers Bangalore,117,1,9,6,30.0,5.0,7.8,1.2,123,1,"M Chinnaswamy Stadium, Bengaluru",Royal Challengers Bangalore,15,10.799999999999999,54,-6.6,2008-05-28,2007/08
336013,2,15,6,Punjab Kings,Chennai Super Kings,115,6,4,67,30.0,5.0,7.666666666666667,13.4,182,0,"MA Chidambaram Stadium, Chennai",Chennai Super Kings,15,53.6,268,5.733333333333333,2008-05-10,2007/08
336014,2,15,6,Sunrisers Hyderabad,Kolkata Knight Riders,125,6,4,80,30.0,5.0,8.333333333333334,16.0,205,0,"Rajiv Gandhi International Stadium, Hyderabad",Sunrisers Hyderabad,15,64.0,320,7.666666666666666,2008-05-11,2007/08
336015,2,15,7,Rajasthan Royals,Delhi Capitals,120,4,6,37,30.0,5.0,8.0,7.4,157,1,"Sawai Mansingh Stadium, Jaipur",Rajasthan Royals,15,44.400000000000006,222,-0.5999999999999996,2008-05-11,2007/08
336016,2,15,6,Punjab Kings,Royal Challengers Bangalore,141,1,9,3,30.0,5.0,9.4,0.6,144,1,"IS Bindra Stadium, Mohali",Punjab Kings,15,5.3999999999999995,27,-8.8,2008-05-12,2007/08
336017,2,15,6,Delhi Capitals,Kolkata Knight Riders,97,6,4,37,30.0,5.0,6.466666666666667,7.4,134,0,"Eden Gardens, Kolkata",Kolkata Knight Riders,15,29.6,148,0.9333333333333336,2008-05-13,2007/08
336019,2,15,6,Rajasthan Royals,Punjab Kings,140,5,5,82,30.0,5.0,9.333333333333334,16.4,222,0,"IS Bindra Stadium, Mohali",Punjab Kings,15,82.0,410,7.066666666666665,2008-05-28,2007/08
336020,2,15,6,Sunrisers Hyderabad,Delhi Capitals,128,4,6,67,30.0,5.0,8.533333333333333,13.4,195,0,"Arun Jaitley Stadium, Delhi",Delhi Capitals,15,80.4,402,4.866666666666667,2008-05-15,2007/08
336023,2,15,6,Royal Challengers Bangalore,Rajasthan Royals,83,7,3,115,30.0,5.0,5.533333333333333,23.0,198,0,"Sawai Mansingh Stadium, Jaipur",Rajasthan Royals,15,69.0,345,17.46666666666667,2008-05-17,2007/08
336024,2,15,6,Sunrisers Hyderabad,Mumbai Indians,106,4,6,73,30.0,5.0,7.066666666666666,14.6,179,0,"Rajiv Gandhi International Stadium, Hyderabad",Sunrisers Hyderabad,15,87.6,438,7.533333333333333,2008-05-18,2007/08
336026,2,15,6,Delhi Capitals,Royal Challengers Bangalore,127,4,6,28,30.0,5.0,8.466666666666667,5.6,155,1,"M Chinnaswamy Stadium, Bengaluru",Royal Challengers Bangalore,15,33.599999999999994,168,-2.866666666666667,2008-05-19,2007/08
336027,2,15,6,Rajasthan Royals,Kolkata Knight Riders,128,4,6,20,30.0,5.0,8.533333333333333,4.0,148,1,"Eden Gardens, Kolkata",Kolkata Knight Riders,15,24.0,120,-4.533333333333333,2008-05-20,2007/08
336028,2,15,6,Mumbai Indians,Punjab Kings,144,3,7,46,30.0,5.0,9.6,9.2,190,0,"Wankhede Stadium, Mumbai",Mumbai Indians,15,64.39999999999999,322,-0.40000000000000036,2008-05-21,2007/08
336029,2,15,6,Chennai Super Kings,Royal Challengers Bangalore,92,4,6,35,30.0,5.0,6.133333333333334,7.0,127,0,"MA Chidambaram Stadium, Chennai",Chennai Super Kings,15,42.0,210,0.8666666666666663,2008-05-21,2007/08
336031,2,15,6,Punjab Kings,Sunrisers Hyderabad,135,2,8,41,30.0,5.0,9.0,8.2,176,1,"IS Bindra Stadium, Mohali",Punjab Kings,15,65.6,328,-0.8000000000000007,2008-05-23,2007/08
336032,2,15,6,Delhi Capitals,Mumbai Indians,130,5,5,47,30.0,5.0,8.666666666666666,9.4,177,1,"Arun Jaitley Stadium, Delhi",Delhi Capitals,15,47.0,235,0.7333333333333343,2008-05-24,2007/08
336033,2,15,6,Chennai Super Kings,Rajasthan Royals,157,3,7,55,30.0,5.0,10.466666666666669,11.0,212,0,"MA Chidambaram Stadium, Chennai",Chennai Super Kings,15,77.0,385,0.5333333333333314,2008-05-24,2007/08
336034,2,15,6,Sunrisers Hyderabad,Royal Challengers Bangalore,112,2,8,45,30.0,5.0,7.466666666666667,9.0,157,0,"M Chinnaswamy Stadium, Bengaluru",Royal Challengers Bangalore,15,72.0,360,1.5333333333333332,2008-05-03,2007/08
336035,2,15,6,Kolkata Knight Riders,Punjab Kings,104,5,5,71,30.0,5.0,6.933333333333334,14.2,175,1,"Eden Gardens, Kolkata",Kolkata Knight Riders,15,71.0,355,7.266666666666666,2008-05-25,2007/08
336036,2,15,6,Rajasthan Royals,Mumbai Indians,90,5,5,56,30.0,5.0,6.0,11.2,146,1,"Sawai Mansingh Stadium, Jaipur",Rajasthan Royals,15,56.0,280,5.199999999999999,2008-05-26,2007/08
336037,2,15,6,Chennai Super Kings,Sunrisers Hyderabad,114,2,8,34,30.0,5.0,7.6,6.8,148,1,"Rajiv Gandhi International Stadium, Hyderabad",Sunrisers Hyderabad,15,54.4,272,-0.7999999999999998,2008-05-27,2007/08
336038,2,15,6,Delhi Capitals,Rajasthan Royals,82,8,2,111,30.0,5.0,5.466666666666667,22.2,193,0,"Wankhede Stadium, Mumbai",,15,44.4,222,16.733333333333334,2008-05-30,2007/08
336039,2,15,5,Chennai Super Kings,Punjab Kings,116,1,9,0,31.0,5.166666666666667,7.820224719101123,0.0,113,1,"Wankhede Stadium, Mumbai",,15,0.0,0,-7.820224719101123,2008-05-31,2007/08
336040,2,15,6,Rajasthan Royals,Chennai Super Kings,112,4,6,52,30.0,5.0,7.466666666666667,10.4,164,1,"Dr DY Patil Sports Academy, Navi Mumbai",,15,62.400000000000006,312,2.9333333333333336,2008-06-01,2007/08
392181,2,15,6,Chennai Super Kings,Mumbai Indians,108,5,5,58,30.0,5.0,7.2,11.6,166,0,"Newlands, Cape Town",,15,58.0,290,4.3999999999999995,2009-04-18,2009
392182,2,15,6,Rajasthan Royals,Royal Challengers Bangalore,58,9,1,76,30.0,5.0,3.8666666666666663,15.2,134,0,"Newlands, Cape Town",,15,15.2,76,11.333333333333332,2009-04-18,2009
392185,2,15,6,Royal Challengers Bangalore,Chennai Super Kings,85,9,1,95,30.0,5.0,5.666666666666667,19.0,180,0,"St George's Park, Gqeberha",,15,19.0,95,13.333333333333332,2009-04-20,2009
392188,2,15,6,Royal Challengers Bangalore,Sunrisers Hyderabad,109,4,6,76,30.0,5.0,7.266666666666667,15.2,185,0,"Newlands, Cape Town",,15,91.19999999999999,456,7.933333333333333,2009-04-22,2009
392189,2,15,7,Chennai Super Kings,Delhi Capitals,148,4,6,42,30.0,5.0,9.866666666666667,8.4,190,0,"Kingsmead, Durban",,15,50.400000000000006,252,-1.4666666666666668,2009-04-23,2009
392190,2,15,6,Kolkata Knight Riders,Rajasthan Royals,98,5,5,53,30.0,5.0,6.533333333333333,10.6,151,0,"Newlands, Cape Town",,15,53.0,265,4.066666666666666,2009-04-23,2009
392191,2,15,6,Punjab Kings,Royal Challengers Bangalore,109,2,8,60,30.0,5.0,7.266666666666667,12.0,169,1,"Kingsmead, Durban",,15,96.0,480,4.733333333333333,2009-04-24,2009
392192,2,15,6,Mumbai Indians,Sunrisers Hyderabad,108,4,6,61,30.0,5.0,7.2,12.2,169,0,"Kingsmead, Durban",,15,73.19999999999999,366,4.999999999999999,2009-04-25,2009
392194,2,15,8,Delhi Capitals,Royal Challengers Bangalore,99,3,7,51,30.0,5.0,6.6,10.2,150,1,"St George's Park, Gqeberha",,15,71.39999999999999,357,3.5999999999999996,2009-04-26,2009
392195,2,15,7,Rajasthan Royals,Punjab Kings,82,6,4,58,30.0,5.0,5.466666666666667,11.6,140,0,"Newlands, Cape Town",,15,46.4,232,6.133333333333333,2009-04-26,2009
392196,2,15,6,Sunrisers Hyderabad,Chennai Super Kings,129,3,7,37,30.0,5.0,8.6,7.4,166,1,"Kingsmead, Durban",,15,51.800000000000004,259,-1.1999999999999993,2009-04-27,2009
392197,2,15,6,Kolkata Knight Riders,Mumbai Indians,95,7,3,93,30.0,5.0,6.333333333333333,18.6,188,0,"St George's Park, Gqeberha",,15,55.800000000000004,279,12.26666666666667,2009-04-27,2009
392198,2,15,6,Rajasthan Royals,Delhi Capitals,96,5,5,48,30.0,5.0,6.4,9.6,144,1,"SuperSport Park, Centurion",,15,48.0,240,3.1999999999999993,2009-04-28,2009
392199,2,15,6,Royal Challengers Bangalore,Kolkata Knight Riders,98,2,8,42,30.0,5.0,6.533333333333333,8.4,140,1,"Kingsmead, Durban",,15,67.2,336,1.8666666666666671,2009-04-29,2009
392200,2,15,6,Mumbai Indians,Punjab Kings,81,4,6,39,30.0,5.0,5.4,7.8,120,0,"Kingsmead, Durban",,15,46.8,234,2.3999999999999995,2009-04-29,2009
392201,2,15,7,Delhi Capitals,Sunrisers Hyderabad,101,3,7,48,30.0,5.0,6.733333333333333,9.6,149,1,"SuperSport Park, Centurion",,15,67.2,336,2.8666666666666663,2009-04-30,2009
392202,2,15,6,Rajasthan Royals,Chennai Super Kings,98,5,5,67,30.0,5.0,6.533333333333333,13.4,165,0,"SuperSport Park, Centurion",,15,67.0,335,6.866666666666667,2009-04-30,2009
392203,2,15,6,Kolkata Knight Riders,Mumbai Indians,98,3,7,51,30.0,5.0,6.533333333333333,10.2,149,0,"Buffalo Park, East London",,15,71.39999999999999,357,3.666666666666666,2009-05-01,2009
392204,2,15,6,Punjab Kings,Royal Challengers Bangalore,95,3,7,51,30.0,5.0,6.333333333333333,10.2,146,0,"Kingsmead, Durban",,15,71.39999999999999,357,3.8666666666666663,2009-05-01,2009
392205,2,15,6,Rajasthan Royals,Sunrisers Hyderabad,98,6,4,44,30.0,5.0,6.533333333333333,8.8,142,1,"St George's Park, Gqeberha",,15,35.2,176,2.2666666666666675,2009-05-02,2009
392206,2,15,6,Delhi Capitals,Chennai Super Kings,120,3,7,44,30.0,5.0,8.0,8.8,164,0,"Wanderers Stadium, Johannesburg",,15,61.60000000000001,308,0.8000000000000007,2009-05-02,2009
392207,2,15,6,Punjab Kings,Kolkata Knight Riders,116,4,6,38,30.0,5.0,7.733333333333333,7.6,154,1,"St George's Park, Gqeberha",,15,45.599999999999994,228,-0.13333333333333375,2009-05-03,2009
392208,2,15,6,Royal Challengers Bangalore,Mumbai Indians,122,1,9,28,30.0,5.0,8.133333333333333,5.6,150,1,"Wanderers Stadium, Johannesburg",,15,50.4,252,-2.533333333333333,2009-05-03,2009
392209,2,15,4,Sunrisers Hyderabad,Chennai Super Kings,100,10,0,79,32.0,5.333333333333333,6.818181818181818,14.8125,179,0,"Buffalo Park, East London",,15,0.0,0,7.994318181818182,2009-05-04,2009
392210,2,15,6,Punjab Kings,Rajasthan Royals,96,6,4,116,30.0,5.0,6.4,23.2,212,0,"Kingsmead, Durban",,15,92.8,464,16.799999999999997,2009-05-05,2009
392211,2,15,6,Delhi Capitals,Kolkata Knight Riders,114,1,9,41,30.0,5.0,7.6,8.2,155,1,"Kingsmead, Durban",,15,73.8,369,0.5999999999999996,2009-05-05,2009
392212,2,15,6,Mumbai Indians,Sunrisers Hyderabad,100,4,6,46,30.0,5.0,6.666666666666667,9.2,146,0,"SuperSport Park, Centurion",,15,55.199999999999996,276,2.5333333333333323,2009-05-06,2009
392213,2,15,7,Rajasthan Royals,Royal Challengers Bangalore,107,3,7,0,30.0,5.0,7.133333333333334,0.0,106,1,"SuperSport Park, Centurion",,15,0.0,0,-7.133333333333334,2009-05-07,2009
392214,2,15,6,Punjab Kings,Chennai Super Kings,148,3,7,38,30.0,5.0,9.866666666666667,7.6,186,0,"SuperSport Park, Centurion",,15,53.199999999999996,266,-2.2666666666666675,2009-05-07,2009
392215,2,15,6,Delhi Capitals,Mumbai Indians,74,2,8,43,30.0,5.0,4.933333333333334,8.6,117,1,"Buffalo Park, East London",,15,68.8,344,3.666666666666666,2009-05-08,2009
392216,2,15,6,Punjab Kings,Sunrisers Hyderabad,119,5,5,50,30.0,5.0,7.933333333333334,10.0,169,1,"De Beers Diamond Oval, Kimberley",,15,50.0,250,2.0666666666666664,2009-05-09,2009
392217,2,15,6,Chennai Super Kings,Rajasthan Royals,97,2,8,44,30.0,5.0,6.466666666666667,8.8,141,1,"De Beers Diamond Oval, Kimberley",,15,70.4,352,2.333333333333334,2009-05-09,2009
392218,2,15,6,Royal Challengers Bangalore,Mumbai Indians,100,6,4,58,30.0,5.0,6.666666666666667,11.6,158,0,"St George's Park, Gqeberha",,15,46.4,232,4.933333333333333,2009-05-10,2009
392219,2,15,6,Delhi Capitals,Kolkata Knight Riders,100,3,7,24,30.0,5.0,6.666666666666667,4.8,124,1,"Wanderers Stadium, Johannesburg",,15,33.6,168,-1.8666666666666671,2009-05-10,2009
392220,2,15,7,Rajasthan Royals,Sunrisers Hyderabad,95,6,4,72,30.0,5.0,6.333333333333333,14.4,167,0,"De Beers Diamond Oval, Kimberley",,15,57.6,288,8.066666666666666,2009-05-11,2009
392221,2,15,7,Royal Challengers Bangalore,Kolkata Knight Riders,119,3,7,55,30.0,5.0,7.933333333333334,11.0,174,1,"SuperSport Park, Centurion",,15,77.0,385,3.0666666666666664,2009-05-12,2009
392222,2,15,6,Mumbai Indians,Punjab Kings,113,2,8,7,30.0,5.0,7.533333333333333,1.4,120,1,"SuperSport Park, Centurion",,15,11.2,56,-6.133333333333333,2009-05-12,2009
392223,2,15,6,Sunrisers Hyderabad,Delhi Capitals,134,3,7,40,30.0,5.0,8.933333333333334,8.0,174,0,"Kingsmead, Durban",,15,56.0,280,-0.9333333333333336,2009-05-13,2009
392224,2,15,6,Royal Challengers Bangalore,Chennai Super Kings,91,4,6,39,30.0,5.0,6.066666666666666,7.8,130,1,"Kingsmead, Durban",,15,46.8,234,1.7333333333333334,2009-05-14,2009
392225,2,15,7,Mumbai Indians,Rajasthan Royals,98,5,5,48,30.0,5.0,6.533333333333333,9.6,146,0,"Kingsmead, Durban",,15,48.0,240,3.0666666666666664,2009-05-14,2009
392226,2,15,6,Punjab Kings,Delhi Capitals,86,3,7,35,30.0,5.0,5.733333333333333,7.0,121,1,"OUTsurance Oval, Bloemfontein",,15,49.0,245,1.2666666666666666,2009-05-15,2009
392227,2,15,6,Chennai Super Kings,Mumbai Indians,102,3,7,46,30.0,5.0,6.8,9.2,148,1,"St George's Park, Gqeberha",,15,64.39999999999999,322,2.3999999999999995,2009-05-16,2009
392228,2,15,6,Sunrisers Hyderabad,Kolkata Knight Riders,105,2,8,56,30.0,5.0,7.0,11.2,161,1,"Wanderers Stadium, Johannesburg",,15,89.6,448,4.199999999999999,2009-05-16,2009
392229,2,15,6,Sunrisers Hyderabad,Punjab Kings,86,5,5,49,30.0,5.0,5.733333333333333,9.8,135,0,"Wanderers Stadium, Johannesburg",,15,49.0,245,4.066666666666667,2009-05-17,2009
392230,2,15,6,Rajasthan Royals,Delhi Capitals,93,5,5,58,30.0,5.0,6.2,11.6,151,0,"OUTsurance Oval, Bloemfontein",,15,58.0,290,5.3999999999999995,2009-05-17,2009
392231,2,15,6,Kolkata Knight Riders,Chennai Super Kings,131,2,8,58,30.0,5.0,8.733333333333333,11.6,189,1,"SuperSport Park, Centurion",,15,92.8,464,2.866666666666667,2009-05-18,2009
392232,2,15,6,Royal Challengers Bangalore,Delhi Capitals,102,3,7,33,30.0,5.0,6.8,6.6,135,1,"Wanderers Stadium, Johannesburg",,15,46.199999999999996,231,-0.20000000000000018,2009-05-19,2009
392233,2,15,6,Kolkata Knight Riders,Rajasthan Royals,65,6,4,37,30.0,5.0,4.333333333333333,7.4,102,1,"Kingsmead, Durban",,15,29.6,148,3.0666666666666673,2009-05-20,2009
392234,2,15,6,Punjab Kings,Chennai Super Kings,59,4,6,58,30.0,5.0,3.933333333333333,11.6,117,0,"Kingsmead, Durban",,15,69.6,348,7.666666666666666,2009-05-20,2009
392235,2,15,6,Delhi Capitals,Mumbai Indians,146,4,6,20,30.0,5.0,9.733333333333333,4.0,166,1,"SuperSport Park, Centurion",,15,24.0,120,-5.7333333333333325,2009-05-21,2009
392236,2,15,6,Sunrisers Hyderabad,Royal Challengers Bangalore,119,3,7,52,30.0,5.0,7.933333333333334,10.4,171,0,"SuperSport Park, Centurion",,15,72.8,364,2.466666666666667,2009-05-21,2009
392237,2,15,6,Sunrisers Hyderabad,Delhi Capitals,146,4,6,8,30.0,5.0,9.733333333333333,1.6,154,1,"SuperSport Park, Centurion",,15,9.600000000000001,48,-8.133333333333333,2009-05-22,2009
392238,2,15,6,Royal Challengers Bangalore,Chennai Super Kings,110,3,7,37,30.0,5.0,7.333333333333333,7.4,147,1,"Wanderers Stadium, Johannesburg",,15,51.800000000000004,259,0.06666666666666732,2009-05-23,2009
392239,2,15,6,Royal Challengers Bangalore,Sunrisers Hyderabad,103,6,4,41,30.0,5.0,6.866666666666666,8.2,144,0,"Wanderers Stadium, Johannesburg",,15,32.8,164,1.333333333333333,2009-05-24,2009
419106,2,15,6,Sunrisers Hyderabad,Kolkata Knight Riders,122,4,6,40,30.0,5.0,8.133333333333333,8.0,162,0,"Dr DY Patil Sports Academy, Navi Mumbai",,15,48.0,240,-0.13333333333333286,2010-03-12,2009/10
419107,2,15,6,Rajasthan Royals,Mumbai Indians,143,4,6,70,30.0,5.0,9.533333333333331,14.0,213,0,"Brabourne Stadium, Mumbai",Mumbai Indians,15,84.0,420,4.466666666666669,2010-03-13,2009/10
419108,2,15,6,Delhi Capitals,Punjab Kings,105,4,6,38,30.0,5.0,7.0,7.6,143,1,"IS Bindra Stadium, Mohali",Punjab Kings,15,45.599999999999994,228,0.5999999999999996,2010-03-13,2009/10
419109,2,15,6,Kolkata Knight Riders,Royal Challengers Bangalore,116,2,8,20,30.0,5.0,7.733333333333333,4.0,136,1,"Eden Gardens, Kolkata",Kolkata Knight Riders,15,32.0,160,-3.7333333333333334,2010-03-14,2009/10
419110,2,15,6,Chennai Super Kings,Sunrisers Hyderabad,108,6,4,83,30.0,5.0,7.2,16.6,191,0,"MA Chidambaram Stadium, Chennai",Chennai Super Kings,15,66.4,332,9.400000000000002,2010-03-14,2009/10
419111,2,15,6,Delhi Capitals,Rajasthan Royals,131,4,6,11,30.0,5.0,8.733333333333333,2.2,142,1,"Narendra Modi Stadium, Ahmedabad",,15,13.200000000000001,66,-6.533333333333332,2010-03-15,2009/10
419112,2,15,6,Royal Challengers Bangalore,Punjab Kings,149,2,8,55,30.0,5.0,9.933333333333334,11.0,204,1,"M Chinnaswamy Stadium, Bengaluru",Royal Challengers Bangalore,15,88.0,440,1.0666666666666664,2010-03-16,2009/10
419113,2,15,6,Kolkata Knight Riders,Chennai Super Kings,90,9,1,75,30.0,5.0,6.0,15.0,165,0,"Eden Gardens, Kolkata",Kolkata Knight Riders,15,15.0,75,9.0,2010-03-16,2009/10
419114,2,15,7,Delhi Capitals,Mumbai Indians,119,8,2,100,30.0,5.0,7.933333333333334,20.0,219,0,"Arun Jaitley Stadium, Delhi",Delhi Capitals,15,40.0,200,12.066666666666666,2010-03-17,2009/10
419116,2,15,7,Chennai Super Kings,Delhi Capitals,153,3,7,33,30.0,5.0,10.2,6.6,186,1,"Arun Jaitley Stadium, Delhi",Delhi Capitals,15,46.199999999999996,231,-3.5999999999999996,2010-03-19,2009/10
419117,2,15,7,Punjab Kings,Sunrisers Hyderabad,98,6,4,73,30.0,5.0,6.533333333333333,14.6,171,0,Barabati Stadium,,15,58.4,292,8.066666666666666,2010-03-19,2009/10
419118,2,15,6,Kolkata Knight Riders,Rajasthan Royals,99,3,7,70,30.0,5.0,6.6,14.0,169,0,"Narendra Modi Stadium, Ahmedabad",,15,98.0,490,7.4,2010-03-20,2009/10
419119,2,15,6,Royal Challengers Bangalore,Mumbai Indians,117,2,8,35,30.0,5.0,7.8,7.0,152,1,"Brabourne Stadium, Mumbai",Mumbai Indians,15,56.0,280,-0.7999999999999998,2010-03-20,2009/10
419120,2,15,6,Delhi Capitals,Sunrisers Hyderabad,116,4,6,56,30.0,5.0,7.733333333333333,11.2,172,0,Barabati Stadium,,15,67.19999999999999,336,3.466666666666666,2010-03-21,2009/10
419121,2,15,6,Chennai Super Kings,Punjab Kings,109,4,6,28,30.0,5.0,7.266666666666667,5.6,137,0,"MA Chidambaram Stadium, Chennai",Chennai Super Kings,15,33.599999999999994,168,-1.666666666666667,2010-03-21,2009/10
419122,2,15,6,Mumbai Indians,Kolkata Knight Riders,122,2,8,34,30.0,5.0,8.133333333333333,6.8,156,1,"Brabourne Stadium, Mumbai",Mumbai Indians,15,54.4,272,-1.333333333333333,2010-03-22,2009/10
419123,2,15,6,Chennai Super Kings,Royal Challengers Bangalore,95,5,5,77,30.0,5.0,6.333333333333333,15.4,172,0,"M Chinnaswamy Stadium, Bengaluru",Royal Challengers Bangalore,15,77.0,385,9.066666666666666,2010-03-23,2009/10
419124,2,15,6,Punjab Kings,Rajasthan Royals,127,6,4,57,30.0,5.0,8.466666666666667,11.4,184,0,"IS Bindra Stadium, Mohali",Punjab Kings,15,45.6,228,2.9333333333333336,2010-03-24,2009/10
419125,2,15,6,Mumbai Indians,Chennai Super Kings,133,3,7,48,30.0,5.0,8.866666666666667,9.6,181,1,"Brabourne Stadium, Mumbai",Mumbai Indians,15,67.2,336,0.7333333333333325,2010-03-25,2009/10
419126,2,15,6,Rajasthan Royals,Sunrisers Hyderabad,139,2,8,10,30.0,5.0,9.266666666666667,2.0,149,1,"Narendra Modi Stadium, Ahmedabad",,15,16.0,80,-7.2666666666666675,2010-03-26,2009/10
419127,2,15,6,Punjab Kings,Kolkata Knight Riders,102,5,5,82,30.0,5.0,6.8,16.4,184,0,"IS Bindra Stadium, Mohali",Punjab Kings,15,82.0,410,9.599999999999998,2010-03-27,2009/10
419128,2,15,6,Royal Challengers Bangalore,Delhi Capitals,121,5,5,63,30.0,5.0,8.066666666666666,12.6,184,0,"M Chinnaswamy Stadium, Bengaluru",Royal Challengers Bangalore,15,63.0,315,4.533333333333333,2010-03-25,2009/10
419129,2,15,7,Chennai Super Kings,Rajasthan Royals,119,3,7,59,30.0,5.0,7.933333333333334,11.8,178,0,"Narendra Modi Stadium, Ahmedabad",,15,82.60000000000001,413,3.866666666666667,2010-03-28,2009/10
419130,2,15,6,Sunrisers Hyderabad,Mumbai Indians,122,7,3,51,30.0,5.0,8.133333333333333,10.2,173,0,"Dr DY Patil Sports Academy, Navi Mumbai",Mumbai Indians,15,30.599999999999998,153,2.0666666666666664,2010-03-28,2009/10
419131,2,15,6,Kolkata Knight Riders,Delhi Capitals,98,5,5,80,30.0,5.0,6.533333333333333,16.0,178,0,"Arun Jaitley Stadium, Delhi",Delhi Capitals,15,80.0,400,9.466666666666667,2010-03-29,2009/10
419132,2,15,6,Mumbai Indians,Punjab Kings,118,3,7,46,30.0,5.0,7.866666666666666,9.2,164,1,"Brabourne Stadium, Mumbai",Mumbai Indians,15,64.39999999999999,322,1.333333333333333,2010-03-30,2009/10
419133,2,15,6,Chennai Super Kings,Royal Challengers Bangalore,125,2,8,37,30.0,5.0,8.333333333333334,7.4,162,1,"MA Chidambaram Stadium, Chennai",Chennai Super Kings,15,59.2,296,-0.9333333333333336,2010-03-31,2009/10
419134,2,15,6,Rajasthan Royals,Delhi Capitals,107,8,2,82,30.0,5.0,7.133333333333334,16.4,189,0,"Arun Jaitley Stadium, Delhi",Delhi Capitals,15,32.8,164,9.266666666666666,2010-03-31,2009/10
419135,2,15,7,Sunrisers Hyderabad,Kolkata Knight Riders,125,3,7,57,30.0,5.0,8.333333333333334,11.4,182,0,"Eden Gardens, Kolkata",Kolkata Knight Riders,15,79.8,399,3.0666666666666664,2010-04-01,2009/10
419136,2,15,6,Royal Challengers Bangalore,Punjab Kings,122,2,8,60,30.0,5.0,8.133333333333333,12.0,182,1,"IS Bindra Stadium, Mohali",Punjab Kings,15,96.0,480,3.866666666666667,2010-04-02,2009/10
419137,2,15,6,Rajasthan Royals,Chennai Super Kings,175,2,8,72,30.0,5.0,11.666666666666666,14.4,247,0,"MA Chidambaram Stadium, Chennai",Chennai Super Kings,15,115.2,576,2.7333333333333343,2010-04-03,2009/10
419138,2,15,6,Sunrisers Hyderabad,Mumbai Indians,98,6,4,81,30.0,5.0,6.533333333333333,16.2,179,0,"Brabourne Stadium, Mumbai",Mumbai Indians,15,64.8,324,9.666666666666666,2010-04-03,2009/10
419139,2,15,6,Punjab Kings,Kolkata Knight Riders,156,2,8,45,30.0,5.0,10.4,9.0,201,1,"Eden Gardens, Kolkata",Kolkata Knight Riders,15,72.0,360,-1.4000000000000004,2010-04-04,2009/10
419140,2,15,6,Royal Challengers Bangalore,Delhi Capitals,111,4,6,74,30.0,5.0,7.4,14.8,185,0,"Arun Jaitley Stadium, Delhi",Delhi Capitals,15,88.80000000000001,444,7.4,2010-04-04,2009/10
419141,2,15,6,Sunrisers Hyderabad,Rajasthan Royals,118,4,6,42,30.0,5.0,7.866666666666666,8.4,160,0,"Vidarbha Cricket Association Stadium, Jamtha",,15,50.400000000000006,252,0.5333333333333341,2010-04-05,2009/10
419142,2,15,6,Mumbai Indians,Chennai Super Kings,92,7,3,74,30.0,5.0,6.133333333333334,14.8,166,0,"MA Chidambaram Stadium, Chennai",Chennai Super Kings,15,44.400000000000006,222,8.666666666666668,2010-04-06,2009/10
419143,2,15,7,Rajasthan Royals,Punjab Kings,157,1,9,0,30.0,5.0,10.466666666666669,0.0,154,1,"Sawai Mansingh Stadium, Jaipur",Rajasthan Royals,15,0.0,0,-10.466666666666669,2010-04-07,2009/10
419144,2,15,6,Delhi Capitals,Kolkata Knight Riders,135,4,6,47,30.0,5.0,9.0,9.4,182,0,"Eden Gardens, Kolkata",Kolkata Knight Riders,15,56.400000000000006,282,0.40000000000000036,2010-04-07,2009/10
419145,2,15,6,Sunrisers Hyderabad,Royal Challengers Bangalore,125,3,7,60,30.0,5.0,8.333333333333334,12.0,185,1,"M Chinnaswamy Stadium, Bengaluru",Royal Challengers Bangalore,15,84.0,420,3.666666666666666,2010-04-08,2009/10
419146,2,15,6,Punjab Kings,Mumbai Indians,116,2,8,39,30.0,5.0,7.733333333333333,7.8,155,1,"IS Bindra Stadium, Mohali",Punjab Kings,15,62.4,312,0.06666666666666643,2010-04-09,2009/10
419147,2,15,6,Sunrisers Hyderabad,Chennai Super Kings,102,3,7,37,30.0,5.0,6.8,7.4,139,1,"Vidarbha Cricket Association Stadium, Jamtha",,15,51.800000000000004,259,0.6000000000000005,2010-04-10,2009/10
419148,2,15,6,Royal Challengers Bangalore,Kolkata Knight Riders,120,3,7,41,30.0,5.0,8.0,8.2,161,1,"M Chinnaswamy Stadium, Bengaluru",Royal Challengers Bangalore,15,57.39999999999999,287,0.1999999999999993,2010-04-10,2009/10
419149,2,15,6,Punjab Kings,Delhi Capitals,88,2,8,24,30.0,5.0,5.866666666666666,4.8,112,1,"Arun Jaitley Stadium, Delhi",Delhi Capitals,15,38.4,192,-1.0666666666666664,2010-04-11,2009/10
419150,2,15,6,Rajasthan Royals,Mumbai Indians,89,7,3,86,30.0,5.0,5.933333333333334,17.2,175,0,"Sawai Mansingh Stadium, Jaipur",Rajasthan Royals,15,51.599999999999994,258,11.266666666666666,2010-04-11,2009/10
419151,2,15,6,Royal Challengers Bangalore,Sunrisers Hyderabad,102,4,6,50,30.0,5.0,6.8,10.0,152,0,"Vidarbha Cricket Association Stadium, Jamtha",,15,60.0,300,3.2,2010-04-12,2009/10
419152,2,15,6,Delhi Capitals,Mumbai Indians,108,6,4,76,30.0,5.0,7.2,15.2,184,0,"Brabourne Stadium, Mumbai",Mumbai Indians,15,60.8,304,7.999999999999999,2010-04-13,2009/10
419154,2,15,6,Royal Challengers Bangalore,Rajasthan Royals,124,5,5,7,30.0,5.0,8.266666666666667,1.4,131,1,"Sawai Mansingh Stadium, Jaipur",Rajasthan Royals,15,7.0,35,-6.866666666666667,2010-04-14,2009/10
419155,2,15,6,Delhi Capitals,Chennai Super Kings,80,4,6,33,30.0,5.0,5.333333333333333,6.6,113,1,"MA Chidambaram Stadium, Chennai",Chennai Super Kings,15,39.599999999999994,198,1.2666666666666666,2010-04-15,2009/10
419156,2,15,8,Sunrisers Hyderabad,Punjab Kings,131,4,6,44,30.0,5.0,8.733333333333333,8.8,175,1,"HPCA Stadium, Dharamsala",Punjab Kings,15,52.800000000000004,264,0.0666666666666682,2010-04-16,2009/10
419157,2,15,6,Royal Challengers Bangalore,Mumbai Indians,98,6,4,94,30.0,5.0,6.533333333333333,18.8,192,0,"M Chinnaswamy Stadium, Bengaluru",Royal Challengers Bangalore,15,75.2,376,12.266666666666667,2010-04-17,2009/10
419158,2,15,6,Kolkata Knight Riders,Rajasthan Royals,118,2,8,15,30.0,5.0,7.866666666666666,3.0,133,1,"Eden Gardens, Kolkata",Kolkata Knight Riders,15,24.0,120,-4.866666666666666,2010-04-17,2009/10
419159,2,15,6,Chennai Super Kings,Punjab Kings,130,3,7,63,30.0,5.0,8.666666666666666,12.6,193,1,"HPCA Stadium, Dharamsala",Punjab Kings,15,88.2,441,3.9333333333333336,2010-04-18,2009/10
419160,2,15,6,Delhi Capitals,Sunrisers Hyderabad,86,6,4,60,30.0,5.0,5.733333333333333,12.0,146,0,"Arun Jaitley Stadium, Delhi",Delhi Capitals,15,48.0,240,6.266666666666667,2010-04-18,2009/10
419161,2,15,6,Kolkata Knight Riders,Mumbai Indians,107,1,9,27,30.0,5.0,7.133333333333334,5.4,134,1,"Eden Gardens, Kolkata",Kolkata Knight Riders,15,48.6,243,-1.7333333333333334,2010-04-19,2009/10
419162,2,15,6,Royal Challengers Bangalore,Mumbai Indians,118,7,3,67,30.0,5.0,7.866666666666666,13.4,185,0,"Dr DY Patil Sports Academy, Navi Mumbai",Mumbai Indians,15,40.2,201,5.533333333333334,2010-04-21,2009/10
419163,2,15,7,Sunrisers Hyderabad,Chennai Super Kings,81,5,5,62,30.0,5.0,5.4,12.4,143,0,"Dr DY Patil Sports Academy, Navi Mumbai",,15,62.0,310,7.0,2010-04-22,2009/10
419165,2,15,6,Mumbai Indians,Chennai Super Kings,101,5,5,68,30.0,5.0,6.733333333333333,13.6,169,0,"Dr DY Patil Sports Academy, Navi Mumbai",Mumbai Indians,15,68.0,340,6.866666666666666,2010-04-25,2009/10
501198,2,15,7,Kolkata Knight Riders,Chennai Super Kings,111,2,8,43,30.0,5.0,7.4,8.6,154,0,"MA Chidambaram Stadium, Chennai",Chennai Super Kings,15,68.8,344,1.1999999999999993,2011-04-08,2011
501199,2,15,6,Rajasthan Royals,Sunrisers Hyderabad,93,2,8,45,30.0,5.0,6.2,9.0,138,1,"Rajiv Gandhi International Stadium, Hyderabad",Sunrisers Hyderabad,15,72.0,360,2.8,2011-04-09,2011
501200,2,15,7,Royal Challengers Bangalore,Kochi Tuskers Kerala,118,3,7,44,30.0,5.0,7.866666666666666,8.8,162,1,Nehru Stadium,,15,61.60000000000001,308,0.9333333333333345,2011-04-09,2011
501201,2,15,6,Mumbai Indians,Delhi Capitals,85,2,8,11,30.0,5.0,5.666666666666667,2.2,96,1,"Arun Jaitley Stadium, Delhi",Delhi Capitals,15,17.6,88,-3.466666666666667,2011-04-10,2011
501203,2,15,6,Sunrisers Hyderabad,Kolkata Knight Riders,101,5,5,63,30.0,5.0,6.733333333333333,12.6,164,0,"Eden Gardens, Kolkata",Kolkata Knight Riders,15,63.0,315,5.866666666666666,2011-04-11,2011
501204,2,15,6,Rajasthan Royals,Delhi Capitals,121,3,7,31,30.0,5.0,8.066666666666666,6.2,152,1,"Sawai Mansingh Stadium, Jaipur",Rajasthan Royals,15,43.4,217,-1.8666666666666663,2011-04-12,2011
501205,2,15,6,Mumbai Indians,Royal Challengers Bangalore,116,1,9,25,30.0,5.0,7.733333333333333,5.0,141,1,"M Chinnaswamy Stadium, Bengaluru",Royal Challengers Bangalore,15,45.0,225,-2.7333333333333334,2011-04-12,2011
501206,2,15,6,Punjab Kings,Chennai Super Kings,138,4,6,51,30.0,5.0,9.2,10.2,189,1,"IS Bindra Stadium, Mohali",Punjab Kings,15,61.199999999999996,306,1.0,2011-04-13,2011
501207,2,15,7,Pune Warriors,Kochi Tuskers Kerala,115,5,5,34,30.0,5.0,7.666666666666667,6.8,149,1,"Dr DY Patil Sports Academy, Navi Mumbai",,15,34.0,170,-0.8666666666666671,2011-04-13,2011
501208,2,15,6,Royal Challengers Bangalore,Sunrisers Hyderabad,92,5,5,84,30.0,5.0,6.133333333333334,16.8,176,0,"Rajiv Gandhi International Stadium, Hyderabad",Sunrisers Hyderabad,15,84.0,420,10.666666666666668,2011-04-14,2011
501209,2,15,7,Kolkata Knight Riders,Rajasthan Royals,130,1,9,30,30.0,5.0,8.666666666666666,6.0,160,1,"Sawai Mansingh Stadium, Jaipur",Rajasthan Royals,15,54.0,270,-2.666666666666666,2011-04-15,2011
501210,2,15,6,Kochi Tuskers Kerala,Mumbai Indians,134,1,9,49,30.0,5.0,8.933333333333334,9.8,183,1,"Wankhede Stadium, Mumbai",Mumbai Indians,15,88.2,441,0.8666666666666671,2011-04-15,2011
501211,2,15,6,Royal Challengers Bangalore,Chennai Super Kings,112,5,5,72,30.0,5.0,7.466666666666667,14.4,184,0,"MA Chidambaram Stadium, Chennai",Chennai Super Kings,15,72.0,360,6.933333333333334,2011-04-16,2011
501212,2,15,6,Punjab Kings,Sunrisers Hyderabad,139,1,9,27,30.0,5.0,9.266666666666667,5.4,166,1,"Rajiv Gandhi International Stadium, Hyderabad",Sunrisers Hyderabad,15,48.6,243,-3.866666666666667,2011-04-16,2011
501213,2,15,6,Delhi Capitals,Pune Warriors,128,5,5,60,30.0,5.0,8.533333333333333,12.0,188,1,"Dr DY Patil Sports Academy, Navi Mumbai",,15,60.0,300,3.466666666666667,2011-04-17,2011
501215,2,15,6,Kochi Tuskers Kerala,Chennai Super Kings,135,3,7,0,30.0,5.0,9.0,0.0,132,1,Nehru Stadium,,15,0.0,0,-9.0,2011-04-18,2011
501216,2,15,6,Delhi Capitals,Sunrisers Hyderabad,107,5,5,62,30.0,5.0,7.133333333333334,12.4,169,0,"Arun Jaitley Stadium, Delhi",Delhi Capitals,15,62.0,310,5.266666666666667,2011-04-19,2011
501218,2,15,6,Mumbai Indians,Pune Warriors,89,3,7,30,30.0,5.0,5.933333333333334,6.0,119,1,"Wankhede Stadium, Mumbai",Mumbai Indians,15,42.0,210,0.06666666666666643,2011-04-20,2011
501219,2,15,6,Kolkata Knight Riders,Kochi Tuskers Kerala,86,5,5,47,30.0,5.0,5.733333333333333,9.4,133,0,"Eden Gardens, Kolkata",Kolkata Knight Riders,15,47.0,235,3.666666666666667,2011-04-20,2011
501220,2,15,6,Rajasthan Royals,Punjab Kings,113,5,5,83,30.0,5.0,7.533333333333333,16.6,196,0,"IS Bindra Stadium, Mohali",Punjab Kings,15,83.0,415,9.066666666666668,2011-04-21,2011
501221,2,15,7,Chennai Super Kings,Mumbai Indians,119,4,6,46,30.0,5.0,7.933333333333334,9.2,165,0,"Wankhede Stadium, Mumbai",Mumbai Indians,15,55.199999999999996,276,1.2666666666666657,2011-04-22,2011
501222,2,15,7,Royal Challengers Bangalore,Kolkata Knight Riders,152,1,9,20,30.0,5.0,10.133333333333333,4.0,172,1,"Eden Gardens, Kolkata",Kolkata Knight Riders,15,36.0,180,-6.133333333333333,2011-04-22,2011
501223,2,15,6,Punjab Kings,Delhi Capitals,147,3,7,85,30.0,5.0,9.8,17.0,232,0,"Arun Jaitley Stadium, Delhi",Delhi Capitals,15,119.0,595,7.199999999999999,2011-04-23,2011
501224,2,15,6,Sunrisers Hyderabad,Mumbai Indians,100,6,4,73,30.0,5.0,6.666666666666667,14.6,173,0,"Rajiv Gandhi International Stadium, Hyderabad",Sunrisers Hyderabad,15,58.4,292,7.933333333333333,2011-04-24,2011
501225,2,15,1,Rajasthan Royals,Kochi Tuskers Kerala,111,2,8,0,35.0,5.833333333333333,7.835294117647059,0.0,110,1,"Sawai Mansingh Stadium, Jaipur",Rajasthan Royals,15,0.0,0,-7.835294117647059,2011-04-24,2011
501226,2,15,6,Pune Warriors,Chennai Super Kings,93,5,5,50,30.0,5.0,6.2,10.0,143,0,"MA Chidambaram Stadium, Chennai",Chennai Super Kings,15,50.0,250,3.8,2011-04-25,2011
501227,2,15,6,Royal Challengers Bangalore,Delhi Capitals,117,5,5,44,30.0,5.0,7.8,8.8,161,1,"Arun Jaitley Stadium, Delhi",Delhi Capitals,15,44.0,220,1.0000000000000009,2011-04-26,2011
501228,2,15,6,Chennai Super Kings,Pune Warriors,104,2,8,38,30.0,5.0,6.933333333333334,7.6,142,1,"Dr DY Patil Sports Academy, Navi Mumbai",,15,60.8,304,0.6666666666666661,2011-04-27,2011
501229,2,15,6,Kochi Tuskers Kerala,Sunrisers Hyderabad,73,7,3,57,30.0,5.0,4.866666666666666,11.4,130,0,Nehru Stadium,,15,34.2,171,6.533333333333334,2011-04-27,2011
501230,2,15,6,Delhi Capitals,Kolkata Knight Riders,86,6,4,63,30.0,5.0,5.733333333333333,12.6,149,0,"Arun Jaitley Stadium, Delhi",Delhi Capitals,15,50.4,252,6.866666666666666,2011-04-28,2011
501231,2,15,6,Rajasthan Royals,Mumbai Indians,73,2,8,22,30.0,5.0,4.866666666666666,4.4,95,1,"Sawai Mansingh Stadium, Jaipur",Rajasthan Royals,15,35.2,176,-0.4666666666666659,2011-04-29,2011
501232,2,15,6,Pune Warriors,Royal Challengers Bangalore,108,3,7,74,30.0,5.0,7.2,14.8,182,0,"M Chinnaswamy Stadium, Bengaluru",Royal Challengers Bangalore,15,103.60000000000001,518,7.6000000000000005,2011-04-29,2011
501233,2,15,6,Kochi Tuskers Kerala,Delhi Capitals,92,5,5,66,30.0,5.0,6.133333333333334,13.2,158,0,Nehru Stadium,,15,66.0,330,7.0666666666666655,2011-04-30,2011
501234,2,15,6,Kolkata Knight Riders,Punjab Kings,102,2,8,18,30.0,5.0,6.8,3.6,120,1,"Eden Gardens, Kolkata",Kolkata Knight Riders,15,28.8,144,-3.1999999999999997,2011-04-30,2011
501235,2,15,6,Rajasthan Royals,Pune Warriors,92,4,6,52,30.0,5.0,6.133333333333334,10.4,144,1,"Sawai Mansingh Stadium, Jaipur",Rajasthan Royals,15,62.400000000000006,312,4.266666666666667,2011-05-01,2011
501236,2,15,6,Sunrisers Hyderabad,Chennai Super Kings,118,3,7,48,30.0,5.0,7.866666666666666,9.6,166,0,"MA Chidambaram Stadium, Chennai",Chennai Super Kings,15,67.2,336,1.7333333333333334,2011-05-01,2011
501237,2,15,6,Punjab Kings,Mumbai Indians,101,4,6,59,30.0,5.0,6.733333333333333,11.8,160,0,"Wankhede Stadium, Mumbai",Mumbai Indians,15,70.80000000000001,354,5.066666666666667,2011-05-02,2011
501238,2,15,6,Kochi Tuskers Kerala,Delhi Capitals,141,3,7,0,30.0,5.0,9.4,0.0,141,1,"Arun Jaitley Stadium, Delhi",Delhi Capitals,15,0.0,0,-9.4,2011-05-02,2011
501239,2,15,6,Sunrisers Hyderabad,Kolkata Knight Riders,108,4,6,62,30.0,5.0,7.2,12.4,170,0,"Rajiv Gandhi International Stadium, Hyderabad",Sunrisers Hyderabad,15,74.4,372,5.2,2011-05-03,2011
501240,2,15,6,Chennai Super Kings,Rajasthan Royals,118,1,9,30,30.0,5.0,7.866666666666666,6.0,148,1,"MA Chidambaram Stadium, Chennai",Chennai Super Kings,15,54.0,270,-1.8666666666666663,2011-05-04,2011
501241,2,15,7,Pune Warriors,Mumbai Indians,90,4,6,71,30.0,5.0,6.0,14.2,161,0,"Dr DY Patil Sports Academy, Navi Mumbai",Mumbai Indians,15,85.19999999999999,426,8.2,2011-05-04,2011
501242,2,15,6,Kolkata Knight Riders,Kochi Tuskers Kerala,100,3,7,57,30.0,5.0,6.666666666666667,11.4,157,0,Nehru Stadium,,15,79.8,399,4.733333333333333,2011-05-05,2011
501243,2,15,6,Delhi Capitals,Sunrisers Hyderabad,149,4,6,27,30.0,5.0,9.933333333333334,5.4,176,1,"Rajiv Gandhi International Stadium, Hyderabad",Sunrisers Hyderabad,15,32.400000000000006,162,-4.533333333333333,2011-05-05,2011
501244,2,15,7,Punjab Kings,Royal Challengers Bangalore,89,7,3,117,30.0,5.0,5.933333333333334,23.4,206,0,"M Chinnaswamy Stadium, Bengaluru",Royal Challengers Bangalore,15,70.19999999999999,351,17.466666666666665,2011-05-06,2011
501246,2,15,7,Delhi Capitals,Mumbai Indians,99,5,5,80,30.0,5.0,6.6,16.0,179,0,"Wankhede Stadium, Mumbai",Mumbai Indians,15,80.0,400,9.4,2011-05-07,2011
501248,2,15,7,Pune Warriors,Punjab Kings,114,3,7,6,30.0,5.0,7.6,1.2,120,1,"IS Bindra Stadium, Mohali",Punjab Kings,15,8.4,42,-6.3999999999999995,2011-05-08,2011
501249,2,15,6,Rajasthan Royals,Chennai Super Kings,114,5,5,83,30.0,5.0,7.6,16.6,197,0,"Sawai Mansingh Stadium, Jaipur",Rajasthan Royals,15,83.0,415,9.000000000000002,2011-05-09,2011
501250,2,15,6,Pune Warriors,Sunrisers Hyderabad,112,3,7,25,30.0,5.0,7.466666666666667,5.0,137,1,"Rajiv Gandhi International Stadium, Hyderabad",Sunrisers Hyderabad,15,35.0,175,-2.466666666666667,2011-05-10,2011
501252,2,15,6,Royal Challengers Bangalore,Rajasthan Royals,126,1,9,21,30.0,5.0,8.4,4.2,147,1,"Sawai Mansingh Stadium, Jaipur",Rajasthan Royals,15,37.800000000000004,189,-4.2,2011-05-11,2011
501253,2,15,7,Delhi Capitals,Chennai Super Kings,107,3,7,70,30.0,5.0,7.133333333333334,14.0,177,0,"MA Chidambaram Stadium, Chennai",Chennai Super Kings,15,98.0,490,6.866666666666666,2011-05-12,2011
501254,2,15,6,Punjab Kings,Kochi Tuskers Kerala,145,4,6,34,30.0,5.0,9.666666666666666,6.8,179,1,"Holkar Cricket Stadium, Indore",Punjab Kings,15,40.8,204,-2.8666666666666663,2011-05-13,2011
501256,2,15,6,Mumbai Indians,Sunrisers Hyderabad,76,4,6,60,30.0,5.0,5.066666666666666,12.0,136,0,"Wankhede Stadium, Mumbai",Mumbai Indians,15,72.0,360,6.933333333333334,2011-05-14,2011
501257,2,15,6,Delhi Capitals,Punjab Kings,97,5,5,74,30.0,5.0,6.466666666666667,14.8,171,0,"HPCA Stadium, Dharamsala",Punjab Kings,15,74.0,370,8.333333333333334,2011-05-15,2011
501259,2,15,6,Sunrisers Hyderabad,Pune Warriors,108,2,8,29,30.0,5.0,7.2,5.8,137,1,"Dr DY Patil Sports Academy, Navi Mumbai",,15,46.4,232,-1.4000000000000004,2011-05-16,2011
501260,2,15,6,Royal Challengers Bangalore,Punjab Kings,97,8,2,136,30.0,5.0,6.466666666666667,27.2,233,0,"HPCA Stadium, Dharamsala",Punjab Kings,15,54.4,272,20.733333333333334,2011-05-17,2011
501261,2,15,6,Kochi Tuskers Kerala,Chennai Super Kings,90,3,7,63,30.0,5.0,6.0,12.6,153,0,"MA Chidambaram Stadium, Chennai",Chennai Super Kings,15,88.2,441,6.6,2011-05-18,2011
501262,2,15,6,Kolkata Knight Riders,Pune Warriors,114,2,8,5,30.0,5.0,7.6,1.0,119,1,"Dr DY Patil Sports Academy, Navi Mumbai",,15,8.0,40,-6.6,2011-05-19,2011
501264,2,15,6,Punjab Kings,Sunrisers Hyderabad,99,5,5,100,30.0,5.0,6.6,20.0,199,0,"HPCA Stadium, Dharamsala",Punjab Kings,15,100.0,500,13.4,2011-05-21,2011
501266,2,15,6,Royal Challengers Bangalore,Chennai Super Kings,104,2,8,25,30.0,5.0,6.933333333333334,5.0,129,1,"M Chinnaswamy Stadium, Bengaluru",Royal Challengers Bangalore,15,40.0,200,-1.9333333333333336,2011-05-22,2011
501267,2,15,6,Mumbai Indians,Kolkata Knight Riders,110,4,6,66,30.0,5.0,7.333333333333333,13.2,176,1,"Eden Gardens, Kolkata",Kolkata Knight Riders,15,79.19999999999999,396,5.866666666666666,2011-05-22,2011
501268,2,15,6,Chennai Super Kings,Royal Challengers Bangalore,110,3,7,66,30.0,5.0,7.333333333333333,13.2,176,1,"Wankhede Stadium, Mumbai",,15,92.39999999999999,462,5.866666666666666,2011-05-24,2011
501269,2,15,7,Mumbai Indians,Kolkata Knight Riders,120,4,6,28,30.0,5.0,8.0,5.6,148,1,"Wankhede Stadium, Mumbai",Mumbai Indians,15,33.599999999999994,168,-2.4000000000000004,2011-05-25,2011
501270,2,15,6,Mumbai Indians,Royal Challengers Bangalore,103,7,3,83,30.0,5.0,6.866666666666666,16.6,186,0,"MA Chidambaram Stadium, Chennai",,15,49.800000000000004,249,9.733333333333334,2011-05-27,2011
501271,2,15,6,Royal Challengers Bangalore,Chennai Super Kings,107,7,3,99,30.0,5.0,7.133333333333334,19.8,206,0,"MA Chidambaram Stadium, Chennai",Chennai Super Kings,15,59.400000000000006,297,12.666666666666668,2011-05-28,2011
548306,2,15,6,Mumbai Indians,Chennai Super Kings,100,3,7,13,30.0,5.0,6.666666666666667,2.6,113,1,"MA Chidambaram Stadium, Chennai",Chennai Super Kings,15,18.2,91,-4.066666666666666,2012-04-04,2012
548308,2,15,6,Mumbai Indians,Pune Warriors,74,5,5,56,30.0,5.0,4.933333333333334,11.2,130,0,"Wankhede Stadium, Mumbai",Mumbai Indians,15,56.0,280,6.266666666666666,2012-04-06,2012
548309,2,15,6,Punjab Kings,Rajasthan Royals,117,5,5,75,30.0,5.0,7.8,15.0,192,0,"Sawai Mansingh Stadium, Jaipur",Rajasthan Royals,15,75.0,375,7.2,2012-04-06,2012
548310,2,15,6,Delhi Capitals,Royal Challengers Bangalore,91,5,5,67,30.0,5.0,6.066666666666666,13.4,158,0,"M Chinnaswamy Stadium, Bengaluru",Royal Challengers Bangalore,15,67.0,335,7.333333333333334,2012-04-07,2012
548311,2,15,6,Sunrisers Hyderabad,Chennai Super Kings,101,8,2,93,30.0,5.0,6.733333333333333,18.6,194,0,Dr. Y.S. Rajasekhara Reddy ACA-VDCA Cricket Stadium,,15,37.2,186,11.866666666666667,2012-04-07,2012
548312,2,15,6,Kolkata Knight Riders,Rajasthan Royals,94,7,3,71,30.0,5.0,6.266666666666667,14.2,165,0,"Sawai Mansingh Stadium, Jaipur",Rajasthan Royals,15,42.599999999999994,213,7.933333333333333,2012-04-08,2012
548313,2,15,6,Punjab Kings,Pune Warriors,99,5,5,68,30.0,5.0,6.6,13.6,167,0,Subrata Roy Sahara Stadium,Pune Warriors,15,68.0,340,7.0,2012-04-08,2012
548314,2,15,6,Mumbai Indians,Sunrisers Hyderabad,85,3,7,54,30.0,5.0,5.666666666666667,10.8,139,1,Dr. Y.S. Rajasekhara Reddy ACA-VDCA Cricket Stadium,,15,75.60000000000001,378,5.133333333333334,2012-04-09,2012
548315,2,15,7,Royal Challengers Bangalore,Kolkata Knight Riders,81,7,3,85,30.0,5.0,5.4,17.0,166,0,"M Chinnaswamy Stadium, Bengaluru",Royal Challengers Bangalore,15,51.0,255,11.6,2012-04-10,2012
548317,2,15,6,Rajasthan Royals,Mumbai Indians,136,5,5,62,30.0,5.0,9.066666666666666,12.4,198,0,"Wankhede Stadium, Mumbai",Mumbai Indians,15,62.0,310,3.333333333333334,2012-04-11,2012
548318,2,15,6,Chennai Super Kings,Royal Challengers Bangalore,131,3,7,75,30.0,5.0,8.733333333333333,15.0,206,1,"MA Chidambaram Stadium, Chennai",Chennai Super Kings,15,105.0,525,6.2666666666666675,2012-04-12,2012
548319,2,15,6,Punjab Kings,Pune Warriors,88,3,7,28,30.0,5.0,5.866666666666666,5.6,116,1,"IS Bindra Stadium, Mohali",Punjab Kings,15,39.199999999999996,196,-0.2666666666666666,2012-04-12,2012
548320,2,15,6,Kolkata Knight Riders,Rajasthan Royals,95,3,7,37,30.0,5.0,6.333333333333333,7.4,132,1,"Eden Gardens, Kolkata",Kolkata Knight Riders,15,51.800000000000004,259,1.0666666666666673,2012-04-13,2012
548321,2,15,6,Delhi Capitals,Sunrisers Hyderabad,115,5,5,43,30.0,5.0,7.666666666666667,8.6,158,1,"Arun Jaitley Stadium, Delhi",Delhi Capitals,15,43.0,215,0.9333333333333327,2012-04-19,2012
548322,2,15,6,Pune Warriors,Chennai Super Kings,106,3,7,50,30.0,5.0,7.066666666666666,10.0,156,1,Subrata Roy Sahara Stadium,Pune Warriors,15,70.0,350,2.9333333333333336,2012-04-14,2012
548323,2,15,6,Kolkata Knight Riders,Punjab Kings,94,6,4,41,30.0,5.0,6.266666666666667,8.2,135,0,"Eden Gardens, Kolkata",Kolkata Knight Riders,15,32.8,164,1.9333333333333327,2012-04-15,2012
548324,2,15,6,Royal Challengers Bangalore,Rajasthan Royals,105,6,4,91,30.0,5.0,7.0,18.2,196,0,"M Chinnaswamy Stadium, Bengaluru",Royal Challengers Bangalore,15,72.8,364,11.2,2012-04-15,2012
548325,2,15,8,Delhi Capitals,Mumbai Indians,93,3,7,0,30.0,5.0,6.2,0.0,93,1,"Wankhede Stadium, Mumbai",Mumbai Indians,15,0.0,0,-6.2,2012-04-16,2012
548326,2,15,6,Rajasthan Royals,Sunrisers Hyderabad,134,3,7,63,30.0,5.0,8.933333333333334,12.6,197,1,"Sawai Mansingh Stadium, Jaipur",Rajasthan Royals,15,88.2,441,3.666666666666666,2012-04-17,2012
548327,2,15,6,Royal Challengers Bangalore,Pune Warriors,117,3,7,66,30.0,5.0,7.8,13.2,183,1,"M Chinnaswamy Stadium, Bengaluru",Royal Challengers Bangalore,15,92.39999999999999,462,5.3999999999999995,2012-04-17,2012
548328,2,15,6,Kolkata Knight Riders,Punjab Kings,107,2,8,18,30.0,5.0,7.133333333333334,3.6,125,1,"IS Bindra Stadium, Mohali",Punjab Kings,15,28.8,144,-3.5333333333333337,2012-04-18,2012
548329,2,15,6,Delhi Capitals,Sunrisers Hyderabad,167,1,9,21,30.0,5.0,11.133333333333333,4.2,188,1,"Rajiv Gandhi International Stadium, Hyderabad",Sunrisers Hyderabad,15,37.800000000000004,189,-6.933333333333333,2012-05-10,2012
548330,2,15,6,Pune Warriors,Chennai Super Kings,107,5,5,58,30.0,5.0,7.133333333333334,11.6,165,0,"MA Chidambaram Stadium, Chennai",Chennai Super Kings,15,58.0,290,4.466666666666666,2012-04-19,2012
548331,2,15,6,Royal Challengers Bangalore,Punjab Kings,116,3,7,48,30.0,5.0,7.733333333333333,9.6,164,1,"IS Bindra Stadium, Mohali",Punjab Kings,15,67.2,336,1.8666666666666663,2012-04-20,2012
548332,2,15,6,Chennai Super Kings,Rajasthan Royals,104,1,9,43,30.0,5.0,6.933333333333334,8.6,147,1,"MA Chidambaram Stadium, Chennai",Chennai Super Kings,15,77.39999999999999,387,1.666666666666666,2012-04-21,2012
548333,2,15,7,Delhi Capitals,Pune Warriors,131,5,5,62,30.0,5.0,8.733333333333333,12.4,193,0,"Arun Jaitley Stadium, Delhi",Delhi Capitals,15,62.0,310,3.666666666666668,2012-04-21,2012
548334,2,15,6,Punjab Kings,Mumbai Indians,119,2,8,45,30.0,5.0,7.933333333333334,9.0,164,1,"Wankhede Stadium, Mumbai",Mumbai Indians,15,72.0,360,1.0666666666666664,2012-04-22,2012
548335,2,15,6,Kolkata Knight Riders,Sunrisers Hyderabad,97,4,6,30,30.0,5.0,6.466666666666667,6.0,127,1,Barabati Stadium,,15,36.0,180,-0.4666666666666668,2012-04-22,2012
548336,2,15,7,Rajasthan Royals,Royal Challengers Bangalore,103,5,5,87,30.0,5.0,6.866666666666666,17.4,190,0,"Sawai Mansingh Stadium, Jaipur",Rajasthan Royals,15,87.0,435,10.533333333333331,2012-04-23,2012
548337,2,15,6,Delhi Capitals,Pune Warriors,134,2,8,13,30.0,5.0,8.933333333333334,2.6,147,1,Subrata Roy Sahara Stadium,Pune Warriors,15,20.8,104,-6.333333333333334,2012-04-24,2012
548339,2,15,6,Mumbai Indians,Punjab Kings,106,4,6,63,30.0,5.0,7.066666666666666,12.6,169,1,"IS Bindra Stadium, Mohali",Punjab Kings,15,75.6,378,5.533333333333333,2012-04-25,2012
548341,2,15,6,Pune Warriors,Sunrisers Hyderabad,101,5,5,77,30.0,5.0,6.733333333333333,15.4,178,0,Subrata Roy Sahara Stadium,Pune Warriors,15,77.0,385,8.666666666666668,2012-04-26,2012
548342,2,15,6,Mumbai Indians,Delhi Capitals,139,4,6,69,30.0,5.0,9.266666666666667,13.8,208,0,"Arun Jaitley Stadium, Delhi",Delhi Capitals,15,82.80000000000001,414,4.533333333333333,2012-04-27,2012
548343,2,15,7,Chennai Super Kings,Punjab Kings,99,6,4,58,30.0,5.0,6.6,11.6,157,0,"MA Chidambaram Stadium, Chennai",Chennai Super Kings,15,46.4,232,5.0,2012-04-28,2012
548344,2,15,6,Royal Challengers Bangalore,Kolkata Knight Riders,87,4,6,104,30.0,5.0,5.8,20.8,191,0,"Eden Gardens, Kolkata",Kolkata Knight Riders,15,124.80000000000001,624,15.0,2012-04-28,2012
548345,2,15,6,Rajasthan Royals,Delhi Capitals,108,1,9,45,30.0,5.0,7.2,9.0,153,0,"Arun Jaitley Stadium, Delhi",Delhi Capitals,15,81.0,405,1.7999999999999998,2012-04-29,2012
548346,2,15,6,Mumbai Indians,Sunrisers Hyderabad,77,4,6,24,30.0,5.0,5.133333333333334,4.8,101,1,"Wankhede Stadium, Mumbai",Mumbai Indians,15,28.799999999999997,144,-0.3333333333333339,2012-04-29,2012
548347,2,15,6,Kolkata Knight Riders,Chennai Super Kings,103,2,8,37,30.0,5.0,6.866666666666666,7.4,140,1,"MA Chidambaram Stadium, Chennai",Chennai Super Kings,15,59.2,296,0.5333333333333341,2012-04-30,2012
548348,2,15,6,Pune Warriors,Sunrisers Hyderabad,116,3,7,71,30.0,5.0,7.733333333333333,14.2,187,0,Barabati Stadium,,15,99.39999999999999,497,6.466666666666666,2012-05-01,2012
548349,2,15,6,Delhi Capitals,Rajasthan Royals,134,4,6,8,30.0,5.0,8.933333333333334,1.6,142,1,"Sawai Mansingh Stadium, Jaipur",Rajasthan Royals,15,9.600000000000001,48,-7.333333333333334,2012-05-01,2012
548350,2,15,6,Punjab Kings,Royal Challengers Bangalore,132,2,8,27,30.0,5.0,8.8,5.4,159,1,"M Chinnaswamy Stadium, Bengaluru",Royal Challengers Bangalore,15,43.2,216,-3.4000000000000004,2012-05-02,2012
548351,2,15,7,Pune Warriors,Mumbai Indians,76,4,6,45,30.0,5.0,5.066666666666666,9.0,121,0,Subrata Roy Sahara Stadium,Pune Warriors,15,54.0,270,3.9333333333333336,2012-05-03,2012
548352,2,15,6,Sunrisers Hyderabad,Chennai Super Kings,102,3,7,59,30.0,5.0,6.8,11.8,161,0,"MA Chidambaram Stadium, Chennai",Chennai Super Kings,15,82.60000000000001,413,5.000000000000001,2012-05-04,2012
548353,2,15,6,Pune Warriors,Kolkata Knight Riders,109,5,5,42,30.0,5.0,7.266666666666667,8.4,151,0,"Eden Gardens, Kolkata",Kolkata Knight Riders,15,42.0,210,1.1333333333333337,2012-05-05,2012
548354,2,15,6,Punjab Kings,Rajasthan Royals,97,5,5,81,30.0,5.0,6.466666666666667,16.2,178,0,"IS Bindra Stadium, Mohali",Punjab Kings,15,81.0,405,9.733333333333333,2012-05-05,2012
548355,2,15,6,Mumbai Indians,Chennai Super Kings,131,1,9,43,30.0,5.0,8.733333333333333,8.6,174,1,"Wankhede Stadium, Mumbai",Mumbai Indians,15,77.39999999999999,387,-0.13333333333333286,2012-05-06,2012
548356,2,15,7,Royal Challengers Bangalore,Sunrisers Hyderabad,113,3,7,69,30.0,5.0,7.533333333333333,13.8,182,1,"M Chinnaswamy Stadium, Bengaluru",Royal Challengers Bangalore,15,96.60000000000001,483,6.2666666666666675,2012-05-06,2012
548357,2,15,6,Kolkata Knight Riders,Delhi Capitals,128,1,9,26,30.0,5.0,8.533333333333333,5.2,154,1,"Arun Jaitley Stadium, Delhi",Delhi Capitals,15,46.800000000000004,234,-3.333333333333333,2012-05-07,2012
548358,2,15,6,Rajasthan Royals,Pune Warriors,112,3,7,14,30.0,5.0,7.466666666666667,2.8,126,1,Subrata Roy Sahara Stadium,Pune Warriors,15,19.599999999999998,98,-4.666666666666667,2012-05-08,2012
548359,2,15,7,Sunrisers Hyderabad,Punjab Kings,99,5,5,72,30.0,5.0,6.6,14.4,171,0,"Rajiv Gandhi International Stadium, Hyderabad",Sunrisers Hyderabad,15,72.0,360,7.800000000000001,2012-05-08,2012
548360,2,15,6,Royal Challengers Bangalore,Mumbai Indians,111,1,9,31,30.0,5.0,7.4,6.2,142,1,"Wankhede Stadium, Mumbai",Mumbai Indians,15,55.800000000000004,279,-1.2000000000000002,2012-05-09,2012
548361,2,15,6,Chennai Super Kings,Rajasthan Royals,77,4,6,50,30.0,5.0,5.133333333333334,10.0,127,1,"Sawai Mansingh Stadium, Jaipur",Rajasthan Royals,15,60.0,300,4.866666666666666,2012-05-10,2012
548362,2,15,6,Pune Warriors,Royal Challengers Bangalore,105,6,4,69,30.0,5.0,7.0,13.8,174,0,Subrata Roy Sahara Stadium,Pune Warriors,15,55.2,276,6.800000000000001,2012-05-11,2012
548363,2,15,7,Kolkata Knight Riders,Mumbai Indians,106,3,7,77,30.0,5.0,7.066666666666666,15.4,183,0,"Eden Gardens, Kolkata",Kolkata Knight Riders,15,107.8,539,8.333333333333334,2012-05-12,2012
548364,2,15,6,Chennai Super Kings,Delhi Capitals,112,1,9,3,30.0,5.0,7.466666666666667,0.6,115,1,"MA Chidambaram Stadium, Chennai",Chennai Super Kings,15,5.3999999999999995,27,-6.866666666666667,2012-05-12,2012
548365,2,15,6,Pune Warriors,Rajasthan Royals,97,6,4,74,30.0,5.0,6.466666666666667,14.8,171,0,"Sawai Mansingh Stadium, Jaipur",Rajasthan Royals,15,59.2,296,8.333333333333334,2012-05-13,2012
548366,2,15,6,Punjab Kings,Sunrisers Hyderabad,130,4,6,61,30.0,5.0,8.666666666666666,12.2,191,1,"IS Bindra Stadium, Mohali",Punjab Kings,15,73.19999999999999,366,3.533333333333333,2012-05-13,2012
548367,2,15,6,Mumbai Indians,Royal Challengers Bangalore,106,5,5,66,30.0,5.0,7.066666666666666,13.2,172,1,"M Chinnaswamy Stadium, Bengaluru",Royal Challengers Bangalore,15,66.0,330,6.133333333333333,2012-05-14,2012
548368,2,15,6,Chennai Super Kings,Kolkata Knight Riders,115,3,7,44,30.0,5.0,7.666666666666667,8.8,159,1,"Eden Gardens, Kolkata",Kolkata Knight Riders,15,61.60000000000001,308,1.1333333333333337,2012-05-14,2012
548369,2,15,6,Delhi Capitals,Punjab Kings,103,5,5,34,30.0,5.0,6.866666666666666,6.8,137,1,"Arun Jaitley Stadium, Delhi",Delhi Capitals,15,34.0,170,-0.06666666666666643,2012-05-15,2012
548370,2,15,6,Mumbai Indians,Kolkata Knight Riders,80,3,7,61,30.0,5.0,5.333333333333333,12.2,141,0,"Wankhede Stadium, Mumbai",Mumbai Indians,15,85.39999999999999,427,6.866666666666666,2012-05-16,2012
548371,2,15,6,Punjab Kings,Chennai Super Kings,114,3,7,7,30.0,5.0,7.6,1.4,121,1,"HPCA Stadium, Dharamsala",Punjab Kings,15,9.799999999999999,49,-6.199999999999999,2012-05-17,2012
548372,2,15,6,Delhi Capitals,Royal Challengers Bangalore,149,4,6,67,30.0,5.0,9.933333333333334,13.4,216,0,"Arun Jaitley Stadium, Delhi",Delhi Capitals,15,80.4,402,3.466666666666667,2012-05-17,2012
548373,2,15,6,Sunrisers Hyderabad,Rajasthan Royals,99,3,7,28,30.0,5.0,6.6,5.6,127,1,"Rajiv Gandhi International Stadium, Hyderabad",Sunrisers Hyderabad,15,39.199999999999996,196,-1.0,2012-05-18,2012
548374,2,15,6,Delhi Capitals,Punjab Kings,118,3,7,24,30.0,5.0,7.866666666666666,4.8,142,1,"HPCA Stadium, Dharamsala",Punjab Kings,15,33.6,168,-3.0666666666666664,2012-05-19,2012
548375,2,15,6,Pune Warriors,Kolkata Knight Riders,82,4,6,55,30.0,5.0,5.466666666666667,11.0,137,0,Subrata Roy Sahara Stadium,Pune Warriors,15,66.0,330,5.533333333333333,2012-05-19,2012
548376,2,15,6,Royal Challengers Bangalore,Sunrisers Hyderabad,89,4,6,44,30.0,5.0,5.933333333333334,8.8,133,0,"Rajiv Gandhi International Stadium, Hyderabad",Sunrisers Hyderabad,15,52.800000000000004,264,2.866666666666667,2012-05-20,2012
548377,2,15,6,Mumbai Indians,Rajasthan Royals,140,0,10,23,30.0,5.0,9.333333333333334,4.6,163,1,"Sawai Mansingh Stadium, Jaipur",Rajasthan Royals,15,46.0,230,-4.733333333333334,2012-05-20,2012
548378,2,15,6,Delhi Capitals,Kolkata Knight Riders,109,4,6,54,30.0,5.0,7.266666666666667,10.8,163,0,Subrata Roy Sahara Stadium,,15,64.80000000000001,324,3.533333333333334,2012-05-22,2012
548379,2,15,7,Mumbai Indians,Chennai Super Kings,112,7,3,76,30.0,5.0,7.466666666666667,15.2,188,0,"M Chinnaswamy Stadium, Bengaluru",,15,45.599999999999994,228,7.7333333333333325,2012-05-23,2012
548380,2,15,6,Delhi Capitals,Chennai Super Kings,128,7,3,95,30.0,5.0,8.533333333333333,19.0,223,0,"MA Chidambaram Stadium, Chennai",Chennai Super Kings,15,57.0,285,10.466666666666667,2012-05-25,2012
548381,2,15,6,Kolkata Knight Riders,Chennai Super Kings,141,2,8,50,30.0,5.0,9.4,10.0,191,1,"MA Chidambaram Stadium, Chennai",Chennai Super Kings,15,80.0,400,0.5999999999999996,2012-05-27,2012
597998,2,15,6,Kolkata Knight Riders,Delhi Capitals,100,4,6,29,30.0,5.0,6.666666666666667,5.8,129,1,"Eden Gardens, Kolkata",Kolkata Knight Riders,15,34.8,174,-0.8666666666666671,2013-04-03,2013
597999,2,15,6,Mumbai Indians,Royal Challengers Bangalore,96,3,7,61,30.0,5.0,6.4,12.2,157,0,"M Chinnaswamy Stadium, Bengaluru",Royal Challengers Bangalore,15,85.39999999999999,427,5.799999999999999,2013-04-04,2013
598000,2,15,6,Pune Warriors,Sunrisers Hyderabad,78,4,6,49,30.0,5.0,5.2,9.8,127,0,"Rajiv Gandhi International Stadium, Hyderabad",Sunrisers Hyderabad,15,58.800000000000004,294,4.6000000000000005,2013-04-05,2013
598001,2,15,6,Delhi Capitals,Rajasthan Royals,120,2,8,46,30.0,5.0,8.0,9.2,166,0,"Arun Jaitley Stadium, Delhi",Delhi Capitals,15,73.6,368,1.1999999999999993,2013-04-06,2013
598002,2,15,6,Chennai Super Kings,Mumbai Indians,93,5,5,56,30.0,5.0,6.2,11.2,149,0,"MA Chidambaram Stadium, Chennai",Chennai Super Kings,15,56.0,280,4.999999999999999,2013-04-06,2013
598004,2,15,7,Sunrisers Hyderabad,Royal Challengers Bangalore,91,4,6,40,30.0,5.0,6.066666666666666,8.0,131,0,"Rajiv Gandhi International Stadium, Hyderabad",Sunrisers Hyderabad,15,48.0,240,1.9333333333333336,2013-04-07,2013
598005,2,15,6,Kolkata Knight Riders,Rajasthan Royals,99,7,3,46,30.0,5.0,6.6,9.2,145,0,"Sawai Mansingh Stadium, Jaipur",Rajasthan Royals,15,27.599999999999998,138,2.5999999999999996,2013-04-08,2013
598006,2,15,6,Delhi Capitals,Mumbai Indians,126,5,5,84,30.0,5.0,8.4,16.8,210,0,"Wankhede Stadium, Mumbai",Mumbai Indians,15,84.0,420,8.4,2013-04-09,2013
598007,2,15,6,Chennai Super Kings,Punjab Kings,103,0,10,36,30.0,5.0,6.866666666666666,7.2,139,1,"IS Bindra Stadium, Mohali",Punjab Kings,15,72.0,360,0.3333333333333339,2013-04-10,2013
598008,2,15,6,Royal Challengers Bangalore,Kolkata Knight Riders,117,2,8,38,30.0,5.0,7.8,7.6,155,1,"M Chinnaswamy Stadium, Bengaluru",Royal Challengers Bangalore,15,60.8,304,-0.20000000000000018,2013-04-11,2013
598009,2,15,6,Pune Warriors,Rajasthan Royals,117,2,8,29,30.0,5.0,7.8,5.8,146,1,Subrata Roy Sahara Stadium,Pune Warriors,15,46.4,232,-2.0,2013-04-11,2013
598010,2,15,6,Sunrisers Hyderabad,Delhi Capitals,76,5,5,39,30.0,5.0,5.066666666666666,7.8,115,1,"Arun Jaitley Stadium, Delhi",Delhi Capitals,15,39.0,195,2.7333333333333334,2013-04-12,2013
598011,2,15,6,Pune Warriors,Mumbai Indians,118,6,4,66,30.0,5.0,7.866666666666666,13.2,184,0,"Wankhede Stadium, Mumbai",Mumbai Indians,15,52.8,264,5.333333333333333,2013-04-13,2013
598012,2,15,6,Chennai Super Kings,Royal Challengers Bangalore,101,4,6,65,30.0,5.0,6.733333333333333,13.0,166,1,"MA Chidambaram Stadium, Chennai",Chennai Super Kings,15,78.0,390,6.266666666666667,2013-04-13,2013
598013,2,15,6,Sunrisers Hyderabad,Kolkata Knight Riders,104,3,7,77,30.0,5.0,6.933333333333334,15.4,181,0,"Eden Gardens, Kolkata",Kolkata Knight Riders,15,107.8,539,8.466666666666667,2013-04-14,2013
598014,2,15,6,Rajasthan Royals,Punjab Kings,94,4,6,31,30.0,5.0,6.266666666666667,6.2,125,1,"Sawai Mansingh Stadium, Jaipur",Rajasthan Royals,15,37.2,186,-0.06666666666666643,2013-04-14,2013
598015,2,15,7,Chennai Super Kings,Pune Warriors,99,5,5,61,30.0,5.0,6.6,12.2,160,0,"MA Chidambaram Stadium, Chennai",Chennai Super Kings,15,61.0,305,5.6,2013-04-15,2013
598016,2,15,7,Kolkata Knight Riders,Punjab Kings,116,4,6,42,30.0,5.0,7.733333333333333,8.4,158,0,"IS Bindra Stadium, Mohali",Punjab Kings,15,50.400000000000006,252,0.666666666666667,2013-04-16,2013
598017,2,15,7,Royal Challengers Bangalore,Delhi Capitals,126,2,8,27,30.0,5.0,8.4,5.4,153,0,"M Chinnaswamy Stadium, Bengaluru",Royal Challengers Bangalore,15,43.2,216,-3.0,2013-04-16,2013
598018,2,15,6,Pune Warriors,Sunrisers Hyderabad,87,4,6,33,30.0,5.0,5.8,6.6,120,0,"MCA Stadium, Pune",Pune Warriors,15,39.599999999999994,198,0.7999999999999998,2013-04-17,2013
598019,2,15,6,Mumbai Indians,Rajasthan Royals,71,7,3,109,30.0,5.0,4.733333333333333,21.8,180,0,"Sawai Mansingh Stadium, Jaipur",Rajasthan Royals,15,65.4,327,17.066666666666666,2013-04-17,2013
598020,2,15,6,Delhi Capitals,Chennai Super Kings,80,7,3,90,30.0,5.0,5.333333333333333,18.0,170,0,"Arun Jaitley Stadium, Delhi",Delhi Capitals,15,54.0,270,12.666666666666668,2013-04-18,2013
598021,2,15,6,Sunrisers Hyderabad,Punjab Kings,87,3,7,37,30.0,5.0,5.8,7.4,124,1,"Rajiv Gandhi International Stadium, Hyderabad",Sunrisers Hyderabad,15,51.800000000000004,259,1.6000000000000005,2013-04-19,2013
598022,2,15,6,Chennai Super Kings,Kolkata Knight Riders,70,4,6,50,30.0,5.0,4.666666666666667,10.0,120,1,"Eden Gardens, Kolkata",Kolkata Knight Riders,15,60.0,300,5.333333333333333,2013-04-20,2013
598023,2,15,6,Royal Challengers Bangalore,Rajasthan Royals,98,3,7,20,30.0,5.0,6.533333333333333,4.0,118,1,"M Chinnaswamy Stadium, Bengaluru",Royal Challengers Bangalore,15,28.0,140,-2.533333333333333,2013-04-20,2013
598024,2,15,6,Delhi Capitals,Mumbai Indians,144,0,10,18,30.0,5.0,9.6,3.6,162,1,"Arun Jaitley Stadium, Delhi",Delhi Capitals,15,36.0,180,-6.0,2013-04-21,2013
598025,2,15,6,Punjab Kings,Pune Warriors,129,3,7,57,30.0,5.0,8.6,11.4,186,1,"IS Bindra Stadium, Mohali",Punjab Kings,15,79.8,399,2.8000000000000007,2013-04-21,2013
598026,2,15,7,Chennai Super Kings,Rajasthan Royals,140,2,8,46,30.0,5.0,9.333333333333334,9.2,186,1,"MA Chidambaram Stadium, Chennai",Chennai Super Kings,15,73.6,368,-0.13333333333333464,2013-04-22,2013
598027,2,15,6,Pune Warriors,Royal Challengers Bangalore,111,5,5,153,30.0,5.0,7.4,30.6,264,0,"M Chinnaswamy Stadium, Bengaluru",Royal Challengers Bangalore,15,153.0,765,23.200000000000003,2013-04-23,2013
598028,2,15,7,Delhi Capitals,Punjab Kings,100,4,6,72,30.0,5.0,6.666666666666667,14.4,172,0,"HPCA Stadium, Dharamsala",Punjab Kings,15,86.4,432,7.733333333333333,2013-05-16,2013
598029,2,15,6,Mumbai Indians,Kolkata Knight Riders,116,3,7,44,30.0,5.0,7.733333333333333,8.8,160,1,"Eden Gardens, Kolkata",Kolkata Knight Riders,15,61.60000000000001,308,1.0666666666666673,2013-04-24,2013
598030,2,15,7,Chennai Super Kings,Sunrisers Hyderabad,114,3,7,46,30.0,5.0,7.6,9.2,160,1,"MA Chidambaram Stadium, Chennai",Chennai Super Kings,15,64.39999999999999,322,1.5999999999999996,2013-04-25,2013
598031,2,15,6,Kolkata Knight Riders,Punjab Kings,118,3,7,32,30.0,5.0,7.866666666666666,6.4,150,1,"Eden Gardens, Kolkata",Kolkata Knight Riders,15,44.800000000000004,224,-1.466666666666666,2013-04-26,2013
598032,2,15,6,Rajasthan Royals,Sunrisers Hyderabad,109,2,8,36,30.0,5.0,7.266666666666667,7.2,145,1,"Sawai Mansingh Stadium, Jaipur",Rajasthan Royals,15,57.6,288,-0.06666666666666643,2013-04-27,2013
598033,2,15,6,Royal Challengers Bangalore,Mumbai Indians,94,7,3,101,30.0,5.0,6.266666666666667,20.2,195,0,"Wankhede Stadium, Mumbai",Mumbai Indians,15,60.599999999999994,303,13.933333333333334,2013-04-27,2013
598034,2,15,6,Kolkata Knight Riders,Chennai Super Kings,126,3,7,75,30.0,5.0,8.4,15.0,201,0,"MA Chidambaram Stadium, Chennai",Chennai Super Kings,15,105.0,525,6.6,2013-04-28,2013
598035,2,15,6,Pune Warriors,Delhi Capitals,110,2,8,55,30.0,5.0,7.333333333333333,11.0,165,0,"SVNS Intl Stadium, Raipur",Delhi Capitals,15,88.0,440,3.666666666666667,2013-04-28,2013
598036,2,15,6,Rajasthan Royals,Royal Challengers Bangalore,120,3,7,52,30.0,5.0,8.0,10.4,172,1,"Sawai Mansingh Stadium, Jaipur",Rajasthan Royals,15,72.8,364,2.4000000000000004,2013-04-29,2013
598037,2,15,7,Punjab Kings,Mumbai Indians,118,7,3,57,30.0,5.0,7.866666666666666,11.4,175,0,"Wankhede Stadium, Mumbai",Mumbai Indians,15,34.2,171,3.533333333333334,2013-04-29,2013
598038,2,15,6,Pune Warriors,Chennai Super Kings,93,7,3,72,30.0,5.0,6.2,14.4,165,0,Subrata Roy Sahara Stadium,Pune Warriors,15,43.2,216,8.2,2013-04-30,2013
598039,2,15,6,Sunrisers Hyderabad,Mumbai Indians,106,2,8,24,30.0,5.0,7.066666666666666,4.8,130,1,"Rajiv Gandhi International Stadium, Hyderabad",Sunrisers Hyderabad,15,38.4,192,-2.2666666666666666,2013-05-01,2013
598040,2,15,6,Delhi Capitals,Kolkata Knight Riders,100,2,8,37,30.0,5.0,6.666666666666667,7.4,137,1,"SVNS Intl Stadium, Raipur",Delhi Capitals,15,59.2,296,0.7333333333333334,2013-05-01,2013
598041,2,15,6,Punjab Kings,Chennai Super Kings,122,3,7,65,30.0,5.0,8.133333333333333,13.0,187,0,"MA Chidambaram Stadium, Chennai",Chennai Super Kings,15,91.0,455,4.866666666666667,2013-05-02,2013
598042,2,15,6,Pune Warriors,Royal Challengers Bangalore,122,4,6,66,30.0,5.0,8.133333333333333,13.2,188,0,Subrata Roy Sahara Stadium,Pune Warriors,15,79.19999999999999,396,5.066666666666666,2013-05-02,2013
598043,2,15,6,Kolkata Knight Riders,Rajasthan Royals,114,2,8,19,30.0,5.0,7.6,3.8,133,1,"Eden Gardens, Kolkata",Kolkata Knight Riders,15,30.4,152,-3.8,2013-05-03,2013
598045,2,15,6,Punjab Kings,Royal Challengers Bangalore,140,1,9,35,30.0,5.0,9.333333333333334,7.0,175,1,"M Chinnaswamy Stadium, Bengaluru",Royal Challengers Bangalore,15,63.0,315,-2.333333333333334,2013-05-14,2013
598046,2,15,6,Chennai Super Kings,Mumbai Indians,78,9,1,62,30.0,5.0,5.2,12.4,140,0,"Wankhede Stadium, Mumbai",Mumbai Indians,15,12.4,62,7.2,2013-05-05,2013
598047,2,15,6,Rajasthan Royals,Pune Warriors,128,2,8,51,30.0,5.0,8.533333333333333,10.2,179,1,"Sawai Mansingh Stadium, Jaipur",Rajasthan Royals,15,81.6,408,1.666666666666666,2013-05-05,2013
598048,2,15,6,Royal Challengers Bangalore,Sunrisers Hyderabad,117,3,7,45,30.0,5.0,7.8,9.0,162,1,"M Chinnaswamy Stadium, Bengaluru",Royal Challengers Bangalore,15,63.0,315,1.2000000000000002,2013-04-09,2013
598049,2,15,6,Rajasthan Royals,Delhi Capitals,126,1,9,29,30.0,5.0,8.4,5.8,155,1,"Sawai Mansingh Stadium, Jaipur",Rajasthan Royals,15,52.199999999999996,261,-2.6000000000000005,2013-05-07,2013
598050,2,15,6,Kolkata Knight Riders,Mumbai Indians,92,7,3,79,30.0,5.0,6.133333333333334,15.8,171,0,"Wankhede Stadium, Mumbai",Mumbai Indians,15,47.400000000000006,237,9.666666666666668,2013-05-07,2013
598051,2,15,6,Sunrisers Hyderabad,Chennai Super Kings,109,6,4,115,30.0,5.0,7.266666666666667,23.0,224,0,"Rajiv Gandhi International Stadium, Hyderabad",Sunrisers Hyderabad,15,92.0,460,15.733333333333334,2013-05-08,2013
598052,2,15,6,Rajasthan Royals,Punjab Kings,105,2,8,41,30.0,5.0,7.0,8.2,146,1,"IS Bindra Stadium, Mohali",Punjab Kings,15,65.6,328,1.1999999999999993,2013-05-09,2013
598053,2,15,6,Pune Warriors,Kolkata Knight Riders,80,5,5,73,30.0,5.0,5.333333333333333,14.6,153,0,Subrata Roy Sahara Stadium,Pune Warriors,15,73.0,365,9.266666666666666,2013-05-09,2013
598054,2,15,6,Delhi Capitals,Royal Challengers Bangalore,123,4,6,61,30.0,5.0,8.2,12.2,184,0,"Arun Jaitley Stadium, Delhi",Delhi Capitals,15,73.19999999999999,366,4.0,2013-05-10,2013
598055,2,15,6,Mumbai Indians,Pune Warriors,83,3,7,30,30.0,5.0,5.533333333333333,6.0,113,1,Subrata Roy Sahara Stadium,Pune Warriors,15,42.0,210,0.4666666666666668,2013-05-11,2013
598056,2,15,7,Punjab Kings,Sunrisers Hyderabad,93,4,6,58,30.0,5.0,6.2,11.6,151,0,"IS Bindra Stadium, Mohali",Punjab Kings,15,69.6,348,5.3999999999999995,2013-05-11,2013
598057,2,15,7,Kolkata Knight Riders,Royal Challengers Bangalore,85,3,7,31,30.0,5.0,5.666666666666667,6.2,116,1,JSCA International Stadium Complex,,15,43.4,217,0.5333333333333332,2013-05-12,2013
598058,2,15,6,Rajasthan Royals,Chennai Super Kings,130,4,6,12,30.0,5.0,8.666666666666666,2.4,142,1,"Sawai Mansingh Stadium, Jaipur",Rajasthan Royals,15,14.399999999999999,72,-6.266666666666666,2013-05-12,2013
598059,2,15,6,Punjab Kings,Delhi Capitals,101,4,6,20,30.0,5.0,6.733333333333333,4.0,121,1,"Arun Jaitley Stadium, Delhi",Delhi Capitals,15,24.0,120,-2.7333333333333334,2013-04-23,2013
598060,2,15,6,Mumbai Indians,Sunrisers Hyderabad,113,4,6,66,30.0,5.0,7.533333333333333,13.2,179,1,"Wankhede Stadium, Mumbai",Mumbai Indians,15,79.19999999999999,396,5.666666666666666,2013-05-13,2013
598061,2,15,6,Kolkata Knight Riders,Pune Warriors,122,3,7,49,30.0,5.0,8.133333333333333,9.8,171,0,JSCA International Stadium Complex,,15,68.60000000000001,343,1.6666666666666679,2013-05-15,2013
598062,2,15,6,Delhi Capitals,Chennai Super Kings,103,6,4,66,30.0,5.0,6.866666666666666,13.2,169,0,"MA Chidambaram Stadium, Chennai",Chennai Super Kings,15,52.8,264,6.333333333333333,2013-05-14,2013
598063,2,15,7,Rajasthan Royals,Mumbai Indians,106,6,4,61,30.0,5.0,7.066666666666666,12.2,167,0,"Wankhede Stadium, Mumbai",Mumbai Indians,15,48.8,244,5.133333333333333,2013-05-15,2013
598064,2,15,7,Punjab Kings,Royal Challengers Bangalore,138,4,6,53,30.0,5.0,9.2,10.6,191,1,"IS Bindra Stadium, Mohali",Punjab Kings,15,63.599999999999994,318,1.4000000000000004,2013-05-06,2013
598065,2,15,6,Rajasthan Royals,Sunrisers Hyderabad,73,5,5,64,30.0,5.0,4.866666666666666,12.8,137,0,"Rajiv Gandhi International Stadium, Hyderabad",Sunrisers Hyderabad,15,64.0,320,7.9333333333333345,2013-05-17,2013
598066,2,15,6,Mumbai Indians,Punjab Kings,107,5,5,77,30.0,5.0,7.133333333333334,15.4,184,0,"HPCA Stadium, Dharamsala",Punjab Kings,15,77.0,385,8.266666666666666,2013-05-18,2013
598067,2,15,6,Delhi Capitals,Pune Warriors,104,5,5,69,30.0,5.0,6.933333333333334,13.8,173,0,Subrata Roy Sahara Stadium,Pune Warriors,15,69.0,345,6.866666666666667,2013-05-19,2013
598069,2,15,7,Sunrisers Hyderabad,Kolkata Knight Riders,106,3,7,25,30.0,5.0,7.066666666666666,5.0,131,1,"Rajiv Gandhi International Stadium, Hyderabad",Sunrisers Hyderabad,15,35.0,175,-2.0666666666666664,2013-05-19,2013
598070,2,15,6,Mumbai Indians,Chennai Super Kings,127,5,5,66,30.0,5.0,8.466666666666667,13.2,193,0,"Arun Jaitley Stadium, Delhi",,15,66.0,330,4.7333333333333325,2013-05-21,2013
598071,2,15,6,Rajasthan Royals,Sunrisers Hyderabad,99,5,5,34,30.0,5.0,6.6,6.8,133,1,"Arun Jaitley Stadium, Delhi",,15,34.0,170,0.20000000000000018,2013-05-22,2013
598072,2,15,6,Mumbai Indians,Rajasthan Royals,126,2,8,40,30.0,5.0,8.4,8.0,166,1,"Eden Gardens, Kolkata",,15,64.0,320,-0.40000000000000036,2013-05-24,2013
598073,2,15,6,Chennai Super Kings,Mumbai Indians,83,8,2,66,30.0,5.0,5.533333333333333,13.2,149,0,"Eden Gardens, Kolkata",,15,26.4,132,7.666666666666666,2013-05-26,2013
729279,2,15,6,Mumbai Indians,Kolkata Knight Riders,95,2,8,69,30.0,5.0,6.333333333333333,13.8,164,0,"Sheikh Zayed Stadium, Abu Dhabi",,15,110.4,552,7.466666666666668,2014-04-16,2014
729281,2,15,6,Royal Challengers Bangalore,Delhi Capitals,124,2,8,22,30.0,5.0,8.266666666666667,4.4,146,1,"Sharjah Cricket Stadium, Sharjah",,15,35.2,176,-3.866666666666667,2014-04-17,2014
729283,2,15,7,Punjab Kings,Chennai Super Kings,156,3,7,50,30.0,5.0,10.4,10.0,206,1,"Sheikh Zayed Stadium, Abu Dhabi",,15,70.0,350,-0.40000000000000036,2014-04-18,2014
729285,2,15,6,Rajasthan Royals,Sunrisers Hyderabad,102,3,7,32,30.0,5.0,6.8,6.4,134,1,"Sheikh Zayed Stadium, Abu Dhabi",,15,44.800000000000004,224,-0.39999999999999947,2014-04-18,2014
729287,2,15,6,Royal Challengers Bangalore,Mumbai Indians,92,3,7,24,30.0,5.0,6.133333333333334,4.8,116,1,"Dubai International Cricket Stadium, Dubai",,15,33.6,168,-1.333333333333334,2014-04-19,2014
729289,2,15,6,Delhi Capitals,Kolkata Knight Riders,123,4,6,44,30.0,5.0,8.2,8.8,167,1,"Dubai International Cricket Stadium, Dubai",,15,52.800000000000004,264,0.6000000000000014,2014-04-19,2014
729291,2,15,6,Punjab Kings,Rajasthan Royals,132,3,7,60,30.0,5.0,8.8,12.0,192,1,"Sharjah Cricket Stadium, Sharjah",,15,84.0,420,3.1999999999999993,2014-04-20,2014
729293,2,15,7,Delhi Capitals,Chennai Super Kings,82,8,2,96,30.0,5.0,5.466666666666667,19.2,178,0,"Sheikh Zayed Stadium, Abu Dhabi",,15,38.4,192,13.733333333333333,2014-04-21,2014
729295,2,15,6,Sunrisers Hyderabad,Punjab Kings,99,7,3,95,30.0,5.0,6.6,19.0,194,0,"Sharjah Cricket Stadium, Sharjah",,15,57.0,285,12.4,2014-04-22,2014
729297,2,15,6,Rajasthan Royals,Chennai Super Kings,87,8,2,54,30.0,5.0,5.8,10.8,141,0,"Dubai International Cricket Stadium, Dubai",,15,21.6,108,5.000000000000001,2014-04-23,2014
729299,2,15,6,Royal Challengers Bangalore,Kolkata Knight Riders,116,2,8,35,30.0,5.0,7.733333333333333,7.0,151,0,"Sharjah Cricket Stadium, Sharjah",,15,56.0,280,-0.7333333333333334,2014-04-24,2014
729301,2,15,6,Delhi Capitals,Sunrisers Hyderabad,119,2,8,66,30.0,5.0,7.933333333333334,13.2,185,0,"Dubai International Cricket Stadium, Dubai",,15,105.6,528,5.266666666666666,2014-04-25,2014
729303,2,15,6,Chennai Super Kings,Mumbai Indians,107,2,8,35,30.0,5.0,7.133333333333334,7.0,142,1,"Dubai International Cricket Stadium, Dubai",,15,56.0,280,-0.13333333333333375,2014-04-25,2014
729307,2,15,6,Kolkata Knight Riders,Punjab Kings,75,7,3,58,30.0,5.0,5.0,11.6,133,0,"Sheikh Zayed Stadium, Abu Dhabi",,15,34.8,174,6.6,2014-04-26,2014
729309,2,15,6,Delhi Capitals,Mumbai Indians,103,2,8,23,30.0,5.0,6.866666666666666,4.6,126,1,"Sharjah Cricket Stadium, Sharjah",,15,36.8,184,-2.2666666666666666,2014-04-27,2014
729311,2,15,6,Chennai Super Kings,Sunrisers Hyderabad,124,2,8,22,30.0,5.0,8.266666666666667,4.4,146,1,"Sharjah Cricket Stadium, Sharjah",,15,35.2,176,-3.866666666666667,2014-04-27,2014
729313,2,15,6,Punjab Kings,Royal Challengers Bangalore,101,5,5,24,30.0,5.0,6.733333333333333,4.8,125,1,"Dubai International Cricket Stadium, Dubai",,15,24.0,120,-1.9333333333333336,2014-04-28,2014
729315,2,15,6,Kolkata Knight Riders,Rajasthan Royals,101,4,6,52,30.0,5.0,6.733333333333333,10.4,153,0,"Sheikh Zayed Stadium, Abu Dhabi",,15,62.400000000000006,312,3.666666666666667,2014-04-29,2014
729317,2,15,6,Mumbai Indians,Sunrisers Hyderabad,106,3,7,67,30.0,5.0,7.066666666666666,13.4,173,0,"Dubai International Cricket Stadium, Dubai",,15,93.8,469,6.333333333333334,2014-04-30,2014
733971,2,15,6,Kolkata Knight Riders,Chennai Super Kings,91,7,3,58,30.0,5.0,6.066666666666666,11.6,149,0,JSCA International Stadium Complex,,15,34.8,174,5.533333333333333,2014-05-02,2014
733973,2,15,6,Mumbai Indians,Punjab Kings,118,3,7,51,30.0,5.0,7.866666666666666,10.2,169,1,"Wankhede Stadium, Mumbai",Mumbai Indians,15,71.39999999999999,357,2.333333333333333,2014-05-03,2014
733975,2,15,6,Rajasthan Royals,Delhi Capitals,115,3,7,38,30.0,5.0,7.666666666666667,7.6,153,1,"Arun Jaitley Stadium, Delhi",Delhi Capitals,15,53.199999999999996,266,-0.06666666666666732,2014-05-03,2014
733977,2,15,6,Royal Challengers Bangalore,Sunrisers Hyderabad,97,5,5,59,30.0,5.0,6.466666666666667,11.8,156,1,"M Chinnaswamy Stadium, Bengaluru",Royal Challengers Bangalore,15,59.0,295,5.333333333333334,2014-05-04,2014
733979,2,15,6,Kolkata Knight Riders,Rajasthan Royals,122,3,7,49,30.0,5.0,8.133333333333333,9.8,171,0,"Narendra Modi Stadium, Ahmedabad",,15,68.60000000000001,343,1.6666666666666679,2014-05-05,2014
733981,2,15,6,Chennai Super Kings,Delhi Capitals,127,1,9,52,30.0,5.0,8.466666666666667,10.4,179,1,"Arun Jaitley Stadium, Delhi",Delhi Capitals,15,93.60000000000001,468,1.9333333333333336,2014-05-05,2014
733983,2,15,6,Royal Challengers Bangalore,Mumbai Indians,125,4,6,63,30.0,5.0,8.333333333333334,12.6,188,0,"Wankhede Stadium, Mumbai",Mumbai Indians,15,75.6,378,4.266666666666666,2014-05-06,2014
733985,2,15,6,Kolkata Knight Riders,Delhi Capitals,128,1,9,33,30.0,5.0,8.533333333333333,6.6,161,1,"Arun Jaitley Stadium, Delhi",Delhi Capitals,15,59.4,297,-1.9333333333333336,2014-05-07,2014
733987,2,15,6,Chennai Super Kings,Punjab Kings,119,4,6,113,30.0,5.0,7.933333333333334,22.6,232,0,Barabati Stadium,,15,135.60000000000002,678,14.666666666666668,2014-05-07,2014
733989,2,15,6,Rajasthan Royals,Sunrisers Hyderabad,81,5,5,54,30.0,5.0,5.4,10.8,135,0,"Narendra Modi Stadium, Ahmedabad",,15,54.0,270,5.4,2014-05-08,2014
733991,2,15,6,Royal Challengers Bangalore,Punjab Kings,109,6,4,90,30.0,5.0,7.266666666666667,18.0,199,0,"M Chinnaswamy Stadium, Bengaluru",Royal Challengers Bangalore,15,72.0,360,10.733333333333334,2014-05-09,2014
733995,2,15,6,Chennai Super Kings,Mumbai Indians,112,2,8,46,30.0,5.0,7.466666666666667,9.2,158,1,"Wankhede Stadium, Mumbai",Mumbai Indians,15,73.6,368,1.7333333333333325,2014-05-10,2014
733997,2,15,6,Kolkata Knight Riders,Punjab Kings,123,1,9,27,30.0,5.0,8.2,5.4,150,1,Barabati Stadium,,15,48.6,243,-2.799999999999999,2014-05-11,2014
733999,2,15,6,Rajasthan Royals,Royal Challengers Bangalore,122,5,5,69,30.0,5.0,8.133333333333333,13.8,191,1,"M Chinnaswamy Stadium, Bengaluru",Royal Challengers Bangalore,15,69.0,345,5.666666666666668,2014-05-11,2014
734001,2,15,6,Mumbai Indians,Sunrisers Hyderabad,125,1,9,33,30.0,5.0,8.333333333333334,6.6,158,1,"Rajiv Gandhi International Stadium, Hyderabad",Sunrisers Hyderabad,15,59.4,297,-1.7333333333333343,2014-05-12,2014
734003,2,15,6,Chennai Super Kings,Rajasthan Royals,106,4,6,43,30.0,5.0,7.066666666666666,8.6,149,1,JSCA International Stadium Complex,,15,51.599999999999994,258,1.5333333333333332,2014-05-13,2014
734005,2,15,6,Delhi Capitals,Royal Challengers Bangalore,119,5,5,68,30.0,5.0,7.933333333333334,13.6,187,0,"M Chinnaswamy Stadium, Bengaluru",Royal Challengers Bangalore,15,68.0,340,5.666666666666666,2014-05-13,2014
734007,2,15,6,Punjab Kings,Sunrisers Hyderabad,169,4,6,37,30.0,5.0,11.266666666666667,7.4,206,1,"Rajiv Gandhi International Stadium, Hyderabad",Sunrisers Hyderabad,15,44.400000000000006,222,-3.866666666666667,2014-05-14,2014
734009,2,15,6,Kolkata Knight Riders,Mumbai Indians,100,2,8,42,30.0,5.0,6.666666666666667,8.4,142,1,Barabati Stadium,,15,67.2,336,1.7333333333333334,2014-05-14,2014
734011,2,15,6,Delhi Capitals,Rajasthan Royals,93,8,2,109,30.0,5.0,6.2,21.8,202,0,"Narendra Modi Stadium, Ahmedabad",,15,43.6,218,15.600000000000001,2014-05-15,2014
734013,2,15,6,Royal Challengers Bangalore,Chennai Super Kings,86,2,8,53,30.0,5.0,5.733333333333333,10.6,139,1,JSCA International Stadium Complex,,15,84.8,424,4.866666666666666,2014-05-18,2014
734015,2,15,6,Kolkata Knight Riders,Sunrisers Hyderabad,103,2,8,40,30.0,5.0,6.866666666666666,8.0,143,1,"Rajiv Gandhi International Stadium, Hyderabad",Sunrisers Hyderabad,15,64.0,320,1.1333333333333337,2014-05-18,2014
734017,2,15,6,Rajasthan Royals,Mumbai Indians,96,7,3,83,30.0,5.0,6.4,16.6,179,0,"Narendra Modi Stadium, Ahmedabad",,15,49.800000000000004,249,10.200000000000001,2014-05-19,2014
734019,2,15,7,Punjab Kings,Delhi Capitals,127,5,5,38,30.0,5.0,8.466666666666667,7.6,165,1,"Arun Jaitley Stadium, Delhi",Delhi Capitals,15,38.0,190,-0.8666666666666671,2014-05-19,2014
734021,2,15,6,Sunrisers Hyderabad,Royal Challengers Bangalore,116,1,9,45,30.0,5.0,7.733333333333333,9.0,161,1,"Rajiv Gandhi International Stadium, Hyderabad",Sunrisers Hyderabad,15,81.0,405,1.2666666666666666,2014-05-20,2014
734023,2,15,6,Kolkata Knight Riders,Chennai Super Kings,119,2,8,36,30.0,5.0,7.933333333333334,7.2,155,1,"Eden Gardens, Kolkata",Kolkata Knight Riders,15,57.6,288,-0.7333333333333334,2014-05-20,2014
734025,2,15,6,Mumbai Indians,Punjab Kings,133,2,8,24,30.0,5.0,8.866666666666667,4.8,157,1,"IS Bindra Stadium, Mohali",Punjab Kings,15,38.4,192,-4.066666666666667,2014-05-21,2014
734027,2,15,6,Royal Challengers Bangalore,Kolkata Knight Riders,106,3,7,90,30.0,5.0,7.066666666666666,18.0,196,0,"Eden Gardens, Kolkata",Kolkata Knight Riders,15,126.0,630,10.933333333333334,2014-05-22,2014
734029,2,15,6,Sunrisers Hyderabad,Chennai Super Kings,148,1,9,38,30.0,5.0,9.866666666666667,7.6,186,1,JSCA International Stadium Complex,,15,68.39999999999999,342,-2.2666666666666675,2014-05-22,2014
734031,2,15,6,Delhi Capitals,Mumbai Indians,105,3,7,69,30.0,5.0,7.0,13.8,174,0,"Wankhede Stadium, Mumbai",Mumbai Indians,15,96.60000000000001,483,6.800000000000001,2014-05-23,2014
734033,2,15,7,Rajasthan Royals,Punjab Kings,92,5,5,88,30.0,5.0,6.133333333333334,17.6,180,0,"IS Bindra Stadium, Mohali",Punjab Kings,15,88.0,440,11.466666666666669,2014-05-23,2014
734035,2,15,6,Chennai Super Kings,Royal Challengers Bangalore,111,2,8,44,30.0,5.0,7.4,8.8,155,1,"M Chinnaswamy Stadium, Bengaluru",Royal Challengers Bangalore,15,70.4,352,1.4000000000000004,2014-05-24,2014
734037,2,15,3,Kolkata Knight Riders,Sunrisers Hyderabad,161,6,4,0,33.0,5.5,11.10344827586207,0.0,161,1,"Eden Gardens, Kolkata",Kolkata Knight Riders,15,0.0,0,-11.10344827586207,2014-05-24,2014
734041,2,15,4,Mumbai Indians,Rajasthan Royals,195,5,5,0,32.0,5.333333333333333,13.295454545454549,0.0,190,1,"Wankhede Stadium, Mumbai",Mumbai Indians,15,0.0,0,-13.295454545454549,2014-05-25,2014
734043,2,15,6,Punjab Kings,Kolkata Knight Riders,92,6,4,72,30.0,5.0,6.133333333333334,14.4,164,0,"Eden Gardens, Kolkata",Kolkata Knight Riders,15,57.6,288,8.266666666666666,2014-05-27,2014
734045,2,15,6,Chennai Super Kings,Mumbai Indians,132,3,7,42,30.0,5.0,8.8,8.4,174,1,"Brabourne Stadium, Mumbai",Mumbai Indians,15,58.800000000000004,294,-0.40000000000000036,2014-05-28,2014
734047,2,15,7,Chennai Super Kings,Punjab Kings,155,6,4,72,30.0,5.0,10.333333333333334,14.4,227,0,"Wankhede Stadium, Mumbai",,15,57.6,288,4.066666666666666,2014-05-30,2014
734049,2,15,6,Kolkata Knight Riders,Punjab Kings,151,3,7,49,30.0,5.0,10.066666666666666,9.8,200,1,"M Chinnaswamy Stadium, Bengaluru",,15,68.60000000000001,343,-0.2666666666666657,2014-06-01,2014
829705,2,15,6,Kolkata Knight Riders,Mumbai Indians,129,3,7,40,30.0,5.0,8.6,8.0,169,1,"Eden Gardens, Kolkata",Kolkata Knight Riders,15,56.0,280,-0.5999999999999996,2015-04-08,2015
829707,2,15,7,Delhi Capitals,Chennai Super Kings,102,5,5,49,30.0,5.0,6.8,9.8,151,0,"MA Chidambaram Stadium, Chennai",Chennai Super Kings,15,49.0,245,3.000000000000001,2015-04-09,2015
829709,2,15,6,Punjab Kings,Rajasthan Royals,104,5,5,59,30.0,5.0,6.933333333333334,11.8,163,0,"MCA Stadium, Pune",,15,59.0,295,4.866666666666667,2015-04-10,2015
829711,2,15,6,Sunrisers Hyderabad,Chennai Super Kings,115,4,6,95,30.0,5.0,7.666666666666667,19.0,210,0,"MA Chidambaram Stadium, Chennai",Chennai Super Kings,15,114.0,570,11.333333333333332,2015-04-11,2015
829713,2,15,6,Royal Challengers Bangalore,Kolkata Knight Riders,119,5,5,59,30.0,5.0,7.933333333333334,11.8,178,1,"Eden Gardens, Kolkata",Kolkata Knight Riders,15,59.0,295,3.866666666666667,2015-04-11,2015
829715,2,15,6,Rajasthan Royals,Delhi Capitals,130,4,6,55,30.0,5.0,8.666666666666666,11.0,185,1,"Arun Jaitley Stadium, Delhi",Delhi Capitals,15,66.0,330,2.333333333333334,2015-04-12,2015
829717,2,15,8,Mumbai Indians,Punjab Kings,79,6,4,99,30.0,5.0,5.266666666666667,19.8,178,0,"Wankhede Stadium, Mumbai",Mumbai Indians,15,79.2,396,14.533333333333335,2015-04-12,2015
829719,2,15,6,Sunrisers Hyderabad,Royal Challengers Bangalore,137,2,8,30,30.0,5.0,9.133333333333333,6.0,167,1,"M Chinnaswamy Stadium, Bengaluru",Royal Challengers Bangalore,15,48.0,240,-3.133333333333333,2015-04-13,2015
829721,2,15,7,Rajasthan Royals,Mumbai Indians,113,3,7,52,30.0,5.0,7.533333333333333,10.4,165,1,"Narendra Modi Stadium, Ahmedabad",,15,72.8,364,2.866666666666667,2015-04-14,2015
829723,2,15,6,Kolkata Knight Riders,Chennai Super Kings,118,3,7,48,30.0,5.0,7.866666666666666,9.6,166,1,"Eden Gardens, Kolkata",Kolkata Knight Riders,15,67.2,336,1.7333333333333334,2015-04-30,2015
829725,2,15,7,Delhi Capitals,Punjab Kings,120,2,8,46,30.0,5.0,8.0,9.2,166,1,"MCA Stadium, Pune",,15,73.6,368,1.1999999999999993,2015-04-15,2015
829727,2,15,6,Rajasthan Royals,Sunrisers Hyderabad,96,3,7,32,30.0,5.0,6.4,6.4,128,1,Dr. Y.S. Rajasekhara Reddy ACA-VDCA Cricket Stadium,,15,44.800000000000004,224,0.0,2015-04-16,2015
829729,2,15,8,Chennai Super Kings,Mumbai Indians,168,4,6,16,30.0,5.0,11.2,3.2,184,1,"Wankhede Stadium, Mumbai",Mumbai Indians,15,19.200000000000003,96,-7.999999999999999,2015-04-17,2015
829731,2,15,6,Sunrisers Hyderabad,Delhi Capitals,110,3,7,58,30.0,5.0,7.333333333333333,11.6,168,0,Dr. Y.S. Rajasekhara Reddy ACA-VDCA Cricket Stadium,,15,81.2,406,4.266666666666667,2015-04-18,2015
829733,2,15,6,Kolkata Knight Riders,Punjab Kings,125,5,5,31,30.0,5.0,8.333333333333334,6.2,156,1,"MCA Stadium, Pune",,15,31.0,155,-2.1333333333333337,2015-04-18,2015
829735,2,15,7,Rajasthan Royals,Chennai Super Kings,138,0,10,19,30.0,5.0,9.2,3.8,157,1,"Narendra Modi Stadium, Ahmedabad",,15,38.0,190,-5.3999999999999995,2015-04-19,2015
829737,2,15,6,Royal Challengers Bangalore,Mumbai Indians,129,6,4,81,30.0,5.0,8.6,16.2,210,0,"M Chinnaswamy Stadium, Bengaluru",Royal Challengers Bangalore,15,64.8,324,7.6,2015-04-19,2015
829739,2,15,6,Kolkata Knight Riders,Delhi Capitals,119,3,7,28,30.0,5.0,7.933333333333334,5.6,147,1,"Arun Jaitley Stadium, Delhi",Delhi Capitals,15,39.199999999999996,196,-2.333333333333334,2015-04-20,2015
829741,2,15,6,Punjab Kings,Rajasthan Royals,120,4,6,72,30.0,5.0,8.0,14.4,192,0,"Narendra Modi Stadium, Ahmedabad",,15,86.4,432,6.4,2015-04-21,2015
829745,2,15,6,Royal Challengers Bangalore,Chennai Super Kings,111,5,5,71,30.0,5.0,7.4,14.2,182,0,"M Chinnaswamy Stadium, Bengaluru",Royal Challengers Bangalore,15,71.0,355,6.799999999999999,2015-04-22,2015
829747,2,15,6,Mumbai Indians,Delhi Capitals,120,4,6,71,30.0,5.0,8.0,14.2,191,0,"Arun Jaitley Stadium, Delhi",Delhi Capitals,15,85.19999999999999,426,6.199999999999999,2015-04-23,2015
829749,2,15,6,Royal Challengers Bangalore,Rajasthan Royals,124,1,9,7,30.0,5.0,8.266666666666667,1.4,131,1,"Narendra Modi Stadium, Ahmedabad",,15,12.6,63,-6.866666666666667,2015-04-24,2015
829751,2,15,6,Sunrisers Hyderabad,Mumbai Indians,104,4,6,54,30.0,5.0,6.933333333333334,10.8,158,0,"Wankhede Stadium, Mumbai",Mumbai Indians,15,64.80000000000001,324,3.866666666666667,2015-04-25,2015
829753,2,15,6,Punjab Kings,Chennai Super Kings,79,7,3,114,30.0,5.0,5.266666666666667,22.8,193,0,"MA Chidambaram Stadium, Chennai",Chennai Super Kings,15,68.4,342,17.533333333333335,2015-04-25,2015
829759,2,15,6,Punjab Kings,Sunrisers Hyderabad,93,5,5,58,30.0,5.0,6.2,11.6,151,0,"IS Bindra Stadium, Mohali",Punjab Kings,15,58.0,290,5.3999999999999995,2015-04-27,2015
829761,2,15,7,Delhi Capitals,Kolkata Knight Riders,106,4,6,66,30.0,5.0,7.066666666666666,13.2,172,0,"Eden Gardens, Kolkata",Kolkata Knight Riders,15,79.19999999999999,396,6.133333333333333,2015-05-07,2015
829765,2,15,6,Kolkata Knight Riders,Chennai Super Kings,90,4,6,45,30.0,5.0,6.0,9.0,135,0,"MA Chidambaram Stadium, Chennai",Chennai Super Kings,15,54.0,270,3.0,2015-04-28,2015
829769,2,15,7,Rajasthan Royals,Mumbai Indians,127,3,7,61,30.0,5.0,8.466666666666667,12.2,188,0,"Wankhede Stadium, Mumbai",Mumbai Indians,15,85.39999999999999,427,3.7333333333333325,2015-05-01,2015
829773,2,15,6,Chennai Super Kings,Sunrisers Hyderabad,130,5,5,63,30.0,5.0,8.666666666666666,12.6,193,0,"Rajiv Gandhi International Stadium, Hyderabad",Sunrisers Hyderabad,15,63.0,315,3.9333333333333336,2015-05-02,2015
829775,2,15,6,Punjab Kings,Mumbai Indians,113,3,7,60,30.0,5.0,7.533333333333333,12.0,173,0,"IS Bindra Stadium, Mohali",Punjab Kings,15,84.0,420,4.466666666666667,2015-05-03,2015
829777,2,15,6,Delhi Capitals,Rajasthan Royals,120,4,6,70,30.0,5.0,8.0,14.0,190,0,"Brabourne Stadium, Mumbai",,15,84.0,420,6.0,2015-05-03,2015
829779,2,15,6,Royal Challengers Bangalore,Chennai Super Kings,100,5,5,49,30.0,5.0,6.666666666666667,9.8,149,0,"MA Chidambaram Stadium, Chennai",Chennai Super Kings,15,49.0,245,3.1333333333333337,2015-05-04,2015
829781,2,15,6,Sunrisers Hyderabad,Kolkata Knight Riders,88,7,3,80,30.0,5.0,5.866666666666666,16.0,168,0,"Eden Gardens, Kolkata",Kolkata Knight Riders,15,48.0,240,10.133333333333333,2015-05-04,2015
829783,2,15,6,Mumbai Indians,Delhi Capitals,99,4,6,54,30.0,5.0,6.6,10.8,153,1,"Wankhede Stadium, Mumbai",Mumbai Indians,15,64.80000000000001,324,4.200000000000001,2015-05-05,2015
829787,2,15,6,Rajasthan Royals,Sunrisers Hyderabad,126,5,5,76,30.0,5.0,8.4,15.2,202,0,"Brabourne Stadium, Mumbai",,15,76.0,380,6.799999999999999,2015-05-07,2015
829789,2,15,6,Mumbai Indians,Chennai Super Kings,101,3,7,58,30.0,5.0,6.733333333333333,11.6,159,1,"MA Chidambaram Stadium, Chennai",Chennai Super Kings,15,81.2,406,4.866666666666666,2015-05-08,2015
829791,2,15,6,Kolkata Knight Riders,Punjab Kings,136,5,5,48,30.0,5.0,9.066666666666666,9.6,184,1,"Eden Gardens, Kolkata",Kolkata Knight Riders,15,48.0,240,0.5333333333333332,2015-05-09,2015
829793,2,15,6,Delhi Capitals,Sunrisers Hyderabad,104,4,6,60,30.0,5.0,6.933333333333334,12.0,164,0,"SVNS Intl Stadium, Raipur",Delhi Capitals,15,72.0,360,5.066666666666666,2015-05-09,2015
829795,2,15,6,Mumbai Indians,Royal Challengers Bangalore,135,3,7,101,30.0,5.0,9.0,20.2,236,0,"Wankhede Stadium, Mumbai",Mumbai Indians,15,141.4,707,11.2,2015-05-10,2015
829797,2,15,6,Rajasthan Royals,Chennai Super Kings,93,5,5,65,30.0,5.0,6.2,13.0,158,0,"MA Chidambaram Stadium, Chennai",Chennai Super Kings,15,65.0,325,6.8,2015-05-10,2015
829799,2,15,8,Punjab Kings,Sunrisers Hyderabad,104,6,4,82,30.0,5.0,6.933333333333334,16.4,186,0,"Rajiv Gandhi International Stadium, Hyderabad",Sunrisers Hyderabad,15,65.6,328,9.466666666666665,2015-05-11,2015
829801,2,15,6,Delhi Capitals,Chennai Super Kings,97,3,7,23,30.0,5.0,6.466666666666667,4.6,120,1,"SVNS Intl Stadium, Raipur",Delhi Capitals,15,32.199999999999996,161,-1.8666666666666671,2015-05-12,2015
829805,2,15,6,Kolkata Knight Riders,Mumbai Indians,122,4,6,50,30.0,5.0,8.133333333333333,10.0,172,0,"Wankhede Stadium, Mumbai",Mumbai Indians,15,60.0,300,1.8666666666666671,2015-05-14,2015
829809,2,15,6,Chennai Super Kings,Punjab Kings,111,3,7,20,30.0,5.0,7.4,4.0,131,1,"IS Bindra Stadium, Mohali",Punjab Kings,15,28.0,140,-3.4000000000000004,2015-05-16,2015
829811,2,15,6,Kolkata Knight Riders,Rajasthan Royals,144,5,5,56,30.0,5.0,9.6,11.2,200,0,"Brabourne Stadium, Mumbai",,15,56.0,280,1.5999999999999996,2015-05-16,2015
829817,2,15,6,Chennai Super Kings,Mumbai Indians,121,6,4,67,30.0,5.0,8.066666666666666,13.4,188,0,"Wankhede Stadium, Mumbai",Mumbai Indians,15,53.6,268,5.333333333333334,2015-05-19,2015
829819,2,15,7,Rajasthan Royals,Royal Challengers Bangalore,92,7,3,89,30.0,5.0,6.133333333333334,17.8,181,0,"MCA Stadium, Pune",,15,53.400000000000006,267,11.666666666666668,2015-05-20,2015
829821,2,15,6,Chennai Super Kings,Royal Challengers Bangalore,91,3,7,49,30.0,5.0,6.066666666666666,9.8,140,1,JSCA International Stadium Complex,,15,68.60000000000001,343,3.7333333333333343,2015-05-22,2015
829823,2,15,6,Chennai Super Kings,Mumbai Indians,112,4,6,91,30.0,5.0,7.466666666666667,18.2,203,0,"Eden Gardens, Kolkata",,15,109.19999999999999,546,10.733333333333333,2015-05-24,2015
980901,2,15,4,Rising Pune Supergiant,Mumbai Indians,126,1,9,0,32.0,5.333333333333333,8.590909090909092,0.0,122,1,"Wankhede Stadium, Mumbai",Mumbai Indians,15,0.0,0,-8.590909090909092,2016-04-09,2016
980903,2,15,2,Kolkata Knight Riders,Delhi Capitals,99,1,9,0,34.0,5.666666666666667,6.906976744186046,0.0,99,1,"Eden Gardens, Kolkata",Kolkata Knight Riders,15,0.0,0,-6.906976744186046,2016-04-10,2016
980905,2,15,6,Gujarat Lions,Punjab Kings,134,4,6,28,30.0,5.0,8.933333333333334,5.6,162,1,"IS Bindra Stadium, Mohali",Punjab Kings,15,33.599999999999994,168,-3.333333333333334,2016-04-11,2016
980907,2,15,6,Sunrisers Hyderabad,Royal Challengers Bangalore,139,5,5,89,30.0,5.0,9.266666666666667,17.8,228,0,"M Chinnaswamy Stadium, Bengaluru",Royal Challengers Bangalore,15,89.0,445,8.533333333333333,2016-04-12,2016
980909,2,15,6,Mumbai Indians,Kolkata Knight Riders,139,3,7,49,30.0,5.0,9.266666666666667,9.8,188,1,"Eden Gardens, Kolkata",Kolkata Knight Riders,15,68.60000000000001,343,0.5333333333333332,2016-04-13,2016
980911,2,15,6,Gujarat Lions,Rising Pune Supergiant,132,2,8,32,30.0,5.0,8.8,6.4,164,1,Saurashtra Cricket Association Stadium,,15,51.2,256,-2.4000000000000004,2016-04-14,2016
980915,2,15,6,Kolkata Knight Riders,Sunrisers Hyderabad,112,2,8,31,30.0,5.0,7.466666666666667,6.2,143,1,"Rajiv Gandhi International Stadium, Hyderabad",Sunrisers Hyderabad,15,49.6,248,-1.2666666666666666,2016-04-16,2016
980917,2,15,6,Gujarat Lions,Mumbai Indians,99,4,6,45,30.0,5.0,6.6,9.0,144,1,"Wankhede Stadium, Mumbai",Mumbai Indians,15,54.0,270,2.4000000000000004,2016-04-16,2016
980919,2,15,6,Punjab Kings,Rising Pune Supergiant,112,3,7,41,30.0,5.0,7.466666666666667,8.2,153,1,"IS Bindra Stadium, Mohali",Punjab Kings,15,57.39999999999999,287,0.7333333333333325,2016-04-17,2016
980921,2,15,6,Delhi Capitals,Royal Challengers Bangalore,146,2,8,46,30.0,5.0,9.733333333333333,9.2,192,1,"M Chinnaswamy Stadium, Bengaluru",Royal Challengers Bangalore,15,73.6,368,-0.5333333333333332,2016-04-17,2016
980923,2,15,6,Sunrisers Hyderabad,Mumbai Indians,108,3,7,35,30.0,5.0,7.2,7.0,143,1,"Rajiv Gandhi International Stadium, Hyderabad",Sunrisers Hyderabad,15,49.0,245,-0.20000000000000018,2016-04-18,2016
980925,2,15,6,Kolkata Knight Riders,Punjab Kings,117,3,7,22,30.0,5.0,7.8,4.4,139,1,"IS Bindra Stadium, Mohali",Punjab Kings,15,30.800000000000004,154,-3.3999999999999995,2016-04-19,2016
980927,2,15,6,Mumbai Indians,Royal Challengers Bangalore,128,3,7,43,30.0,5.0,8.533333333333333,8.6,171,1,"Wankhede Stadium, Mumbai",Mumbai Indians,15,60.199999999999996,301,0.06666666666666643,2016-04-20,2016
980929,2,15,5,Sunrisers Hyderabad,Gujarat Lions,137,0,10,0,31.0,5.166666666666667,9.235955056179774,0.0,136,1,Saurashtra Cricket Association Stadium,,15,0.0,0,-9.235955056179774,2016-04-21,2016
980931,2,15,6,Rising Pune Supergiant,Royal Challengers Bangalore,115,4,6,71,30.0,5.0,7.666666666666667,14.2,186,0,"MCA Stadium, Pune",Rising Pune Supergiant,15,85.19999999999999,426,6.533333333333332,2016-04-22,2016
980933,2,15,6,Mumbai Indians,Delhi Capitals,114,4,6,51,30.0,5.0,7.6,10.2,165,0,"Arun Jaitley Stadium, Delhi",Delhi Capitals,15,61.199999999999996,306,2.5999999999999996,2016-04-23,2016
980935,2,15,6,Sunrisers Hyderabad,Punjab Kings,119,3,7,25,30.0,5.0,7.933333333333334,5.0,144,1,"Rajiv Gandhi International Stadium, Hyderabad",Sunrisers Hyderabad,15,35.0,175,-2.9333333333333336,2016-04-23,2016
980937,2,15,6,Gujarat Lions,Royal Challengers Bangalore,136,2,8,45,30.0,5.0,9.066666666666666,9.0,181,1,Saurashtra Cricket Association Stadium,,15,72.0,360,-0.06666666666666643,2016-04-24,2016
980939,2,15,6,Kolkata Knight Riders,Rising Pune Supergiant,114,4,6,47,30.0,5.0,7.6,9.4,161,1,"MCA Stadium, Pune",Rising Pune Supergiant,15,56.400000000000006,282,1.8000000000000007,2016-04-24,2016
980941,2,15,6,Punjab Kings,Mumbai Indians,121,3,7,69,30.0,5.0,8.066666666666666,13.8,190,0,"IS Bindra Stadium, Mohali",Punjab Kings,15,96.60000000000001,483,5.733333333333334,2016-04-25,2016
980945,2,15,6,Delhi Capitals,Gujarat Lions,116,4,6,57,30.0,5.0,7.733333333333333,11.4,173,0,"Arun Jaitley Stadium, Delhi",Delhi Capitals,15,68.4,342,3.666666666666667,2016-04-27,2016
980947,2,15,6,Mumbai Indians,Kolkata Knight Riders,126,4,6,49,30.0,5.0,8.4,9.8,175,1,"Wankhede Stadium, Mumbai",Mumbai Indians,15,58.800000000000004,294,1.4000000000000004,2016-04-28,2016
980949,2,15,6,Gujarat Lions,Rising Pune Supergiant,147,2,8,49,30.0,5.0,9.8,9.8,196,1,"MCA Stadium, Pune",Rising Pune Supergiant,15,78.4,392,0.0,2016-04-29,2016
980951,2,15,8,Kolkata Knight Riders,Delhi Capitals,127,5,5,60,30.0,5.0,8.466666666666667,12.0,187,0,"Arun Jaitley Stadium, Delhi",Delhi Capitals,15,60.0,300,3.533333333333333,2016-04-30,2016
980953,2,15,7,Royal Challengers Bangalore,Sunrisers Hyderabad,132,4,6,63,30.0,5.0,8.8,12.6,195,0,"Rajiv Gandhi International Stadium, Hyderabad",Sunrisers Hyderabad,15,75.6,378,3.799999999999999,2016-04-30,2016
980955,2,15,6,Gujarat Lions,Punjab Kings,87,7,3,68,30.0,5.0,5.8,13.6,155,0,Saurashtra Cricket Association Stadium,,15,40.8,204,7.8,2016-05-01,2016
980957,2,15,6,Mumbai Indians,Rising Pune Supergiant,115,2,8,45,30.0,5.0,7.666666666666667,9.0,160,1,"MCA Stadium, Pune",Rising Pune Supergiant,15,72.0,360,1.333333333333333,2016-05-01,2016
980959,2,15,6,Kolkata Knight Riders,Royal Challengers Bangalore,123,4,6,63,30.0,5.0,8.2,12.6,186,1,"M Chinnaswamy Stadium, Bengaluru",Royal Challengers Bangalore,15,75.6,378,4.4,2016-05-02,2016
980961,2,15,6,Delhi Capitals,Gujarat Lions,121,2,8,29,30.0,5.0,8.066666666666666,5.8,150,1,Saurashtra Cricket Association Stadium,,15,46.4,232,-2.2666666666666666,2016-05-03,2016
980963,2,15,6,Punjab Kings,Kolkata Knight Riders,117,4,6,48,30.0,5.0,7.8,9.6,165,0,"Eden Gardens, Kolkata",Kolkata Knight Riders,15,57.599999999999994,288,1.7999999999999998,2016-05-04,2016
980965,2,15,6,Rising Pune Supergiant,Delhi Capitals,116,2,8,47,30.0,5.0,7.733333333333333,9.4,163,1,"Arun Jaitley Stadium, Delhi",Delhi Capitals,15,75.2,376,1.666666666666667,2016-05-05,2016
980967,2,15,6,Sunrisers Hyderabad,Gujarat Lions,91,4,6,36,30.0,5.0,6.066666666666666,7.2,127,1,"Rajiv Gandhi International Stadium, Hyderabad",Sunrisers Hyderabad,15,43.2,216,1.1333333333333337,2016-05-06,2016
980969,2,15,6,Royal Challengers Bangalore,Rising Pune Supergiant,142,2,8,50,30.0,5.0,9.466666666666669,10.0,192,1,"M Chinnaswamy Stadium, Bengaluru",Royal Challengers Bangalore,15,80.0,400,0.5333333333333314,2016-05-07,2016
980971,2,15,6,Delhi Capitals,Punjab Kings,132,2,8,50,30.0,5.0,8.8,10.0,182,0,"IS Bindra Stadium, Mohali",Punjab Kings,15,80.0,400,1.1999999999999993,2016-05-07,2016
980973,2,15,7,Mumbai Indians,Sunrisers Hyderabad,85,9,1,93,30.0,5.0,5.666666666666667,18.6,178,0,Dr. Y.S. Rajasekhara Reddy ACA-VDCA Cricket Stadium,,15,18.6,93,12.933333333333334,2016-05-08,2016
980975,2,15,6,Gujarat Lions,Kolkata Knight Riders,135,3,7,24,30.0,5.0,9.0,4.8,159,1,"Eden Gardens, Kolkata",Kolkata Knight Riders,15,33.6,168,-4.2,2016-05-08,2016
980977,2,15,6,Punjab Kings,Royal Challengers Bangalore,123,3,7,53,30.0,5.0,8.2,10.6,176,0,"IS Bindra Stadium, Mohali",Punjab Kings,15,74.2,371,2.4000000000000004,2016-05-09,2016
980979,2,15,6,Rising Pune Supergiant,Sunrisers Hyderabad,86,5,5,52,30.0,5.0,5.733333333333333,10.4,138,0,Dr. Y.S. Rajasekhara Reddy ACA-VDCA Cricket Stadium,,15,52.0,260,4.666666666666667,2016-05-10,2016
980981,2,15,7,Mumbai Indians,Royal Challengers Bangalore,97,3,7,55,30.0,5.0,6.466666666666667,11.0,152,1,"M Chinnaswamy Stadium, Bengaluru",Royal Challengers Bangalore,15,77.0,385,4.533333333333333,2016-05-11,2016
980983,2,15,6,Delhi Capitals,Sunrisers Hyderabad,114,3,7,33,30.0,5.0,7.6,6.6,147,1,"Rajiv Gandhi International Stadium, Hyderabad",Sunrisers Hyderabad,15,46.199999999999996,231,-1.0,2016-05-12,2016
980985,2,15,6,Punjab Kings,Mumbai Indians,110,1,9,15,30.0,5.0,7.333333333333333,3.0,125,1,Dr. Y.S. Rajasekhara Reddy ACA-VDCA Cricket Stadium,,15,27.0,135,-4.333333333333333,2016-05-13,2016
980987,2,15,8,Gujarat Lions,Royal Challengers Bangalore,94,8,2,155,30.0,5.0,6.266666666666667,31.0,249,0,"M Chinnaswamy Stadium, Bengaluru",Royal Challengers Bangalore,15,62.0,310,24.733333333333334,2016-05-14,2016
980991,2,15,6,Sunrisers Hyderabad,Punjab Kings,130,2,8,50,30.0,5.0,8.666666666666666,10.0,180,1,"IS Bindra Stadium, Mohali",Punjab Kings,15,80.0,400,1.333333333333334,2016-05-15,2016
980993,2,15,6,Delhi Capitals,Mumbai Indians,108,6,4,99,30.0,5.0,7.2,19.8,207,0,Dr. Y.S. Rajasekhara Reddy ACA-VDCA Cricket Stadium,,15,79.2,396,12.600000000000001,2016-05-15,2016
980995,2,15,6,Royal Challengers Bangalore,Kolkata Knight Riders,135,1,9,49,30.0,5.0,9.0,9.8,184,1,"Eden Gardens, Kolkata",Kolkata Knight Riders,15,88.2,441,0.8000000000000007,2016-05-16,2016
981003,2,15,6,Delhi Capitals,Sunrisers Hyderabad,107,2,8,52,30.0,5.0,7.133333333333334,10.4,159,1,"SVNS Intl Stadium, Raipur",Delhi Capitals,15,83.2,416,3.2666666666666666,2016-05-20,2016
981005,2,15,7,Rising Pune Supergiant,Punjab Kings,103,5,5,70,30.0,5.0,6.866666666666666,14.0,173,1,Dr. Y.S. Rajasekhara Reddy ACA-VDCA Cricket Stadium,,15,70.0,350,7.133333333333334,2016-05-21,2016
981007,2,15,6,Gujarat Lions,Mumbai Indians,147,4,6,26,30.0,5.0,9.8,5.2,173,1,Green Park,,15,31.200000000000003,156,-4.6000000000000005,2016-05-21,2016
981009,2,15,6,Sunrisers Hyderabad,Kolkata Knight Riders,114,4,6,58,30.0,5.0,7.6,11.6,172,0,"Eden Gardens, Kolkata",Kolkata Knight Riders,15,69.6,348,4.0,2016-05-22,2016
981011,2,15,6,Royal Challengers Bangalore,Delhi Capitals,111,4,6,28,30.0,5.0,7.4,5.6,139,1,"SVNS Intl Stadium, Raipur",Delhi Capitals,15,33.599999999999994,168,-1.8000000000000007,2016-05-22,2016
981013,2,15,6,Royal Challengers Bangalore,Gujarat Lions,110,6,4,49,30.0,5.0,7.333333333333333,9.8,159,1,"M Chinnaswamy Stadium, Bengaluru",Royal Challengers Bangalore,15,39.2,196,2.4666666666666677,2016-05-24,2016
981015,2,15,6,Kolkata Knight Riders,Sunrisers Hyderabad,110,4,6,53,30.0,5.0,7.333333333333333,10.6,163,0,"Arun Jaitley Stadium, Delhi",,15,63.599999999999994,318,3.2666666666666666,2016-05-25,2016
981017,2,15,6,Sunrisers Hyderabad,Gujarat Lions,116,5,5,47,30.0,5.0,7.733333333333333,9.4,163,1,"Arun Jaitley Stadium, Delhi",,15,47.0,235,1.666666666666667,2016-05-27,2016
981019,2,15,6,Royal Challengers Bangalore,Sunrisers Hyderabad,158,3,7,51,30.0,5.0,10.533333333333331,10.2,209,0,"M Chinnaswamy Stadium, Bengaluru",Royal Challengers Bangalore,15,71.39999999999999,357,-0.33333333333333215,2016-05-29,2016
1082591,2,15,6,Royal Challengers Bangalore,Sunrisers Hyderabad,139,5,5,69,30.0,5.0,9.266666666666667,13.8,208,0,"Rajiv Gandhi International Stadium, Hyderabad",Sunrisers Hyderabad,15,69.0,345,4.533333333333333,2017-04-05,2017
1082592,2,15,7,Rising Pune Supergiant,Mumbai Indians,139,2,8,46,30.0,5.0,9.266666666666667,9.2,185,1,"MCA Stadium, Pune",Rising Pune Supergiant,15,73.6,368,-0.0666666666666682,2017-04-06,2017
1082593,2,15,7,Kolkata Knight Riders,Gujarat Lions,184,0,10,0,30.0,5.0,12.266666666666667,0.0,184,1,Saurashtra Cricket Association Stadium,,15,0.0,0,-12.266666666666667,2017-04-07,2017
1082594,2,15,6,Punjab Kings,Rising Pune Supergiant,128,4,6,36,30.0,5.0,8.533333333333333,7.2,164,1,"Holkar Cricket Stadium, Indore",Punjab Kings,15,43.2,216,-1.333333333333333,2017-04-08,2017
1082595,2,15,6,Delhi Capitals,Royal Challengers Bangalore,113,6,4,45,30.0,5.0,7.533333333333333,9.0,158,0,M.Chinnaswamy Stadium,Royal Challengers Bangalore,15,36.0,180,1.4666666666666668,2017-04-08,2017
1082596,2,15,6,Sunrisers Hyderabad,Gujarat Lions,131,1,9,5,30.0,5.0,8.733333333333333,1.0,136,1,"Rajiv Gandhi International Stadium, Hyderabad",Sunrisers Hyderabad,15,9.0,45,-7.7333333333333325,2017-04-09,2017
1082597,2,15,6,Mumbai Indians,Kolkata Knight Riders,115,4,6,64,30.0,5.0,7.666666666666667,12.8,179,1,"Wankhede Stadium, Mumbai",Mumbai Indians,15,76.80000000000001,384,5.133333333333334,2017-04-09,2017
1082598,2,15,3,Punjab Kings,Royal Challengers Bangalore,150,2,8,0,33.0,5.5,10.344827586206897,0.0,149,1,"Holkar Cricket Stadium, Indore",Punjab Kings,15,0.0,0,-10.344827586206897,2017-04-10,2017
1082599,2,15,7,Rising Pune Supergiant,Delhi Capitals,106,8,2,100,30.0,5.0,7.066666666666666,20.0,206,0,"MCA Stadium, Pune",Rising Pune Supergiant,15,40.0,200,12.933333333333334,2017-04-11,2017
1082600,2,15,6,Mumbai Indians,Sunrisers Hyderabad,121,4,6,38,30.0,5.0,8.066666666666666,7.6,159,1,"Wankhede Stadium, Mumbai",Mumbai Indians,15,45.599999999999994,228,-0.4666666666666668,2017-04-12,2017
1082601,2,15,6,Kolkata Knight Riders,Punjab Kings,157,2,8,14,30.0,5.0,10.466666666666669,2.8,171,1,"Eden Gardens, Kolkata",Kolkata Knight Riders,15,22.4,112,-7.666666666666669,2017-04-13,2017
1082602,2,15,6,Mumbai Indians,Royal Challengers Bangalore,91,5,5,52,30.0,5.0,6.066666666666666,10.4,143,1,"M Chinnaswamy Stadium, Bengaluru",Royal Challengers Bangalore,15,52.0,260,4.333333333333334,2017-04-14,2017
1082603,2,15,7,Gujarat Lions,Rising Pune Supergiant,133,3,7,39,30.0,5.0,8.866666666666667,7.8,172,1,Saurashtra Cricket Association Stadium,,15,54.6,273,-1.0666666666666673,2017-04-14,2017
1082604,2,15,8,Sunrisers Hyderabad,Kolkata Knight Riders,113,5,5,60,30.0,5.0,7.533333333333333,12.0,173,0,"Eden Gardens, Kolkata",Kolkata Knight Riders,15,60.0,300,4.466666666666667,2017-04-15,2017
1082605,2,15,6,Punjab Kings,Delhi Capitals,103,6,4,86,30.0,5.0,6.866666666666666,17.2,189,0,"Arun Jaitley Stadium, Delhi",Delhi Capitals,15,68.8,344,10.333333333333332,2017-04-15,2017
1082606,2,15,7,Mumbai Indians,Gujarat Lions,132,3,7,45,30.0,5.0,8.8,9.0,177,1,"Wankhede Stadium, Mumbai",Mumbai Indians,15,63.0,315,0.1999999999999993,2017-04-16,2017
1082607,2,15,7,Royal Challengers Bangalore,Rising Pune Supergiant,92,4,6,70,30.0,5.0,6.133333333333334,14.0,162,0,"M Chinnaswamy Stadium, Bengaluru",Royal Challengers Bangalore,15,84.0,420,7.866666666666666,2017-04-16,2017
1082608,2,15,6,Kolkata Knight Riders,Delhi Capitals,135,4,6,34,30.0,5.0,9.0,6.8,169,1,"Arun Jaitley Stadium, Delhi",Delhi Capitals,15,40.8,204,-2.2,2017-04-17,2017
1082609,2,15,7,Punjab Kings,Sunrisers Hyderabad,104,6,4,56,30.0,5.0,6.933333333333334,11.2,160,0,"Rajiv Gandhi International Stadium, Hyderabad",Sunrisers Hyderabad,15,44.8,224,4.266666666666666,2017-04-17,2017
1082610,2,15,6,Gujarat Lions,Royal Challengers Bangalore,139,5,5,75,30.0,5.0,9.266666666666667,15.0,214,0,Saurashtra Cricket Association Stadium,,15,75.0,375,5.7333333333333325,2017-04-18,2017
1082611,2,15,6,Delhi Capitals,Sunrisers Hyderabad,127,4,6,65,30.0,5.0,8.466666666666667,13.0,192,0,"Rajiv Gandhi International Stadium, Hyderabad",Sunrisers Hyderabad,15,78.0,390,4.533333333333333,2017-04-19,2017
1082612,2,15,6,Mumbai Indians,Punjab Kings,191,2,8,8,30.0,5.0,12.733333333333333,1.6,199,1,"Holkar Cricket Stadium, Indore",Punjab Kings,15,12.8,64,-11.133333333333333,2017-04-20,2017
1082613,2,15,6,Gujarat Lions,Kolkata Knight Riders,146,5,5,42,30.0,5.0,9.733333333333333,8.4,188,1,"Eden Gardens, Kolkata",Kolkata Knight Riders,15,42.0,210,-1.3333333333333321,2017-04-21,2017
1082614,2,15,6,Delhi Capitals,Mumbai Indians,91,6,4,52,30.0,5.0,6.066666666666666,10.4,143,0,"Wankhede Stadium, Mumbai",Mumbai Indians,15,41.6,208,4.333333333333334,2017-04-22,2017
1082615,2,15,6,Rising Pune Supergiant,Sunrisers Hyderabad,115,3,7,62,30.0,5.0,7.666666666666667,12.4,177,1,"MCA Stadium, Pune",Rising Pune Supergiant,15,86.8,434,4.733333333333333,2017-04-22,2017
1082616,2,15,6,Gujarat Lions,Punjab Kings,121,6,4,68,30.0,5.0,8.066666666666666,13.6,189,0,Saurashtra Cricket Association Stadium,,15,54.4,272,5.533333333333333,2017-04-23,2017
1082618,2,15,6,Mumbai Indians,Rising Pune Supergiant,113,4,6,48,30.0,5.0,7.533333333333333,9.6,161,0,"Wankhede Stadium, Mumbai",Mumbai Indians,15,57.599999999999994,288,2.0666666666666664,2017-04-24,2017
1082620,2,15,8,Kolkata Knight Riders,Rising Pune Supergiant,159,1,9,24,30.0,5.0,10.6,4.8,183,1,"MCA Stadium, Pune",Rising Pune Supergiant,15,43.199999999999996,216,-5.8,2017-04-26,2017
1082622,2,15,6,Kolkata Knight Riders,Delhi Capitals,140,3,7,21,30.0,5.0,9.333333333333334,4.2,161,1,"Eden Gardens, Kolkata",Kolkata Knight Riders,15,29.400000000000002,147,-5.133333333333334,2017-04-28,2017
1082623,2,15,7,Punjab Kings,Sunrisers Hyderabad,138,5,5,70,30.0,5.0,9.2,14.0,208,0,"IS Bindra Stadium, Mohali",Punjab Kings,15,70.0,350,4.800000000000001,2017-04-28,2017
1082624,2,15,6,Royal Challengers Bangalore,Rising Pune Supergiant,71,7,3,87,30.0,5.0,4.733333333333333,17.4,158,0,"MCA Stadium, Pune",Rising Pune Supergiant,15,52.199999999999996,261,12.666666666666664,2017-04-29,2017
1082625,2,15,6,Mumbai Indians,Gujarat Lions,114,4,6,40,30.0,5.0,7.6,8.0,154,0,Saurashtra Cricket Association Stadium,,15,48.0,240,0.40000000000000036,2017-04-29,2017
1082627,2,15,6,Kolkata Knight Riders,Sunrisers Hyderabad,122,4,6,88,30.0,5.0,8.133333333333333,17.6,210,0,"Rajiv Gandhi International Stadium, Hyderabad",Sunrisers Hyderabad,15,105.60000000000001,528,9.466666666666669,2017-04-30,2017
1082628,2,15,6,Mumbai Indians,Royal Challengers Bangalore,114,5,5,49,30.0,5.0,7.6,9.8,163,1,"Wankhede Stadium, Mumbai",Mumbai Indians,15,49.0,245,2.200000000000001,2017-05-01,2017
1082629,2,15,6,Rising Pune Supergiant,Gujarat Lions,102,4,6,60,30.0,5.0,6.8,12.0,162,1,"MCA Stadium, Pune",Rising Pune Supergiant,15,72.0,360,5.2,2017-05-01,2017
1082630,2,15,6,Delhi Capitals,Sunrisers Hyderabad,142,3,7,44,30.0,5.0,9.466666666666669,8.8,186,1,"Arun Jaitley Stadium, Delhi",Delhi Capitals,15,61.60000000000001,308,-0.6666666666666679,2017-05-02,2017
1082631,2,15,6,Rising Pune Supergiant,Kolkata Knight Riders,134,4,6,22,30.0,5.0,8.933333333333334,4.4,156,1,"Eden Gardens, Kolkata",Kolkata Knight Riders,15,26.400000000000002,132,-4.533333333333333,2017-05-03,2017
1082632,2,15,7,Delhi Capitals,Gujarat Lions,182,3,7,27,30.0,5.0,12.133333333333333,5.4,209,1,"Arun Jaitley Stadium, Delhi",Delhi Capitals,15,37.800000000000004,189,-6.7333333333333325,2017-05-04,2017
1082633,2,15,6,Royal Challengers Bangalore,Punjab Kings,98,7,3,41,30.0,5.0,6.533333333333333,8.2,139,0,"M Chinnaswamy Stadium, Bengaluru",Royal Challengers Bangalore,15,24.599999999999998,123,1.666666666666666,2017-05-05,2017
1082634,2,15,6,Sunrisers Hyderabad,Rising Pune Supergiant,101,4,6,48,30.0,5.0,6.733333333333333,9.6,149,0,"Rajiv Gandhi International Stadium, Hyderabad",Sunrisers Hyderabad,15,57.599999999999994,288,2.8666666666666663,2017-05-06,2017
1082636,2,15,7,Kolkata Knight Riders,Royal Challengers Bangalore,157,4,6,2,30.0,5.0,10.466666666666669,0.4,159,1,"M Chinnaswamy Stadium, Bengaluru",Royal Challengers Bangalore,15,2.4000000000000004,12,-10.066666666666668,2017-05-07,2017
1082637,2,15,6,Gujarat Lions,Punjab Kings,148,2,8,42,30.0,5.0,9.866666666666667,8.4,190,1,"IS Bindra Stadium, Mohali",Punjab Kings,15,67.2,336,-1.4666666666666668,2017-05-07,2017
1082638,2,15,6,Sunrisers Hyderabad,Mumbai Indians,113,3,7,26,30.0,5.0,7.533333333333333,5.2,139,1,"Rajiv Gandhi International Stadium, Hyderabad",Sunrisers Hyderabad,15,36.4,182,-2.333333333333333,2017-05-08,2017
1082639,2,15,6,Kolkata Knight Riders,Punjab Kings,118,3,7,50,30.0,5.0,7.866666666666666,10.0,168,0,"IS Bindra Stadium, Mohali",Punjab Kings,15,70.0,350,2.1333333333333337,2017-05-09,2017
1082640,2,15,6,Delhi Capitals,Gujarat Lions,138,6,4,58,30.0,5.0,9.2,11.6,196,1,Green Park,,15,46.4,232,2.4000000000000004,2017-05-10,2017
1082641,2,15,6,Mumbai Indians,Punjab Kings,148,4,6,83,30.0,5.0,9.866666666666667,16.6,231,0,"Wankhede Stadium, Mumbai",Mumbai Indians,15,99.60000000000001,498,6.733333333333334,2017-05-11,2017
1082642,2,15,6,Rising Pune Supergiant,Delhi Capitals,117,3,7,52,30.0,5.0,7.8,10.4,169,0,"Arun Jaitley Stadium, Delhi",Delhi Capitals,15,72.8,364,2.6000000000000005,2017-05-12,2017
1082643,2,15,6,Sunrisers Hyderabad,Gujarat Lions,127,2,8,28,30.0,5.0,8.466666666666667,5.6,155,1,Green Park,,15,44.8,224,-2.866666666666667,2017-05-13,2017
1082644,2,15,6,Kolkata Knight Riders,Mumbai Indians,131,6,4,43,30.0,5.0,8.733333333333333,8.6,174,0,"Eden Gardens, Kolkata",Kolkata Knight Riders,15,34.4,172,-0.13333333333333286,2017-05-13,2017
1082646,2,15,6,Delhi Capitals,Royal Challengers Bangalore,104,4,6,58,30.0,5.0,6.933333333333334,11.6,162,0,"Arun Jaitley Stadium, Delhi",Delhi Capitals,15,69.6,348,4.666666666666666,2017-05-14,2017
1082647,2,15,7,Mumbai Indians,Rising Pune Supergiant,103,7,3,60,30.0,5.0,6.866666666666666,12.0,163,0,"Wankhede Stadium, Mumbai",Mumbai Indians,15,36.0,180,5.133333333333334,2017-05-16,2017
1082649,2,15,4,Mumbai Indians,Kolkata Knight Riders,111,4,6,0,32.0,5.333333333333333,7.568181818181818,0.0,108,1,"M Chinnaswamy Stadium, Bengaluru",,15,0.0,0,-7.568181818181818,2017-05-19,2017
1082650,2,15,7,Rising Pune Supergiant,Mumbai Indians,83,2,8,47,30.0,5.0,5.533333333333333,9.4,130,0,"Rajiv Gandhi International Stadium, Hyderabad",,15,75.2,376,3.866666666666667,2017-05-21,2017
1136561,2,15,7,Chennai Super Kings,Mumbai Indians,106,7,3,60,30.0,5.0,7.066666666666666,12.0,166,1,"Wankhede Stadium, Mumbai",Mumbai Indians,15,36.0,180,4.933333333333334,2018-04-07,2018
1136562,2,15,6,Punjab Kings,Delhi Capitals,132,3,7,35,30.0,5.0,8.8,7.0,167,1,Punjab Cricket Association IS Bindra Stadium,,15,49.0,245,-1.8000000000000007,2018-04-08,2018
1136563,2,15,6,Kolkata Knight Riders,Royal Challengers Bangalore,141,4,6,36,30.0,5.0,9.4,7.2,177,1,"Eden Gardens, Kolkata",Kolkata Knight Riders,15,43.2,216,-2.2,2018-04-08,2018
1136564,2,15,6,Sunrisers Hyderabad,Rajasthan Royals,123,1,9,3,30.0,5.0,8.2,0.6,126,1,Rajiv Gandhi International Stadium,Sunrisers Hyderabad,15,5.3999999999999995,27,-7.6,2018-04-09,2018
1136565,2,15,6,Chennai Super Kings,Kolkata Knight Riders,145,3,7,58,30.0,5.0,9.666666666666666,11.6,203,1,"MA Chidambaram Stadium, Chennai",Chennai Super Kings,15,81.2,406,1.9333333333333336,2018-04-10,2018
1136567,2,15,6,Sunrisers Hyderabad,Mumbai Indians,121,5,5,27,30.0,5.0,8.066666666666666,5.4,148,1,Rajiv Gandhi International Stadium,Sunrisers Hyderabad,15,27.0,135,-2.666666666666666,2018-04-12,2018
1136568,2,15,6,Royal Challengers Bangalore,Punjab Kings,109,4,6,47,30.0,5.0,7.266666666666667,9.4,156,1,M.Chinnaswamy Stadium,Royal Challengers Bangalore,15,56.400000000000006,282,2.1333333333333337,2018-04-13,2018
1136569,2,15,7,Delhi Capitals,Mumbai Indians,148,3,7,47,30.0,5.0,9.866666666666667,9.4,195,1,"Wankhede Stadium, Mumbai",Mumbai Indians,15,65.8,329,-0.4666666666666668,2018-04-14,2018
1136570,2,15,6,Sunrisers Hyderabad,Kolkata Knight Riders,112,3,7,27,30.0,5.0,7.466666666666667,5.4,139,1,"Eden Gardens, Kolkata",Kolkata Knight Riders,15,37.800000000000004,189,-2.0666666666666664,2018-04-14,2018
1136571,2,15,7,Royal Challengers Bangalore,Rajasthan Royals,134,5,5,84,30.0,5.0,8.933333333333334,16.8,218,0,M.Chinnaswamy Stadium,Royal Challengers Bangalore,15,84.0,420,7.866666666666667,2018-04-15,2018
1136572,2,15,6,Chennai Super Kings,Punjab Kings,122,4,6,76,30.0,5.0,8.133333333333333,15.2,198,0,Punjab Cricket Association IS Bindra Stadium,,15,91.19999999999999,456,7.066666666666666,2018-04-15,2018
1136573,2,15,2,Delhi Capitals,Kolkata Knight Riders,129,10,0,72,34.0,5.666666666666667,9.0,12.705882352941176,201,0,"Eden Gardens, Kolkata",Kolkata Knight Riders,15,0.0,0,3.7058823529411757,2018-04-16,2018
1136574,2,15,6,Royal Challengers Bangalore,Mumbai Indians,108,6,4,106,30.0,5.0,7.2,21.2,214,0,"Wankhede Stadium, Mumbai",Mumbai Indians,15,84.8,424,14.0,2018-04-17,2018
1136575,2,15,6,Kolkata Knight Riders,Rajasthan Royals,121,3,7,40,30.0,5.0,8.066666666666666,8.0,161,1,"Sawai Mansingh Stadium, Jaipur",Rajasthan Royals,15,56.0,280,-0.06666666666666643,2018-04-18,2018
1136576,2,15,6,Sunrisers Hyderabad,Punjab Kings,118,4,6,76,30.0,5.0,7.866666666666666,15.2,194,0,Punjab Cricket Association IS Bindra Stadium,,15,91.19999999999999,456,7.333333333333333,2018-04-19,2018
1136577,2,15,6,Rajasthan Royals,Chennai Super Kings,115,7,3,90,30.0,5.0,7.666666666666667,18.0,205,0,"MCA Stadium, Pune",,15,54.0,270,10.333333333333332,2018-04-20,2018
1136579,2,15,7,Royal Challengers Bangalore,Delhi Capitals,140,3,7,35,30.0,5.0,9.333333333333334,7.0,175,1,M.Chinnaswamy Stadium,Royal Challengers Bangalore,15,49.0,245,-2.333333333333334,2018-04-21,2018
1136580,2,15,6,Sunrisers Hyderabad,Chennai Super Kings,117,4,6,66,30.0,5.0,7.8,13.2,183,0,Rajiv Gandhi International Stadium,Sunrisers Hyderabad,15,79.19999999999999,396,5.3999999999999995,2018-04-22,2018
1136581,2,15,6,Rajasthan Royals,Mumbai Indians,118,3,7,50,30.0,5.0,7.866666666666666,10.0,168,1,"Sawai Mansingh Stadium, Jaipur",Rajasthan Royals,15,70.0,350,2.1333333333333337,2018-04-22,2018
1136582,2,15,6,Delhi Capitals,Punjab Kings,96,5,5,48,30.0,5.0,6.4,9.6,144,0,"Arun Jaitley Stadium, Delhi",Delhi Capitals,15,48.0,240,3.1999999999999993,2018-04-23,2018
1136583,2,15,6,Mumbai Indians,Sunrisers Hyderabad,77,6,4,42,30.0,5.0,5.133333333333334,8.4,119,0,"Wankhede Stadium, Mumbai",Mumbai Indians,15,33.6,168,3.2666666666666666,2018-04-24,2018
1136584,2,15,6,Chennai Super Kings,Royal Challengers Bangalore,135,4,6,71,30.0,5.0,9.0,14.2,206,1,M.Chinnaswamy Stadium,Royal Challengers Bangalore,15,85.19999999999999,426,5.199999999999999,2018-04-25,2018
1136585,2,15,6,Punjab Kings,Sunrisers Hyderabad,91,5,5,42,30.0,5.0,6.066666666666666,8.4,133,0,Rajiv Gandhi International Stadium,Sunrisers Hyderabad,15,42.0,210,2.333333333333334,2018-04-26,2018
1136586,2,15,6,Kolkata Knight Riders,Delhi Capitals,140,5,5,80,30.0,5.0,9.333333333333334,16.0,220,0,"Arun Jaitley Stadium, Delhi",Delhi Capitals,15,80.0,400,6.666666666666666,2018-04-27,2018
1136587,2,15,7,Mumbai Indians,Chennai Super Kings,123,1,9,47,30.0,5.0,8.2,9.4,170,1,"MCA Stadium, Pune",,15,84.60000000000001,423,1.200000000000001,2018-04-28,2018
1136588,2,15,6,Rajasthan Royals,Sunrisers Hyderabad,102,4,6,50,30.0,5.0,6.8,10.0,152,0,"Sawai Mansingh Stadium, Jaipur",Rajasthan Royals,15,60.0,300,3.2,2018-04-29,2018
1136589,2,15,6,Kolkata Knight Riders,Royal Challengers Bangalore,124,2,8,52,30.0,5.0,8.266666666666667,10.4,176,1,M.Chinnaswamy Stadium,Royal Challengers Bangalore,15,83.2,416,2.133333333333333,2018-04-29,2018
1136590,2,15,6,Delhi Capitals,Chennai Super Kings,128,4,6,84,30.0,5.0,8.533333333333333,16.8,212,0,"MCA Stadium, Pune",,15,100.80000000000001,504,8.266666666666667,2018-04-30,2018
1136591,2,15,6,Mumbai Indians,Royal Challengers Bangalore,106,5,5,62,30.0,5.0,7.066666666666666,12.4,168,0,M.Chinnaswamy Stadium,Royal Challengers Bangalore,15,62.0,310,5.333333333333334,2018-05-01,2018
1136593,2,15,6,Kolkata Knight Riders,Chennai Super Kings,141,4,6,37,30.0,5.0,9.4,7.4,178,1,"Eden Gardens, Kolkata",Kolkata Knight Riders,15,44.400000000000006,222,-2.0,2018-05-03,2018
1136594,2,15,6,Mumbai Indians,Punjab Kings,118,3,7,57,30.0,5.0,7.866666666666666,11.4,175,1,"Holkar Cricket Stadium, Indore",Punjab Kings,15,79.8,399,3.533333333333334,2018-05-04,2018
1136595,2,15,6,Chennai Super Kings,Royal Challengers Bangalore,89,4,6,39,30.0,5.0,5.933333333333334,7.8,128,1,"MCA Stadium, Pune",,15,46.8,234,1.8666666666666663,2018-05-05,2018
1136596,2,15,6,Sunrisers Hyderabad,Delhi Capitals,115,2,8,49,30.0,5.0,7.666666666666667,9.8,164,1,Rajiv Gandhi International Stadium,Sunrisers Hyderabad,15,78.4,392,2.1333333333333337,2018-05-05,2018
1136597,2,15,6,Kolkata Knight Riders,Mumbai Indians,122,4,6,60,30.0,5.0,8.133333333333333,12.0,182,0,"Wankhede Stadium, Mumbai",Mumbai Indians,15,72.0,360,3.866666666666667,2018-05-06,2018
1136598,2,15,7,Punjab Kings,Rajasthan Royals,102,4,6,51,30.0,5.0,6.8,10.2,153,1,"Holkar Cricket Stadium, Indore",Punjab Kings,15,61.199999999999996,306,3.3999999999999995,2018-05-06,2018
1136599,2,15,6,Royal Challengers Bangalore,Sunrisers Hyderabad,102,5,5,45,30.0,5.0,6.8,9.0,147,0,Rajiv Gandhi International Stadium,Sunrisers Hyderabad,15,45.0,225,2.2,2018-05-07,2018
1136600,2,15,6,Punjab Kings,Rajasthan Royals,92,6,4,67,30.0,5.0,6.133333333333334,13.4,159,0,"Sawai Mansingh Stadium, Jaipur",Rajasthan Royals,15,53.6,268,7.266666666666667,2018-05-08,2018
1136601,2,15,6,Kolkata Knight Riders,Mumbai Indians,95,8,2,116,30.0,5.0,6.333333333333333,23.2,211,0,"Eden Gardens, Kolkata",Kolkata Knight Riders,15,46.4,232,16.866666666666667,2018-05-09,2018
1136602,2,15,6,Sunrisers Hyderabad,Delhi Capitals,152,1,9,36,30.0,5.0,10.133333333333333,7.2,188,1,"Arun Jaitley Stadium, Delhi",Delhi Capitals,15,64.8,324,-2.9333333333333327,2018-05-10,2018
1136603,2,15,6,Rajasthan Royals,Chennai Super Kings,122,4,6,55,30.0,5.0,8.133333333333333,11.0,177,1,"Sawai Mansingh Stadium, Jaipur",Rajasthan Royals,15,66.0,330,2.866666666666667,2018-05-11,2018
1136604,2,15,6,Punjab Kings,Kolkata Knight Riders,150,5,5,96,30.0,5.0,10.0,19.2,246,0,"Holkar Cricket Stadium, Indore",Punjab Kings,15,96.0,480,9.2,2018-05-12,2018
1136605,2,15,6,Royal Challengers Bangalore,Delhi Capitals,147,3,7,35,30.0,5.0,9.8,7.0,182,1,"Arun Jaitley Stadium, Delhi",Delhi Capitals,15,49.0,245,-2.8000000000000007,2018-05-12,2018
1136606,2,15,7,Chennai Super Kings,Sunrisers Hyderabad,143,2,8,37,30.0,5.0,9.533333333333331,7.4,180,1,"MCA Stadium, Pune",,15,59.2,296,-2.133333333333331,2018-05-13,2018
1136607,2,15,6,Rajasthan Royals,Mumbai Indians,132,2,8,37,30.0,5.0,8.8,7.4,169,1,"Wankhede Stadium, Mumbai",Mumbai Indians,15,59.2,296,-1.4000000000000004,2018-05-13,2018
1136609,2,15,6,Kolkata Knight Riders,Rajasthan Royals,116,3,7,27,30.0,5.0,7.733333333333333,5.4,143,1,"Eden Gardens, Kolkata",Kolkata Knight Riders,15,37.800000000000004,189,-2.333333333333333,2018-05-15,2018
1136610,2,15,8,Punjab Kings,Mumbai Indians,127,1,9,60,30.0,5.0,8.466666666666667,12.0,187,0,"Wankhede Stadium, Mumbai",Mumbai Indians,15,108.0,540,3.533333333333333,2018-05-16,2018
1136611,2,15,6,Sunrisers Hyderabad,Royal Challengers Bangalore,152,2,8,67,30.0,5.0,10.133333333333333,13.4,219,0,M.Chinnaswamy Stadium,Royal Challengers Bangalore,15,107.2,536,3.2666666666666675,2018-05-17,2018
1136612,2,15,6,Chennai Super Kings,Delhi Capitals,94,4,6,69,30.0,5.0,6.266666666666667,13.8,163,0,"Arun Jaitley Stadium, Delhi",Delhi Capitals,15,82.80000000000001,414,7.533333333333334,2018-05-18,2018
1136613,2,15,6,Royal Challengers Bangalore,Rajasthan Royals,108,6,4,57,30.0,5.0,7.2,11.4,165,0,"Sawai Mansingh Stadium, Jaipur",Rajasthan Royals,15,45.6,228,4.2,2018-05-19,2018
1136614,2,15,6,Kolkata Knight Riders,Sunrisers Hyderabad,132,2,8,41,30.0,5.0,8.8,8.2,173,1,Rajiv Gandhi International Stadium,Sunrisers Hyderabad,15,65.6,328,-0.6000000000000014,2018-05-19,2018
1136615,2,15,6,Mumbai Indians,Delhi Capitals,122,7,3,53,30.0,5.0,8.133333333333333,10.6,175,0,"Arun Jaitley Stadium, Delhi",Delhi Capitals,15,31.799999999999997,159,2.466666666666667,2018-05-20,2018
1136616,2,15,7,Chennai Super Kings,Punjab Kings,102,4,6,52,30.0,5.0,6.8,10.4,154,1,"MCA Stadium, Pune",,15,62.400000000000006,312,3.6000000000000005,2018-05-20,2018
1136617,2,15,6,Chennai Super Kings,Sunrisers Hyderabad,92,7,3,48,30.0,5.0,6.133333333333334,9.6,140,1,"Wankhede Stadium, Mumbai",,15,28.799999999999997,144,3.466666666666666,2018-05-22,2018
1136618,2,15,6,Rajasthan Royals,Kolkata Knight Riders,111,2,8,59,30.0,5.0,7.4,11.8,170,0,"Eden Gardens, Kolkata",Kolkata Knight Riders,15,94.4,472,4.4,2018-05-23,2018
1136619,2,15,6,Kolkata Knight Riders,Sunrisers Hyderabad,118,6,4,57,30.0,5.0,7.866666666666666,11.4,175,0,"Eden Gardens, Kolkata",Kolkata Knight Riders,15,45.6,228,3.533333333333334,2018-05-25,2018
1136620,2,15,6,Chennai Super Kings,Sunrisers Hyderabad,146,2,8,33,30.0,5.0,9.733333333333333,6.6,179,1,"Wankhede Stadium, Mumbai",,15,52.8,264,-3.133333333333333,2018-05-27,2018
1175356,2,15,6,Chennai Super Kings,Royal Challengers Bangalore,63,3,7,8,30.0,5.0,4.2,1.6,71,1,"MA Chidambaram Stadium, Chennai",Chennai Super Kings,15,11.200000000000001,56,-2.6,2019-03-23,2019
1175357,2,15,7,Kolkata Knight Riders,Sunrisers Hyderabad,114,3,7,68,30.0,5.0,7.6,13.6,182,1,"Eden Gardens, Kolkata",Kolkata Knight Riders,15,95.2,476,6.0,2019-03-24,2019
1175358,2,15,7,Mumbai Indians,Delhi Capitals,134,6,4,80,30.0,5.0,8.933333333333334,16.0,214,0,"Wankhede Stadium, Mumbai",Mumbai Indians,15,64.0,320,7.066666666666666,2019-03-24,2019
1175359,2,15,7,Rajasthan Royals,Punjab Kings,135,2,8,50,30.0,5.0,9.0,10.0,185,0,"Sawai Mansingh Stadium, Jaipur",Rajasthan Royals,15,80.0,400,1.0,2019-03-25,2019
1175360,2,15,6,Chennai Super Kings,Delhi Capitals,120,3,7,28,30.0,5.0,8.0,5.6,148,1,"Arun Jaitley Stadium, Delhi",Delhi Capitals,15,39.199999999999996,196,-2.4000000000000004,2019-03-26,2019
1175361,2,15,6,Punjab Kings,Kolkata Knight Riders,133,3,7,86,30.0,5.0,8.866666666666667,17.2,219,0,"Eden Gardens, Kolkata",Kolkata Knight Riders,15,120.39999999999999,602,8.333333333333332,2019-03-27,2019
1175362,2,15,6,Royal Challengers Bangalore,Mumbai Indians,127,3,7,61,30.0,5.0,8.466666666666667,12.2,188,0,M.Chinnaswamy Stadium,Royal Challengers Bangalore,15,85.39999999999999,427,3.7333333333333325,2019-03-28,2019
1175363,2,15,7,Sunrisers Hyderabad,Rajasthan Royals,165,3,7,34,30.0,5.0,11.0,6.8,199,1,Rajiv Gandhi International Stadium,Sunrisers Hyderabad,15,47.6,238,-4.2,2019-03-29,2019
1175364,2,15,8,Punjab Kings,Mumbai Indians,140,2,8,37,30.0,5.0,9.333333333333334,7.4,177,1,Punjab Cricket Association IS Bindra Stadium,,15,59.2,296,-1.9333333333333336,2019-03-30,2019
1175365,2,15,6,Delhi Capitals,Kolkata Knight Riders,140,2,8,46,30.0,5.0,9.333333333333334,9.2,186,0,"Arun Jaitley Stadium, Delhi",Delhi Capitals,15,73.6,368,-0.13333333333333464,2019-03-30,2019
1175366,2,15,6,Royal Challengers Bangalore,Sunrisers Hyderabad,86,6,4,146,30.0,5.0,5.733333333333333,29.2,232,0,Rajiv Gandhi International Stadium,Sunrisers Hyderabad,15,116.8,584,23.466666666666665,2019-03-31,2019
1175367,2,15,6,Rajasthan Royals,Chennai Super Kings,111,5,5,65,30.0,5.0,7.4,13.0,176,0,"MA Chidambaram Stadium, Chennai",Chennai Super Kings,15,65.0,325,5.6,2019-03-31,2019
1175368,2,15,6,Delhi Capitals,Punjab Kings,128,3,7,39,30.0,5.0,8.533333333333333,7.8,167,0,Punjab Cricket Association IS Bindra Stadium,,15,54.6,273,-0.7333333333333334,2019-04-01,2019
1175369,2,15,6,Rajasthan Royals,Royal Challengers Bangalore,121,2,8,38,30.0,5.0,8.066666666666666,7.6,159,1,"Sawai Mansingh Stadium, Jaipur",Rajasthan Royals,15,60.8,304,-0.4666666666666668,2019-04-02,2019
1175370,2,15,7,Chennai Super Kings,Mumbai Indians,94,5,5,77,30.0,5.0,6.266666666666667,15.4,171,0,"Wankhede Stadium, Mumbai",Mumbai Indians,15,77.0,385,9.133333333333333,2019-04-03,2019
1175371,2,15,6,Sunrisers Hyderabad,Delhi Capitals,103,4,6,27,30.0,5.0,6.866666666666666,5.4,130,1,"Arun Jaitley Stadium, Delhi",Delhi Capitals,15,32.400000000000006,162,-1.466666666666666,2019-04-04,2019
1175372,2,15,6,Kolkata Knight Riders,Royal Challengers Bangalore,134,3,7,72,30.0,5.0,8.933333333333334,14.4,206,1,M.Chinnaswamy Stadium,Royal Challengers Bangalore,15,100.8,504,5.466666666666667,2019-04-05,2019
1178393,2,15,6,Punjab Kings,Chennai Super Kings,105,2,8,56,30.0,5.0,7.0,11.2,161,0,"MA Chidambaram Stadium, Chennai",Chennai Super Kings,15,89.6,448,4.199999999999999,2019-04-06,2019
1178394,2,15,6,Sunrisers Hyderabad,Mumbai Indians,84,5,5,53,30.0,5.0,5.6,10.6,137,0,Rajiv Gandhi International Stadium,Sunrisers Hyderabad,15,53.0,265,5.0,2019-04-06,2019
1178395,2,15,7,Delhi Capitals,Royal Challengers Bangalore,123,3,7,27,30.0,5.0,8.2,5.4,150,1,M.Chinnaswamy Stadium,Royal Challengers Bangalore,15,37.800000000000004,189,-2.799999999999999,2019-04-07,2019
1178397,2,15,6,Punjab Kings,Sunrisers Hyderabad,111,1,9,40,30.0,5.0,7.4,8.0,151,1,Punjab Cricket Association IS Bindra Stadium,,15,72.0,360,0.5999999999999996,2019-04-08,2019
1178398,2,15,6,Chennai Super Kings,Kolkata Knight Riders,85,3,7,24,30.0,5.0,5.666666666666667,4.8,109,1,"MA Chidambaram Stadium, Chennai",Chennai Super Kings,15,33.6,168,-0.8666666666666671,2019-04-09,2019
1178399,2,15,6,Mumbai Indians,Punjab Kings,135,4,6,63,30.0,5.0,9.0,12.6,198,1,"Wankhede Stadium, Mumbai",Mumbai Indians,15,75.6,378,3.5999999999999996,2019-04-10,2019
1178400,2,15,6,Chennai Super Kings,Rajasthan Royals,101,4,6,51,30.0,5.0,6.733333333333333,10.2,152,1,"Sawai Mansingh Stadium, Jaipur",Rajasthan Royals,15,61.199999999999996,306,3.466666666666666,2019-04-11,2019
1178401,2,15,6,Delhi Capitals,Kolkata Knight Riders,138,2,8,41,30.0,5.0,9.2,8.2,179,1,"Eden Gardens, Kolkata",Kolkata Knight Riders,15,65.6,328,-1.0,2019-04-12,2019
1178402,2,15,6,Rajasthan Royals,Mumbai Indians,158,2,8,30,30.0,5.0,10.533333333333331,6.0,188,1,"Wankhede Stadium, Mumbai",Mumbai Indians,15,48.0,240,-4.533333333333331,2019-04-13,2019
1178403,2,15,6,Royal Challengers Bangalore,Punjab Kings,126,1,9,48,30.0,5.0,8.4,9.6,174,1,Punjab Cricket Association IS Bindra Stadium,,15,86.39999999999999,432,1.1999999999999993,2019-04-13,2019
1178404,2,15,6,Chennai Super Kings,Kolkata Knight Riders,120,4,6,42,30.0,5.0,8.0,8.4,162,1,"Eden Gardens, Kolkata",Kolkata Knight Riders,15,50.400000000000006,252,0.40000000000000036,2019-04-14,2019
1178405,2,15,6,Sunrisers Hyderabad,Delhi Capitals,100,2,8,56,30.0,5.0,6.666666666666667,11.2,156,0,Rajiv Gandhi International Stadium,Sunrisers Hyderabad,15,89.6,448,4.533333333333332,2019-04-14,2019
1178406,2,15,7,Mumbai Indians,Royal Challengers Bangalore,127,3,7,45,30.0,5.0,8.466666666666667,9.0,172,1,"Wankhede Stadium, Mumbai",Mumbai Indians,15,63.0,315,0.5333333333333332,2019-04-15,2019
1178407,2,15,6,Rajasthan Royals,Punjab Kings,122,2,8,61,30.0,5.0,8.133333333333333,12.2,183,0,Punjab Cricket Association IS Bindra Stadium,,15,97.6,488,4.066666666666666,2019-04-16,2019
1178408,2,15,6,Sunrisers Hyderabad,Chennai Super Kings,116,3,7,17,30.0,5.0,7.733333333333333,3.4,133,1,Rajiv Gandhi International Stadium,Sunrisers Hyderabad,15,23.8,119,-4.333333333333334,2019-04-17,2019
1178409,2,15,6,Delhi Capitals,Mumbai Indians,86,5,5,83,30.0,5.0,5.733333333333333,16.6,169,0,"Arun Jaitley Stadium, Delhi",Delhi Capitals,15,83.0,415,10.866666666666667,2019-04-18,2019
1178410,2,15,7,Kolkata Knight Riders,Royal Challengers Bangalore,121,4,6,93,30.0,5.0,8.066666666666666,18.6,214,0,"Eden Gardens, Kolkata",Kolkata Knight Riders,15,111.60000000000001,558,10.533333333333335,2019-04-19,2019
1178411,2,15,6,Rajasthan Royals,Mumbai Indians,128,3,7,34,30.0,5.0,8.533333333333333,6.8,162,1,"Sawai Mansingh Stadium, Jaipur",Rajasthan Royals,15,47.6,238,-1.7333333333333334,2019-04-20,2019
1178412,2,15,7,Delhi Capitals,Punjab Kings,128,2,8,36,30.0,5.0,8.533333333333333,7.2,164,1,"Arun Jaitley Stadium, Delhi",Delhi Capitals,15,57.6,288,-1.333333333333333,2019-04-20,2019
1178413,2,15,6,Sunrisers Hyderabad,Kolkata Knight Riders,161,1,9,0,30.0,5.0,10.733333333333333,0.0,160,1,Rajiv Gandhi International Stadium,Sunrisers Hyderabad,15,0.0,0,-10.733333333333333,2019-04-21,2019
1178414,2,15,7,Chennai Super Kings,Royal Challengers Bangalore,92,5,5,70,30.0,5.0,6.133333333333334,14.0,162,0,M.Chinnaswamy Stadium,Royal Challengers Bangalore,15,70.0,350,7.866666666666666,2019-04-21,2019
1178415,2,15,6,Delhi Capitals,Rajasthan Royals,142,2,8,50,30.0,5.0,9.466666666666669,10.0,192,1,"Sawai Mansingh Stadium, Jaipur",Rajasthan Royals,15,80.0,400,0.5333333333333314,2019-04-22,2019
1178416,2,15,6,Chennai Super Kings,Sunrisers Hyderabad,135,2,8,41,30.0,5.0,9.0,8.2,176,1,"MA Chidambaram Stadium, Chennai",Chennai Super Kings,15,65.6,328,-0.8000000000000007,2019-04-23,2019
1178417,2,15,6,Punjab Kings,Royal Challengers Bangalore,143,3,7,60,30.0,5.0,9.533333333333331,12.0,203,0,M.Chinnaswamy Stadium,Royal Challengers Bangalore,15,84.0,420,2.4666666666666686,2019-04-24,2019
1178418,2,15,6,Rajasthan Royals,Kolkata Knight Riders,122,5,5,54,30.0,5.0,8.133333333333333,10.8,176,1,"Eden Gardens, Kolkata",Kolkata Knight Riders,15,54.0,270,2.666666666666668,2019-04-25,2019
1178419,2,15,6,Chennai Super Kings,Mumbai Indians,88,6,4,68,30.0,5.0,5.866666666666666,13.6,156,0,"MA Chidambaram Stadium, Chennai",Chennai Super Kings,15,54.4,272,7.733333333333333,2019-04-26,2019
1178420,2,15,6,Rajasthan Royals,Sunrisers Hyderabad,132,2,8,29,30.0,5.0,8.8,5.8,161,1,"Sawai Mansingh Stadium, Jaipur",Rajasthan Royals,15,46.4,232,-3.000000000000001,2019-04-27,2019
1178421,2,15,7,Royal Challengers Bangalore,Delhi Capitals,126,5,5,62,30.0,5.0,8.4,12.4,188,0,"Arun Jaitley Stadium, Delhi",Delhi Capitals,15,62.0,310,4.0,2019-04-28,2019
1178422,2,15,6,Mumbai Indians,Kolkata Knight Riders,140,5,5,93,30.0,5.0,9.333333333333334,18.6,233,0,"Eden Gardens, Kolkata",Kolkata Knight Riders,15,93.0,465,9.266666666666667,2019-04-28,2019
1178423,2,15,6,Punjab Kings,Sunrisers Hyderabad,123,5,5,90,30.0,5.0,8.2,18.0,213,0,Rajiv Gandhi International Stadium,Sunrisers Hyderabad,15,90.0,450,9.8,2019-04-29,2019
1178425,2,15,6,Delhi Capitals,Chennai Super Kings,92,8,2,88,30.0,5.0,6.133333333333334,17.6,180,0,"MA Chidambaram Stadium, Chennai",Chennai Super Kings,15,35.2,176,11.466666666666669,2019-05-01,2019
1178426,2,15,6,Sunrisers Hyderabad,Mumbai Indians,106,5,5,57,30.0,5.0,7.066666666666666,11.4,163,0,"Wankhede Stadium, Mumbai",Mumbai Indians,15,57.0,285,4.333333333333334,2019-05-02,2019
1178427,2,15,6,Kolkata Knight Riders,Punjab Kings,151,3,7,33,30.0,5.0,10.066666666666666,6.6,184,1,Punjab Cricket Association IS Bindra Stadium,,15,46.199999999999996,231,-3.466666666666667,2019-05-03,2019
1178428,2,15,7,Delhi Capitals,Rajasthan Royals,100,4,6,16,30.0,5.0,6.666666666666667,3.2,116,1,"Arun Jaitley Stadium, Delhi",Delhi Capitals,15,19.200000000000003,96,-3.466666666666667,2019-05-04,2019
1178429,2,15,6,Royal Challengers Bangalore,Sunrisers Hyderabad,130,3,7,46,30.0,5.0,8.666666666666666,9.2,176,1,M.Chinnaswamy Stadium,Royal Challengers Bangalore,15,64.39999999999999,322,0.5333333333333332,2019-05-04,2019
1178430,2,15,6,Punjab Kings,Chennai Super Kings,151,3,7,20,30.0,5.0,10.066666666666666,4.0,171,1,Punjab Cricket Association IS Bindra Stadium,,15,28.0,140,-6.066666666666666,2019-05-05,2019
1178431,2,15,6,Mumbai Indians,Kolkata Knight Riders,121,1,9,13,30.0,5.0,8.066666666666666,2.6,134,1,"Wankhede Stadium, Mumbai",Mumbai Indians,15,23.400000000000002,117,-5.466666666666667,2019-05-05,2019
1181764,2,15,6,Mumbai Indians,Chennai Super Kings,108,4,6,24,30.0,5.0,7.2,4.8,132,1,"MA Chidambaram Stadium, Chennai",Chennai Super Kings,15,28.799999999999997,144,-2.4000000000000004,2019-05-07,2019
1181766,2,15,6,Delhi Capitals,Sunrisers Hyderabad,111,5,5,52,30.0,5.0,7.4,10.4,163,1,Dr. Y.S. Rajasekhara Reddy ACA-VDCA Cricket Stadium,,15,52.0,260,3.0,2019-05-08,2019
1181767,2,15,6,Chennai Super Kings,Delhi Capitals,119,2,8,29,30.0,5.0,7.933333333333334,5.8,148,1,Dr. Y.S. Rajasekhara Reddy ACA-VDCA Cricket Stadium,,15,46.4,232,-2.1333333333333337,2019-05-10,2019
1181768,2,15,6,Chennai Super Kings,Mumbai Indians,88,4,6,62,30.0,5.0,5.866666666666666,12.4,150,0,Rajiv Gandhi International Stadium,,15,74.4,372,6.533333333333334,2019-05-12,2019
1216492,2,15,7,Chennai Super Kings,Mumbai Indians,116,2,8,47,30.0,5.0,7.733333333333333,9.4,163,1,"Sheikh Zayed Stadium, Abu Dhabi",,15,75.2,376,1.666666666666667,2020-09-19,2020/21
1216493,2,15,6,Punjab Kings,Delhi Capitals,98,5,5,60,30.0,5.0,6.533333333333333,12.0,158,0,"Dubai International Cricket Stadium, Dubai",,15,60.0,300,5.466666666666667,2020-09-20,2020/21
1216495,2,15,6,Sunrisers Hyderabad,Mumbai Indians,137,0,10,13,30.0,5.0,9.133333333333333,2.6,150,1,"Sharjah Cricket Stadium, Sharjah",,15,26.0,130,-6.533333333333333,2020-11-03,2020/21
1216496,2,15,6,Chennai Super Kings,Rajasthan Royals,131,5,5,86,30.0,5.0,8.733333333333333,17.2,217,0,"Sharjah Cricket Stadium, Sharjah",,15,86.0,430,8.466666666666667,2020-09-22,2020/21
1216497,2,15,6,Delhi Capitals,Kolkata Knight Riders,110,5,5,85,30.0,5.0,7.333333333333333,17.0,195,0,"Sheikh Zayed Stadium, Abu Dhabi",,15,85.0,425,9.666666666666668,2020-10-24,2020/21
1216498,2,15,6,Sunrisers Hyderabad,Punjab Kings,97,3,7,30,30.0,5.0,6.466666666666667,6.0,127,0,"Dubai International Cricket Stadium, Dubai",,15,42.0,210,-0.4666666666666668,2020-10-24,2020/21
1216499,2,15,7,Mumbai Indians,Royal Challengers Bangalore,117,4,6,48,30.0,5.0,7.8,9.6,165,1,"Sheikh Zayed Stadium, Abu Dhabi",,15,57.599999999999994,288,1.7999999999999998,2020-10-28,2020/21
1216500,2,15,7,Rajasthan Royals,Delhi Capitals,101,7,3,84,30.0,5.0,6.733333333333333,16.8,185,0,"Sharjah Cricket Stadium, Sharjah",,15,50.400000000000006,252,10.066666666666666,2020-10-09,2020/21
1216501,2,15,6,Chennai Super Kings,Kolkata Knight Riders,110,3,7,58,30.0,5.0,7.333333333333333,11.6,168,0,"Sheikh Zayed Stadium, Abu Dhabi",,15,81.2,406,4.266666666666667,2020-10-07,2020/21
1216502,2,15,1,Sunrisers Hyderabad,Royal Challengers Bangalore,121,5,5,0,35.0,5.833333333333333,8.541176470588235,0.0,121,1,"Sharjah Cricket Stadium, Sharjah",,15,0.0,0,-8.541176470588235,2020-10-31,2020/21
1216503,2,15,6,Punjab Kings,Mumbai Indians,109,5,5,83,30.0,5.0,7.266666666666667,16.6,192,0,"Sheikh Zayed Stadium, Abu Dhabi",,15,83.0,415,9.333333333333336,2020-10-01,2020/21
1216504,2,15,6,Rajasthan Royals,Kolkata Knight Riders,90,8,2,85,30.0,5.0,6.0,17.0,175,0,"Dubai International Cricket Stadium, Dubai",,15,34.0,170,11.0,2020-09-30,2020/21
1216505,2,15,6,Delhi Capitals,Royal Challengers Bangalore,121,2,8,32,30.0,5.0,8.066666666666666,6.4,153,1,"Sheikh Zayed Stadium, Abu Dhabi",,15,51.2,256,-1.666666666666666,2020-11-02,2020/21
1216506,2,15,6,Chennai Super Kings,Punjab Kings,118,1,9,36,30.0,5.0,7.866666666666666,7.2,154,1,"Sheikh Zayed Stadium, Abu Dhabi",,15,64.8,324,-0.6666666666666661,2020-11-01,2020/21
1216507,2,15,6,Rajasthan Royals,Sunrisers Hyderabad,94,5,5,65,30.0,5.0,6.266666666666667,13.0,159,1,"Dubai International Cricket Stadium, Dubai",,15,65.0,325,6.733333333333333,2020-10-11,2020/21
1216508,2,15,6,Kolkata Knight Riders,Mumbai Indians,100,4,6,96,30.0,5.0,6.666666666666667,19.2,196,0,"Sheikh Zayed Stadium, Abu Dhabi",,15,115.19999999999999,576,12.533333333333331,2020-09-23,2020/21
1216509,2,15,6,Delhi Capitals,Chennai Super Kings,129,3,7,51,30.0,5.0,8.6,10.2,180,1,"Sharjah Cricket Stadium, Sharjah",,15,71.39999999999999,357,1.5999999999999996,2020-10-17,2020/21
1216510,2,15,6,Royal Challengers Bangalore,Punjab Kings,95,7,3,112,30.0,5.0,6.333333333333333,22.4,207,0,"Dubai International Cricket Stadium, Dubai",,15,67.19999999999999,336,16.066666666666666,2020-09-24,2020/21
1216511,2,15,6,Rajasthan Royals,Mumbai Indians,113,6,4,81,30.0,5.0,7.533333333333333,16.2,194,0,"Sheikh Zayed Stadium, Abu Dhabi",,15,64.8,324,8.666666666666666,2020-10-06,2020/21
1216512,2,15,7,Sunrisers Hyderabad,Kolkata Knight Riders,109,4,6,55,30.0,5.0,7.266666666666667,11.0,164,0,"Sheikh Zayed Stadium, Abu Dhabi",,15,66.0,330,3.7333333333333334,2020-10-18,2020/21
1216513,2,15,7,Chennai Super Kings,Punjab Kings,150,0,10,29,30.0,5.0,10.0,5.8,179,1,"Dubai International Cricket Stadium, Dubai",,15,58.0,290,-4.2,2020-10-04,2020/21
1216514,2,15,6,Royal Challengers Bangalore,Rajasthan Royals,118,1,9,37,30.0,5.0,7.866666666666666,7.4,155,1,"Sheikh Zayed Stadium, Abu Dhabi",,15,66.60000000000001,333,-0.4666666666666659,2020-10-03,2020/21
1216515,2,15,8,Kolkata Knight Riders,Delhi Capitals,137,6,4,92,30.0,5.0,9.133333333333333,18.4,229,0,"Sharjah Cricket Stadium, Sharjah",,15,73.6,368,9.266666666666666,2020-10-03,2020/21
1216516,2,15,6,Chennai Super Kings,Sunrisers Hyderabad,79,4,6,86,30.0,5.0,5.266666666666667,17.2,165,0,"Dubai International Cricket Stadium, Dubai",,15,103.19999999999999,516,11.933333333333334,2020-10-02,2020/21
1216517,2,15,6,Punjab Kings,Mumbai Indians,125,4,6,52,30.0,5.0,8.333333333333334,10.4,177,0,"Dubai International Cricket Stadium, Dubai",,15,62.400000000000006,312,2.0666666666666664,2020-10-18,2020/21
1216518,2,15,6,Sunrisers Hyderabad,Rajasthan Royals,118,2,8,37,30.0,5.0,7.866666666666666,7.4,155,1,"Dubai International Cricket Stadium, Dubai",,15,59.2,296,-0.4666666666666659,2020-10-22,2020/21
1216519,2,15,6,Royal Challengers Bangalore,Delhi Capitals,105,5,5,92,30.0,5.0,7.0,18.4,197,0,"Dubai International Cricket Stadium, Dubai",,15,92.0,460,11.399999999999999,2020-10-05,2020/21
1216520,2,15,6,Punjab Kings,Kolkata Knight Riders,113,1,9,37,30.0,5.0,7.533333333333333,7.4,150,1,"Sharjah Cricket Stadium, Sharjah",,15,66.60000000000001,333,-0.13333333333333286,2020-10-26,2020/21
1216522,2,15,7,Royal Challengers Bangalore,Rajasthan Royals,114,3,7,64,30.0,5.0,7.6,12.8,178,1,"Dubai International Cricket Stadium, Dubai",,15,89.60000000000001,448,5.200000000000001,2020-10-17,2020/21
1216523,2,15,6,Punjab Kings,Kolkata Knight Riders,117,1,9,48,30.0,5.0,7.8,9.6,165,0,"Sheikh Zayed Stadium, Abu Dhabi",,15,86.39999999999999,432,1.7999999999999998,2020-10-10,2020/21
1216524,2,15,7,Delhi Capitals,Sunrisers Hyderabad,96,6,4,124,30.0,5.0,6.4,24.8,220,0,"Dubai International Cricket Stadium, Dubai",,15,99.2,496,18.4,2020-10-27,2020/21
1216525,2,15,7,Chennai Super Kings,Royal Challengers Bangalore,96,3,7,74,30.0,5.0,6.4,14.8,170,0,"Dubai International Cricket Stadium, Dubai",,15,103.60000000000001,518,8.4,2020-10-10,2020/21
1216526,2,15,6,Mumbai Indians,Kolkata Knight Riders,126,2,8,23,30.0,5.0,8.4,4.6,149,1,"Sheikh Zayed Stadium, Abu Dhabi",,15,36.8,184,-3.8000000000000007,2020-10-16,2020/21
1216527,2,15,6,Rajasthan Royals,Punjab Kings,140,2,8,84,30.0,5.0,9.333333333333334,16.8,224,1,"Sharjah Cricket Stadium, Sharjah",,15,134.4,672,7.466666666666667,2020-09-27,2020/21
1216528,2,15,8,Sunrisers Hyderabad,Chennai Super Kings,101,4,6,67,30.0,5.0,6.733333333333333,13.4,168,0,"Dubai International Cricket Stadium, Dubai",,15,80.4,402,6.666666666666667,2020-10-13,2020/21
1216529,2,15,6,Mumbai Indians,Delhi Capitals,130,3,7,33,30.0,5.0,8.666666666666666,6.6,163,1,"Sheikh Zayed Stadium, Abu Dhabi",,15,46.199999999999996,231,-2.0666666666666664,2020-10-11,2020/21
1216530,2,15,6,Rajasthan Royals,Kolkata Knight Riders,107,7,3,85,30.0,5.0,7.133333333333334,17.0,192,0,"Dubai International Cricket Stadium, Dubai",,15,51.0,255,9.866666666666667,2020-11-01,2020/21
1216531,2,15,6,Punjab Kings,Royal Challengers Bangalore,126,1,9,46,30.0,5.0,8.4,9.2,172,1,"Sharjah Cricket Stadium, Sharjah",,15,82.8,414,0.7999999999999989,2020-10-15,2020/21
1216532,2,15,7,Delhi Capitals,Sunrisers Hyderabad,104,3,7,59,30.0,5.0,6.933333333333334,11.8,163,0,"Sheikh Zayed Stadium, Abu Dhabi",,15,82.60000000000001,413,4.866666666666667,2020-09-29,2020/21
1216533,2,15,6,Rajasthan Royals,Chennai Super Kings,108,3,7,18,30.0,5.0,7.2,3.6,126,1,"Sheikh Zayed Stadium, Abu Dhabi",,15,25.2,126,-3.6,2020-10-19,2020/21
1216534,2,15,7,Sunrisers Hyderabad,Royal Challengers Bangalore,121,2,8,43,30.0,5.0,8.066666666666666,8.6,164,0,"Dubai International Cricket Stadium, Dubai",,15,68.8,344,0.5333333333333332,2020-09-21,2020/21
1216535,2,15,2,Mumbai Indians,Delhi Capitals,111,1,9,0,34.0,5.666666666666667,7.7441860465116275,0.0,111,1,"Dubai International Cricket Stadium, Dubai",,15,0.0,0,-7.7441860465116275,2020-10-31,2020/21
1216536,2,15,6,Chennai Super Kings,Kolkata Knight Riders,121,3,7,52,30.0,5.0,8.066666666666666,10.4,173,1,"Dubai International Cricket Stadium, Dubai",,15,72.8,364,2.333333333333334,2020-10-29,2020/21
1216537,2,15,6,Rajasthan Royals,Punjab Kings,146,3,7,40,30.0,5.0,9.733333333333333,8.0,186,1,"Sheikh Zayed Stadium, Abu Dhabi",,15,56.0,280,-1.7333333333333325,2020-10-30,2020/21
1216538,2,15,9,Sunrisers Hyderabad,Mumbai Indians,139,4,6,70,30.0,5.0,9.266666666666667,14.0,209,0,"Sharjah Cricket Stadium, Sharjah",,15,84.0,420,4.7333333333333325,2020-10-04,2020/21
1216539,2,15,6,Chennai Super Kings,Delhi Capitals,95,3,7,81,30.0,5.0,6.333333333333333,16.2,176,0,"Dubai International Cricket Stadium, Dubai",,15,113.39999999999999,567,9.866666666666667,2020-09-25,2020/21
1216540,2,15,6,Kolkata Knight Riders,Royal Challengers Bangalore,90,7,3,105,30.0,5.0,6.0,21.0,195,0,"Sharjah Cricket Stadium, Sharjah",,15,63.0,315,15.0,2020-10-12,2020/21
1216541,2,15,6,Rajasthan Royals,Mumbai Indians,157,2,8,39,30.0,5.0,10.466666666666669,7.8,196,1,"Sheikh Zayed Stadium, Abu Dhabi",,15,62.4,312,-2.6666666666666687,2020-10-25,2020/21
1216542,2,15,6,Punjab Kings,Sunrisers Hyderabad,126,8,2,76,30.0,5.0,8.4,15.2,202,0,"Dubai International Cricket Stadium, Dubai",,15,30.4,152,6.799999999999999,2020-10-08,2020/21
1216543,2,15,7,Rajasthan Royals,Delhi Capitals,123,5,5,39,30.0,5.0,8.2,7.8,162,0,"Dubai International Cricket Stadium, Dubai",,15,39.0,195,-0.39999999999999947,2020-10-14,2020/21
1216544,2,15,7,Chennai Super Kings,Royal Challengers Bangalore,127,2,8,19,30.0,5.0,8.466666666666667,3.8,146,1,"Dubai International Cricket Stadium, Dubai",,15,30.4,152,-4.666666666666667,2020-10-25,2020/21
1216545,2,15,6,Kolkata Knight Riders,Sunrisers Hyderabad,113,3,7,30,30.0,5.0,7.533333333333333,6.0,143,1,"Sheikh Zayed Stadium, Abu Dhabi",,15,42.0,210,-1.5333333333333332,2020-09-26,2020/21
1216546,2,15,6,Punjab Kings,Delhi Capitals,141,4,6,24,30.0,5.0,9.4,4.8,165,1,"Dubai International Cricket Stadium, Dubai",,15,28.799999999999997,144,-4.6000000000000005,2020-10-20,2020/21
1216547,2,15,6,Mumbai Indians,Royal Challengers Bangalore,112,4,6,90,30.0,5.0,7.466666666666667,18.0,202,0,"Dubai International Cricket Stadium, Dubai",,15,108.0,540,10.533333333333333,2020-09-28,2020/21
1237177,2,15,6,Delhi Capitals,Mumbai Indians,112,5,5,89,30.0,5.0,7.466666666666667,17.8,201,0,"Dubai International Cricket Stadium, Dubai",,15,89.0,445,10.333333333333334,2020-11-05,2020/21
1237178,2,15,6,Sunrisers Hyderabad,Royal Challengers Bangalore,87,4,6,45,30.0,5.0,5.8,9.0,132,1,"Sheikh Zayed Stadium, Abu Dhabi",,15,54.0,270,3.2,2020-11-06,2020/21
1237180,2,15,6,Sunrisers Hyderabad,Delhi Capitals,129,4,6,61,30.0,5.0,8.6,12.2,190,0,"Sheikh Zayed Stadium, Abu Dhabi",,15,73.19999999999999,366,3.5999999999999996,2020-11-08,2020/21
1237181,2,15,6,Mumbai Indians,Delhi Capitals,126,2,8,31,30.0,5.0,8.4,6.2,157,1,"Dubai International Cricket Stadium, Dubai",,15,49.6,248,-2.2,2020-11-10,2020/21
1254058,2,15,7,Royal Challengers Bangalore,Mumbai Indians,106,5,5,54,30.0,5.0,7.066666666666666,10.8,160,1,"MA Chidambaram Stadium, Chepauk, Chennai",,15,54.0,270,3.7333333333333343,2021-04-09,2021
1254059,2,15,6,Delhi Capitals,Chennai Super Kings,151,1,9,38,30.0,5.0,10.066666666666666,7.6,189,1,"Wankhede Stadium, Mumbai",,15,68.39999999999999,342,-2.466666666666667,2021-04-10,2021
1254060,2,15,6,Sunrisers Hyderabad,Kolkata Knight Riders,119,3,7,69,30.0,5.0,7.933333333333334,13.8,188,0,"MA Chidambaram Stadium, Chepauk, Chennai",,15,96.60000000000001,483,5.866666666666667,2021-04-11,2021
1254061,2,15,6,Rajasthan Royals,Punjab Kings,154,4,6,68,30.0,5.0,10.266666666666667,13.6,222,0,"Wankhede Stadium, Mumbai",,15,81.6,408,3.333333333333332,2021-04-12,2021
1254062,2,15,6,Kolkata Knight Riders,Mumbai Indians,122,4,6,31,30.0,5.0,8.133333333333333,6.2,153,0,"MA Chidambaram Stadium, Chepauk, Chennai",,15,37.2,186,-1.9333333333333327,2021-04-13,2021
1254063,2,15,6,Sunrisers Hyderabad,Royal Challengers Bangalore,108,2,8,42,30.0,5.0,7.2,8.4,150,0,"MA Chidambaram Stadium, Chepauk, Chennai",,15,67.2,336,1.2000000000000002,2021-04-14,2021
1254064,2,15,6,Rajasthan Royals,Delhi Capitals,90,6,4,58,30.0,5.0,6.0,11.6,148,1,"Wankhede Stadium, Mumbai",,15,46.4,232,5.6,2021-04-15,2021
1254065,2,15,6,Chennai Super Kings,Punjab Kings,102,4,6,5,30.0,5.0,6.8,1.0,107,1,"Wankhede Stadium, Mumbai",,15,6.0,30,-5.8,2021-04-16,2021
1254066,2,15,6,Sunrisers Hyderabad,Mumbai Indians,104,5,5,47,30.0,5.0,6.933333333333334,9.4,151,0,"MA Chidambaram Stadium, Chepauk, Chennai",,15,47.0,235,2.466666666666667,2021-04-17,2021
1254067,2,15,6,Kolkata Knight Riders,Royal Challengers Bangalore,121,5,5,84,30.0,5.0,8.066666666666666,16.8,205,0,"MA Chidambaram Stadium, Chepauk, Chennai",,15,84.0,420,8.733333333333334,2021-04-18,2021
1254068,2,15,7,Delhi Capitals,Punjab Kings,152,3,7,44,30.0,5.0,10.133333333333333,8.8,196,1,"Wankhede Stadium, Mumbai",,15,61.60000000000001,308,-1.3333333333333321,2021-04-18,2021
1254069,2,15,6,Rajasthan Royals,Chennai Super Kings,97,7,3,92,30.0,5.0,6.466666666666667,18.4,189,0,"Wankhede Stadium, Mumbai",,15,55.199999999999996,276,11.933333333333332,2021-04-19,2021
1254070,2,15,7,Delhi Capitals,Mumbai Indians,101,3,7,37,30.0,5.0,6.733333333333333,7.4,138,1,"MA Chidambaram Stadium, Chepauk, Chennai",,15,51.800000000000004,259,0.666666666666667,2021-04-20,2021
1254071,2,15,6,Sunrisers Hyderabad,Punjab Kings,95,1,9,26,30.0,5.0,6.333333333333333,5.2,121,1,"MA Chidambaram Stadium, Chepauk, Chennai",,15,46.800000000000004,234,-1.1333333333333329,2021-04-21,2021
1254072,2,15,6,Kolkata Knight Riders,Chennai Super Kings,146,7,3,75,30.0,5.0,9.733333333333333,15.0,221,0,"Wankhede Stadium, Mumbai",,15,45.0,225,5.2666666666666675,2021-04-21,2021
1254073,2,15,6,Royal Challengers Bangalore,Rajasthan Royals,162,0,10,16,30.0,5.0,10.8,3.2,178,1,"Wankhede Stadium, Mumbai",,15,32.0,160,-7.6000000000000005,2021-04-22,2021
1254074,2,15,6,Punjab Kings,Mumbai Indians,99,1,9,33,30.0,5.0,6.6,6.6,132,1,"MA Chidambaram Stadium, Chepauk, Chennai",,15,59.4,297,0.0,2021-04-23,2021
1254075,2,15,7,Rajasthan Royals,Kolkata Knight Riders,104,4,6,30,30.0,5.0,6.933333333333334,6.0,134,1,"Wankhede Stadium, Mumbai",,15,36.0,180,-0.9333333333333336,2021-04-24,2021
1254076,2,15,6,Royal Challengers Bangalore,Chennai Super Kings,95,8,2,97,30.0,5.0,6.333333333333333,19.4,192,0,"Wankhede Stadium, Mumbai",,15,38.8,194,13.066666666666666,2021-04-25,2021
1254077,2,15,6,Sunrisers Hyderabad,Delhi Capitals,110,4,6,50,30.0,5.0,7.333333333333333,10.0,160,0,"MA Chidambaram Stadium, Chepauk, Chennai",,15,60.0,300,2.666666666666667,2021-04-25,2021
1254078,2,15,6,Kolkata Knight Riders,Punjab Kings,102,5,5,22,30.0,5.0,6.8,4.4,124,1,"Narendra Modi Stadium, Ahmedabad",,15,22.0,110,-2.3999999999999995,2021-04-26,2021
1254079,2,15,6,Delhi Capitals,Royal Challengers Bangalore,111,4,6,61,30.0,5.0,7.4,12.2,172,0,"Narendra Modi Stadium, Ahmedabad",,15,73.19999999999999,366,4.799999999999999,2021-04-27,2021
1254080,2,15,7,Chennai Super Kings,Sunrisers Hyderabad,148,3,7,24,30.0,5.0,9.866666666666667,4.8,172,1,"Arun Jaitley Stadium, Delhi",,15,33.6,168,-5.066666666666667,2021-04-28,2021
1254081,2,15,7,Mumbai Indians,Rajasthan Royals,131,2,8,41,30.0,5.0,8.733333333333333,8.2,172,1,"Arun Jaitley Stadium, Delhi",,15,65.6,328,-0.5333333333333332,2021-04-29,2021
1254082,2,15,7,Delhi Capitals,Kolkata Knight Riders,146,1,9,9,30.0,5.0,9.733333333333333,1.8,155,1,"Narendra Modi Stadium, Ahmedabad",,15,16.2,81,-7.933333333333333,2021-04-29,2021
1254083,2,15,7,Royal Challengers Bangalore,Punjab Kings,92,5,5,88,30.0,5.0,6.133333333333334,17.6,180,0,"Narendra Modi Stadium, Ahmedabad",,15,88.0,440,11.466666666666669,2021-04-30,2021
1254084,2,15,9,Mumbai Indians,Chennai Super Kings,153,3,7,66,30.0,5.0,10.2,13.2,219,1,"Arun Jaitley Stadium, Delhi",,15,92.39999999999999,462,3.0,2021-05-01,2021
1254085,2,15,6,Sunrisers Hyderabad,Rajasthan Royals,129,5,5,92,30.0,5.0,8.6,18.4,221,0,"Arun Jaitley Stadium, Delhi",,15,92.0,460,9.799999999999999,2021-05-02,2021
1254086,2,15,6,Delhi Capitals,Punjab Kings,139,2,8,28,30.0,5.0,9.266666666666667,5.6,167,1,"Narendra Modi Stadium, Ahmedabad",,15,44.8,224,-3.666666666666668,2021-05-02,2021
1254088,2,15,6,Sunrisers Hyderabad,Mumbai Indians,156,4,6,80,30.0,5.0,10.4,16.0,236,0,"Zayed Cricket Stadium, Abu Dhabi",,15,96.0,480,5.6,2021-10-08,2021
1254089,2,15,6,Rajasthan Royals,Chennai Super Kings,165,2,8,25,30.0,5.0,11.0,5.0,190,1,"Zayed Cricket Stadium, Abu Dhabi",,15,40.0,200,-6.0,2021-10-02,2021
1254090,2,15,6,Punjab Kings,Royal Challengers Bangalore,113,2,8,52,30.0,5.0,7.533333333333333,10.4,165,0,"Sharjah Cricket Stadium, Sharjah",,15,83.2,416,2.866666666666667,2021-10-03,2021
1254091,2,15,7,Chennai Super Kings,Sunrisers Hyderabad,105,2,8,30,30.0,5.0,7.0,6.0,135,1,"Sharjah Cricket Stadium, Sharjah",,15,48.0,240,-1.0,2021-09-30,2021
1254092,2,15,6,Kolkata Knight Riders,Delhi Capitals,98,5,5,30,30.0,5.0,6.533333333333333,6.0,128,1,"Sharjah Cricket Stadium, Sharjah",,15,30.0,150,-0.5333333333333332,2021-09-28,2021
1254095,2,15,6,Royal Challengers Bangalore,Sunrisers Hyderabad,98,4,6,44,30.0,5.0,6.533333333333333,8.8,142,0,"Zayed Cricket Stadium, Abu Dhabi",,15,52.800000000000004,264,2.2666666666666675,2021-10-06,2021
1254096,2,15,6,Kolkata Knight Riders,Mumbai Indians,155,3,7,1,30.0,5.0,10.333333333333334,0.2,156,1,"Zayed Cricket Stadium, Abu Dhabi",,15,1.4000000000000001,7,-10.133333333333335,2021-09-23,2021
1254097,2,15,6,Rajasthan Royals,Delhi Capitals,82,5,5,73,30.0,5.0,5.466666666666667,14.6,155,0,"Zayed Cricket Stadium, Abu Dhabi",,15,73.0,365,9.133333333333333,2021-09-25,2021
1254098,2,15,6,Chennai Super Kings,Kolkata Knight Riders,127,3,7,45,30.0,5.0,8.466666666666667,9.0,172,1,"Zayed Cricket Stadium, Abu Dhabi",,15,63.0,315,0.5333333333333332,2021-09-26,2021
1254099,2,15,6,Mumbai Indians,Punjab Kings,92,3,7,44,30.0,5.0,6.133333333333334,8.8,136,1,"Zayed Cricket Stadium, Abu Dhabi",,15,61.60000000000001,308,2.666666666666667,2021-09-28,2021
1254100,2,15,6,Sunrisers Hyderabad,Rajasthan Royals,131,3,7,34,30.0,5.0,8.733333333333333,6.8,165,1,"Dubai International Cricket Stadium, Dubai",,15,47.6,238,-1.9333333333333327,2021-09-27,2021
1254101,2,15,6,Royal Challengers Bangalore,Delhi Capitals,108,3,7,57,30.0,5.0,7.2,11.4,165,1,"Dubai International Cricket Stadium, Dubai",,15,79.8,399,4.2,2021-10-08,2021
1254102,2,15,7,Punjab Kings,Kolkata Knight Riders,121,2,8,45,30.0,5.0,8.066666666666666,9.0,166,1,"Dubai International Cricket Stadium, Dubai",,15,72.0,360,0.9333333333333336,2021-10-01,2021
1254103,2,15,6,Royal Challengers Bangalore,Rajasthan Royals,123,2,8,27,30.0,5.0,8.2,5.4,150,1,"Dubai International Cricket Stadium, Dubai",,15,43.2,216,-2.799999999999999,2021-09-29,2021
1254104,2,15,6,Mumbai Indians,Chennai Super Kings,97,6,4,60,30.0,5.0,6.466666666666667,12.0,157,0,"Dubai International Cricket Stadium, Dubai",,15,48.0,240,5.533333333333333,2021-09-19,2021
1254105,2,15,7,Delhi Capitals,Sunrisers Hyderabad,99,2,8,36,30.0,5.0,6.6,7.2,135,1,"Dubai International Cricket Stadium, Dubai",,15,57.6,288,0.6000000000000005,2021-09-22,2021
1254106,2,15,6,Rajasthan Royals,Kolkata Knight Riders,83,8,2,89,30.0,5.0,5.533333333333333,17.8,172,0,"Sharjah Cricket Stadium, Sharjah",,15,35.6,178,12.266666666666667,2021-10-07,2021
1254107,2,15,6,Sunrisers Hyderabad,Punjab Kings,75,5,5,51,30.0,5.0,5.0,10.2,126,0,"Sharjah Cricket Stadium, Sharjah",,15,51.0,255,5.199999999999999,2021-09-25,2021
1254108,2,15,6,Mumbai Indians,Royal Challengers Bangalore,99,5,5,67,30.0,5.0,6.6,13.4,166,0,"Dubai International Cricket Stadium, Dubai",,15,67.0,335,6.800000000000001,2021-09-26,2021
1254109,2,15,6,Kolkata Knight Riders,Sunrisers Hyderabad,84,2,8,32,30.0,5.0,5.6,6.4,116,1,"Dubai International Cricket Stadium, Dubai",,15,51.2,256,0.8000000000000007,2021-10-03,2021
1254110,2,15,6,Delhi Capitals,Chennai Super Kings,99,6,4,38,30.0,5.0,6.6,7.6,137,1,"Dubai International Cricket Stadium, Dubai",,15,30.4,152,1.0,2021-10-04,2021
1254111,2,15,6,Punjab Kings,Rajasthan Royals,148,2,8,38,30.0,5.0,9.866666666666667,7.6,186,0,"Dubai International Cricket Stadium, Dubai",,15,60.8,304,-2.2666666666666675,2021-09-21,2021
1254112,2,15,6,Delhi Capitals,Mumbai Indians,100,6,4,30,30.0,5.0,6.666666666666667,6.0,130,1,"Sharjah Cricket Stadium, Sharjah",,15,24.0,120,-0.666666666666667,2021-10-02,2021
1254113,2,15,6,Chennai Super Kings,Royal Challengers Bangalore,125,3,7,32,30.0,5.0,8.333333333333334,6.4,157,1,"Sharjah Cricket Stadium, Sharjah",,15,44.800000000000004,224,-1.9333333333333336,2021-09-24,2021
1254114,2,15,6,Chennai Super Kings,Delhi Capitals,121,4,6,52,30.0,5.0,8.066666666666666,10.4,173,1,"Dubai International Cricket Stadium, Dubai",,15,62.400000000000006,312,2.333333333333334,2021-10-10,2021
1254115,2,15,6,Kolkata Knight Riders,Royal Challengers Bangalore,112,4,6,27,30.0,5.0,7.466666666666667,5.4,139,1,"Sharjah Cricket Stadium, Sharjah",,15,32.400000000000006,162,-2.0666666666666664,2021-10-11,2021
1254116,2,15,6,Kolkata Knight Riders,Delhi Capitals,113,1,9,23,30.0,5.0,7.533333333333333,4.6,136,1,"Sharjah Cricket Stadium, Sharjah",,15,41.4,207,-2.9333333333333336,2021-10-13,2021
1254117,2,15,7,Kolkata Knight Riders,Chennai Super Kings,120,6,4,73,30.0,5.0,8.0,14.6,193,0,"Dubai International Cricket Stadium, Dubai",,15,58.4,292,6.6,2021-10-15,2021
1304047,2,15,6,Kolkata Knight Riders,Chennai Super Kings,104,3,7,28,30.0,5.0,6.933333333333334,5.6,132,1,"Wankhede Stadium, Mumbai",,15,39.199999999999996,196,-1.333333333333334,2022-03-26,2022
1304048,2,15,6,Delhi Capitals,Mumbai Indians,122,6,4,56,30.0,5.0,8.133333333333333,11.2,178,1,"Brabourne Stadium, Mumbai",Mumbai Indians,15,44.8,224,3.0666666666666664,2022-03-27,2022
1304049,2,15,6,Punjab Kings,Royal Challengers Bangalore,156,5,5,50,30.0,5.0,10.4,10.0,206,1,"Dr DY Patil Sports Academy, Mumbai",,15,50.0,250,-0.40000000000000036,2022-03-27,2022
1304050,2,15,6,Gujarat Titans,Lucknow Super Giants,91,4,6,68,30.0,5.0,6.066666666666666,13.6,159,1,"Wankhede Stadium, Mumbai",,15,81.6,408,7.533333333333333,2022-03-28,2022
1304051,2,15,6,Sunrisers Hyderabad,Rajasthan Royals,77,5,5,134,30.0,5.0,5.133333333333334,26.8,211,0,"Maharashtra Cricket Association Stadium, Pune",,15,134.0,670,21.666666666666668,2022-03-29,2022
1304052,2,15,7,Royal Challengers Bangalore,Kolkata Knight Riders,93,4,6,36,30.0,5.0,6.2,7.2,129,1,"Dr DY Patil Sports Academy, Mumbai",,15,43.2,216,1.0,2022-03-30,2022
1304053,2,15,6,Lucknow Super Giants,Chennai Super Kings,144,3,7,67,30.0,5.0,9.6,13.4,211,1,"Brabourne Stadium, Mumbai",,15,93.8,469,3.8000000000000007,2022-03-31,2022
1304054,2,15,3,Kolkata Knight Riders,Punjab Kings,141,4,6,0,33.0,5.5,9.724137931034482,0.0,138,1,"Wankhede Stadium, Mumbai",,15,0.0,0,-9.724137931034482,2022-04-01,2022
1304055,2,15,6,Mumbai Indians,Rajasthan Royals,136,4,6,58,30.0,5.0,9.066666666666666,11.6,194,0,"Dr DY Patil Sports Academy, Mumbai",Mumbai Indians,15,69.6,348,2.533333333333333,2022-04-02,2022
1304056,2,15,6,Delhi Capitals,Gujarat Titans,126,6,4,46,30.0,5.0,8.4,9.2,172,0,"Maharashtra Cricket Association Stadium, Pune",,15,36.8,184,0.7999999999999989,2022-04-02,2022
1304057,2,15,6,Chennai Super Kings,Punjab Kings,98,7,3,83,30.0,5.0,6.533333333333333,16.6,181,0,"Brabourne Stadium, Mumbai",,15,49.800000000000004,249,10.066666666666668,2022-04-03,2022
1304058,2,15,7,Sunrisers Hyderabad,Lucknow Super Giants,120,4,6,50,30.0,5.0,8.0,10.0,170,0,"Dr DY Patil Sports Academy, Mumbai",,15,60.0,300,2.0,2022-04-04,2022
1304059,2,15,6,Royal Challengers Bangalore,Rajasthan Royals,125,5,5,45,30.0,5.0,8.333333333333334,9.0,170,1,"Wankhede Stadium, Mumbai",,15,45.0,225,0.6666666666666661,2022-04-05,2022
1304060,2,15,6,Kolkata Knight Riders,Mumbai Indians,127,5,5,35,30.0,5.0,8.466666666666667,7.0,162,1,"Maharashtra Cricket Association Stadium, Pune",,15,35.0,175,-1.4666666666666668,2022-04-06,2022
1304061,2,15,6,Lucknow Super Giants,Delhi Capitals,111,2,8,39,30.0,5.0,7.4,7.8,150,1,"Dr DY Patil Sports Academy, Mumbai",,15,62.4,312,0.39999999999999947,2022-04-07,2022
1304062,2,15,6,Gujarat Titans,Punjab Kings,134,2,8,56,30.0,5.0,8.933333333333334,11.2,190,1,"Brabourne Stadium, Mumbai",,15,89.6,448,2.2666666666666657,2022-04-08,2022
1304063,2,15,6,Sunrisers Hyderabad,Chennai Super Kings,121,1,9,34,30.0,5.0,8.066666666666666,6.8,155,1,"Dr DY Patil Sports Academy, Mumbai",,15,61.199999999999996,306,-1.2666666666666666,2022-04-09,2022
1304064,2,15,6,Royal Challengers Bangalore,Mumbai Indians,111,1,9,41,30.0,5.0,7.4,8.2,152,1,"Maharashtra Cricket Association Stadium, Pune",,15,73.8,369,0.7999999999999989,2022-04-09,2022
1304065,2,15,6,Kolkata Knight Riders,Delhi Capitals,137,5,5,79,30.0,5.0,9.133333333333333,15.8,216,0,"Brabourne Stadium, Mumbai",,15,79.0,395,6.666666666666668,2022-04-10,2022
1304066,2,15,6,Lucknow Super Giants,Rajasthan Royals,97,5,5,69,30.0,5.0,6.466666666666667,13.8,166,0,"Wankhede Stadium, Mumbai",,15,69.0,345,7.333333333333334,2022-04-10,2022
1304067,2,15,6,Sunrisers Hyderabad,Gujarat Titans,116,2,8,47,30.0,5.0,7.733333333333333,9.4,163,1,"Dr DY Patil Sports Academy, Mumbai",,15,75.2,376,1.666666666666667,2022-04-11,2022
1304068,2,15,6,Royal Challengers Bangalore,Chennai Super Kings,140,6,4,77,30.0,5.0,9.333333333333334,15.4,217,0,"Dr DY Patil Sports Academy, Mumbai",,15,61.6,308,6.066666666666666,2022-04-12,2022
1304069,2,15,6,Mumbai Indians,Punjab Kings,146,4,6,53,30.0,5.0,9.733333333333333,10.6,199,0,"Maharashtra Cricket Association Stadium, Pune",,15,63.599999999999994,318,0.8666666666666671,2022-04-13,2022
1304070,2,15,6,Rajasthan Royals,Gujarat Titans,130,6,4,63,30.0,5.0,8.666666666666666,12.6,193,0,"Dr DY Patil Sports Academy, Mumbai",,15,50.4,252,3.9333333333333336,2022-04-14,2022
1304071,2,15,7,Sunrisers Hyderabad,Kolkata Knight Riders,140,3,7,36,30.0,5.0,9.333333333333334,7.2,176,1,"Brabourne Stadium, Mumbai",,15,50.4,252,-2.1333333333333337,2022-04-15,2022
1304072,2,15,6,Mumbai Indians,Lucknow Super Giants,125,4,6,75,30.0,5.0,8.333333333333334,15.0,200,0,"Brabourne Stadium, Mumbai",Mumbai Indians,15,90.0,450,6.666666666666666,2022-04-16,2022
1304073,2,15,7,Delhi Capitals,Royal Challengers Bangalore,115,5,5,75,30.0,5.0,7.666666666666667,15.0,190,0,"Wankhede Stadium, Mumbai",,15,75.0,375,7.333333333333333,2022-04-16,2022
1304074,2,15,6,Sunrisers Hyderabad,Punjab Kings,111,3,7,41,30.0,5.0,7.4,8.2,152,1,"Dr DY Patil Sports Academy, Mumbai",,15,57.39999999999999,287,0.7999999999999989,2022-04-17,2022
1304075,2,15,6,Gujarat Titans,Chennai Super Kings,108,5,5,62,30.0,5.0,7.2,12.4,170,1,"Maharashtra Cricket Association Stadium, Pune",,15,62.0,310,5.2,2022-04-17,2022
1304076,2,15,8,Kolkata Knight Riders,Rajasthan Royals,167,4,6,51,30.0,5.0,11.133333333333333,10.2,218,0,"Brabourne Stadium, Mumbai",,15,61.199999999999996,306,-0.9333333333333336,2022-04-18,2022
1304077,2,15,7,Lucknow Super Giants,Royal Challengers Bangalore,117,5,5,65,30.0,5.0,7.8,13.0,182,0,"Dr DY Patil Sports Academy, Mumbai",,15,65.0,325,5.2,2022-04-19,2022
1304079,2,15,6,Chennai Super Kings,Mumbai Indians,103,5,5,53,30.0,5.0,6.866666666666666,10.6,156,1,"Dr DY Patil Sports Academy, Mumbai",Mumbai Indians,15,53.0,265,3.7333333333333334,2022-04-21,2022
1304080,2,15,6,Delhi Capitals,Rajasthan Royals,149,5,5,74,30.0,5.0,9.933333333333334,14.8,223,0,"Wankhede Stadium, Mumbai",,15,74.0,370,4.866666666666667,2022-04-22,2022
1304081,2,15,6,Kolkata Knight Riders,Gujarat Titans,107,6,4,50,30.0,5.0,7.133333333333334,10.0,157,0,"Dr DY Patil Sports Academy, Mumbai",,15,40.0,200,2.8666666666666663,2022-04-23,2022
1304083,2,15,6,Mumbai Indians,Lucknow Super Giants,98,4,6,71,30.0,5.0,6.533333333333333,14.2,169,0,"Wankhede Stadium, Mumbai",Mumbai Indians,15,85.19999999999999,426,7.666666666666666,2022-04-24,2022
1304084,2,15,7,Chennai Super Kings,Punjab Kings,118,4,6,70,30.0,5.0,7.866666666666666,14.0,188,0,"Wankhede Stadium, Mumbai",,15,84.0,420,6.133333333333334,2022-04-25,2022
1304085,2,15,6,Royal Challengers Bangalore,Rajasthan Royals,90,6,4,55,30.0,5.0,6.0,11.0,145,0,"Maharashtra Cricket Association Stadium, Pune",,15,44.0,220,5.0,2022-04-26,2022
1304086,2,15,6,Gujarat Titans,Sunrisers Hyderabad,135,3,7,61,30.0,5.0,9.0,12.2,196,1,"Wankhede Stadium, Mumbai",,15,85.39999999999999,427,3.1999999999999993,2022-04-27,2022
1304087,2,15,6,Delhi Capitals,Kolkata Knight Riders,113,6,4,34,30.0,5.0,7.533333333333333,6.8,147,1,"Wankhede Stadium, Mumbai",,15,27.2,136,-0.7333333333333334,2022-04-28,2022
1304088,2,15,6,Punjab Kings,Lucknow Super Giants,103,5,5,51,30.0,5.0,6.866666666666666,10.2,154,0,"Maharashtra Cricket Association Stadium, Pune",,15,51.0,255,3.333333333333333,2022-04-29,2022
1304089,2,15,6,Gujarat Titans,Royal Challengers Bangalore,113,4,6,58,30.0,5.0,7.533333333333333,11.6,171,1,"Brabourne Stadium, Mumbai",,15,69.6,348,4.066666666666666,2022-04-30,2022
1304090,2,15,6,Mumbai Indians,Rajasthan Royals,122,3,7,37,30.0,5.0,8.133333333333333,7.4,159,1,"Dr DY Patil Sports Academy, Mumbai",Mumbai Indians,15,51.800000000000004,259,-0.7333333333333325,2022-04-30,2022
1304091,2,15,6,Delhi Capitals,Lucknow Super Giants,135,5,5,61,30.0,5.0,9.0,12.2,196,0,"Wankhede Stadium, Mumbai",,15,61.0,305,3.1999999999999993,2022-05-01,2022
1304092,2,15,6,Sunrisers Hyderabad,Chennai Super Kings,131,4,6,72,30.0,5.0,8.733333333333333,14.4,203,0,"Maharashtra Cricket Association Stadium, Pune",,15,86.4,432,5.666666666666668,2022-05-01,2022
1304093,2,15,6,Kolkata Knight Riders,Rajasthan Royals,107,3,7,46,30.0,5.0,7.133333333333334,9.2,153,1,"Wankhede Stadium, Mumbai",,15,64.39999999999999,322,2.0666666666666655,2022-05-02,2022
1304094,2,15,6,Punjab Kings,Gujarat Titans,117,2,8,27,30.0,5.0,7.8,5.4,144,1,"Dr DY Patil Sports Academy, Mumbai",,15,43.2,216,-2.3999999999999995,2022-05-03,2022
1304095,2,15,6,Chennai Super Kings,Royal Challengers Bangalore,118,4,6,56,30.0,5.0,7.866666666666666,11.2,174,0,"Maharashtra Cricket Association Stadium, Pune",,15,67.19999999999999,336,3.333333333333333,2022-05-04,2022
1304096,2,15,7,Sunrisers Hyderabad,Delhi Capitals,134,5,5,74,30.0,5.0,8.933333333333334,14.8,208,0,"Brabourne Stadium, Mumbai",,15,74.0,370,5.866666666666667,2022-05-05,2022
1304097,2,15,6,Gujarat Titans,Mumbai Indians,130,2,8,48,30.0,5.0,8.666666666666666,9.6,178,0,"Brabourne Stadium, Mumbai",Mumbai Indians,15,76.8,384,0.9333333333333336,2022-05-06,2022
1304098,2,15,6,Rajasthan Royals,Punjab Kings,143,3,7,47,30.0,5.0,9.533333333333331,9.4,190,1,"Wankhede Stadium, Mumbai",,15,65.8,329,-0.13333333333333108,2022-05-07,2022
1304099,2,15,3,Kolkata Knight Riders,Lucknow Super Giants,101,10,0,76,33.0,5.5,6.9655172413793105,13.818181818181818,177,0,"Maharashtra Cricket Association Stadium, Pune",,15,0.0,0,6.852664576802508,2022-05-07,2022
1304100,2,15,6,Sunrisers Hyderabad,Royal Challengers Bangalore,111,5,5,82,30.0,5.0,7.4,16.4,193,0,"Wankhede Stadium, Mumbai",,15,82.0,410,8.999999999999998,2022-05-08,2022
1304101,2,15,6,Delhi Capitals,Chennai Super Kings,99,7,3,110,30.0,5.0,6.6,22.0,209,0,"Dr DY Patil Sports Academy, Mumbai",,15,66.0,330,15.4,2022-05-08,2022
1304102,2,15,6,Mumbai Indians,Kolkata Knight Riders,102,7,3,64,30.0,5.0,6.8,12.8,166,0,"Dr DY Patil Sports Academy, Mumbai",Mumbai Indians,15,38.400000000000006,192,6.000000000000001,2022-05-09,2022
1304104,2,15,7,Delhi Capitals,Rajasthan Royals,114,1,9,47,30.0,5.0,7.6,9.4,161,1,"Dr DY Patil Sports Academy, Mumbai",,15,84.60000000000001,423,1.8000000000000007,2022-05-11,2022
1304105,2,15,5,Mumbai Indians,Chennai Super Kings,103,5,5,0,31.0,5.166666666666667,6.943820224719101,0.0,98,1,"Wankhede Stadium, Mumbai",Mumbai Indians,15,0.0,0,-6.943820224719101,2022-05-12,2022
1304106,2,15,6,Royal Challengers Bangalore,Punjab Kings,120,6,4,90,30.0,5.0,8.0,18.0,210,0,"Brabourne Stadium, Mumbai",,15,72.0,360,10.0,2022-05-13,2022
1304107,2,15,6,Sunrisers Hyderabad,Kolkata Knight Riders,100,5,5,78,30.0,5.0,6.666666666666667,15.6,178,0,"Maharashtra Cricket Association Stadium, Pune",,15,78.0,390,8.933333333333334,2022-05-14,2022
1304108,2,15,6,Gujarat Titans,Chennai Super Kings,108,3,7,26,30.0,5.0,7.2,5.2,134,1,"Wankhede Stadium, Mumbai",,15,36.4,182,-2.0,2022-05-15,2022
1304109,2,15,6,Lucknow Super Giants,Rajasthan Royals,107,4,6,72,30.0,5.0,7.133333333333334,14.4,179,0,"Brabourne Stadium, Mumbai",,15,86.4,432,7.266666666666667,2022-05-15,2022
1304110,2,15,6,Punjab Kings,Delhi Capitals,101,7,3,59,30.0,5.0,6.733333333333333,11.8,160,0,"Dr DY Patil Sports Academy, Mumbai",,15,35.400000000000006,177,5.066666666666667,2022-05-16,2022
1304111,2,15,7,Mumbai Indians,Sunrisers Hyderabad,127,4,6,67,30.0,5.0,8.466666666666667,13.4,194,0,"Wankhede Stadium, Mumbai",Mumbai Indians,15,80.4,402,4.933333333333334,2022-05-17,2022
1304112,2,15,6,Kolkata Knight Riders,Lucknow Super Giants,134,4,6,77,30.0,5.0,8.933333333333334,15.4,211,0,"Dr DY Patil Sports Academy, Mumbai",,15,92.4,462,6.466666666666667,2022-05-18,2022
1304113,2,15,6,Royal Challengers Bangalore,Gujarat Titans,121,1,9,48,30.0,5.0,8.066666666666666,9.6,169,1,"Wankhede Stadium, Mumbai",,15,86.39999999999999,432,1.5333333333333332,2022-05-19,2022
1304114,2,15,6,Rajasthan Royals,Chennai Super Kings,104,4,6,47,30.0,5.0,6.933333333333334,9.4,151,1,"Brabourne Stadium, Mumbai",,15,56.400000000000006,282,2.466666666666667,2022-05-20,2022
1304115,2,15,7,Mumbai Indians,Delhi Capitals,101,3,7,59,30.0,5.0,6.733333333333333,11.8,160,1,"Wankhede Stadium, Mumbai",Mumbai Indians,15,82.60000000000001,413,5.066666666666667,2022-05-21,2022
1304116,2,15,7,Punjab Kings,Sunrisers Hyderabad,156,5,5,2,30.0,5.0,10.4,0.4,158,1,"Wankhede Stadium, Mumbai",,15,2.0,10,-10.0,2022-05-22,2022
1312197,2,15,6,Gujarat Titans,Rajasthan Royals,139,3,7,50,30.0,5.0,9.266666666666667,10.0,189,1,"Eden Gardens, Kolkata",,15,70.0,350,0.7333333333333325,2022-05-24,2022
1312198,2,15,6,Lucknow Super Giants,Royal Challengers Bangalore,143,3,7,65,30.0,5.0,9.533333333333331,13.0,208,0,"Eden Gardens, Kolkata",,15,91.0,455,3.4666666666666686,2022-05-25,2022
1312199,2,15,6,Rajasthan Royals,Royal Challengers Bangalore,126,2,8,32,30.0,5.0,8.4,6.4,158,1,"Narendra Modi Stadium, Ahmedabad",,15,51.2,256,-2.0,2022-05-27,2022
1312200,2,15,6,Gujarat Titans,Rajasthan Royals,97,3,7,34,30.0,5.0,6.466666666666667,6.8,131,1,"Narendra Modi Stadium, Ahmedabad",Gujarat Titans,15,47.6,238,0.33333333333333304,2022-05-29,2022
1359475,2,15,6,Gujarat Titans,Chennai Super Kings,138,4,6,41,30.0,5.0,9.2,8.2,179,1,"Narendra Modi Stadium, Ahmedabad",Gujarat Titans,15,49.199999999999996,246,-1.0,2023-03-31,2023
1359476,2,15,6,Kolkata Knight Riders,Punjab Kings,136,6,4,56,30.0,5.0,9.066666666666666,11.2,192,0,"Punjab Cricket Association IS Bindra Stadium, Mohali, Chandigarh",,15,44.8,224,2.133333333333333,2023-04-01,2023
1359477,2,15,6,Delhi Capitals,Lucknow Super Giants,110,5,5,84,30.0,5.0,7.333333333333333,16.8,194,0,"Bharat Ratna Shri Atal Bihari Vajpayee Ekana Cricket Stadium, Lucknow",Lucknow Super Giants,15,84.0,420,9.466666666666669,2023-04-01,2023
1359478,2,15,6,Sunrisers Hyderabad,Rajasthan Royals,85,7,3,119,30.0,5.0,5.666666666666667,23.8,204,0,"Rajiv Gandhi International Stadium, Uppal, Hyderabad",Sunrisers Hyderabad,15,71.4,357,18.133333333333333,2023-04-02,2023
1359479,2,15,6,Royal Challengers Bangalore,Mumbai Indians,148,1,9,24,30.0,5.0,9.866666666666667,4.8,172,1,"M Chinnaswamy Stadium, Bengaluru",Royal Challengers Bangalore,15,43.199999999999996,216,-5.066666666666667,2023-04-02,2023
1359480,2,15,6,Lucknow Super Giants,Chennai Super Kings,150,5,5,68,30.0,5.0,10.0,13.6,218,0,"MA Chidambaram Stadium, Chepauk, Chennai",Chennai Super Kings,15,68.0,340,3.5999999999999996,2023-04-03,2023
1359481,2,15,7,Gujarat Titans,Delhi Capitals,117,4,6,46,30.0,5.0,7.8,9.2,163,1,"Arun Jaitley Stadium, Delhi",Delhi Capitals,15,55.199999999999996,276,1.3999999999999995,2023-04-04,2023
1359482,2,15,6,Rajasthan Royals,Punjab Kings,124,6,4,74,30.0,5.0,8.266666666666667,14.8,198,0,"Barsapara Cricket Stadium, Guwahati",,15,59.2,296,6.533333333333333,2023-04-05,2023
1359483,2,15,6,Royal Challengers Bangalore,Kolkata Knight Riders,102,9,1,103,30.0,5.0,6.8,20.6,205,0,"Eden Gardens, Kolkata",Kolkata Knight Riders,15,20.6,103,13.8,2023-04-06,2023
1359484,2,15,6,Lucknow Super Giants,Sunrisers Hyderabad,118,5,5,4,30.0,5.0,7.866666666666666,0.8,122,1,"Bharat Ratna Shri Atal Bihari Vajpayee Ekana Cricket Stadium, Lucknow",Lucknow Super Giants,15,4.0,20,-7.066666666666666,2023-04-07,2023
1359485,2,15,7,Delhi Capitals,Rajasthan Royals,113,5,5,87,30.0,5.0,7.533333333333333,17.4,200,0,"Barsapara Cricket Stadium, Guwahati",,15,87.0,435,9.866666666666665,2023-04-08,2023
1359486,2,15,6,Chennai Super Kings,Mumbai Indians,134,3,7,24,30.0,5.0,8.933333333333334,4.8,158,1,"Wankhede Stadium, Mumbai",Mumbai Indians,15,33.6,168,-4.133333333333334,2023-04-08,2023
1359487,2,15,7,Kolkata Knight Riders,Gujarat Titans,149,3,7,56,30.0,5.0,9.933333333333334,11.2,205,1,"Narendra Modi Stadium, Ahmedabad",Gujarat Titans,15,78.39999999999999,392,1.2666666666666657,2023-04-09,2023
1359488,2,15,6,Sunrisers Hyderabad,Punjab Kings,118,2,8,26,30.0,5.0,7.866666666666666,5.2,144,1,"Rajiv Gandhi International Stadium, Uppal, Hyderabad",Sunrisers Hyderabad,15,41.6,208,-2.666666666666666,2023-04-09,2023
1359489,2,15,6,Lucknow Super Giants,Royal Challengers Bangalore,171,5,5,42,30.0,5.0,11.4,8.4,213,1,"M Chinnaswamy Stadium, Bengaluru",Royal Challengers Bangalore,15,42.0,210,-3.0,2023-04-10,2023
1359490,2,15,6,Mumbai Indians,Delhi Capitals,123,1,9,50,30.0,5.0,8.2,10.0,173,1,"Arun Jaitley Stadium, Delhi",Delhi Capitals,15,90.0,450,1.8000000000000007,2023-04-11,2023
1359491,2,15,7,Chennai Super Kings,Rajasthan Royals,113,6,4,63,30.0,5.0,7.533333333333333,12.6,176,0,"MA Chidambaram Stadium, Chepauk, Chennai",Chennai Super Kings,15,50.4,252,5.066666666666666,2023-04-12,2023
1359492,2,15,6,Gujarat Titans,Punjab Kings,111,3,7,43,30.0,5.0,7.4,8.6,154,1,"Punjab Cricket Association IS Bindra Stadium, Mohali, Chandigarh",,15,60.199999999999996,301,1.1999999999999993,2023-04-13,2023
1359493,2,15,6,Kolkata Knight Riders,Sunrisers Hyderabad,142,5,5,87,30.0,5.0,9.466666666666669,17.4,229,0,"Eden Gardens, Kolkata",Kolkata Knight Riders,15,87.0,435,7.93333333333333,2023-04-14,2023
1359494,2,15,6,Delhi Capitals,Royal Challengers Bangalore,108,7,3,67,30.0,5.0,7.2,13.4,175,0,"M Chinnaswamy Stadium, Bengaluru",Royal Challengers Bangalore,15,40.2,201,6.2,2023-04-15,2023
1359495,2,15,6,Punjab Kings,Lucknow Super Giants,115,5,5,45,30.0,5.0,7.666666666666667,9.0,160,1,"Bharat Ratna Shri Atal Bihari Vajpayee Ekana Cricket Stadium, Lucknow",Lucknow Super Giants,15,45.0,225,1.333333333333333,2023-04-15,2023
1359496,2,15,7,Mumbai Indians,Kolkata Knight Riders,163,3,7,23,30.0,5.0,10.866666666666667,4.6,186,1,"Wankhede Stadium, Mumbai",Mumbai Indians,15,32.199999999999996,161,-6.2666666666666675,2023-04-16,2023
1359497,2,15,6,Rajasthan Royals,Gujarat Titans,114,5,5,64,30.0,5.0,7.6,12.8,178,1,"Narendra Modi Stadium, Ahmedabad",Gujarat Titans,15,64.0,320,5.200000000000001,2023-04-16,2023
1359498,2,15,6,Royal Challengers Bangalore,Chennai Super Kings,169,4,6,58,30.0,5.0,11.266666666666667,11.6,227,0,"M Chinnaswamy Stadium, Bengaluru",Royal Challengers Bangalore,15,69.6,348,0.33333333333333215,2023-04-17,2023
1359499,2,15,7,Sunrisers Hyderabad,Mumbai Indians,133,6,4,60,30.0,5.0,8.866666666666667,12.0,193,0,"Rajiv Gandhi International Stadium, Uppal, Hyderabad",Sunrisers Hyderabad,15,48.0,240,3.133333333333333,2023-04-18,2023
1359500,2,15,7,Rajasthan Royals,Lucknow Super Giants,104,3,7,51,30.0,5.0,6.933333333333334,10.2,155,0,"Sawai Mansingh Stadium, Jaipur",Rajasthan Royals,15,71.39999999999999,357,3.2666666666666657,2023-04-19,2023
1359501,2,15,6,Punjab Kings,Royal Challengers Bangalore,125,7,3,50,30.0,5.0,8.333333333333334,10.0,175,0,"Punjab Cricket Association IS Bindra Stadium, Mohali, Chandigarh",,15,30.0,150,1.666666666666666,2023-04-20,2023
1359502,2,15,6,Delhi Capitals,Kolkata Knight Riders,104,4,6,24,30.0,5.0,6.933333333333334,4.8,128,1,"Arun Jaitley Stadium, Delhi",Delhi Capitals,15,28.799999999999997,144,-2.1333333333333337,2023-04-20,2023
1359503,2,15,6,Chennai Super Kings,Sunrisers Hyderabad,111,2,8,24,30.0,5.0,7.4,4.8,135,1,"MA Chidambaram Stadium, Chepauk, Chennai",Chennai Super Kings,15,38.4,192,-2.6000000000000005,2023-04-21,2023
1359504,2,15,6,Lucknow Super Giants,Gujarat Titans,106,2,8,30,30.0,5.0,7.066666666666666,6.0,136,0,"Bharat Ratna Shri Atal Bihari Vajpayee Ekana Cricket Stadium, Lucknow",Lucknow Super Giants,15,48.0,240,-1.0666666666666664,2023-04-22,2023
1359505,2,15,6,Mumbai Indians,Punjab Kings,149,2,8,66,30.0,5.0,9.933333333333334,13.2,215,0,"Wankhede Stadium, Mumbai",Mumbai Indians,15,105.6,528,3.2666666666666657,2023-04-22,2023
1359506,2,15,6,Rajasthan Royals,Royal Challengers Bangalore,121,3,7,69,30.0,5.0,8.066666666666666,13.8,190,0,"M Chinnaswamy Stadium, Bengaluru",Royal Challengers Bangalore,15,96.60000000000001,483,5.733333333333334,2023-04-23,2023
1359507,2,15,6,Kolkata Knight Riders,Chennai Super Kings,137,5,5,99,30.0,5.0,9.133333333333333,19.8,236,0,"Eden Gardens, Kolkata",Kolkata Knight Riders,15,99.0,495,10.666666666666668,2023-04-23,2023
1359508,2,15,6,Sunrisers Hyderabad,Delhi Capitals,89,5,5,56,30.0,5.0,5.933333333333334,11.2,145,0,"Rajiv Gandhi International Stadium, Uppal, Hyderabad",Sunrisers Hyderabad,15,56.0,280,5.266666666666666,2023-04-24,2023
1359509,2,15,6,Mumbai Indians,Gujarat Titans,112,6,4,96,30.0,5.0,7.466666666666667,19.2,208,0,"Narendra Modi Stadium, Ahmedabad",Gujarat Titans,15,76.8,384,11.733333333333333,2023-04-25,2023
1359510,2,15,6,Royal Challengers Bangalore,Kolkata Knight Riders,138,6,4,63,30.0,5.0,9.2,12.6,201,0,"M Chinnaswamy Stadium, Bengaluru",Royal Challengers Bangalore,15,50.4,252,3.4000000000000004,2023-04-26,2023
1359511,2,15,6,Chennai Super Kings,Rajasthan Royals,125,5,5,78,30.0,5.0,8.333333333333334,15.6,203,0,"Sawai Mansingh Stadium, Jaipur",Rajasthan Royals,15,78.0,390,7.266666666666666,2023-04-27,2023
1359512,2,15,6,Punjab Kings,Lucknow Super Giants,152,4,6,106,30.0,5.0,10.133333333333333,21.2,258,0,"Punjab Cricket Association IS Bindra Stadium, Mohali, Chandigarh",,15,127.19999999999999,636,11.066666666666666,2023-04-28,2023
1359513,2,15,6,Gujarat Titans,Kolkata Knight Riders,129,3,7,51,30.0,5.0,8.6,10.2,180,1,"Eden Gardens, Kolkata",Kolkata Knight Riders,15,71.39999999999999,357,1.5999999999999996,2023-04-29,2023
1359514,2,15,6,Delhi Capitals,Sunrisers Hyderabad,138,4,6,60,30.0,5.0,9.2,12.0,198,0,"Arun Jaitley Stadium, Delhi",Delhi Capitals,15,72.0,360,2.8000000000000007,2023-04-29,2023
1359515,2,15,7,Punjab Kings,Chennai Super Kings,129,3,7,72,30.0,5.0,8.6,14.4,201,1,"MA Chidambaram Stadium, Chepauk, Chennai",Chennai Super Kings,15,100.8,504,5.800000000000001,2023-04-30,2023
1359516,2,15,7,Mumbai Indians,Rajasthan Royals,150,3,7,63,30.0,5.0,10.0,12.6,213,1,"Wankhede Stadium, Mumbai",Mumbai Indians,15,88.2,441,2.5999999999999996,2023-04-30,2023
1359517,2,15,6,Lucknow Super Giants,Royal Challengers Bangalore,78,8,2,49,30.0,5.0,5.2,9.8,127,0,"Bharat Ratna Shri Atal Bihari Vajpayee Ekana Cricket Stadium, Lucknow",Lucknow Super Giants,15,19.6,98,4.6000000000000005,2023-05-01,2023
1359518,2,15,6,Gujarat Titans,Delhi Capitals,79,4,6,52,30.0,5.0,5.266666666666667,10.4,131,0,"Narendra Modi Stadium, Ahmedabad",Gujarat Titans,15,62.400000000000006,312,5.133333333333334,2023-05-02,2023
1359520,2,15,7,Mumbai Indians,Punjab Kings,170,2,8,45,30.0,5.0,11.333333333333334,9.0,215,1,"Punjab Cricket Association IS Bindra Stadium, Mohali, Chandigarh",,15,72.0,360,-2.333333333333334,2023-05-03,2023
1359521,2,15,6,Sunrisers Hyderabad,Kolkata Knight Riders,134,5,5,38,30.0,5.0,8.933333333333334,7.6,172,0,"Rajiv Gandhi International Stadium, Uppal, Hyderabad",Sunrisers Hyderabad,15,38.0,190,-1.333333333333334,2023-05-04,2023
1359523,2,15,6,Chennai Super Kings,Mumbai Indians,123,3,7,17,30.0,5.0,8.2,3.4,140,1,"MA Chidambaram Stadium, Chepauk, Chennai",Chennai Super Kings,15,23.8,119,-4.799999999999999,2023-05-06,2023
1359524,2,15,7,Delhi Capitals,Royal Challengers Bangalore,166,2,8,16,30.0,5.0,11.066666666666666,3.2,182,1,"Arun Jaitley Stadium, Delhi",Delhi Capitals,15,25.6,128,-7.866666666666666,2023-05-06,2023
1359525,2,15,6,Lucknow Super Giants,Gujarat Titans,130,3,7,98,30.0,5.0,8.666666666666666,19.6,228,0,"Narendra Modi Stadium, Ahmedabad",Gujarat Titans,15,137.20000000000002,686,10.933333333333335,2023-05-07,2023
1359526,2,15,6,Sunrisers Hyderabad,Rajasthan Royals,146,2,8,69,30.0,5.0,9.733333333333333,13.8,215,1,"Sawai Mansingh Stadium, Jaipur",Rajasthan Royals,15,110.4,552,4.066666666666668,2023-05-07,2023
1359527,2,15,6,Kolkata Knight Riders,Punjab Kings,122,3,7,58,30.0,5.0,8.133333333333333,11.6,180,1,"Eden Gardens, Kolkata",Kolkata Knight Riders,15,81.2,406,3.466666666666667,2023-05-08,2023
1359528,2,15,6,Mumbai Indians,Royal Challengers Bangalore,174,2,8,26,30.0,5.0,11.6,5.2,200,1,"Wankhede Stadium, Mumbai",Mumbai Indians,15,41.6,208,-6.3999999999999995,2023-05-09,2023
1359529,2,15,6,Delhi Capitals,Chennai Super Kings,91,5,5,77,30.0,5.0,6.066666666666666,15.4,168,0,"MA Chidambaram Stadium, Chepauk, Chennai",Chennai Super Kings,15,77.0,385,9.333333333333334,2023-05-10,2023
1359531,2,15,7,Gujarat Titans,Mumbai Indians,130,8,2,89,30.0,5.0,8.666666666666666,17.8,219,0,"Wankhede Stadium, Mumbai",Mumbai Indians,15,35.6,178,9.133333333333335,2023-05-12,2023
1359532,2,15,6,Lucknow Super Giants,Sunrisers Hyderabad,114,2,8,69,30.0,5.0,7.6,13.8,183,1,"Rajiv Gandhi International Stadium, Uppal, Hyderabad",Sunrisers Hyderabad,15,110.4,552,6.200000000000001,2023-05-13,2023
1359533,2,15,6,Delhi Capitals,Punjab Kings,115,6,4,53,30.0,5.0,7.666666666666667,10.6,168,0,"Arun Jaitley Stadium, Delhi",Delhi Capitals,15,42.4,212,2.9333333333333327,2023-05-13,2023
1359535,2,15,6,Kolkata Knight Riders,Chennai Super Kings,117,3,7,28,30.0,5.0,7.8,5.6,145,1,"MA Chidambaram Stadium, Chepauk, Chennai",Chennai Super Kings,15,39.199999999999996,196,-2.2,2023-05-14,2023
1359536,2,15,6,Sunrisers Hyderabad,Gujarat Titans,111,7,3,78,30.0,5.0,7.4,15.6,189,0,"Narendra Modi Stadium, Ahmedabad",Gujarat Titans,15,46.8,234,8.2,2023-05-15,2023
1359537,2,15,7,Mumbai Indians,Lucknow Super Giants,125,3,7,53,30.0,5.0,8.333333333333334,10.6,178,0,"Bharat Ratna Shri Atal Bihari Vajpayee Ekana Cricket Stadium, Lucknow",Lucknow Super Giants,15,74.2,371,2.2666666666666657,2023-05-16,2023
1359538,2,15,6,Punjab Kings,Delhi Capitals,128,3,7,86,30.0,5.0,8.533333333333333,17.2,214,0,"Himachal Pradesh Cricket Association Stadium, Dharamsala",Punjab Kings,15,120.39999999999999,602,8.666666666666666,2023-05-17,2023
1359539,2,15,7,Royal Challengers Bangalore,Sunrisers Hyderabad,150,0,10,37,30.0,5.0,10.0,7.4,187,1,"Rajiv Gandhi International Stadium, Uppal, Hyderabad",Sunrisers Hyderabad,15,74.0,370,-2.5999999999999996,2023-05-18,2023
1359540,2,15,7,Rajasthan Royals,Punjab Kings,141,4,6,47,30.0,5.0,9.4,9.4,188,1,"Himachal Pradesh Cricket Association Stadium, Dharamsala",Punjab Kings,15,56.400000000000006,282,0.0,2023-05-19,2023
1359541,2,15,8,Delhi Capitals,Chennai Super Kings,116,5,5,108,30.0,5.0,7.733333333333333,21.6,224,0,"Arun Jaitley Stadium, Delhi",Delhi Capitals,15,108.0,540,13.866666666666667,2023-05-20,2023
1359542,2,15,6,Kolkata Knight Riders,Lucknow Super Giants,114,4,6,63,30.0,5.0,7.6,12.6,177,0,"Eden Gardens, Kolkata",Kolkata Knight Riders,15,75.6,378,5.0,2023-05-20,2023
1359543,2,15,6,Mumbai Indians,Sunrisers Hyderabad,160,2,8,41,30.0,5.0,10.666666666666666,8.2,201,1,"Wankhede Stadium, Mumbai",Mumbai Indians,15,65.6,328,-2.466666666666667,2023-05-21,2023
1359544,2,15,6,Gujarat Titans,Royal Challengers Bangalore,148,2,8,50,30.0,5.0,9.866666666666667,10.0,198,1,"M Chinnaswamy Stadium, Bengaluru",Royal Challengers Bangalore,15,80.0,400,0.13333333333333286,2023-05-21,2023
1370350,2,15,6,Gujarat Titans,Chennai Super Kings,102,6,4,71,30.0,5.0,6.8,14.2,173,0,"MA Chidambaram Stadium, Chepauk, Chennai",Chennai Super Kings,15,56.8,284,7.3999999999999995,2023-05-23,2023
1370351,2,15,6,Lucknow Super Giants,Mumbai Indians,100,9,1,83,30.0,5.0,6.666666666666667,16.6,183,0,"MA Chidambaram Stadium, Chepauk, Chennai",,15,16.6,83,9.933333333333334,2023-05-24,2023
1370352,2,15,6,Mumbai Indians,Gujarat Titans,156,6,4,78,30.0,5.0,10.4,15.6,234,0,"Narendra Modi Stadium, Ahmedabad",Gujarat Titans,15,62.4,312,5.199999999999999,2023-05-26,2023
1370353,2,15,6,Chennai Super Kings,Gujarat Titans,171,5,5,44,30.0,5.0,11.4,8.8,215,1,"Narendra Modi Stadium, Ahmedabad",Gujarat Titans,15,44.0,220,-2.5999999999999996,2023-05-29,2023
1422119,2,15,6,Chennai Super Kings,Royal Challengers Bangalore,128,4,6,46,30.0,5.0,8.533333333333333,9.2,174,1,"MA Chidambaram Stadium, Chepauk, Chennai",Chennai Super Kings,15,55.199999999999996,276,0.6666666666666661,2024-03-22,2024
1422120,2,15,7,Punjab Kings,Delhi Capitals,130,4,6,45,30.0,5.0,8.666666666666666,9.0,175,1,"Maharaja Yadavindra Singh International Cricket Stadium, Mullanpur",,15,54.0,270,0.3333333333333339,2024-03-23,2024
1422121,2,15,6,Sunrisers Hyderabad,Kolkata Knight Riders,128,4,6,81,30.0,5.0,8.533333333333333,16.2,209,0,"Eden Gardens, Kolkata",Kolkata Knight Riders,15,97.19999999999999,486,7.666666666666666,2024-03-23,2024
1422122,2,15,6,Lucknow Super Giants,Rajasthan Royals,134,4,6,60,30.0,5.0,8.933333333333334,12.0,194,0,"Sawai Mansingh Stadium, Jaipur",Rajasthan Royals,15,72.0,360,3.0666666666666664,2024-03-24,2024
1422123,2,15,6,Mumbai Indians,Gujarat Titans,126,3,7,43,30.0,5.0,8.4,8.6,169,0,"Narendra Modi Stadium, Ahmedabad",Gujarat Titans,15,60.199999999999996,301,0.1999999999999993,2024-03-24,2024
1422124,2,15,6,Royal Challengers Bangalore,Punjab Kings,118,4,6,59,30.0,5.0,7.866666666666666,11.8,177,1,"M Chinnaswamy Stadium, Bengaluru",Royal Challengers Bangalore,15,70.80000000000001,354,3.9333333333333345,2024-03-25,2024
1422125,2,15,7,Gujarat Titans,Chennai Super Kings,114,5,5,93,30.0,5.0,7.6,18.6,207,0,"MA Chidambaram Stadium, Chepauk, Chennai",Chennai Super Kings,15,93.0,465,11.000000000000002,2024-03-26,2024
1422126,2,15,6,Mumbai Indians,Sunrisers Hyderabad,185,4,6,93,30.0,5.0,12.333333333333334,18.6,278,0,"Rajiv Gandhi International Stadium, Uppal, Hyderabad",Sunrisers Hyderabad,15,111.60000000000001,558,6.2666666666666675,2024-03-27,2024
1422127,2,15,7,Delhi Capitals,Rajasthan Royals,120,4,6,66,30.0,5.0,8.0,13.2,186,0,"Sawai Mansingh Stadium, Jaipur",Rajasthan Royals,15,79.19999999999999,396,5.199999999999999,2024-03-28,2024
1422128,2,15,8,Kolkata Knight Riders,Royal Challengers Bangalore,167,2,8,16,30.0,5.0,11.133333333333333,3.2,183,1,"M Chinnaswamy Stadium, Bengaluru",Royal Challengers Bangalore,15,25.6,128,-7.933333333333333,2024-03-29,2024
1422129,2,15,7,Punjab Kings,Lucknow Super Giants,136,2,8,64,30.0,5.0,9.066666666666666,12.8,200,0,"Bharat Ratna Shri Atal Bihari Vajpayee Ekana Cricket Stadium, Lucknow",Lucknow Super Giants,15,102.4,512,3.7333333333333343,2024-03-30,2024
1422130,2,15,7,Gujarat Titans,Sunrisers Hyderabad,114,2,8,49,30.0,5.0,7.6,9.8,163,1,"Narendra Modi Stadium, Ahmedabad",Gujarat Titans,15,78.4,392,2.200000000000001,2024-03-31,2024
1422131,2,15,7,Chennai Super Kings,Delhi Capitals,113,5,5,79,30.0,5.0,7.533333333333333,15.8,192,0,"Dr. Y.S. Rajasekhara Reddy ACA-VDCA Cricket Stadium, Visakhapatnam",,15,79.0,395,8.266666666666667,2024-03-31,2024
1422132,2,15,6,Rajasthan Royals,Mumbai Indians,111,4,6,15,30.0,5.0,7.4,3.0,126,1,"Wankhede Stadium, Mumbai",Mumbai Indians,15,18.0,90,-4.4,2024-04-01,2024
1422133,2,15,6,Royal Challengers Bangalore,Lucknow Super Giants,104,6,4,78,30.0,5.0,6.933333333333334,15.6,182,0,"M Chinnaswamy Stadium, Bengaluru",Royal Challengers Bangalore,15,62.4,312,8.666666666666666,2024-04-02,2024
1422134,2,15,7,Delhi Capitals,Kolkata Knight Riders,159,7,3,114,30.0,5.0,10.6,22.8,273,0,"Dr. Y.S. Rajasekhara Reddy ACA-VDCA Cricket Stadium, Visakhapatnam",,15,68.4,342,12.200000000000001,2024-04-03,2024
1422135,2,15,6,Punjab Kings,Gujarat Titans,138,5,5,62,30.0,5.0,9.2,12.4,200,1,"Narendra Modi Stadium, Ahmedabad",Gujarat Titans,15,62.0,310,3.200000000000001,2024-04-04,2024
1422136,2,15,6,Sunrisers Hyderabad,Chennai Super Kings,135,3,7,31,30.0,5.0,9.0,6.2,166,1,"Rajiv Gandhi International Stadium, Uppal, Hyderabad",Sunrisers Hyderabad,15,43.4,217,-2.8,2024-04-05,2024
1422137,2,15,6,Rajasthan Royals,Royal Challengers Bangalore,152,2,8,32,30.0,5.0,10.133333333333333,6.4,184,1,"Sawai Mansingh Stadium, Jaipur",Rajasthan Royals,15,51.2,256,-3.7333333333333325,2024-04-06,2024
1422138,2,15,6,Delhi Capitals,Mumbai Indians,144,3,7,91,30.0,5.0,9.6,18.2,235,0,"Wankhede Stadium, Mumbai",Mumbai Indians,15,127.39999999999999,637,8.6,2024-04-07,2024
1422139,2,15,6,Gujarat Titans,Lucknow Super Giants,93,7,3,71,30.0,5.0,6.2,14.2,164,0,"Bharat Ratna Shri Atal Bihari Vajpayee Ekana Cricket Stadium, Lucknow",Lucknow Super Giants,15,42.599999999999994,213,7.999999999999999,2024-04-07,2024
1426260,2,15,6,Chennai Super Kings,Kolkata Knight Riders,115,2,8,23,30.0,5.0,7.666666666666667,4.6,138,1,"MA Chidambaram Stadium, Chepauk, Chennai",Chennai Super Kings,15,36.8,184,-3.0666666666666673,2024-04-08,2024
1426261,2,15,6,Punjab Kings,Sunrisers Hyderabad,105,5,5,78,30.0,5.0,7.0,15.6,183,0,"Maharaja Yadavindra Singh International Cricket Stadium, Mullanpur",,15,78.0,390,8.6,2024-04-09,2024
1426262,2,15,6,Gujarat Titans,Rajasthan Royals,124,4,6,73,30.0,5.0,8.266666666666667,14.6,197,1,"Sawai Mansingh Stadium, Jaipur",Rajasthan Royals,15,87.6,438,6.333333333333332,2024-04-10,2024
1426263,2,15,6,Mumbai Indians,Royal Challengers Bangalore,188,3,7,9,30.0,5.0,12.533333333333331,1.8,197,1,"Wankhede Stadium, Mumbai",Mumbai Indians,15,12.6,63,-10.73333333333333,2024-04-11,2024
1426264,2,15,6,Delhi Capitals,Lucknow Super Giants,145,3,7,23,30.0,5.0,9.666666666666666,4.6,168,1,"Bharat Ratna Shri Atal Bihari Vajpayee Ekana Cricket Stadium, Lucknow",Lucknow Super Giants,15,32.199999999999996,161,-5.066666666666666,2024-04-12,2024
1426265,2,15,6,Rajasthan Royals,Punjab Kings,99,3,7,49,30.0,5.0,6.6,9.8,148,1,"Maharaja Yadavindra Singh International Cricket Stadium, Mullanpur",,15,68.60000000000001,343,3.200000000000001,2024-04-13,2024
1426266,2,15,6,Kolkata Knight Riders,Lucknow Super Giants,156,2,8,6,30.0,5.0,10.4,1.2,162,1,"Eden Gardens, Kolkata",Kolkata Knight Riders,15,9.6,48,-9.200000000000001,2024-04-14,2024
1426267,2,15,6,Mumbai Indians,Chennai Super Kings,132,3,7,75,30.0,5.0,8.8,15.0,207,0,"Wankhede Stadium, Mumbai",Mumbai Indians,15,105.0,525,6.199999999999999,2024-04-14,2024
1426268,2,15,6,Royal Challengers Bangalore,Sunrisers Hyderabad,187,6,4,101,30.0,5.0,12.466666666666669,20.2,288,0,"M Chinnaswamy Stadium, Bengaluru",Royal Challengers Bangalore,15,80.8,404,7.733333333333331,2024-04-15,2024
1426269,2,15,7,Rajasthan Royals,Kolkata Knight Riders,145,6,4,79,30.0,5.0,9.666666666666666,15.8,224,1,"Eden Gardens, Kolkata",Kolkata Knight Riders,15,63.2,316,6.133333333333335,2024-04-16,2024
1426271,2,15,6,Punjab Kings,Mumbai Indians,141,7,3,52,30.0,5.0,9.4,10.4,193,0,"Maharaja Yadavindra Singh International Cricket Stadium, Mullanpur",,15,31.200000000000003,156,1.0,2024-04-18,2024
1426272,2,15,7,Lucknow Super Giants,Chennai Super Kings,134,1,9,43,30.0,5.0,8.933333333333334,8.6,177,1,"Bharat Ratna Shri Atal Bihari Vajpayee Ekana Cricket Stadium, Lucknow",Lucknow Super Giants,15,77.39999999999999,387,-0.3333333333333339,2024-04-19,2024
1426273,2,15,6,Delhi Capitals,Sunrisers Hyderabad,166,6,4,101,30.0,5.0,11.066666666666666,20.2,267,0,"Arun Jaitley Stadium, Delhi",Delhi Capitals,15,80.8,404,9.133333333333333,2024-04-20,2024
1426274,2,15,6,Royal Challengers Bangalore,Kolkata Knight Riders,174,6,4,49,30.0,5.0,11.6,9.8,223,0,"Eden Gardens, Kolkata",Kolkata Knight Riders,15,39.2,196,-1.799999999999999,2024-04-21,2024
1426275,2,15,6,Gujarat Titans,Punjab Kings,101,4,6,42,30.0,5.0,6.733333333333333,8.4,143,1,"Maharaja Yadavindra Singh International Cricket Stadium, Mullanpur",,15,50.400000000000006,252,1.666666666666667,2024-04-21,2024
1426276,2,15,8,Rajasthan Royals,Mumbai Indians,151,1,9,29,30.0,5.0,10.066666666666666,5.8,180,1,"Sawai Mansingh Stadium, Jaipur",Rajasthan Royals,15,52.199999999999996,261,-4.266666666666667,2024-04-22,2024
1426277,2,15,6,Lucknow Super Giants,Chennai Super Kings,137,3,7,74,30.0,5.0,9.133333333333333,14.8,211,1,"MA Chidambaram Stadium, Chepauk, Chennai",Chennai Super Kings,15,103.60000000000001,518,5.666666666666668,2024-04-23,2024
1426278,2,15,6,Gujarat Titans,Delhi Capitals,147,5,5,78,30.0,5.0,9.8,15.6,225,0,"Arun Jaitley Stadium, Delhi",Delhi Capitals,15,78.0,390,5.799999999999999,2024-04-24,2024
1426279,2,15,7,Sunrisers Hyderabad,Royal Challengers Bangalore,132,7,3,75,30.0,5.0,8.8,15.0,207,0,"Rajiv Gandhi International Stadium, Uppal, Hyderabad",Sunrisers Hyderabad,15,45.0,225,6.199999999999999,2024-04-25,2024
1426280,2,15,6,Punjab Kings,Kolkata Knight Riders,201,2,8,61,30.0,5.0,13.4,12.2,262,1,"Eden Gardens, Kolkata",Kolkata Knight Riders,15,97.6,488,-1.200000000000001,2024-04-26,2024
1426281,2,15,6,Mumbai Indians,Delhi Capitals,173,5,5,85,30.0,5.0,11.533333333333331,17.0,258,0,"Arun Jaitley Stadium, Delhi",Delhi Capitals,15,85.0,425,5.466666666666669,2024-04-27,2024
1426282,2,15,6,Rajasthan Royals,Lucknow Super Giants,144,3,7,53,30.0,5.0,9.6,10.6,197,1,"Bharat Ratna Shri Atal Bihari Vajpayee Ekana Cricket Stadium, Lucknow",Lucknow Super Giants,15,74.2,371,1.0,2024-04-27,2024
1426283,2,15,7,Royal Challengers Bangalore,Gujarat Titans,177,1,9,24,30.0,5.0,11.8,4.8,201,1,"Narendra Modi Stadium, Ahmedabad",Gujarat Titans,15,43.199999999999996,216,-7.000000000000001,2024-04-28,2024
1426284,2,15,6,Sunrisers Hyderabad,Chennai Super Kings,109,5,5,104,30.0,5.0,7.266666666666667,20.8,213,0,"MA Chidambaram Stadium, Chepauk, Chennai",Chennai Super Kings,15,104.0,520,13.533333333333335,2024-04-28,2024
1426285,2,15,6,Kolkata Knight Riders,Delhi Capitals,141,3,7,13,30.0,5.0,9.4,2.6,154,1,"Eden Gardens, Kolkata",Kolkata Knight Riders,15,18.2,91,-6.800000000000001,2024-04-29,2024
1426286,2,15,6,Lucknow Super Giants,Mumbai Indians,116,4,6,29,30.0,5.0,7.733333333333333,5.8,145,1,"Bharat Ratna Shri Atal Bihari Vajpayee Ekana Cricket Stadium, Lucknow",Lucknow Super Giants,15,34.8,174,-1.9333333333333336,2024-04-30,2024
1426287,2,15,6,Punjab Kings,Chennai Super Kings,135,3,7,28,30.0,5.0,9.0,5.6,163,1,"MA Chidambaram Stadium, Chepauk, Chennai",Chennai Super Kings,15,39.199999999999996,196,-3.4000000000000004,2024-05-01,2024
1426288,2,15,7,Rajasthan Royals,Sunrisers Hyderabad,157,3,7,45,30.0,5.0,10.466666666666669,9.0,202,0,"Rajiv Gandhi International Stadium, Uppal, Hyderabad",Sunrisers Hyderabad,15,63.0,315,-1.4666666666666686,2024-05-02,2024
1426289,2,15,6,Mumbai Indians,Kolkata Knight Riders,119,6,4,51,30.0,5.0,7.933333333333334,10.2,170,0,"Wankhede Stadium, Mumbai",Mumbai Indians,15,40.8,204,2.2666666666666657,2024-05-03,2024
1426291,2,15,6,Punjab Kings,Chennai Super Kings,91,8,2,77,30.0,5.0,6.066666666666666,15.4,168,0,"Himachal Pradesh Cricket Association Stadium, Dharamsala",Punjab Kings,15,30.8,154,9.333333333333334,2024-05-05,2024
1426292,2,15,6,Lucknow Super Giants,Kolkata Knight Riders,130,8,2,106,30.0,5.0,8.666666666666666,21.2,236,0,"Bharat Ratna Shri Atal Bihari Vajpayee Ekana Cricket Stadium, Lucknow",Lucknow Super Giants,15,42.4,212,12.533333333333333,2024-05-05,2024
1426293,2,15,6,Mumbai Indians,Sunrisers Hyderabad,139,3,7,35,30.0,5.0,9.266666666666667,7.0,174,1,"Wankhede Stadium, Mumbai",Mumbai Indians,15,49.0,245,-2.2666666666666675,2024-05-06,2024
1426294,2,15,10,Rajasthan Royals,Delhi Capitals,159,3,7,63,30.0,5.0,10.6,12.6,222,0,"Arun Jaitley Stadium, Delhi",Delhi Capitals,15,88.2,441,2.0,2024-05-07,2024
1426296,2,15,7,Punjab Kings,Royal Challengers Bangalore,164,7,3,78,30.0,5.0,10.933333333333334,15.6,242,0,"Himachal Pradesh Cricket Association Stadium, Dharamsala",Punjab Kings,15,46.8,234,4.666666666666666,2024-05-09,2024
1426297,2,15,7,Chennai Super Kings,Gujarat Titans,143,5,5,89,30.0,5.0,9.533333333333331,17.8,232,0,"Narendra Modi Stadium, Ahmedabad",Gujarat Titans,15,89.0,445,8.26666666666667,2024-05-10,2024
1426298,2,15,7,Mumbai Indians,Kolkata Knight Riders,136,6,4,22,30.0,5.0,9.066666666666666,4.4,158,0,"Eden Gardens, Kolkata",Kolkata Knight Riders,15,17.6,88,-4.666666666666666,2024-05-11,2024
1426299,2,15,7,Chennai Super Kings,Rajasthan Royals,116,4,6,26,30.0,5.0,7.733333333333333,5.2,142,1,"MA Chidambaram Stadium, Chepauk, Chennai",Chennai Super Kings,15,31.200000000000003,156,-2.533333333333333,2024-05-12,2024
1426300,2,15,6,Delhi Capitals,Royal Challengers Bangalore,127,7,3,61,30.0,5.0,8.466666666666667,12.2,188,0,"M Chinnaswamy Stadium, Bengaluru",Royal Challengers Bangalore,15,36.599999999999994,183,3.7333333333333325,2024-05-12,2024
1426302,2,15,6,Lucknow Super Giants,Delhi Capitals,135,7,3,74,30.0,5.0,9.0,14.8,209,0,"Arun Jaitley Stadium, Delhi",Delhi Capitals,15,44.400000000000006,222,5.800000000000001,2024-05-14,2024
1426303,2,15,6,Punjab Kings,Rajasthan Royals,103,4,6,42,30.0,5.0,6.866666666666666,8.4,145,1,"Barsapara Cricket Stadium, Guwahati",,15,50.400000000000006,252,1.533333333333334,2024-05-15,2024
1426305,2,15,6,Mumbai Indians,Lucknow Super Giants,125,5,5,90,30.0,5.0,8.333333333333334,18.0,215,0,"Wankhede Stadium, Mumbai",Mumbai Indians,15,90.0,450,9.666666666666666,2024-05-17,2024
1426306,2,15,6,Chennai Super Kings,Royal Challengers Bangalore,129,6,4,90,30.0,5.0,8.6,18.0,219,0,"M Chinnaswamy Stadium, Bengaluru",Royal Challengers Bangalore,15,72.0,360,9.4,2024-05-18,2024
1426307,2,15,6,Sunrisers Hyderabad,Punjab Kings,182,4,6,33,30.0,5.0,12.133333333333333,6.6,215,1,"Rajiv Gandhi International Stadium, Uppal, Hyderabad",Sunrisers Hyderabad,15,39.599999999999994,198,-5.533333333333333,2024-05-19,2024
1426310,2,15,7,Rajasthan Royals,Royal Challengers Bangalore,126,4,6,47,30.0,5.0,8.4,9.4,173,1,"Narendra Modi Stadium, Ahmedabad",,15,56.400000000000006,282,1.0,2024-05-22,2024
1426311,2,15,6,Rajasthan Royals,Sunrisers Hyderabad,102,6,4,74,30.0,5.0,6.8,14.8,176,0,"MA Chidambaram Stadium, Chepauk, Chennai",,15,59.2,296,8.0,2024-05-24,2024
1473438,2,15,6,Royal Challengers Bangalore,Kolkata Knight Riders,157,2,8,18,30.0,5.0,10.466666666666669,3.6,175,1,"Eden Gardens, Kolkata",Kolkata Knight Riders,15,28.8,144,-6.866666666666669,2025-03-22,2025
1473439,2,15,6,Rajasthan Royals,Sunrisers Hyderabad,169,5,5,118,30.0,5.0,11.266666666666667,23.6,287,0,"Rajiv Gandhi International Stadium, Uppal, Hyderabad",Sunrisers Hyderabad,15,118.0,590,12.333333333333334,2025-03-23,2025
1473440,2,15,6,Chennai Super Kings,Mumbai Indians,119,5,5,37,30.0,5.0,7.933333333333334,7.4,156,1,"MA Chidambaram Stadium, Chepauk, Chennai",Chennai Super Kings,15,37.0,185,-0.5333333333333332,2025-03-23,2025
1473441,2,15,7,Delhi Capitals,Lucknow Super Giants,148,6,4,62,30.0,5.0,9.866666666666667,12.4,210,1,"Dr. Y.S. Rajasekhara Reddy ACA-VDCA Cricket Stadium, Visakhapatnam",,15,49.6,248,2.533333333333333,2025-03-24,2025
1473442,2,15,7,Gujarat Titans,Punjab Kings,174,2,8,70,30.0,5.0,11.6,14.0,244,0,"Narendra Modi Stadium, Ahmedabad",Gujarat Titans,15,112.0,560,2.4000000000000004,2025-03-25,2025
1473443,2,15,6,Kolkata Knight Riders,Rajasthan Royals,118,2,8,34,30.0,5.0,7.866666666666666,6.8,152,1,"Barsapara Cricket Stadium, Guwahati",,15,54.4,272,-1.0666666666666664,2025-03-26,2025
1473444,2,15,7,Lucknow Super Giants,Sunrisers Hyderabad,176,5,5,15,30.0,5.0,11.733333333333333,3.0,191,1,"Rajiv Gandhi International Stadium, Uppal, Hyderabad",Sunrisers Hyderabad,15,15.0,75,-8.733333333333333,2025-03-27,2025
1473445,2,15,6,Chennai Super Kings,Royal Challengers Bangalore,98,6,4,99,30.0,5.0,6.533333333333333,19.8,197,0,"MA Chidambaram Stadium, Chepauk, Chennai",Chennai Super Kings,15,79.2,396,13.266666666666667,2025-03-28,2025
1473446,2,15,6,Mumbai Indians,Gujarat Titans,118,4,6,79,30.0,5.0,7.866666666666666,15.8,197,0,"Narendra Modi Stadium, Ahmedabad",Gujarat Titans,15,94.80000000000001,474,7.9333333333333345,2025-03-29,2025
1473447,2,15,6,Delhi Capitals,Sunrisers Hyderabad,150,3,7,14,30.0,5.0,10.0,2.8,164,1,"Dr. Y.S. Rajasekhara Reddy ACA-VDCA Cricket Stadium, Visakhapatnam",,15,19.599999999999998,98,-7.2,2025-03-30,2025
1473448,2,15,8,Chennai Super Kings,Rajasthan Royals,122,4,6,61,30.0,5.0,8.133333333333333,12.2,183,0,"Barsapara Cricket Stadium, Guwahati",,15,73.19999999999999,366,4.066666666666666,2025-03-30,2025
1473450,2,15,6,Punjab Kings,Lucknow Super Giants,155,2,8,17,30.0,5.0,10.333333333333334,3.4,172,1,"Bharat Ratna Shri Atal Bihari Vajpayee Ekana Cricket Stadium, Lucknow",Lucknow Super Giants,15,27.2,136,-6.933333333333334,2025-04-01,2025
1473451,2,15,6,Gujarat Titans,Royal Challengers Bangalore,134,2,8,36,30.0,5.0,8.933333333333334,7.2,170,1,"M Chinnaswamy Stadium, Bengaluru",Royal Challengers Bangalore,15,57.6,288,-1.7333333333333334,2025-04-02,2025
1473452,2,15,6,Sunrisers Hyderabad,Kolkata Knight Riders,114,7,3,87,30.0,5.0,7.6,17.4,201,0,"Eden Gardens, Kolkata",Kolkata Knight Riders,15,52.199999999999996,261,9.799999999999999,2025-04-03,2025
1473453,2,15,7,Mumbai Indians,Lucknow Super Giants,143,3,7,61,30.0,5.0,9.533333333333331,12.2,204,0,"Bharat Ratna Shri Atal Bihari Vajpayee Ekana Cricket Stadium, Lucknow",Lucknow Super Giants,15,85.39999999999999,427,2.666666666666668,2025-04-04,2025
1473454,2,15,6,Chennai Super Kings,Delhi Capitals,106,5,5,78,30.0,5.0,7.066666666666666,15.6,184,0,"MA Chidambaram Stadium, Chepauk, Chennai",Chennai Super Kings,15,78.0,390,8.533333333333333,2025-04-05,2025
1473455,2,15,7,Punjab Kings,Rajasthan Royals,131,5,5,75,30.0,5.0,8.733333333333333,15.0,206,0,"Maharaja Yadavindra Singh International Cricket Stadium, Mullanpur",,15,75.0,375,6.2666666666666675,2025-04-05,2025
1473456,2,15,6,Kolkata Knight Riders,Lucknow Super Giants,173,5,5,66,30.0,5.0,11.533333333333331,13.2,239,0,"Eden Gardens, Kolkata",Kolkata Knight Riders,15,66.0,330,1.6666666666666679,2025-04-08,2025
1473457,2,15,7,Gujarat Titans,Sunrisers Hyderabad,130,3,7,23,30.0,5.0,8.666666666666666,4.6,153,1,"Rajiv Gandhi International Stadium, Uppal, Hyderabad",Sunrisers Hyderabad,15,32.199999999999996,161,-4.066666666666666,2025-04-06,2025
1473458,2,15,8,Mumbai Indians,Royal Challengers Bangalore,157,4,6,65,30.0,5.0,10.466666666666669,13.0,222,0,"Wankhede Stadium, Mumbai",Mumbai Indians,15,78.0,390,2.5333333333333314,2025-04-07,2025
1473459,2,15,6,Chennai Super Kings,Punjab Kings,145,2,8,75,30.0,5.0,9.666666666666666,15.0,220,0,"Maharaja Yadavindra Singh International Cricket Stadium, Mullanpur",,15,120.0,600,5.333333333333334,2025-04-08,2025
1473460,2,15,7,Rajasthan Royals,Gujarat Titans,139,6,4,79,30.0,5.0,9.266666666666667,15.8,218,0,"Narendra Modi Stadium, Ahmedabad",Gujarat Titans,15,63.2,316,6.533333333333333,2025-04-09,2025
1473461,2,15,6,Delhi Capitals,Royal Challengers Bangalore,121,4,6,43,30.0,5.0,8.066666666666666,8.6,164,1,"M Chinnaswamy Stadium, Bengaluru",Royal Challengers Bangalore,15,51.599999999999994,258,0.5333333333333332,2025-04-10,2025
1473463,2,15,6,Lucknow Super Giants,Gujarat Titans,154,2,8,27,30.0,5.0,10.266666666666667,5.4,181,1,"Bharat Ratna Shri Atal Bihari Vajpayee Ekana Cricket Stadium, Lucknow",Lucknow Super Giants,15,43.2,216,-4.866666666666667,2025-04-12,2025
1473464,2,15,7,Sunrisers Hyderabad,Punjab Kings,205,1,9,41,30.0,5.0,13.666666666666666,8.2,246,1,"Rajiv Gandhi International Stadium, Uppal, Hyderabad",Sunrisers Hyderabad,15,73.8,369,-5.466666666666667,2025-04-12,2025
1473465,2,15,6,Royal Challengers Bangalore,Rajasthan Royals,146,1,9,28,30.0,5.0,9.733333333333333,5.6,174,1,"Sawai Mansingh Stadium, Jaipur",Rajasthan Royals,15,50.4,252,-4.133333333333333,2025-04-13,2025
1473466,2,15,6,Delhi Capitals,Mumbai Indians,158,5,5,48,30.0,5.0,10.533333333333331,9.6,206,0,"Arun Jaitley Stadium, Delhi",Delhi Capitals,15,48.0,240,-0.9333333333333318,2025-04-13,2025
1473467,2,15,6,Chennai Super Kings,Lucknow Super Giants,111,5,5,56,30.0,5.0,7.4,11.2,167,1,"Bharat Ratna Shri Atal Bihari Vajpayee Ekana Cricket Stadium, Lucknow",Lucknow Super Giants,15,56.0,280,3.799999999999999,2025-04-14,2025
1473468,2,15,6,Kolkata Knight Riders,Punjab Kings,95,9,1,17,30.0,5.0,6.333333333333333,3.4,112,0,"Maharaja Yadavindra Singh International Cricket Stadium, Mullanpur",,15,3.4,17,-2.933333333333333,2025-04-15,2025
1473469,2,15,6,Rajasthan Royals,Delhi Capitals,132,3,7,57,30.0,5.0,8.8,11.4,189,0,"Arun Jaitley Stadium, Delhi",Delhi Capitals,15,79.8,399,2.5999999999999996,2025-04-16,2025
1473470,2,15,7,Mumbai Indians,Sunrisers Hyderabad,137,4,6,26,30.0,5.0,9.133333333333333,5.2,163,1,"Wankhede Stadium, Mumbai",Mumbai Indians,15,31.200000000000003,156,-3.9333333333333327,2025-04-17,2025
1473472,2,15,6,Gujarat Titans,Delhi Capitals,158,2,8,46,30.0,5.0,10.533333333333331,9.2,204,1,"Narendra Modi Stadium, Ahmedabad",Gujarat Titans,15,73.6,368,-1.3333333333333321,2025-04-19,2025
1473473,2,15,6,Rajasthan Royals,Lucknow Super Giants,135,2,8,46,30.0,5.0,9.0,9.2,181,0,"Sawai Mansingh Stadium, Jaipur",Rajasthan Royals,15,73.6,368,0.1999999999999993,2025-04-19,2025
1473474,2,15,6,Royal Challengers Bangalore,Punjab Kings,122,2,8,36,30.0,5.0,8.133333333333333,7.2,158,1,"Maharaja Yadavindra Singh International Cricket Stadium, Mullanpur",,15,57.6,288,-0.9333333333333327,2025-04-20,2025
1473475,2,15,6,Mumbai Indians,Chennai Super Kings,157,1,9,20,30.0,5.0,10.466666666666669,4.0,177,1,"Wankhede Stadium, Mumbai",Mumbai Indians,15,36.0,180,-6.466666666666669,2025-04-20,2025
1473476,2,15,6,Kolkata Knight Riders,Gujarat Titans,114,4,6,85,30.0,5.0,7.6,17.0,199,0,"Eden Gardens, Kolkata",Kolkata Knight Riders,15,102.0,510,9.4,2025-04-21,2025
1473477,2,15,7,Delhi Capitals,Lucknow Super Giants,127,2,8,33,30.0,5.0,8.466666666666667,6.6,160,1,"Bharat Ratna Shri Atal Bihari Vajpayee Ekana Cricket Stadium, Lucknow",Lucknow Super Giants,15,52.8,264,-1.8666666666666671,2025-04-22,2025
1473478,2,15,7,Mumbai Indians,Sunrisers Hyderabad,137,3,7,7,30.0,5.0,9.133333333333333,1.4,144,1,"Rajiv Gandhi International Stadium, Uppal, Hyderabad",Sunrisers Hyderabad,15,9.799999999999999,49,-7.7333333333333325,2025-04-23,2025
1473479,2,15,6,Rajasthan Royals,Royal Challengers Bangalore,148,4,6,58,30.0,5.0,9.866666666666667,11.6,206,0,"M Chinnaswamy Stadium, Bengaluru",Royal Challengers Bangalore,15,69.6,348,1.7333333333333325,2025-04-24,2025
1473480,2,15,7,Sunrisers Hyderabad,Chennai Super Kings,114,5,5,41,30.0,5.0,7.6,8.2,155,1,"MA Chidambaram Stadium, Chepauk, Chennai",Chennai Super Kings,15,41.0,205,0.5999999999999996,2025-04-25,2025
1473482,2,15,6,Lucknow Super Giants,Mumbai Indians,140,5,5,76,30.0,5.0,9.333333333333334,15.2,216,0,"Wankhede Stadium, Mumbai",Mumbai Indians,15,76.0,380,5.866666666666665,2025-04-27,2025
1473483,2,15,7,Royal Challengers Bangalore,Delhi Capitals,114,3,7,49,30.0,5.0,7.6,9.8,163,1,"Arun Jaitley Stadium, Delhi",Delhi Capitals,15,68.60000000000001,343,2.200000000000001,2025-04-27,2025
1473484,2,15,6,Rajasthan Royals,Gujarat Titans,199,2,8,11,30.0,5.0,13.266666666666667,2.2,210,1,"Sawai Mansingh Stadium, Jaipur",Rajasthan Royals,15,17.6,88,-11.066666666666666,2025-04-28,2025
1473485,2,15,7,Delhi Capitals,Kolkata Knight Riders,146,5,5,59,30.0,5.0,9.733333333333333,11.8,205,0,"Arun Jaitley Stadium, Delhi",Delhi Capitals,15,59.0,295,2.066666666666668,2025-04-29,2025
1473486,2,15,6,Punjab Kings,Chennai Super Kings,139,3,7,52,30.0,5.0,9.266666666666667,10.4,191,1,"MA Chidambaram Stadium, Chepauk, Chennai",Chennai Super Kings,15,72.8,364,1.1333333333333329,2025-04-30,2025
1473487,2,15,6,Rajasthan Royals,Mumbai Indians,113,9,1,105,30.0,5.0,7.533333333333333,21.0,218,0,"Sawai Mansingh Stadium, Jaipur",Rajasthan Royals,15,21.0,105,13.466666666666667,2025-05-01,2025
1473488,2,15,7,Sunrisers Hyderabad,Gujarat Titans,139,3,7,86,30.0,5.0,9.266666666666667,17.2,225,0,"Narendra Modi Stadium, Ahmedabad",Gujarat Titans,15,120.39999999999999,602,7.933333333333332,2025-05-02,2025
1473489,2,15,6,Chennai Super Kings,Royal Challengers Bangalore,160,2,8,54,30.0,5.0,10.666666666666666,10.8,214,0,"M Chinnaswamy Stadium, Bengaluru",Royal Challengers Bangalore,15,86.4,432,0.13333333333333464,2025-05-03,2025
1473490,2,15,6,Rajasthan Royals,Kolkata Knight Riders,155,5,5,52,30.0,5.0,10.333333333333334,10.4,207,0,"Eden Gardens, Kolkata",Kolkata Knight Riders,15,52.0,260,0.06666666666666643,2025-05-04,2025
1473491,2,15,8,Lucknow Super Giants,Punjab Kings,143,5,5,94,30.0,5.0,9.533333333333331,18.8,237,0,"Himachal Pradesh Cricket Association Stadium, Dharamsala",Punjab Kings,15,94.0,470,9.26666666666667,2025-05-04,2025
1473493,2,15,6,Gujarat Titans,Mumbai Indians,113,3,7,43,30.0,5.0,7.533333333333333,8.6,156,1,"Wankhede Stadium, Mumbai",Mumbai Indians,15,60.199999999999996,301,1.0666666666666664,2025-05-06,2025
1473494,2,15,6,Chennai Super Kings,Kolkata Knight Riders,140,6,4,40,30.0,5.0,9.333333333333334,8.0,180,1,"Eden Gardens, Kolkata",Kolkata Knight Riders,15,32.0,160,-1.333333333333334,2025-05-07,2025
1473497,2,15,6,Rajasthan Royals,Punjab Kings,154,4,6,66,30.0,5.0,10.266666666666667,13.2,220,0,"Sawai Mansingh Stadium, Jaipur",Rajasthan Royals,15,79.19999999999999,396,2.933333333333332,2025-05-18,2025
1473498,2,15,7,Gujarat Titans,Delhi Capitals,154,0,10,46,30.0,5.0,10.266666666666667,9.2,200,1,"Arun Jaitley Stadium, Delhi",Delhi Capitals,15,92.0,460,-1.0666666666666682,2025-05-18,2025
1473499,2,15,6,Sunrisers Hyderabad,Lucknow Super Giants,171,3,7,35,30.0,5.0,11.4,7.0,206,1,"Bharat Ratna Shri Atal Bihari Vajpayee Ekana Cricket Stadium, Lucknow",Lucknow Super Giants,15,49.0,245,-4.4,2025-05-19,2025
1473500,2,15,6,Rajasthan Royals,Chennai Super Kings,150,3,7,38,30.0,5.0,10.0,7.6,188,1,"Arun Jaitley Stadium, Delhi",,15,53.199999999999996,266,-2.4000000000000004,2025-05-20,2025
1473501,2,15,6,Delhi Capitals,Mumbai Indians,105,7,3,76,30.0,5.0,7.0,15.2,181,0,"Wankhede Stadium, Mumbai",Mumbai Indians,15,45.599999999999994,228,8.2,2025-05-21,2025
1473502,2,15,6,Gujarat Titans,Lucknow Super Giants,165,3,7,71,30.0,5.0,11.0,14.2,236,0,"Narendra Modi Stadium, Ahmedabad",Gujarat Titans,15,99.39999999999999,497,3.1999999999999993,2025-05-22,2025
1473503,2,15,6,Royal Challengers Bangalore,Sunrisers Hyderabad,167,3,7,65,30.0,5.0,11.133333333333333,13.0,232,0,"Bharat Ratna Shri Atal Bihari Vajpayee Ekana Cricket Stadium, Lucknow",,15,91.0,455,1.8666666666666671,2025-05-23,2025
1473504,2,15,7,Gujarat Titans,Chennai Super Kings,125,7,3,106,30.0,5.0,8.333333333333334,21.2,231,0,"Narendra Modi Stadium, Ahmedabad",Gujarat Titans,15,63.599999999999994,318,12.866666666666665,2025-05-25,2025
1473505,2,15,6,Kolkata Knight Riders,Sunrisers Hyderabad,130,7,3,149,30.0,5.0,8.666666666666666,29.8,279,0,"Arun Jaitley Stadium, Delhi",,15,89.4,447,21.133333333333333,2025-05-25,2025
1473506,2,15,6,Punjab Kings,Mumbai Indians,146,2,8,39,30.0,5.0,9.733333333333333,7.8,185,1,"Sawai Mansingh Stadium, Jaipur",,15,62.4,312,-1.9333333333333327,2025-05-26,2025
1473507,2,15,6,Royal Challengers Bangalore,Lucknow Super Giants,177,4,6,51,30.0,5.0,11.8,10.2,228,1,"Bharat Ratna Shri Atal Bihari Vajpayee Ekana Cricket Stadium, Lucknow",Lucknow Super Giants,15,61.199999999999996,306,-1.6000000000000014,2025-05-27,2025
1473509,2,15,6,Gujarat Titans,Mumbai Indians,161,3,7,68,30.0,5.0,10.733333333333333,13.6,229,0,"Maharaja Yadavindra Singh International Cricket Stadium, New Chandigarh",,15,95.2,476,2.866666666666667,2025-05-30,2025
1473510,2,15,6,Punjab Kings,Mumbai Indians,147,3,7,57,30.0,5.0,9.8,11.4,204,1,"Narendra Modi Stadium, Ahmedabad",,15,79.8,399,1.5999999999999996,2025-06-01,2025
1473511,2,15,6,Punjab Kings,Royal Challengers Bangalore,119,4,6,72,30.0,5.0,7.933333333333334,14.4,191,0,"Narendra Modi Stadium, Ahmedabad",,15,86.4,432,6.466666666666667,2025-06-03,2025
1485779,2,15,7,Delhi Capitals,Punjab Kings,155,4,6,52,30.0,5.0,10.333333333333334,10.4,207,1,"Sawai Mansingh Stadium, Jaipur",,15,62.400000000000006,312,0.06666666666666643,2025-05-24,2025
