match_id,innings,over,ball_in_over,batting_team,bowling_team,current_score,wickets_lost,wickets_in_hand,runs_to_go,balls_remaining,overs_remaining,current_run_rate,required_run_rate,target_runs,win_flag,venue_canon,home_team,checkpoint_over,rrr_x_wickets_in_hand,runs_to_go_x_wickets_in_hand,rrr_minus_crr,date,season
335982,2,5,6,Royal Challengers Bangalore,Kolkata Knight Riders,24,3,7,199,90.0,15.0,4.8,13.266666666666667,223,0,"M Chinnaswamy Stadium, Bengaluru",Royal Challengers Bangalore,5,92.86666666666667,1393,8.466666666666669,2008-04-18,2007/08
335983,2,5,6,Punjab Kings,Chennai Super Kings,47,0,10,194,90.0,15.0,9.4,12.933333333333334,241,0,"IS Bindra Stadium, Mohali",Punjab Kings,5,129.33333333333334,1940,3.533333333333333,2008-04-19,2007/08
335984,2,5,6,Delhi Capitals,Rajasthan Royals,48,1,9,82,90.0,15.0,9.6,5.466666666666667,130,1,"Arun Jaitley Stadium, Delhi",Delhi Capitals,5,49.2,738,-4.133333333333333,2008-04-19,2007/08
335985,2,5,7,Royal Challengers Bangalore,Mumbai Indians,37,1,9,129,90.0,15.0,7.4,8.6,166,1,"Wankhede Stadium, Mumbai",Mumbai Indians,5,77.39999999999999,1161,1.1999999999999993,2008-04-20,2007/08
335986,2,5,6,Kolkata Knight Riders,Sunrisers Hyderabad,23,3,7,88,90.0,15.0,4.6,5.866666666666666,111,1,"Eden Gardens, Kolkata",Kolkata Knight Riders,5,41.06666666666666,616,1.2666666666666666,2008-04-20,2007/08
335987,2,5,6,Rajasthan Royals,Punjab Kings,48,3,7,119,90.0,15.0,9.6,7.933333333333334,167,1,"Sawai Mansingh Stadium, Jaipur",Rajasthan Royals,5,55.53333333333333,833,-1.666666666666666,2008-04-21,2007/08
335988,2,5,6,Delhi Capitals,Sunrisers Hyderabad,37,1,9,106,90.0,15.0,7.4,7.066666666666666,143,1,"Rajiv Gandhi International Stadium, Hyderabad",Sunrisers Hyderabad,5,63.599999999999994,954,-0.3333333333333339,2008-04-22,2007/08
335989,2,5,6,Mumbai Indians,Chennai Super Kings,50,2,8,159,90.0,15.0,10.0,10.6,209,0,"MA Chidambaram Stadium, Chennai",Chennai Super Kings,5,84.8,1272,0.5999999999999996,2008-04-23,2007/08
335990,2,5,6,Rajasthan Royals,Sunrisers Hyderabad,57,1,9,158,90.0,15.0,11.4,10.533333333333331,215,1,"Rajiv Gandhi International Stadium, Hyderabad",Sunrisers Hyderabad,5,94.79999999999998,1422,-0.8666666666666689,2008-04-24,2007/08
335991,2,5,6,Mumbai Indians,Punjab Kings,34,2,8,149,90.0,15.0,6.8,9.933333333333334,183,0,"IS Bindra Stadium, Mohali",Punjab Kings,5,79.46666666666667,1192,3.1333333333333337,2008-04-25,2007/08
335992,2,5,7,Rajasthan Royals,Royal Challengers Bangalore,39,2,8,97,90.0,15.0,7.8,6.466666666666667,136,1,"M Chinnaswamy Stadium, Bengaluru",Royal Challengers Bangalore,5,51.733333333333334,776,-1.333333333333333,2008-04-26,2007/08
335993,2,5,6,Chennai Super Kings,Kolkata Knight Riders,35,0,10,113,90.0,15.0,7.0,7.533333333333333,148,1,"MA Chidambaram Stadium, Chennai",Chennai Super Kings,5,75.33333333333333,1130,0.5333333333333332,2008-04-26,2007/08
335994,2,5,6,Sunrisers Hyderabad,Mumbai Indians,47,0,10,108,90.0,15.0,9.4,7.2,155,1,"Dr DY Patil Sports Academy, Navi Mumbai",Mumbai Indians,5,72.0,1080,-2.2,2008-04-27,2007/08
335995,2,5,6,Punjab Kings,Delhi Capitals,43,2,8,116,90.0,15.0,8.6,7.733333333333333,159,1,"IS Bindra Stadium, Mohali",Punjab Kings,5,61.86666666666667,928,-0.8666666666666663,2008-04-27,2007/08
335996,2,5,6,Royal Challengers Bangalore,Chennai Super Kings,32,1,9,147,90.0,15.0,6.4,9.8,179,0,"M Chinnaswamy Stadium, Bengaluru",Royal Challengers Bangalore,5,88.2,1323,3.4000000000000004,2008-04-28,2007/08
335997,2,5,6,Mumbai Indians,Kolkata Knight Riders,29,3,7,109,90.0,15.0,5.8,7.266666666666667,138,1,"Eden Gardens, Kolkata",Kolkata Knight Riders,5,50.86666666666667,763,1.4666666666666668,2008-04-29,2007/08
335998,2,5,6,Royal Challengers Bangalore,Delhi Capitals,48,3,7,144,90.0,15.0,9.6,9.6,192,0,"Arun Jaitley Stadium, Delhi",Delhi Capitals,5,67.2,1008,0.0,2008-04-30,2007/08
335999,2,5,6,Punjab Kings,Sunrisers Hyderabad,37,0,10,128,90.0,15.0,7.4,8.533333333333333,165,1,"Rajiv Gandhi International Stadium, Hyderabad",Sunrisers Hyderabad,5,85.33333333333333,1280,1.1333333333333329,2008-05-01,2007/08
336000,2,5,6,Kolkata Knight Riders,Rajasthan Royals,44,2,8,153,90.0,15.0,8.8,10.2,197,0,"Sawai Mansingh Stadium, Jaipur",Rajasthan Royals,5,81.6,1224,1.3999999999999986,2008-05-01,2007/08
336001,2,5,6,Delhi Capitals,Chennai Super Kings,54,0,10,116,90.0,15.0,10.8,7.733333333333333,170,1,"MA Chidambaram Stadium, Chennai",Chennai Super Kings,5,77.33333333333333,1160,-3.0666666666666673,2008-05-02,2007/08
336002,2,5,6,Royal Challengers Bangalore,Sunrisers Hyderabad,36,1,9,130,90.0,15.0,7.2,8.666666666666666,166,1,"Rajiv Gandhi International Stadium, Hyderabad",Sunrisers Hyderabad,5,78.0,1170,1.466666666666666,2008-05-25,2007/08
336003,2,5,6,Kolkata Knight Riders,Punjab Kings,29,4,6,150,90.0,15.0,5.8,10.0,179,0,"IS Bindra Stadium, Mohali",Punjab Kings,5,60.0,900,4.2,2008-05-03,2007/08
336004,2,5,6,Delhi Capitals,Mumbai Indians,29,2,8,134,90.0,15.0,5.8,8.933333333333334,163,0,"Dr DY Patil Sports Academy, Navi Mumbai",Mumbai Indians,5,71.46666666666667,1072,3.1333333333333337,2008-05-04,2007/08
336005,2,5,6,Rajasthan Royals,Chennai Super Kings,34,0,10,76,90.0,15.0,6.8,5.066666666666666,110,1,"Sawai Mansingh Stadium, Jaipur",Rajasthan Royals,5,50.666666666666664,760,-1.7333333333333334,2008-05-04,2007/08
336006,2,5,6,Punjab Kings,Royal Challengers Bangalore,44,1,9,83,90.0,15.0,8.8,5.533333333333333,127,1,"M Chinnaswamy Stadium, Bengaluru",Royal Challengers Bangalore,5,49.8,747,-3.2666666666666675,2008-05-05,2007/08
336007,2,5,6,Sunrisers Hyderabad,Chennai Super Kings,30,1,9,115,90.0,15.0,6.0,7.666666666666667,145,1,"MA Chidambaram Stadium, Chennai",Chennai Super Kings,5,69.0,1035,1.666666666666667,2008-05-06,2007/08
336008,2,5,6,Mumbai Indians,Rajasthan Royals,29,0,10,75,90.0,15.0,5.8,5.0,104,1,"Dr DY Patil Sports Academy, Navi Mumbai",Mumbai Indians,5,50.0,750,-0.7999999999999998,2008-05-07,2007/08
336009,2,5,7,Chennai Super Kings,Delhi Capitals,42,0,10,146,90.0,15.0,8.4,9.733333333333333,188,1,"Arun Jaitley Stadium, Delhi",Delhi Capitals,5,97.33333333333333,1460,1.3333333333333321,2008-05-08,2007/08
336010,2,5,7,Royal Challengers Bangalore,Kolkata Knight Riders,32,2,8,98,90.0,15.0,6.4,6.533333333333333,130,0,"Eden Gardens, Kolkata",Kolkata Knight Riders,5,52.266666666666666,784,0.13333333333333286,2008-05-08,2007/08
336011,2,5,6,Rajasthan Royals,Sunrisers Hyderabad,33,0,10,108,90.0,15.0,6.6,7.2,141,1,"Sawai Mansingh Stadium, Jaipur",Rajasthan Royals,5,72.0,1080,0.6000000000000005,2008-05-09,2007/08
336012,2,5,8,Mumbai Indians,Royal Challengers Bangalore,36,0,10,87,90.0,15.0,7.2,5.8,123,1,"M Chinnaswamy Stadium, Bengaluru",Royal Challengers Bangalore,5,58.0,870,-1.4000000000000004,2008-05-28,2007/08
336013,2,5,6,Punjab Kings,Chennai Super Kings,31,2,8,151,90.0,15.0,6.2,10.066666666666666,182,0,"MA Chidambaram Stadium, Chennai",Chennai Super Kings,5,80.53333333333333,1208,3.8666666666666663,2008-05-10,2007/08
336014,2,5,6,Sunrisers Hyderabad,Kolkata Knight Riders,41,2,8,164,90.0,15.0,8.2,10.933333333333334,205,0,"Rajiv Gandhi International Stadium, Hyderabad",Sunrisers Hyderabad,5,87.46666666666667,1312,2.7333333333333343,2008-05-11,2007/08
336015,2,5,6,Rajasthan Royals,Delhi Capitals,15,2,8,142,90.0,15.0,3.0,9.466666666666669,157,1,"Sawai Mansingh Stadium, Jaipur",Rajasthan Royals,5,75.73333333333335,1136,6.466666666666669,2008-05-11,2007/08
336016,2,5,6,Punjab Kings,Royal Challengers Bangalore,33,0,10,111,90.0,15.0,6.6,7.4,144,1,"IS Bindra Stadium, Mohali",Punjab Kings,5,74.0,1110,0.8000000000000007,2008-05-12,2007/08
336017,2,5,6,Delhi Capitals,Kolkata Knight Riders,32,4,6,102,90.0,15.0,6.4,6.8,134,0,"Eden Gardens, Kolkata",Kolkata Knight Riders,5,40.8,612,0.39999999999999947,2008-05-13,2007/08
336018,2,5,7,Mumbai Indians,Chennai Super Kings,57,0,10,100,90.0,15.0,11.4,6.666666666666667,157,1,"Wankhede Stadium, Mumbai",Mumbai Indians,5,66.66666666666667,1000,-4.733333333333333,2008-05-14,2007/08
336019,2,5,6,Rajasthan Royals,Punjab Kings,29,2,8,193,90.0,15.0,5.8,12.866666666666667,222,0,"IS Bindra Stadium, Mohali",Punjab Kings,5,102.93333333333334,1544,7.066666666666667,2008-05-28,2007/08
336020,2,5,6,Sunrisers Hyderabad,Delhi Capitals,61,1,9,134,90.0,15.0,12.2,8.933333333333334,195,0,"Arun Jaitley Stadium, Delhi",Delhi Capitals,5,80.4,1206,-3.2666666666666657,2008-05-15,2007/08
336021,2,5,8,Mumbai Indians,Kolkata Knight Riders,53,2,8,15,90.0,15.0,10.6,1.0,68,1,"Wankhede Stadium, Mumbai",Mumbai Indians,5,8.0,120,-9.6,2008-05-16,2007/08
336022,2,5,7,Punjab Kings,Delhi Capitals,56,3,7,63,90.0,15.0,11.2,4.2,119,1,"Arun Jaitley Stadium, Delhi",Delhi Capitals,5,29.400000000000002,441,-6.999999999999999,2008-05-17,2007/08
336023,2,5,7,Royal Challengers Bangalore,Rajasthan Royals,18,3,7,180,90.0,15.0,3.6,12.0,198,0,"Sawai Mansingh Stadium, Jaipur",Rajasthan Royals,5,84.0,1260,8.4,2008-05-17,2007/08
336024,2,5,7,Sunrisers Hyderabad,Mumbai Indians,23,3,7,156,90.0,15.0,4.6,10.4,179,0,"Rajiv Gandhi International Stadium, Hyderabad",Sunrisers Hyderabad,5,72.8,1092,5.800000000000001,2008-05-18,2007/08
336025,2,5,6,Chennai Super Kings,Kolkata Knight Riders,36,0,10,114,90.0,15.0,7.2,7.6,150,1,"Eden Gardens, Kolkata",Kolkata Knight Riders,5,76.0,1140,0.39999999999999947,2008-05-18,2007/08
336026,2,5,6,Delhi Capitals,Royal Challengers Bangalore,60,0,10,95,90.0,15.0,12.0,6.333333333333333,155,1,"M Chinnaswamy Stadium, Bengaluru",Royal Challengers Bangalore,5,63.33333333333333,950,-5.666666666666667,2008-05-19,2007/08
336027,2,5,6,Rajasthan Royals,Kolkata Knight Riders,42,1,9,106,90.0,15.0,8.4,7.066666666666666,148,1,"Eden Gardens, Kolkata",Kolkata Knight Riders,5,63.599999999999994,954,-1.333333333333334,2008-05-20,2007/08
336028,2,5,6,Mumbai Indians,Punjab Kings,56,1,9,134,90.0,15.0,11.2,8.933333333333334,190,0,"Wankhede Stadium, Mumbai",Mumbai Indians,5,80.4,1206,-2.2666666666666657,2008-05-21,2007/08
336029,2,5,6,Chennai Super Kings,Royal Challengers Bangalore,42,0,10,85,90.0,15.0,8.4,5.666666666666667,127,0,"MA Chidambaram Stadium, Chennai",Chennai Super Kings,5,56.66666666666667,850,-2.7333333333333334,2008-05-21,2007/08
336031,2,5,6,Punjab Kings,Sunrisers Hyderabad,63,0,10,113,90.0,15.0,12.6,7.533333333333333,176,1,"IS Bindra Stadium, Mohali",Punjab Kings,5,75.33333333333333,1130,-5.066666666666666,2008-05-23,2007/08
336032,2,5,6,Delhi Capitals,Mumbai Indians,50,2,8,127,90.0,15.0,10.0,8.466666666666667,177,1,"Arun Jaitley Stadium, Delhi",Delhi Capitals,5,67.73333333333333,1016,-1.5333333333333332,2008-05-24,2007/08
336033,2,5,6,Chennai Super Kings,Rajasthan Royals,55,1,9,157,90.0,15.0,11.0,10.466666666666669,212,0,"MA Chidambaram Stadium, Chennai",Chennai Super Kings,5,94.20000000000002,1413,-0.5333333333333314,2008-05-24,2007/08
336034,2,5,6,Sunrisers Hyderabad,Royal Challengers Bangalore,31,1,9,126,90.0,15.0,6.2,8.4,157,0,"M Chinnaswamy Stadium, Bengaluru",Royal Challengers Bangalore,5,75.60000000000001,1134,2.2,2008-05-03,2007/08
336035,2,5,7,Kolkata Knight Riders,Punjab Kings,45,0,10,130,90.0,15.0,9.0,8.666666666666666,175,1,"Eden Gardens, Kolkata",Kolkata Knight Riders,5,86.66666666666666,1300,-0.3333333333333339,2008-05-25,2007/08
336036,2,5,7,Rajasthan Royals,Mumbai Indians,32,1,9,114,90.0,15.0,6.4,7.6,146,1,"Sawai Mansingh Stadium, Jaipur",Rajasthan Royals,5,68.39999999999999,1026,1.1999999999999993,2008-05-26,2007/08
336037,2,5,7,Chennai Super Kings,Sunrisers Hyderabad,41,1,9,107,90.0,15.0,8.2,7.133333333333334,148,1,"Rajiv Gandhi International Stadium, Hyderabad",Sunrisers Hyderabad,5,64.2,963,-1.0666666666666655,2008-05-27,2007/08
336038,2,5,6,Delhi Capitals,Rajasthan Royals,24,2,8,169,90.0,15.0,4.8,11.266666666666667,193,0,"Wankhede Stadium, Mumbai",,5,90.13333333333334,1352,6.466666666666668,2008-05-30,2007/08
336039,2,5,6,Chennai Super Kings,Punjab Kings,30,1,9,83,90.0,15.0,6.0,5.533333333333333,113,1,"Wankhede Stadium, Mumbai",,5,49.8,747,-0.4666666666666668,2008-05-31,2007/08
336040,2,5,6,Rajasthan Royals,Chennai Super Kings,36,1,9,128,90.0,15.0,7.2,8.533333333333333,164,1,"Dr DY Patil Sports Academy, Navi Mumbai",,5,76.8,1152,1.333333333333333,2008-06-01,2007/08
392181,2,5,7,Chennai Super Kings,Mumbai Indians,33,2,8,133,90.0,15.0,6.6,8.866666666666667,166,0,"Newlands, Cape Town",,5,70.93333333333334,1064,2.2666666666666675,2009-04-18,2009
392182,2,5,7,Rajasthan Royals,Royal Challengers Bangalore,13,2,8,121,90.0,15.0,2.6,8.066666666666666,134,0,"Newlands, Cape Town",,5,64.53333333333333,968,5.466666666666667,2009-04-18,2009
392183,2,5,6,Delhi Capitals,Punjab Kings,58,0,10,47,90.0,15.0,11.6,3.1333333333333333,105,1,"Newlands, Cape Town",,5,31.333333333333332,470,-8.466666666666667,2009-04-19,2009
392184,2,5,6,Sunrisers Hyderabad,Kolkata Knight Riders,35,2,8,67,90.0,15.0,7.0,4.466666666666667,102,1,"Newlands, Cape Town",,5,35.733333333333334,536,-2.533333333333333,2009-04-19,2009
392185,2,5,7,Royal Challengers Bangalore,Chennai Super Kings,40,1,9,140,90.0,15.0,8.0,9.333333333333334,180,0,"St George's Park, Gqeberha",,5,84.0,1260,1.333333333333334,2009-04-20,2009
392186,2,5,7,Kolkata Knight Riders,Punjab Kings,47,0,10,112,90.0,15.0,9.4,7.466666666666667,159,1,"Kingsmead, Durban",,5,74.66666666666667,1120,-1.9333333333333336,2009-04-21,2009
392188,2,5,8,Royal Challengers Bangalore,Sunrisers Hyderabad,25,2,8,160,90.0,15.0,5.0,10.666666666666666,185,0,"Newlands, Cape Town",,5,85.33333333333333,1280,5.666666666666666,2009-04-22,2009
392189,2,5,6,Chennai Super Kings,Delhi Capitals,56,0,10,134,90.0,15.0,11.2,8.933333333333334,190,0,"Kingsmead, Durban",,5,89.33333333333334,1340,-2.2666666666666657,2009-04-23,2009
392190,2,5,7,Kolkata Knight Riders,Rajasthan Royals,28,1,9,123,90.0,15.0,5.6,8.2,151,0,"Newlands, Cape Town",,5,73.8,1107,2.5999999999999996,2009-04-23,2009
392191,2,5,7,Punjab Kings,Royal Challengers Bangalore,39,0,10,130,90.0,15.0,7.8,8.666666666666666,169,1,"Kingsmead, Durban",,5,86.66666666666666,1300,0.8666666666666663,2009-04-24,2009
392192,2,5,6,Mumbai Indians,Sunrisers Hyderabad,42,1,9,127,90.0,15.0,8.4,8.466666666666667,169,0,"Kingsmead, Durban",,5,76.2,1143,0.06666666666666643,2009-04-25,2009
392194,2,5,6,Delhi Capitals,Royal Challengers Bangalore,39,1,9,111,90.0,15.0,7.8,7.4,150,1,"St George's Park, Gqeberha",,5,66.60000000000001,999,-0.39999999999999947,2009-04-26,2009
392195,2,5,6,Rajasthan Royals,Punjab Kings,27,4,6,113,90.0,15.0,5.4,7.533333333333333,140,0,"Newlands, Cape Town",,5,45.2,678,2.133333333333333,2009-04-26,2009
392196,2,5,6,Sunrisers Hyderabad,Chennai Super Kings,66,0,10,100,90.0,15.0,13.2,6.666666666666667,166,1,"Kingsmead, Durban",,5,66.66666666666667,1000,-6.533333333333332,2009-04-27,2009
392197,2,5,6,Kolkata Knight Riders,Mumbai Indians,39,2,8,149,90.0,15.0,7.8,9.933333333333334,188,0,"St George's Park, Gqeberha",,5,79.46666666666667,1192,2.1333333333333337,2009-04-27,2009
392198,2,5,6,Rajasthan Royals,Delhi Capitals,31,2,8,113,90.0,15.0,6.2,7.533333333333333,144,1,"SuperSport Park, Centurion",,5,60.266666666666666,904,1.333333333333333,2009-04-28,2009
392199,2,5,6,Royal Challengers Bangalore,Kolkata Knight Riders,40,0,10,100,90.0,15.0,8.0,6.666666666666667,140,1,"Kingsmead, Durban",,5,66.66666666666667,1000,-1.333333333333333,2009-04-29,2009
392200,2,5,7,Mumbai Indians,Punjab Kings,13,3,7,107,90.0,15.0,2.6,7.133333333333334,120,0,"Kingsmead, Durban",,5,49.93333333333334,749,4.533333333333333,2009-04-29,2009
392201,2,5,6,Delhi Capitals,Sunrisers Hyderabad,35,2,8,114,90.0,15.0,7.0,7.6,149,1,"SuperSport Park, Centurion",,5,60.8,912,0.5999999999999996,2009-04-30,2009
392202,2,5,6,Rajasthan Royals,Chennai Super Kings,28,1,9,137,90.0,15.0,5.6,9.133333333333333,165,0,"SuperSport Park, Centurion",,5,82.19999999999999,1233,3.533333333333333,2009-04-30,2009
392203,2,5,6,Kolkata Knight Riders,Mumbai Indians,21,2,8,128,90.0,15.0,4.2,8.533333333333333,149,0,"Buffalo Park, East London",,5,68.26666666666667,1024,4.333333333333333,2009-05-01,2009
392204,2,5,6,Punjab Kings,Royal Challengers Bangalore,28,0,10,118,90.0,15.0,5.6,7.866666666666666,146,0,"Kingsmead, Durban",,5,78.66666666666666,1180,2.2666666666666666,2009-05-01,2009
392205,2,5,6,Rajasthan Royals,Sunrisers Hyderabad,20,3,7,122,90.0,15.0,4.0,8.133333333333333,142,1,"St George's Park, Gqeberha",,5,56.93333333333333,854,4.133333333333333,2009-05-02,2009
392206,2,5,6,Delhi Capitals,Chennai Super Kings,38,2,8,126,90.0,15.0,7.6,8.4,164,0,"Wanderers Stadium, Johannesburg",,5,67.2,1008,0.8000000000000007,2009-05-02,2009
392207,2,5,6,Punjab Kings,Kolkata Knight Riders,44,1,9,110,90.0,15.0,8.8,7.333333333333333,154,1,"St George's Park, Gqeberha",,5,66.0,990,-1.4666666666666677,2009-05-03,2009
392208,2,5,6,Royal Challengers Bangalore,Mumbai Indians,51,1,9,99,90.0,15.0,10.2,6.6,150,1,"Wanderers Stadium, Johannesburg",,5,59.4,891,-3.5999999999999996,2009-05-03,2009
392209,2,5,7,Sunrisers Hyderabad,Chennai Super Kings,34,3,7,145,90.0,15.0,6.8,9.666666666666666,179,0,"Buffalo Park, East London",,5,67.66666666666666,1015,2.8666666666666663,2009-05-04,2009
392210,2,5,6,Punjab Kings,Rajasthan Royals,25,3,7,187,90.0,15.0,5.0,12.466666666666669,212,0,"Kingsmead, Durban",,5,87.26666666666668,1309,7.466666666666669,2009-05-05,2009
392211,2,5,6,Delhi Capitals,Kolkata Knight Riders,49,0,10,106,90.0,15.0,9.8,7.066666666666666,155,1,"Kingsmead, Durban",,5,70.66666666666666,1060,-2.7333333333333343,2009-05-05,2009
392212,2,5,6,Mumbai Indians,Sunrisers Hyderabad,27,2,8,119,90.0,15.0,5.4,7.933333333333334,146,0,"SuperSport Park, Centurion",,5,63.46666666666667,952,2.533333333333333,2009-05-06,2009
392213,2,5,6,Rajasthan Royals,Royal Challengers Bangalore,25,0,10,81,90.0,15.0,5.0,5.4,106,1,"SuperSport Park, Centurion",,5,54.0,810,0.40000000000000036,2009-05-07,2009
392214,2,5,6,Punjab Kings,Chennai Super Kings,47,1,9,139,90.0,15.0,9.4,9.266666666666667,186,0,"SuperSport Park, Centurion",,5,83.4,1251,-0.13333333333333286,2009-05-07,2009
392215,2,5,7,Delhi Capitals,Mumbai Indians,33,0,10,84,90.0,15.0,6.6,5.6,117,1,"Buffalo Park, East London",,5,56.0,840,-1.0,2009-05-08,2009
392216,2,5,6,Punjab Kings,Sunrisers Hyderabad,42,2,8,127,90.0,15.0,8.4,8.466666666666667,169,1,"De Beers Diamond Oval, Kimberley",,5,67.73333333333333,1016,0.06666666666666643,2009-05-09,2009
392217,2,5,7,Chennai Super Kings,Rajasthan Royals,25,1,9,116,90.0,15.0,5.0,7.733333333333333,141,1,"De Beers Diamond Oval, Kimberley",,5,69.6,1044,2.7333333333333334,2009-05-09,2009
392218,2,5,6,Royal Challengers Bangalore,Mumbai Indians,31,2,8,127,90.0,15.0,6.2,8.466666666666667,158,0,"St George's Park, Gqeberha",,5,67.73333333333333,1016,2.2666666666666666,2009-05-10,2009
392219,2,5,6,Delhi Capitals,Kolkata Knight Riders,45,0,10,79,90.0,15.0,9.0,5.266666666666667,124,1,"Wanderers Stadium, Johannesburg",,5,52.666666666666664,790,-3.7333333333333334,2009-05-10,2009
392220,2,5,6,Rajasthan Royals,Sunrisers Hyderabad,25,2,8,142,90.0,15.0,5.0,9.466666666666669,167,0,"De Beers Diamond Oval, Kimberley",,5,75.73333333333335,1136,4.466666666666669,2009-05-11,2009
392221,2,5,7,Royal Challengers Bangalore,Kolkata Knight Riders,36,0,10,138,90.0,15.0,7.2,9.2,174,1,"SuperSport Park, Centurion",,5,92.0,1380,1.9999999999999991,2009-05-12,2009
392222,2,5,6,Mumbai Indians,Punjab Kings,35,1,9,85,90.0,15.0,7.0,5.666666666666667,120,1,"SuperSport Park, Centurion",,5,51.0,765,-1.333333333333333,2009-05-12,2009
392223,2,5,6,Sunrisers Hyderabad,Delhi Capitals,40,2,8,134,90.0,15.0,8.0,8.933333333333334,174,0,"Kingsmead, Durban",,5,71.46666666666667,1072,0.9333333333333336,2009-05-13,2009
392224,2,5,6,Royal Challengers Bangalore,Chennai Super Kings,30,3,7,100,90.0,15.0,6.0,6.666666666666667,130,1,"Kingsmead, Durban",,5,46.66666666666667,700,0.666666666666667,2009-05-14,2009
392225,2,5,6,Mumbai Indians,Rajasthan Royals,23,2,8,123,90.0,15.0,4.6,8.2,146,0,"Kingsmead, Durban",,5,65.6,984,3.5999999999999996,2009-05-14,2009
392226,2,5,6,Punjab Kings,Delhi Capitals,35,2,8,86,90.0,15.0,7.0,5.733333333333333,121,1,"OUTsurance Oval, Bloemfontein",,5,45.86666666666667,688,-1.2666666666666666,2009-05-15,2009
392227,2,5,6,Chennai Super Kings,Mumbai Indians,34,2,8,114,90.0,15.0,6.8,7.6,148,1,"St George's Park, Gqeberha",,5,60.8,912,0.7999999999999998,2009-05-16,2009
392228,2,5,6,Sunrisers Hyderabad,Kolkata Knight Riders,41,0,10,120,90.0,15.0,8.2,8.0,161,1,"Wanderers Stadium, Johannesburg",,5,80.0,1200,-0.1999999999999993,2009-05-16,2009
392229,2,5,6,Sunrisers Hyderabad,Punjab Kings,40,2,8,95,90.0,15.0,8.0,6.333333333333333,135,0,"Wanderers Stadium, Johannesburg",,5,50.666666666666664,760,-1.666666666666667,2009-05-17,2009
392230,2,5,6,Rajasthan Royals,Delhi Capitals,19,2,8,132,90.0,15.0,3.8,8.8,151,0,"OUTsurance Oval, Bloemfontein",,5,70.4,1056,5.000000000000001,2009-05-17,2009
392231,2,5,6,Kolkata Knight Riders,Chennai Super Kings,34,1,9,155,90.0,15.0,6.8,10.333333333333334,189,1,"SuperSport Park, Centurion",,5,93.0,1395,3.533333333333334,2009-05-18,2009
392232,2,5,6,Royal Challengers Bangalore,Delhi Capitals,19,1,9,116,90.0,15.0,3.8,7.733333333333333,135,1,"Wanderers Stadium, Johannesburg",,5,69.6,1044,3.9333333333333336,2009-05-19,2009
392233,2,5,7,Kolkata Knight Riders,Rajasthan Royals,21,3,7,81,90.0,15.0,4.2,5.4,102,1,"Kingsmead, Durban",,5,37.800000000000004,567,1.2000000000000002,2009-05-20,2009
392234,2,5,6,Punjab Kings,Chennai Super Kings,26,1,9,91,90.0,15.0,5.2,6.066666666666666,117,0,"Kingsmead, Durban",,5,54.599999999999994,819,0.8666666666666663,2009-05-20,2009
392235,2,5,6,Delhi Capitals,Mumbai Indians,46,1,9,120,90.0,15.0,9.2,8.0,166,1,"SuperSport Park, Centurion",,5,72.0,1080,-1.1999999999999993,2009-05-21,2009
392236,2,5,7,Sunrisers Hyderabad,Royal Challengers Bangalore,45,0,10,126,90.0,15.0,9.0,8.4,171,0,"SuperSport Park, Centurion",,5,84.0,1260,-0.5999999999999996,2009-05-21,2009
392237,2,5,6,Sunrisers Hyderabad,Delhi Capitals,59,1,9,95,90.0,15.0,11.8,6.333333333333333,154,1,"SuperSport Park, Centurion",,5,57.0,855,-5.466666666666668,2009-05-22,2009
392238,2,5,6,Royal Challengers Bangalore,Chennai Super Kings,49,2,8,98,90.0,15.0,9.8,6.533333333333333,147,1,"Wanderers Stadium, Johannesburg",,5,52.266666666666666,784,-3.2666666666666675,2009-05-23,2009
392239,2,5,6,Royal Challengers Bangalore,Sunrisers Hyderabad,33,1,9,111,90.0,15.0,6.6,7.4,144,0,"Wanderers Stadium, Johannesburg",,5,66.60000000000001,999,0.8000000000000007,2009-05-24,2009
419106,2,5,6,Sunrisers Hyderabad,Kolkata Knight Riders,56,0,10,106,90.0,15.0,11.2,7.066666666666666,162,0,"Dr DY Patil Sports Academy, Navi Mumbai",,5,70.66666666666666,1060,-4.133333333333333,2010-03-12,2009/10
419107,2,5,6,Rajasthan Royals,Mumbai Indians,38,1,9,175,90.0,15.0,7.6,11.666666666666666,213,0,"Brabourne Stadium, Mumbai",Mumbai Indians,5,105.0,1575,4.066666666666666,2010-03-13,2009/10
419108,2,5,8,Delhi Capitals,Punjab Kings,30,2,8,113,90.0,15.0,6.0,7.533333333333333,143,1,"IS Bindra Stadium, Mohali",Punjab Kings,5,60.266666666666666,904,1.5333333333333332,2010-03-13,2009/10
419109,2,5,6,Kolkata Knight Riders,Royal Challengers Bangalore,52,0,10,84,90.0,15.0,10.4,5.6,136,1,"Eden Gardens, Kolkata",Kolkata Knight Riders,5,56.0,840,-4.800000000000001,2010-03-14,2009/10
419110,2,5,6,Chennai Super Kings,Sunrisers Hyderabad,31,3,7,160,90.0,15.0,6.2,10.666666666666666,191,0,"MA Chidambaram Stadium, Chennai",Chennai Super Kings,5,74.66666666666666,1120,4.466666666666666,2010-03-14,2009/10
419111,2,5,8,Delhi Capitals,Rajasthan Royals,47,2,8,95,90.0,15.0,9.4,6.333333333333333,142,1,"Narendra Modi Stadium, Ahmedabad",,5,50.666666666666664,760,-3.0666666666666673,2010-03-15,2009/10
419112,2,5,6,Royal Challengers Bangalore,Punjab Kings,43,0,10,161,90.0,15.0,8.6,10.733333333333333,204,1,"M Chinnaswamy Stadium, Bengaluru",Royal Challengers Bangalore,5,107.33333333333333,1610,2.133333333333333,2010-03-16,2009/10
419113,2,5,6,Kolkata Knight Riders,Chennai Super Kings,34,3,7,131,90.0,15.0,6.8,8.733333333333333,165,0,"Eden Gardens, Kolkata",Kolkata Knight Riders,5,61.133333333333326,917,1.9333333333333327,2010-03-16,2009/10
419114,2,5,6,Delhi Capitals,Mumbai Indians,49,1,9,170,90.0,15.0,9.8,11.333333333333334,219,0,"Arun Jaitley Stadium, Delhi",Delhi Capitals,5,102.0,1530,1.5333333333333332,2010-03-17,2009/10
419115,2,5,6,Royal Challengers Bangalore,Rajasthan Royals,52,0,10,41,90.0,15.0,10.4,2.7333333333333334,93,1,"M Chinnaswamy Stadium, Bengaluru",Royal Challengers Bangalore,5,27.333333333333336,410,-7.666666666666667,2010-03-18,2009/10
419116,2,5,6,Chennai Super Kings,Delhi Capitals,50,1,9,136,90.0,15.0,10.0,9.066666666666666,186,1,"Arun Jaitley Stadium, Delhi",Delhi Capitals,5,81.6,1224,-0.9333333333333336,2010-03-19,2009/10
419117,2,5,6,Punjab Kings,Sunrisers Hyderabad,22,3,7,149,90.0,15.0,4.4,9.933333333333334,171,0,Barabati Stadium,,5,69.53333333333333,1043,5.533333333333333,2010-03-19,2009/10
419118,2,5,6,Kolkata Knight Riders,Rajasthan Royals,37,1,9,132,90.0,15.0,7.4,8.8,169,0,"Narendra Modi Stadium, Ahmedabad",,5,79.2,1188,1.4000000000000004,2010-03-20,2009/10
419119,2,5,6,Royal Challengers Bangalore,Mumbai Indians,40,0,10,112,90.0,15.0,8.0,7.466666666666667,152,1,"Brabourne Stadium, Mumbai",Mumbai Indians,5,74.66666666666667,1120,-0.5333333333333332,2010-03-20,2009/10
419120,2,5,6,Delhi Capitals,Sunrisers Hyderabad,41,1,9,131,90.0,15.0,8.2,8.733333333333333,172,0,Barabati Stadium,,5,78.6,1179,0.5333333333333332,2010-03-21,2009/10
419121,2,5,7,Chennai Super Kings,Punjab Kings,34,0,10,103,90.0,15.0,6.8,6.866666666666666,137,0,"MA Chidambaram Stadium, Chennai",Chennai Super Kings,5,68.66666666666666,1030,0.06666666666666643,2010-03-21,2009/10
419122,2,5,6,Mumbai Indians,Kolkata Knight Riders,51,0,10,105,90.0,15.0,10.2,7.0,156,1,"Brabourne Stadium, Mumbai",Mumbai Indians,5,70.0,1050,-3.1999999999999993,2010-03-22,2009/10
419123,2,5,6,Chennai Super Kings,Royal Challengers Bangalore,22,1,9,150,90.0,15.0,4.4,10.0,172,0,"M Chinnaswamy Stadium, Bengaluru",Royal Challengers Bangalore,5,90.0,1350,5.6,2010-03-23,2009/10
419124,2,5,6,Punjab Kings,Rajasthan Royals,59,1,9,125,90.0,15.0,11.8,8.333333333333334,184,0,"IS Bindra Stadium, Mohali",Punjab Kings,5,75.0,1125,-3.466666666666667,2010-03-24,2009/10
419125,2,5,8,Mumbai Indians,Chennai Super Kings,50,0,10,131,90.0,15.0,10.0,8.733333333333333,181,1,"Brabourne Stadium, Mumbai",Mumbai Indians,5,87.33333333333333,1310,-1.2666666666666675,2010-03-25,2009/10
419126,2,5,6,Rajasthan Royals,Sunrisers Hyderabad,51,0,10,98,90.0,15.0,10.2,6.533333333333333,149,1,"Narendra Modi Stadium, Ahmedabad",,5,65.33333333333333,980,-3.666666666666666,2010-03-26,2009/10
419127,2,5,7,Punjab Kings,Kolkata Knight Riders,31,1,9,153,90.0,15.0,6.2,10.2,184,0,"IS Bindra Stadium, Mohali",Punjab Kings,5,91.8,1377,3.999999999999999,2010-03-27,2009/10
419128,2,5,6,Royal Challengers Bangalore,Delhi Capitals,37,0,10,147,90.0,15.0,7.4,9.8,184,0,"M Chinnaswamy Stadium, Bengaluru",Royal Challengers Bangalore,5,98.0,1470,2.4000000000000004,2010-03-25,2009/10
419129,2,5,6,Chennai Super Kings,Rajasthan Royals,50,1,9,128,90.0,15.0,10.0,8.533333333333333,178,0,"Narendra Modi Stadium, Ahmedabad",,5,76.8,1152,-1.4666666666666668,2010-03-28,2009/10
419130,2,5,6,Sunrisers Hyderabad,Mumbai Indians,48,2,8,125,90.0,15.0,9.6,8.333333333333334,173,0,"Dr DY Patil Sports Academy, Navi Mumbai",Mumbai Indians,5,66.66666666666667,1000,-1.2666666666666657,2010-03-28,2009/10
419131,2,5,6,Kolkata Knight Riders,Delhi Capitals,32,3,7,146,90.0,15.0,6.4,9.733333333333333,178,0,"Arun Jaitley Stadium, Delhi",Delhi Capitals,5,68.13333333333333,1022,3.333333333333332,2010-03-29,2009/10
419132,2,5,6,Mumbai Indians,Punjab Kings,37,0,10,127,90.0,15.0,7.4,8.466666666666667,164,1,"Brabourne Stadium, Mumbai",Mumbai Indians,5,84.66666666666667,1270,1.0666666666666664,2010-03-30,2009/10
419133,2,5,6,Chennai Super Kings,Royal Challengers Bangalore,47,0,10,115,90.0,15.0,9.4,7.666666666666667,162,1,"MA Chidambaram Stadium, Chennai",Chennai Super Kings,5,76.66666666666667,1150,-1.7333333333333334,2010-03-31,2009/10
419134,2,5,6,Rajasthan Royals,Delhi Capitals,33,4,6,156,90.0,15.0,6.6,10.4,189,0,"Arun Jaitley Stadium, Delhi",Delhi Capitals,5,62.400000000000006,936,3.8000000000000007,2010-03-31,2009/10
419135,2,5,6,Sunrisers Hyderabad,Kolkata Knight Riders,46,1,9,136,90.0,15.0,9.2,9.066666666666666,182,0,"Eden Gardens, Kolkata",Kolkata Knight Riders,5,81.6,1224,-0.13333333333333286,2010-04-01,2009/10
419136,2,5,6,Royal Challengers Bangalore,Punjab Kings,40,1,9,142,90.0,15.0,8.0,9.466666666666669,182,1,"IS Bindra Stadium, Mohali",Punjab Kings,5,85.20000000000002,1278,1.4666666666666686,2010-04-02,2009/10
419137,2,5,6,Rajasthan Royals,Chennai Super Kings,47,0,10,200,90.0,15.0,9.4,13.333333333333334,247,0,"MA Chidambaram Stadium, Chennai",Chennai Super Kings,5,133.33333333333334,2000,3.9333333333333336,2010-04-03,2009/10
419138,2,5,6,Sunrisers Hyderabad,Mumbai Indians,36,1,9,143,90.0,15.0,7.2,9.533333333333331,179,0,"Brabourne Stadium, Mumbai",Mumbai Indians,5,85.79999999999998,1287,2.3333333333333313,2010-04-03,2009/10
419139,2,5,6,Punjab Kings,Kolkata Knight Riders,52,1,9,149,90.0,15.0,10.4,9.933333333333334,201,1,"Eden Gardens, Kolkata",Kolkata Knight Riders,5,89.4,1341,-0.4666666666666668,2010-04-04,2009/10
419140,2,5,6,Royal Challengers Bangalore,Delhi Capitals,36,1,9,149,90.0,15.0,7.2,9.933333333333334,185,0,"Arun Jaitley Stadium, Delhi",Delhi Capitals,5,89.4,1341,2.7333333333333334,2010-04-04,2009/10
419141,2,5,7,Sunrisers Hyderabad,Rajasthan Royals,48,2,8,112,90.0,15.0,9.6,7.466666666666667,160,0,"Vidarbha Cricket Association Stadium, Jamtha",,5,59.733333333333334,896,-2.133333333333333,2010-04-05,2009/10
419142,2,5,6,Mumbai Indians,Chennai Super Kings,38,0,10,128,90.0,15.0,7.6,8.533333333333333,166,0,"MA Chidambaram Stadium, Chennai",Chennai Super Kings,5,85.33333333333333,1280,0.9333333333333336,2010-04-06,2009/10
419143,2,5,6,Rajasthan Royals,Punjab Kings,65,0,10,89,90.0,15.0,13.0,5.933333333333334,154,1,"Sawai Mansingh Stadium, Jaipur",Rajasthan Royals,5,59.333333333333336,890,-7.066666666666666,2010-04-07,2009/10
419144,2,5,6,Delhi Capitals,Kolkata Knight Riders,39,1,9,143,90.0,15.0,7.8,9.533333333333331,182,0,"Eden Gardens, Kolkata",Kolkata Knight Riders,5,85.79999999999998,1287,1.7333333333333316,2010-04-07,2009/10
419145,2,5,6,Sunrisers Hyderabad,Royal Challengers Bangalore,30,1,9,155,90.0,15.0,6.0,10.333333333333334,185,1,"M Chinnaswamy Stadium, Bengaluru",Royal Challengers Bangalore,5,93.0,1395,4.333333333333334,2010-04-08,2009/10
419146,2,5,6,Punjab Kings,Mumbai Indians,46,1,9,109,90.0,15.0,9.2,7.266666666666667,155,1,"IS Bindra Stadium, Mohali",Punjab Kings,5,65.4,981,-1.9333333333333327,2010-04-09,2009/10
419147,2,5,6,Sunrisers Hyderabad,Chennai Super Kings,35,2,8,104,90.0,15.0,7.0,6.933333333333334,139,1,"Vidarbha Cricket Association Stadium, Jamtha",,5,55.46666666666667,832,-0.06666666666666643,2010-04-10,2009/10
419148,2,5,6,Royal Challengers Bangalore,Kolkata Knight Riders,33,1,9,128,90.0,15.0,6.6,8.533333333333333,161,1,"M Chinnaswamy Stadium, Bengaluru",Royal Challengers Bangalore,5,76.8,1152,1.9333333333333336,2010-04-10,2009/10
419149,2,5,6,Punjab Kings,Delhi Capitals,32,0,10,80,90.0,15.0,6.4,5.333333333333333,112,1,"Arun Jaitley Stadium, Delhi",Delhi Capitals,5,53.33333333333333,800,-1.0666666666666673,2010-04-11,2009/10
419150,2,5,6,Rajasthan Royals,Mumbai Indians,20,3,7,155,90.0,15.0,4.0,10.333333333333334,175,0,"Sawai Mansingh Stadium, Jaipur",Rajasthan Royals,5,72.33333333333334,1085,6.333333333333334,2010-04-11,2009/10
419151,2,5,6,Royal Challengers Bangalore,Sunrisers Hyderabad,32,1,9,120,90.0,15.0,6.4,8.0,152,0,"Vidarbha Cricket Association Stadium, Jamtha",,5,72.0,1080,1.5999999999999996,2010-04-12,2009/10
419152,2,5,6,Delhi Capitals,Mumbai Indians,55,1,9,129,90.0,15.0,11.0,8.6,184,0,"Brabourne Stadium, Mumbai",Mumbai Indians,5,77.39999999999999,1161,-2.4000000000000004,2010-04-13,2009/10
419153,2,5,6,Chennai Super Kings,Kolkata Knight Riders,60,1,9,80,90.0,15.0,12.0,5.333333333333333,140,1,"MA Chidambaram Stadium, Chennai",Chennai Super Kings,5,48.0,720,-6.666666666666667,2010-04-13,2009/10
419154,2,5,6,Royal Challengers Bangalore,Rajasthan Royals,42,2,8,89,90.0,15.0,8.4,5.933333333333334,131,1,"Sawai Mansingh Stadium, Jaipur",Rajasthan Royals,5,47.46666666666667,712,-2.466666666666667,2010-04-14,2009/10
419155,2,5,6,Delhi Capitals,Chennai Super Kings,26,3,7,87,90.0,15.0,5.2,5.8,113,1,"MA Chidambaram Stadium, Chennai",Chennai Super Kings,5,40.6,609,0.5999999999999996,2010-04-15,2009/10
419156,2,5,7,Sunrisers Hyderabad,Punjab Kings,37,1,9,138,90.0,15.0,7.4,9.2,175,1,"HPCA Stadium, Dharamsala",Punjab Kings,5,82.8,1242,1.799999999999999,2010-04-16,2009/10
419157,2,5,6,Royal Challengers Bangalore,Mumbai Indians,30,1,9,162,90.0,15.0,6.0,10.8,192,0,"M Chinnaswamy Stadium, Bengaluru",Royal Challengers Bangalore,5,97.2,1458,4.800000000000001,2010-04-17,2009/10
419158,2,5,7,Kolkata Knight Riders,Rajasthan Royals,38,2,8,95,90.0,15.0,7.6,6.333333333333333,133,1,"Eden Gardens, Kolkata",Kolkata Knight Riders,5,50.666666666666664,760,-1.2666666666666666,2010-04-17,2009/10
419159,2,5,7,Chennai Super Kings,Punjab Kings,37,2,8,156,90.0,15.0,7.4,10.4,193,1,"HPCA Stadium, Dharamsala",Punjab Kings,5,83.2,1248,3.0,2010-04-18,2009/10
419160,2,5,6,Delhi Capitals,Sunrisers Hyderabad,37,3,7,109,90.0,15.0,7.4,7.266666666666667,146,0,"Arun Jaitley Stadium, Delhi",Delhi Capitals,5,50.86666666666667,763,-0.13333333333333375,2010-04-18,2009/10
419161,2,5,6,Kolkata Knight Riders,Mumbai Indians,41,0,10,93,90.0,15.0,8.2,6.2,134,1,"Eden Gardens, Kolkata",Kolkata Knight Riders,5,62.0,930,-1.9999999999999991,2010-04-19,2009/10
419162,2,5,6,Royal Challengers Bangalore,Mumbai Indians,41,1,9,144,90.0,15.0,8.2,9.6,185,0,"Dr DY Patil Sports Academy, Navi Mumbai",Mumbai Indians,5,86.39999999999999,1296,1.4000000000000004,2010-04-21,2009/10
419163,2,5,6,Sunrisers Hyderabad,Chennai Super Kings,19,0,10,124,90.0,15.0,3.8,8.266666666666667,143,0,"Dr DY Patil Sports Academy, Navi Mumbai",,5,82.66666666666667,1240,4.466666666666668,2010-04-22,2009/10
419164,2,5,6,Royal Challengers Bangalore,Sunrisers Hyderabad,26,0,10,57,90.0,15.0,5.2,3.8,83,1,"Dr DY Patil Sports Academy, Navi Mumbai",,5,38.0,570,-1.4000000000000004,2010-04-24,2009/10
419165,2,5,6,Mumbai Indians,Chennai Super Kings,21,1,9,148,90.0,15.0,4.2,9.866666666666667,169,0,"Dr DY Patil Sports Academy, Navi Mumbai",Mumbai Indians,5,88.80000000000001,1332,5.666666666666667,2010-04-25,2009/10
501198,2,5,6,Kolkata Knight Riders,Chennai Super Kings,44,0,10,110,90.0,15.0,8.8,7.333333333333333,154,0,"MA Chidambaram Stadium, Chennai",Chennai Super Kings,5,73.33333333333333,1100,-1.4666666666666677,2011-04-08,2011
501199,2,5,6,Rajasthan Royals,Sunrisers Hyderabad,29,0,10,109,90.0,15.0,5.8,7.266666666666667,138,1,"Rajiv Gandhi International Stadium, Hyderabad",Sunrisers Hyderabad,5,72.66666666666667,1090,1.4666666666666668,2011-04-09,2011
501200,2,5,6,Royal Challengers Bangalore,Kochi Tuskers Kerala,44,1,9,118,90.0,15.0,8.8,7.866666666666666,162,1,Nehru Stadium,,5,70.8,1062,-0.9333333333333345,2011-04-09,2011
501201,2,5,7,Mumbai Indians,Delhi Capitals,22,1,9,74,90.0,15.0,4.4,4.933333333333334,96,1,"Arun Jaitley Stadium, Delhi",Delhi Capitals,5,44.400000000000006,666,0.5333333333333332,2011-04-10,2011
501202,2,5,6,Pune Warriors,Punjab Kings,32,1,9,81,90.0,15.0,6.4,5.4,113,1,"Dr DY Patil Sports Academy, Navi Mumbai",,5,48.6,729,-1.0,2011-04-10,2011
501203,2,5,6,Sunrisers Hyderabad,Kolkata Knight Riders,23,2,8,141,90.0,15.0,4.6,9.4,164,0,"Eden Gardens, Kolkata",Kolkata Knight Riders,5,75.2,1128,4.800000000000001,2011-04-11,2011
501204,2,5,6,Rajasthan Royals,Delhi Capitals,43,1,9,109,90.0,15.0,8.6,7.266666666666667,152,1,"Sawai Mansingh Stadium, Jaipur",Rajasthan Royals,5,65.4,981,-1.333333333333333,2011-04-12,2011
501205,2,5,6,Mumbai Indians,Royal Challengers Bangalore,33,1,9,108,90.0,15.0,6.6,7.2,141,1,"M Chinnaswamy Stadium, Bengaluru",Royal Challengers Bangalore,5,64.8,972,0.6000000000000005,2011-04-12,2011
501206,2,5,6,Punjab Kings,Chennai Super Kings,49,0,10,140,90.0,15.0,9.8,9.333333333333334,189,1,"IS Bindra Stadium, Mohali",Punjab Kings,5,93.33333333333334,1400,-0.4666666666666668,2011-04-13,2011
501207,2,5,6,Pune Warriors,Kochi Tuskers Kerala,37,1,9,112,90.0,15.0,7.4,7.466666666666667,149,1,"Dr DY Patil Sports Academy, Navi Mumbai",,5,67.2,1008,0.06666666666666643,2011-04-13,2011
501208,2,5,6,Royal Challengers Bangalore,Sunrisers Hyderabad,27,3,7,149,90.0,15.0,5.4,9.933333333333334,176,0,"Rajiv Gandhi International Stadium, Hyderabad",Sunrisers Hyderabad,5,69.53333333333333,1043,4.533333333333333,2011-04-14,2011
501209,2,5,6,Kolkata Knight Riders,Rajasthan Royals,44,1,9,116,90.0,15.0,8.8,7.733333333333333,160,1,"Sawai Mansingh Stadium, Jaipur",Rajasthan Royals,5,69.6,1044,-1.0666666666666673,2011-04-15,2011
501210,2,5,6,Kochi Tuskers Kerala,Mumbai Indians,32,0,10,151,90.0,15.0,6.4,10.066666666666666,183,1,"Wankhede Stadium, Mumbai",Mumbai Indians,5,100.66666666666666,1510,3.666666666666666,2011-04-15,2011
501211,2,5,6,Royal Challengers Bangalore,Chennai Super Kings,31,3,7,153,90.0,15.0,6.2,10.2,184,0,"MA Chidambaram Stadium, Chennai",Chennai Super Kings,5,71.39999999999999,1071,3.999999999999999,2011-04-16,2011
501212,2,5,7,Punjab Kings,Sunrisers Hyderabad,59,0,10,107,90.0,15.0,11.8,7.133333333333334,166,1,"Rajiv Gandhi International Stadium, Hyderabad",Sunrisers Hyderabad,5,71.33333333333334,1070,-4.666666666666667,2011-04-16,2011
501213,2,5,6,Delhi Capitals,Pune Warriors,52,0,10,136,90.0,15.0,10.4,9.066666666666666,188,1,"Dr DY Patil Sports Academy, Navi Mumbai",,5,90.66666666666666,1360,-1.333333333333334,2011-04-17,2011
501214,2,5,6,Kolkata Knight Riders,Rajasthan Royals,23,1,9,59,90.0,15.0,4.6,3.933333333333333,82,1,"Eden Gardens, Kolkata",Kolkata Knight Riders,5,35.4,531,-0.6666666666666665,2011-04-17,2011
501215,2,5,6,Kochi Tuskers Kerala,Chennai Super Kings,40,1,9,92,90.0,15.0,8.0,6.133333333333334,132,1,Nehru Stadium,,5,55.2,828,-1.8666666666666663,2011-04-18,2011
501216,2,5,6,Delhi Capitals,Sunrisers Hyderabad,33,2,8,136,90.0,15.0,6.6,9.066666666666666,169,0,"Arun Jaitley Stadium, Delhi",Delhi Capitals,5,72.53333333333333,1088,2.466666666666667,2011-04-19,2011
501218,2,5,6,Mumbai Indians,Pune Warriors,27,1,9,92,90.0,15.0,5.4,6.133333333333334,119,1,"Wankhede Stadium, Mumbai",Mumbai Indians,5,55.2,828,0.7333333333333334,2011-04-20,2011
501219,2,5,6,Kolkata Knight Riders,Kochi Tuskers Kerala,28,2,8,105,90.0,15.0,5.6,7.0,133,0,"Eden Gardens, Kolkata",Kolkata Knight Riders,5,56.0,840,1.4000000000000004,2011-04-20,2011
501220,2,5,6,Rajasthan Royals,Punjab Kings,38,2,8,158,90.0,15.0,7.6,10.533333333333331,196,0,"IS Bindra Stadium, Mohali",Punjab Kings,5,84.26666666666665,1264,2.933333333333332,2011-04-21,2011
501221,2,5,6,Chennai Super Kings,Mumbai Indians,38,2,8,127,90.0,15.0,7.6,8.466666666666667,165,0,"Wankhede Stadium, Mumbai",Mumbai Indians,5,67.73333333333333,1016,0.8666666666666671,2011-04-22,2011
501222,2,5,6,Royal Challengers Bangalore,Kolkata Knight Riders,46,0,10,126,90.0,15.0,9.2,8.4,172,1,"Eden Gardens, Kolkata",Kolkata Knight Riders,5,84.0,1260,-0.7999999999999989,2011-04-22,2011
501223,2,5,7,Punjab Kings,Delhi Capitals,34,1,9,198,90.0,15.0,6.8,13.2,232,0,"Arun Jaitley Stadium, Delhi",Delhi Capitals,5,118.8,1782,6.3999999999999995,2011-04-23,2011
501224,2,5,6,Sunrisers Hyderabad,Mumbai Indians,39,1,9,134,90.0,15.0,7.8,8.933333333333334,173,0,"Rajiv Gandhi International Stadium, Hyderabad",Sunrisers Hyderabad,5,80.4,1206,1.1333333333333337,2011-04-24,2011
501225,2,5,6,Rajasthan Royals,Kochi Tuskers Kerala,33,0,10,77,90.0,15.0,6.6,5.133333333333334,110,1,"Sawai Mansingh Stadium, Jaipur",Rajasthan Royals,5,51.333333333333336,770,-1.466666666666666,2011-04-24,2011
501226,2,5,7,Pune Warriors,Chennai Super Kings,40,3,7,103,90.0,15.0,8.0,6.866666666666666,143,0,"MA Chidambaram Stadium, Chennai",Chennai Super Kings,5,48.06666666666666,721,-1.1333333333333337,2011-04-25,2011
501227,2,5,6,Royal Challengers Bangalore,Delhi Capitals,62,1,9,99,90.0,15.0,12.4,6.6,161,1,"Arun Jaitley Stadium, Delhi",Delhi Capitals,5,59.4,891,-5.800000000000001,2011-04-26,2011
501228,2,5,6,Chennai Super Kings,Pune Warriors,19,1,9,123,90.0,15.0,3.8,8.2,142,1,"Dr DY Patil Sports Academy, Navi Mumbai",,5,73.8,1107,4.3999999999999995,2011-04-27,2011
501229,2,5,8,Kochi Tuskers Kerala,Sunrisers Hyderabad,23,6,4,107,90.0,15.0,4.6,7.133333333333334,130,0,Nehru Stadium,,5,28.533333333333335,428,2.533333333333334,2011-04-27,2011
501230,2,5,6,Delhi Capitals,Kolkata Knight Riders,34,1,9,115,90.0,15.0,6.8,7.666666666666667,149,0,"Arun Jaitley Stadium, Delhi",Delhi Capitals,5,69.0,1035,0.8666666666666671,2011-04-28,2011
501231,2,5,6,Rajasthan Royals,Mumbai Indians,17,1,9,78,90.0,15.0,3.4,5.2,95,1,"Sawai Mansingh Stadium, Jaipur",Rajasthan Royals,5,46.800000000000004,702,1.8000000000000003,2011-04-29,2011
501232,2,5,6,Pune Warriors,Royal Challengers Bangalore,35,0,10,147,90.0,15.0,7.0,9.8,182,0,"M Chinnaswamy Stadium, Bengaluru",Royal Challengers Bangalore,5,98.0,1470,2.8000000000000007,2011-04-29,2011
501233,2,5,6,Kochi Tuskers Kerala,Delhi Capitals,29,3,7,129,90.0,15.0,5.8,8.6,158,0,Nehru Stadium,,5,60.199999999999996,903,2.8,2011-04-30,2011
501234,2,5,6,Kolkata Knight Riders,Punjab Kings,40,2,8,80,90.0,15.0,8.0,5.333333333333333,120,1,"Eden Gardens, Kolkata",Kolkata Knight Riders,5,42.666666666666664,640,-2.666666666666667,2011-04-30,2011
501235,2,5,6,Rajasthan Royals,Pune Warriors,29,1,9,115,90.0,15.0,5.8,7.666666666666667,144,1,"Sawai Mansingh Stadium, Jaipur",Rajasthan Royals,5,69.0,1035,1.8666666666666671,2011-05-01,2011
501236,2,5,7,Sunrisers Hyderabad,Chennai Super Kings,57,0,10,109,90.0,15.0,11.4,7.266666666666667,166,0,"MA Chidambaram Stadium, Chennai",Chennai Super Kings,5,72.66666666666667,1090,-4.133333333333334,2011-05-01,2011
501237,2,5,6,Punjab Kings,Mumbai Indians,18,1,9,142,90.0,15.0,3.6,9.466666666666669,160,0,"Wankhede Stadium, Mumbai",Mumbai Indians,5,85.20000000000002,1278,5.866666666666669,2011-05-02,2011
501238,2,5,6,Kochi Tuskers Kerala,Delhi Capitals,61,0,10,80,90.0,15.0,12.2,5.333333333333333,141,1,"Arun Jaitley Stadium, Delhi",Delhi Capitals,5,53.33333333333333,800,-6.866666666666666,2011-05-02,2011
501239,2,5,6,Sunrisers Hyderabad,Kolkata Knight Riders,38,0,10,132,90.0,15.0,7.6,8.8,170,0,"Rajiv Gandhi International Stadium, Hyderabad",Sunrisers Hyderabad,5,88.0,1320,1.200000000000001,2011-05-03,2011
501240,2,5,8,Chennai Super Kings,Rajasthan Royals,39,1,9,109,90.0,15.0,7.8,7.266666666666667,148,1,"MA Chidambaram Stadium, Chennai",Chennai Super Kings,5,65.4,981,-0.5333333333333332,2011-05-04,2011
501241,2,5,6,Pune Warriors,Mumbai Indians,27,2,8,134,90.0,15.0,5.4,8.933333333333334,161,0,"Dr DY Patil Sports Academy, Navi Mumbai",Mumbai Indians,5,71.46666666666667,1072,3.533333333333333,2011-05-04,2011
501242,2,5,6,Kolkata Knight Riders,Kochi Tuskers Kerala,40,0,10,117,90.0,15.0,8.0,7.8,157,0,Nehru Stadium,,5,78.0,1170,-0.20000000000000018,2011-05-05,2011
501243,2,5,9,Delhi Capitals,Sunrisers Hyderabad,24,2,8,152,90.0,15.0,4.8,10.133333333333333,176,1,"Rajiv Gandhi International Stadium, Hyderabad",Sunrisers Hyderabad,5,81.06666666666666,1216,5.333333333333333,2011-05-05,2011
501244,2,5,6,Punjab Kings,Royal Challengers Bangalore,33,3,7,173,90.0,15.0,6.6,11.533333333333331,206,0,"M Chinnaswamy Stadium, Bengaluru",Royal Challengers Bangalore,5,80.73333333333332,1211,4.933333333333332,2011-05-06,2011
501245,2,5,6,Kolkata Knight Riders,Chennai Super Kings,31,1,9,84,90.0,15.0,6.2,5.6,115,1,"Eden Gardens, Kolkata",Kolkata Knight Riders,5,50.4,756,-0.6000000000000005,2011-05-07,2011
501246,2,5,6,Delhi Capitals,Mumbai Indians,13,4,6,166,90.0,15.0,2.6,11.066666666666666,179,0,"Wankhede Stadium, Mumbai",Mumbai Indians,5,66.4,996,8.466666666666667,2011-05-07,2011
501247,2,5,7,Royal Challengers Bangalore,Kochi Tuskers Kerala,72,1,9,54,90.0,15.0,14.4,3.6,126,1,"M Chinnaswamy Stadium, Bengaluru",Royal Challengers Bangalore,5,32.4,486,-10.8,2011-05-08,2011
501248,2,5,6,Pune Warriors,Punjab Kings,32,1,9,88,90.0,15.0,6.4,5.866666666666666,120,1,"IS Bindra Stadium, Mohali",Punjab Kings,5,52.8,792,-0.5333333333333341,2011-05-08,2011
501249,2,5,6,Rajasthan Royals,Chennai Super Kings,38,1,9,159,90.0,15.0,7.6,10.6,197,0,"Sawai Mansingh Stadium, Jaipur",Rajasthan Royals,5,95.39999999999999,1431,3.0,2011-05-09,2011
501250,2,5,6,Pune Warriors,Sunrisers Hyderabad,43,0,10,94,90.0,15.0,8.6,6.266666666666667,137,1,"Rajiv Gandhi International Stadium, Hyderabad",Sunrisers Hyderabad,5,62.666666666666664,940,-2.333333333333333,2011-05-10,2011
501251,2,5,6,Mumbai Indians,Punjab Kings,28,3,7,136,90.0,15.0,5.6,9.066666666666666,164,0,"IS Bindra Stadium, Mohali",Punjab Kings,5,63.46666666666667,952,3.466666666666667,2011-05-10,2011
501252,2,5,6,Royal Challengers Bangalore,Rajasthan Royals,50,0,10,97,90.0,15.0,10.0,6.466666666666667,147,1,"Sawai Mansingh Stadium, Jaipur",Rajasthan Royals,5,64.66666666666667,970,-3.533333333333333,2011-05-11,2011
501253,2,5,6,Delhi Capitals,Chennai Super Kings,46,1,9,131,90.0,15.0,9.2,8.733333333333333,177,0,"MA Chidambaram Stadium, Chennai",Chennai Super Kings,5,78.6,1179,-0.4666666666666668,2011-05-12,2011
501254,2,5,6,Punjab Kings,Kochi Tuskers Kerala,35,2,8,144,90.0,15.0,7.0,9.6,179,1,"Holkar Cricket Stadium, Indore",Punjab Kings,5,76.8,1152,2.5999999999999996,2011-05-13,2011
501255,2,5,7,Royal Challengers Bangalore,Kolkata Knight Riders,58,1,9,32,90.0,15.0,11.6,2.1333333333333333,90,1,"M Chinnaswamy Stadium, Bengaluru",Royal Challengers Bangalore,5,19.2,288,-9.466666666666667,2011-05-14,2011
501256,2,5,6,Mumbai Indians,Sunrisers Hyderabad,24,2,8,112,90.0,15.0,4.8,7.466666666666667,136,0,"Wankhede Stadium, Mumbai",Mumbai Indians,5,59.733333333333334,896,2.666666666666667,2011-05-14,2011
501257,2,5,6,Delhi Capitals,Punjab Kings,25,0,10,146,90.0,15.0,5.0,9.733333333333333,171,0,"HPCA Stadium, Dharamsala",Punjab Kings,5,97.33333333333333,1460,4.7333333333333325,2011-05-15,2011
501258,2,5,6,Kochi Tuskers Kerala,Rajasthan Royals,73,2,8,25,90.0,15.0,14.6,1.6666666666666667,98,1,"Holkar Cricket Stadium, Indore",,5,13.333333333333334,200,-12.933333333333334,2011-05-15,2011
501259,2,5,6,Sunrisers Hyderabad,Pune Warriors,40,0,10,97,90.0,15.0,8.0,6.466666666666667,137,1,"Dr DY Patil Sports Academy, Navi Mumbai",,5,64.66666666666667,970,-1.5333333333333332,2011-05-16,2011
501260,2,5,6,Royal Challengers Bangalore,Punjab Kings,27,2,8,206,90.0,15.0,5.4,13.733333333333333,233,0,"HPCA Stadium, Dharamsala",Punjab Kings,5,109.86666666666666,1648,8.333333333333332,2011-05-17,2011
501261,2,5,6,Kochi Tuskers Kerala,Chennai Super Kings,29,1,9,124,90.0,15.0,5.8,8.266666666666667,153,0,"MA Chidambaram Stadium, Chennai",Chennai Super Kings,5,74.4,1116,2.4666666666666677,2011-05-18,2011
501262,2,5,6,Kolkata Knight Riders,Pune Warriors,43,1,9,76,90.0,15.0,8.6,5.066666666666666,119,1,"Dr DY Patil Sports Academy, Navi Mumbai",,5,45.599999999999994,684,-3.533333333333333,2011-05-19,2011
501263,2,5,6,Rajasthan Royals,Mumbai Indians,37,0,10,97,90.0,15.0,7.4,6.466666666666667,134,1,"Wankhede Stadium, Mumbai",Mumbai Indians,5,64.66666666666667,970,-0.9333333333333336,2011-05-20,2011
501264,2,5,7,Punjab Kings,Sunrisers Hyderabad,36,2,8,163,90.0,15.0,7.2,10.866666666666667,199,0,"HPCA Stadium, Dharamsala",Punjab Kings,5,86.93333333333334,1304,3.666666666666667,2011-05-21,2011
501266,2,5,6,Royal Challengers Bangalore,Chennai Super Kings,34,1,9,95,90.0,15.0,6.8,6.333333333333333,129,1,"M Chinnaswamy Stadium, Bengaluru",Royal Challengers Bangalore,5,57.0,855,-0.4666666666666668,2011-05-22,2011
501267,2,5,6,Mumbai Indians,Kolkata Knight Riders,36,1,9,140,90.0,15.0,7.2,9.333333333333334,176,1,"Eden Gardens, Kolkata",Kolkata Knight Riders,5,84.0,1260,2.1333333333333337,2011-05-22,2011
501268,2,5,6,Chennai Super Kings,Royal Challengers Bangalore,24,2,8,152,90.0,15.0,4.8,10.133333333333333,176,1,"Wankhede Stadium, Mumbai",,5,81.06666666666666,1216,5.333333333333333,2011-05-24,2011
501269,2,5,6,Mumbai Indians,Kolkata Knight Riders,51,0,10,97,90.0,15.0,10.2,6.466666666666667,148,1,"Wankhede Stadium, Mumbai",Mumbai Indians,5,64.66666666666667,970,-3.7333333333333325,2011-05-25,2011
501270,2,5,6,Mumbai Indians,Royal Challengers Bangalore,41,1,9,145,90.0,15.0,8.2,9.666666666666666,186,0,"MA Chidambaram Stadium, Chennai",,5,87.0,1305,1.4666666666666668,2011-05-27,2011
501271,2,5,6,Royal Challengers Bangalore,Chennai Super Kings,38,2,8,168,90.0,15.0,7.6,11.2,206,0,"MA Chidambaram Stadium, Chennai",Chennai Super Kings,5,89.6,1344,3.5999999999999996,2011-05-28,2011
548306,2,5,6,Mumbai Indians,Chennai Super Kings,37,0,10,76,90.0,15.0,7.4,5.066666666666666,113,1,"MA Chidambaram Stadium, Chennai",Chennai Super Kings,5,50.666666666666664,760,-2.333333333333334,2012-04-04,2012
548307,2,5,6,Delhi Capitals,Kolkata Knight Riders,39,0,10,59,90.0,15.0,7.8,3.933333333333333,98,1,"Eden Gardens, Kolkata",Kolkata Knight Riders,5,39.33333333333333,590,-3.8666666666666667,2012-04-05,2012
548308,2,5,7,Mumbai Indians,Pune Warriors,21,3,7,109,90.0,15.0,4.2,7.266666666666667,130,0,"Wankhede Stadium, Mumbai",Mumbai Indians,5,50.86666666666667,763,3.0666666666666664,2012-04-06,2012
548309,2,5,7,Punjab Kings,Rajasthan Royals,40,1,9,152,90.0,15.0,8.0,10.133333333333333,192,0,"Sawai Mansingh Stadium, Jaipur",Rajasthan Royals,5,91.19999999999999,1368,2.133333333333333,2012-04-06,2012
548310,2,5,6,Delhi Capitals,Royal Challengers Bangalore,40,1,9,118,90.0,15.0,8.0,7.866666666666666,158,0,"M Chinnaswamy Stadium, Bengaluru",Royal Challengers Bangalore,5,70.8,1062,-0.13333333333333375,2012-04-07,2012
548311,2,5,6,Sunrisers Hyderabad,Chennai Super Kings,35,1,9,159,90.0,15.0,7.0,10.6,194,0,Dr. Y.S. Rajasekhara Reddy ACA-VDCA Cricket Stadium,,5,95.39999999999999,1431,3.5999999999999996,2012-04-07,2012
548312,2,5,6,Kolkata Knight Riders,Rajasthan Royals,23,3,7,142,90.0,15.0,4.6,9.466666666666669,165,0,"Sawai Mansingh Stadium, Jaipur",Rajasthan Royals,5,66.26666666666668,994,4.866666666666669,2012-04-08,2012
548313,2,5,6,Punjab Kings,Pune Warriors,13,2,8,154,90.0,15.0,2.6,10.266666666666667,167,0,Subrata Roy Sahara Stadium,Pune Warriors,5,82.13333333333334,1232,7.666666666666668,2012-04-08,2012
548314,2,5,6,Mumbai Indians,Sunrisers Hyderabad,15,2,8,124,90.0,15.0,3.0,8.266666666666667,139,1,Dr. Y.S. Rajasekhara Reddy ACA-VDCA Cricket Stadium,,5,66.13333333333334,992,5.2666666666666675,2012-04-09,2012
548315,2,5,6,Royal Challengers Bangalore,Kolkata Knight Riders,20,2,8,146,90.0,15.0,4.0,9.733333333333333,166,0,"M Chinnaswamy Stadium, Bengaluru",Royal Challengers Bangalore,5,77.86666666666666,1168,5.7333333333333325,2012-04-10,2012
548316,2,5,6,Delhi Capitals,Chennai Super Kings,44,1,9,67,90.0,15.0,8.8,4.466666666666667,111,1,"Arun Jaitley Stadium, Delhi",Delhi Capitals,5,40.2,603,-4.333333333333334,2012-04-10,2012
548317,2,5,6,Rajasthan Royals,Mumbai Indians,35,2,8,163,90.0,15.0,7.0,10.866666666666667,198,0,"Wankhede Stadium, Mumbai",Mumbai Indians,5,86.93333333333334,1304,3.866666666666667,2012-04-11,2012
548318,2,5,6,Chennai Super Kings,Royal Challengers Bangalore,32,0,10,174,90.0,15.0,6.4,11.6,206,1,"MA Chidambaram Stadium, Chennai",Chennai Super Kings,5,116.0,1740,5.199999999999999,2012-04-12,2012
548319,2,5,6,Punjab Kings,Pune Warriors,28,1,9,88,90.0,15.0,5.6,5.866666666666666,116,1,"IS Bindra Stadium, Mohali",Punjab Kings,5,52.8,792,0.2666666666666666,2012-04-12,2012
548320,2,5,7,Kolkata Knight Riders,Rajasthan Royals,26,1,9,106,90.0,15.0,5.2,7.066666666666666,132,1,"Eden Gardens, Kolkata",Kolkata Knight Riders,5,63.599999999999994,954,1.8666666666666663,2012-04-13,2012
548321,2,5,7,Delhi Capitals,Sunrisers Hyderabad,27,3,7,131,90.0,15.0,5.4,8.733333333333333,158,1,"Arun Jaitley Stadium, Delhi",Delhi Capitals,5,61.133333333333326,917,3.333333333333332,2012-04-19,2012
548322,2,5,6,Pune Warriors,Chennai Super Kings,48,1,9,108,90.0,15.0,9.6,7.2,156,1,Subrata Roy Sahara Stadium,Pune Warriors,5,64.8,972,-2.3999999999999995,2012-04-14,2012
548323,2,5,8,Kolkata Knight Riders,Punjab Kings,41,2,8,94,90.0,15.0,8.2,6.266666666666667,135,0,"Eden Gardens, Kolkata",Kolkata Knight Riders,5,50.13333333333333,752,-1.9333333333333327,2012-04-15,2012
548324,2,5,6,Royal Challengers Bangalore,Rajasthan Royals,42,2,8,154,90.0,15.0,8.4,10.266666666666667,196,0,"M Chinnaswamy Stadium, Bengaluru",Royal Challengers Bangalore,5,82.13333333333334,1232,1.8666666666666671,2012-04-15,2012
548325,2,5,6,Delhi Capitals,Mumbai Indians,34,0,10,59,90.0,15.0,6.8,3.933333333333333,93,1,"Wankhede Stadium, Mumbai",Mumbai Indians,5,39.33333333333333,590,-2.8666666666666667,2012-04-16,2012
548326,2,5,7,Rajasthan Royals,Sunrisers Hyderabad,50,0,10,147,90.0,15.0,10.0,9.8,197,1,"Sawai Mansingh Stadium, Jaipur",Rajasthan Royals,5,98.0,1470,-0.1999999999999993,2012-04-17,2012
548327,2,5,6,Royal Challengers Bangalore,Pune Warriors,40,1,9,143,90.0,15.0,8.0,9.533333333333331,183,1,"M Chinnaswamy Stadium, Bengaluru",Royal Challengers Bangalore,5,85.79999999999998,1287,1.5333333333333314,2012-04-17,2012
548328,2,5,6,Kolkata Knight Riders,Punjab Kings,47,0,10,78,90.0,15.0,9.4,5.2,125,1,"IS Bindra Stadium, Mohali",Punjab Kings,5,52.0,780,-4.2,2012-04-18,2012
548329,2,5,6,Delhi Capitals,Sunrisers Hyderabad,44,1,9,144,90.0,15.0,8.8,9.6,188,1,"Rajiv Gandhi International Stadium, Hyderabad",Sunrisers Hyderabad,5,86.39999999999999,1296,0.7999999999999989,2012-05-10,2012
548330,2,5,6,Pune Warriors,Chennai Super Kings,35,2,8,130,90.0,15.0,7.0,8.666666666666666,165,0,"MA Chidambaram Stadium, Chennai",Chennai Super Kings,5,69.33333333333333,1040,1.666666666666666,2012-04-19,2012
548331,2,5,6,Royal Challengers Bangalore,Punjab Kings,25,2,8,139,90.0,15.0,5.0,9.266666666666667,164,1,"IS Bindra Stadium, Mohali",Punjab Kings,5,74.13333333333334,1112,4.2666666666666675,2012-04-20,2012
548332,2,5,6,Chennai Super Kings,Rajasthan Royals,40,0,10,107,90.0,15.0,8.0,7.133333333333334,147,1,"MA Chidambaram Stadium, Chennai",Chennai Super Kings,5,71.33333333333334,1070,-0.8666666666666663,2012-04-21,2012
548333,2,5,6,Delhi Capitals,Pune Warriors,29,1,9,164,90.0,15.0,5.8,10.933333333333334,193,0,"Arun Jaitley Stadium, Delhi",Delhi Capitals,5,98.4,1476,5.133333333333334,2012-04-21,2012
548334,2,5,6,Punjab Kings,Mumbai Indians,42,0,10,122,90.0,15.0,8.4,8.133333333333333,164,1,"Wankhede Stadium, Mumbai",Mumbai Indians,5,81.33333333333333,1220,-0.2666666666666675,2012-04-22,2012
548335,2,5,6,Kolkata Knight Riders,Sunrisers Hyderabad,32,1,9,95,90.0,15.0,6.4,6.333333333333333,127,1,Barabati Stadium,,5,57.0,855,-0.06666666666666732,2012-04-22,2012
548336,2,5,6,Rajasthan Royals,Royal Challengers Bangalore,35,0,10,155,90.0,15.0,7.0,10.333333333333334,190,0,"Sawai Mansingh Stadium, Jaipur",Rajasthan Royals,5,103.33333333333334,1550,3.333333333333334,2012-04-23,2012
548337,2,5,6,Delhi Capitals,Pune Warriors,46,1,9,101,90.0,15.0,9.2,6.733333333333333,147,1,Subrata Roy Sahara Stadium,Pune Warriors,5,60.6,909,-2.466666666666666,2012-04-24,2012
548339,2,5,6,Mumbai Indians,Punjab Kings,29,0,10,140,90.0,15.0,5.8,9.333333333333334,169,1,"IS Bindra Stadium, Mohali",Punjab Kings,5,93.33333333333334,1400,3.533333333333334,2012-04-25,2012
548341,2,5,7,Pune Warriors,Sunrisers Hyderabad,39,1,9,139,90.0,15.0,7.8,9.266666666666667,178,0,Subrata Roy Sahara Stadium,Pune Warriors,5,83.4,1251,1.4666666666666677,2012-04-26,2012
548342,2,5,6,Mumbai Indians,Delhi Capitals,36,3,7,172,90.0,15.0,7.2,11.466666666666669,208,0,"Arun Jaitley Stadium, Delhi",Delhi Capitals,5,80.26666666666668,1204,4.266666666666668,2012-04-27,2012
548343,2,5,6,Chennai Super Kings,Punjab Kings,45,0,10,112,90.0,15.0,9.0,7.466666666666667,157,0,"MA Chidambaram Stadium, Chennai",Chennai Super Kings,5,74.66666666666667,1120,-1.5333333333333332,2012-04-28,2012
548344,2,5,6,Royal Challengers Bangalore,Kolkata Knight Riders,32,1,9,159,90.0,15.0,6.4,10.6,191,0,"Eden Gardens, Kolkata",Kolkata Knight Riders,5,95.39999999999999,1431,4.199999999999999,2012-04-28,2012
548345,2,5,7,Rajasthan Royals,Delhi Capitals,30,0,10,123,90.0,15.0,6.0,8.2,153,0,"Arun Jaitley Stadium, Delhi",Delhi Capitals,5,82.0,1230,2.1999999999999993,2012-04-29,2012
548346,2,5,7,Mumbai Indians,Sunrisers Hyderabad,27,1,9,74,90.0,15.0,5.4,4.933333333333334,101,1,"Wankhede Stadium, Mumbai",Mumbai Indians,5,44.400000000000006,666,-0.4666666666666668,2012-04-29,2012
548347,2,5,6,Kolkata Knight Riders,Chennai Super Kings,31,1,9,109,90.0,15.0,6.2,7.266666666666667,140,1,"MA Chidambaram Stadium, Chennai",Chennai Super Kings,5,65.4,981,1.0666666666666664,2012-04-30,2012
548348,2,5,6,Pune Warriors,Sunrisers Hyderabad,31,1,9,156,90.0,15.0,6.2,10.4,187,0,Barabati Stadium,,5,93.60000000000001,1404,4.2,2012-05-01,2012
548349,2,5,6,Delhi Capitals,Rajasthan Royals,51,1,9,91,90.0,15.0,10.2,6.066666666666666,142,1,"Sawai Mansingh Stadium, Jaipur",Rajasthan Royals,5,54.599999999999994,819,-4.133333333333333,2012-05-01,2012
548350,2,5,6,Punjab Kings,Royal Challengers Bangalore,44,1,9,115,90.0,15.0,8.8,7.666666666666667,159,1,"M Chinnaswamy Stadium, Bengaluru",Royal Challengers Bangalore,5,69.0,1035,-1.1333333333333337,2012-05-02,2012
548351,2,5,6,Pune Warriors,Mumbai Indians,31,1,9,90,90.0,15.0,6.2,6.0,121,0,Subrata Roy Sahara Stadium,Pune Warriors,5,54.0,810,-0.20000000000000018,2012-05-03,2012
548352,2,5,6,Sunrisers Hyderabad,Chennai Super Kings,40,1,9,121,90.0,15.0,8.0,8.066666666666666,161,0,"MA Chidambaram Stadium, Chennai",Chennai Super Kings,5,72.6,1089,0.06666666666666643,2012-05-04,2012
548353,2,5,6,Pune Warriors,Kolkata Knight Riders,35,2,8,116,90.0,15.0,7.0,7.733333333333333,151,0,"Eden Gardens, Kolkata",Kolkata Knight Riders,5,61.86666666666667,928,0.7333333333333334,2012-05-05,2012
548354,2,5,6,Punjab Kings,Rajasthan Royals,27,1,9,151,90.0,15.0,5.4,10.066666666666666,178,0,"IS Bindra Stadium, Mohali",Punjab Kings,5,90.6,1359,4.666666666666666,2012-05-05,2012
548355,2,5,6,Mumbai Indians,Chennai Super Kings,38,1,9,136,90.0,15.0,7.6,9.066666666666666,174,1,"Wankhede Stadium, Mumbai",Mumbai Indians,5,81.6,1224,1.4666666666666668,2012-05-06,2012
548356,2,5,6,Royal Challengers Bangalore,Sunrisers Hyderabad,36,0,10,146,90.0,15.0,7.2,9.733333333333333,182,1,"M Chinnaswamy Stadium, Bengaluru",Royal Challengers Bangalore,5,97.33333333333333,1460,2.5333333333333323,2012-05-06,2012
548357,2,5,6,Kolkata Knight Riders,Delhi Capitals,50,0,10,104,90.0,15.0,10.0,6.933333333333334,154,1,"Arun Jaitley Stadium, Delhi",Delhi Capitals,5,69.33333333333334,1040,-3.0666666666666664,2012-05-07,2012
548358,2,5,6,Rajasthan Royals,Pune Warriors,41,1,9,85,90.0,15.0,8.2,5.666666666666667,126,1,Subrata Roy Sahara Stadium,Pune Warriors,5,51.0,765,-2.5333333333333323,2012-05-08,2012
548359,2,5,6,Sunrisers Hyderabad,Punjab Kings,31,2,8,140,90.0,15.0,6.2,9.333333333333334,171,0,"Rajiv Gandhi International Stadium, Hyderabad",Sunrisers Hyderabad,5,74.66666666666667,1120,3.1333333333333337,2012-05-08,2012
548360,2,5,6,Royal Challengers Bangalore,Mumbai Indians,27,0,10,115,90.0,15.0,5.4,7.666666666666667,142,1,"Wankhede Stadium, Mumbai",Mumbai Indians,5,76.66666666666667,1150,2.2666666666666666,2012-05-09,2012
548361,2,5,6,Chennai Super Kings,Rajasthan Royals,30,1,9,97,90.0,15.0,6.0,6.466666666666667,127,1,"Sawai Mansingh Stadium, Jaipur",Rajasthan Royals,5,58.2,873,0.4666666666666668,2012-05-10,2012
548362,2,5,6,Pune Warriors,Royal Challengers Bangalore,38,3,7,136,90.0,15.0,7.6,9.066666666666666,174,0,Subrata Roy Sahara Stadium,Pune Warriors,5,63.46666666666667,952,1.4666666666666668,2012-05-11,2012
548363,2,5,6,Kolkata Knight Riders,Mumbai Indians,23,2,8,160,90.0,15.0,4.6,10.666666666666666,183,0,"Eden Gardens, Kolkata",Kolkata Knight Riders,5,85.33333333333333,1280,6.066666666666666,2012-05-12,2012
548364,2,5,6,Chennai Super Kings,Delhi Capitals,38,0,10,77,90.0,15.0,7.6,5.133333333333334,115,1,"MA Chidambaram Stadium, Chennai",Chennai Super Kings,5,51.333333333333336,770,-2.466666666666666,2012-05-12,2012
548365,2,5,6,Pune Warriors,Rajasthan Royals,26,4,6,145,90.0,15.0,5.2,9.666666666666666,171,0,"Sawai Mansingh Stadium, Jaipur",Rajasthan Royals,5,58.0,870,4.466666666666666,2012-05-13,2012
548366,2,5,6,Punjab Kings,Sunrisers Hyderabad,28,2,8,163,90.0,15.0,5.6,10.866666666666667,191,1,"IS Bindra Stadium, Mohali",Punjab Kings,5,86.93333333333334,1304,5.2666666666666675,2012-05-13,2012
548367,2,5,7,Mumbai Indians,Royal Challengers Bangalore,28,3,7,144,90.0,15.0,5.6,9.6,172,1,"M Chinnaswamy Stadium, Bengaluru",Royal Challengers Bangalore,5,67.2,1008,4.0,2012-05-14,2012
548368,2,5,6,Chennai Super Kings,Kolkata Knight Riders,44,0,10,115,90.0,15.0,8.8,7.666666666666667,159,1,"Eden Gardens, Kolkata",Kolkata Knight Riders,5,76.66666666666667,1150,-1.1333333333333337,2012-05-14,2012
548369,2,5,6,Delhi Capitals,Punjab Kings,36,2,8,101,90.0,15.0,7.2,6.733333333333333,137,1,"Arun Jaitley Stadium, Delhi",Delhi Capitals,5,53.86666666666667,808,-0.4666666666666668,2012-05-15,2012
548370,2,5,6,Mumbai Indians,Kolkata Knight Riders,20,0,10,121,90.0,15.0,4.0,8.066666666666666,141,0,"Wankhede Stadium, Mumbai",Mumbai Indians,5,80.66666666666666,1210,4.066666666666666,2012-05-16,2012
548371,2,5,6,Punjab Kings,Chennai Super Kings,34,0,10,87,90.0,15.0,6.8,5.8,121,1,"HPCA Stadium, Dharamsala",Punjab Kings,5,58.0,870,-1.0,2012-05-17,2012
548372,2,5,6,Delhi Capitals,Royal Challengers Bangalore,47,2,8,169,90.0,15.0,9.4,11.266666666666667,216,0,"Arun Jaitley Stadium, Delhi",Delhi Capitals,5,90.13333333333334,1352,1.8666666666666671,2012-05-17,2012
548373,2,5,6,Sunrisers Hyderabad,Rajasthan Royals,44,0,10,83,90.0,15.0,8.8,5.533333333333333,127,1,"Rajiv Gandhi International Stadium, Hyderabad",Sunrisers Hyderabad,5,55.33333333333333,830,-3.2666666666666675,2012-05-18,2012
548374,2,5,6,Delhi Capitals,Punjab Kings,34,0,10,108,90.0,15.0,6.8,7.2,142,1,"HPCA Stadium, Dharamsala",Punjab Kings,5,72.0,1080,0.40000000000000036,2012-05-19,2012
548375,2,5,7,Pune Warriors,Kolkata Knight Riders,35,1,9,102,90.0,15.0,7.0,6.8,137,0,Subrata Roy Sahara Stadium,Pune Warriors,5,61.199999999999996,918,-0.20000000000000018,2012-05-19,2012
548376,2,5,6,Royal Challengers Bangalore,Sunrisers Hyderabad,37,2,8,96,90.0,15.0,7.4,6.4,133,0,"Rajiv Gandhi International Stadium, Hyderabad",Sunrisers Hyderabad,5,51.2,768,-1.0,2012-05-20,2012
548377,2,5,7,Mumbai Indians,Rajasthan Royals,39,0,10,124,90.0,15.0,7.8,8.266666666666667,163,1,"Sawai Mansingh Stadium, Jaipur",Rajasthan Royals,5,82.66666666666667,1240,0.4666666666666677,2012-05-20,2012
548378,2,5,7,Delhi Capitals,Kolkata Knight Riders,47,2,8,116,90.0,15.0,9.4,7.733333333333333,163,0,Subrata Roy Sahara Stadium,,5,61.86666666666667,928,-1.666666666666667,2012-05-22,2012
548379,2,5,6,Mumbai Indians,Chennai Super Kings,47,1,9,141,90.0,15.0,9.4,9.4,188,0,"M Chinnaswamy Stadium, Bengaluru",,5,84.60000000000001,1269,0.0,2012-05-23,2012
548380,2,5,6,Delhi Capitals,Chennai Super Kings,35,2,8,188,90.0,15.0,7.0,12.533333333333331,223,0,"MA Chidambaram Stadium, Chennai",Chennai Super Kings,5,100.26666666666665,1504,5.533333333333331,2012-05-25,2012
548381,2,5,6,Kolkata Knight Riders,Chennai Super Kings,41,1,9,150,90.0,15.0,8.2,10.0,191,1,"MA Chidambaram Stadium, Chennai",Chennai Super Kings,5,90.0,1350,1.8000000000000007,2012-05-27,2012
597998,2,5,7,Kolkata Knight Riders,Delhi Capitals,40,1,9,89,90.0,15.0,8.0,5.933333333333334,129,1,"Eden Gardens, Kolkata",Kolkata Knight Riders,5,53.400000000000006,801,-2.0666666666666664,2013-04-03,2013
597999,2,5,6,Mumbai Indians,Royal Challengers Bangalore,27,0,10,130,90.0,15.0,5.4,8.666666666666666,157,0,"M Chinnaswamy Stadium, Bengaluru",Royal Challengers Bangalore,5,86.66666666666666,1300,3.2666666666666657,2013-04-04,2013
598000,2,5,6,Pune Warriors,Sunrisers Hyderabad,18,0,10,109,90.0,15.0,3.6,7.266666666666667,127,0,"Rajiv Gandhi International Stadium, Hyderabad",Sunrisers Hyderabad,5,72.66666666666667,1090,3.6666666666666665,2013-04-05,2013
598001,2,5,6,Delhi Capitals,Rajasthan Royals,33,0,10,133,90.0,15.0,6.6,8.866666666666667,166,0,"Arun Jaitley Stadium, Delhi",Delhi Capitals,5,88.66666666666667,1330,2.2666666666666675,2013-04-06,2013
598002,2,5,6,Chennai Super Kings,Mumbai Indians,32,2,8,117,90.0,15.0,6.4,7.8,149,0,"MA Chidambaram Stadium, Chennai",Chennai Super Kings,5,62.4,936,1.3999999999999995,2013-04-06,2013
598003,2,5,6,Punjab Kings,Pune Warriors,54,1,9,46,90.0,15.0,10.8,3.066666666666667,100,1,Subrata Roy Sahara Stadium,Pune Warriors,5,27.6,414,-7.733333333333334,2013-04-07,2013
598004,2,5,7,Sunrisers Hyderabad,Royal Challengers Bangalore,31,2,8,100,90.0,15.0,6.2,6.666666666666667,131,0,"Rajiv Gandhi International Stadium, Hyderabad",Sunrisers Hyderabad,5,53.333333333333336,800,0.4666666666666668,2013-04-07,2013
598005,2,5,6,Kolkata Knight Riders,Rajasthan Royals,36,2,8,109,90.0,15.0,7.2,7.266666666666667,145,0,"Sawai Mansingh Stadium, Jaipur",Rajasthan Royals,5,58.13333333333333,872,0.06666666666666643,2013-04-08,2013
598006,2,5,6,Delhi Capitals,Mumbai Indians,42,2,8,168,90.0,15.0,8.4,11.2,210,0,"Wankhede Stadium, Mumbai",Mumbai Indians,5,89.6,1344,2.799999999999999,2013-04-09,2013
598007,2,5,6,Chennai Super Kings,Punjab Kings,31,0,10,108,90.0,15.0,6.2,7.2,139,1,"IS Bindra Stadium, Mohali",Punjab Kings,5,72.0,1080,1.0,2013-04-10,2013
598008,2,5,6,Royal Challengers Bangalore,Kolkata Knight Riders,21,1,9,134,90.0,15.0,4.2,8.933333333333334,155,1,"M Chinnaswamy Stadium, Bengaluru",Royal Challengers Bangalore,5,80.4,1206,4.733333333333333,2013-04-11,2013
598009,2,5,6,Pune Warriors,Rajasthan Royals,58,1,9,88,90.0,15.0,11.6,5.866666666666666,146,1,Subrata Roy Sahara Stadium,Pune Warriors,5,52.8,792,-5.733333333333333,2013-04-11,2013
598010,2,5,6,Sunrisers Hyderabad,Delhi Capitals,25,1,9,90,90.0,15.0,5.0,6.0,115,1,"Arun Jaitley Stadium, Delhi",Delhi Capitals,5,54.0,810,1.0,2013-04-12,2013
598011,2,5,6,Pune Warriors,Mumbai Indians,34,3,7,150,90.0,15.0,6.8,10.0,184,0,"Wankhede Stadium, Mumbai",Mumbai Indians,5,70.0,1050,3.2,2013-04-13,2013
598012,2,5,7,Chennai Super Kings,Royal Challengers Bangalore,17,2,8,149,90.0,15.0,3.4,9.933333333333334,166,1,"MA Chidambaram Stadium, Chennai",Chennai Super Kings,5,79.46666666666667,1192,6.533333333333333,2013-04-13,2013
598013,2,5,6,Sunrisers Hyderabad,Kolkata Knight Riders,33,0,10,148,90.0,15.0,6.6,9.866666666666667,181,0,"Eden Gardens, Kolkata",Kolkata Knight Riders,5,98.66666666666667,1480,3.2666666666666675,2013-04-14,2013
598014,2,5,6,Rajasthan Royals,Punjab Kings,44,1,9,81,90.0,15.0,8.8,5.4,125,1,"Sawai Mansingh Stadium, Jaipur",Rajasthan Royals,5,48.6,729,-3.4000000000000004,2013-04-14,2013
598015,2,5,6,Chennai Super Kings,Pune Warriors,25,2,8,135,90.0,15.0,5.0,9.0,160,0,"MA Chidambaram Stadium, Chennai",Chennai Super Kings,5,72.0,1080,4.0,2013-04-15,2013
598016,2,5,6,Kolkata Knight Riders,Punjab Kings,34,2,8,124,90.0,15.0,6.8,8.266666666666667,158,0,"IS Bindra Stadium, Mohali",Punjab Kings,5,66.13333333333334,992,1.4666666666666677,2013-04-16,2013
598017,2,5,6,Royal Challengers Bangalore,Delhi Capitals,43,2,8,110,90.0,15.0,8.6,7.333333333333333,153,0,"M Chinnaswamy Stadium, Bengaluru",Royal Challengers Bangalore,5,58.666666666666664,880,-1.2666666666666666,2013-04-16,2013
598018,2,5,6,Pune Warriors,Sunrisers Hyderabad,39,2,8,81,90.0,15.0,7.8,5.4,120,0,"MCA Stadium, Pune",Pune Warriors,5,43.2,648,-2.3999999999999995,2013-04-17,2013
598019,2,5,7,Mumbai Indians,Rajasthan Royals,24,2,8,156,90.0,15.0,4.8,10.4,180,0,"Sawai Mansingh Stadium, Jaipur",Rajasthan Royals,5,83.2,1248,5.6000000000000005,2013-04-17,2013
598020,2,5,6,Delhi Capitals,Chennai Super Kings,30,3,7,140,90.0,15.0,6.0,9.333333333333334,170,0,"Arun Jaitley Stadium, Delhi",Delhi Capitals,5,65.33333333333334,980,3.333333333333334,2013-04-18,2013
598021,2,5,6,Sunrisers Hyderabad,Punjab Kings,25,1,9,99,90.0,15.0,5.0,6.6,124,1,"Rajiv Gandhi International Stadium, Hyderabad",Sunrisers Hyderabad,5,59.4,891,1.5999999999999996,2013-04-19,2013
598022,2,5,6,Chennai Super Kings,Kolkata Knight Riders,26,1,9,94,90.0,15.0,5.2,6.266666666666667,120,1,"Eden Gardens, Kolkata",Kolkata Knight Riders,5,56.4,846,1.0666666666666664,2013-04-20,2013
598023,2,5,7,Royal Challengers Bangalore,Rajasthan Royals,46,0,10,72,90.0,15.0,9.2,4.8,118,1,"M Chinnaswamy Stadium, Bengaluru",Royal Challengers Bangalore,5,48.0,720,-4.3999999999999995,2013-04-20,2013
598024,2,5,6,Delhi Capitals,Mumbai Indians,51,0,10,111,90.0,15.0,10.2,7.4,162,1,"Arun Jaitley Stadium, Delhi",Delhi Capitals,5,74.0,1110,-2.799999999999999,2013-04-21,2013
598025,2,5,6,Punjab Kings,Pune Warriors,44,2,8,142,90.0,15.0,8.8,9.466666666666669,186,1,"IS Bindra Stadium, Mohali",Punjab Kings,5,75.73333333333335,1136,0.6666666666666679,2013-04-21,2013
598026,2,5,6,Chennai Super Kings,Rajasthan Royals,45,1,9,141,90.0,15.0,9.0,9.4,186,1,"MA Chidambaram Stadium, Chennai",Chennai Super Kings,5,84.60000000000001,1269,0.40000000000000036,2013-04-22,2013
598027,2,5,7,Pune Warriors,Royal Challengers Bangalore,37,2,8,227,90.0,15.0,7.4,15.133333333333333,264,0,"M Chinnaswamy Stadium, Bengaluru",Royal Challengers Bangalore,5,121.06666666666666,1816,7.7333333333333325,2013-04-23,2013
598028,2,5,6,Delhi Capitals,Punjab Kings,14,3,7,158,90.0,15.0,2.8,10.533333333333331,172,0,"HPCA Stadium, Dharamsala",Punjab Kings,5,73.73333333333332,1106,7.733333333333332,2013-05-16,2013
598029,2,5,6,Mumbai Indians,Kolkata Knight Riders,30,1,9,130,90.0,15.0,6.0,8.666666666666666,160,1,"Eden Gardens, Kolkata",Kolkata Knight Riders,5,78.0,1170,2.666666666666666,2013-04-24,2013
598030,2,5,6,Chennai Super Kings,Sunrisers Hyderabad,46,0,10,114,90.0,15.0,9.2,7.6,160,1,"MA Chidambaram Stadium, Chennai",Chennai Super Kings,5,76.0,1140,-1.5999999999999996,2013-04-25,2013
598031,2,5,6,Kolkata Knight Riders,Punjab Kings,36,2,8,114,90.0,15.0,7.2,7.6,150,1,"Eden Gardens, Kolkata",Kolkata Knight Riders,5,60.8,912,0.39999999999999947,2013-04-26,2013
598032,2,5,7,Rajasthan Royals,Sunrisers Hyderabad,21,1,9,124,90.0,15.0,4.2,8.266666666666667,145,1,"Sawai Mansingh Stadium, Jaipur",Rajasthan Royals,5,74.4,1116,4.066666666666667,2013-04-27,2013
598033,2,5,6,Royal Challengers Bangalore,Mumbai Indians,34,0,10,161,90.0,15.0,6.8,10.733333333333333,195,0,"Wankhede Stadium, Mumbai",Mumbai Indians,5,107.33333333333333,1610,3.9333333333333327,2013-04-27,2013
598034,2,5,6,Kolkata Knight Riders,Chennai Super Kings,51,1,9,150,90.0,15.0,10.2,10.0,201,0,"MA Chidambaram Stadium, Chennai",Chennai Super Kings,5,90.0,1350,-0.1999999999999993,2013-04-28,2013
598035,2,5,7,Pune Warriors,Delhi Capitals,37,0,10,128,90.0,15.0,7.4,8.533333333333333,165,0,"SVNS Intl Stadium, Raipur",Delhi Capitals,5,85.33333333333333,1280,1.1333333333333329,2013-04-28,2013
598036,2,5,7,Rajasthan Royals,Royal Challengers Bangalore,36,1,9,136,90.0,15.0,7.2,9.066666666666666,172,1,"Sawai Mansingh Stadium, Jaipur",Rajasthan Royals,5,81.6,1224,1.8666666666666663,2013-04-29,2013
598037,2,5,6,Punjab Kings,Mumbai Indians,38,2,8,137,90.0,15.0,7.6,9.133333333333333,175,0,"Wankhede Stadium, Mumbai",Mumbai Indians,5,73.06666666666666,1096,1.5333333333333332,2013-04-29,2013
598038,2,5,6,Pune Warriors,Chennai Super Kings,43,4,6,122,90.0,15.0,8.6,8.133333333333333,165,0,Subrata Roy Sahara Stadium,Pune Warriors,5,48.8,732,-0.4666666666666668,2013-04-30,2013
598039,2,5,6,Sunrisers Hyderabad,Mumbai Indians,25,1,9,105,90.0,15.0,5.0,7.0,130,1,"Rajiv Gandhi International Stadium, Hyderabad",Sunrisers Hyderabad,5,63.0,945,2.0,2013-05-01,2013
598040,2,5,6,Delhi Capitals,Kolkata Knight Riders,32,2,8,105,90.0,15.0,6.4,7.0,137,1,"SVNS Intl Stadium, Raipur",Delhi Capitals,5,56.0,840,0.5999999999999996,2013-05-01,2013
598041,2,5,6,Punjab Kings,Chennai Super Kings,27,1,9,160,90.0,15.0,5.4,10.666666666666666,187,0,"MA Chidambaram Stadium, Chennai",Chennai Super Kings,5,96.0,1440,5.266666666666666,2013-05-02,2013
598042,2,5,6,Pune Warriors,Royal Challengers Bangalore,35,1,9,153,90.0,15.0,7.0,10.2,188,0,Subrata Roy Sahara Stadium,Pune Warriors,5,91.8,1377,3.1999999999999993,2013-05-02,2013
598043,2,5,6,Kolkata Knight Riders,Rajasthan Royals,40,0,10,93,90.0,15.0,8.0,6.2,133,1,"Eden Gardens, Kolkata",Kolkata Knight Riders,5,62.0,930,-1.7999999999999998,2013-05-03,2013
598044,2,5,6,Sunrisers Hyderabad,Delhi Capitals,33,1,9,48,90.0,15.0,6.6,3.2,81,1,"Rajiv Gandhi International Stadium, Hyderabad",Sunrisers Hyderabad,5,28.8,432,-3.3999999999999995,2013-05-04,2013
598045,2,5,6,Punjab Kings,Royal Challengers Bangalore,33,1,9,142,90.0,15.0,6.6,9.466666666666669,175,1,"M Chinnaswamy Stadium, Bengaluru",Royal Challengers Bangalore,5,85.20000000000002,1278,2.866666666666669,2013-05-14,2013
598046,2,5,6,Chennai Super Kings,Mumbai Indians,21,4,6,119,90.0,15.0,4.2,7.933333333333334,140,0,"Wankhede Stadium, Mumbai",Mumbai Indians,5,47.6,714,3.7333333333333334,2013-05-05,2013
598047,2,5,6,Rajasthan Royals,Pune Warriors,40,0,10,139,90.0,15.0,8.0,9.266666666666667,179,1,"Sawai Mansingh Stadium, Jaipur",Rajasthan Royals,5,92.66666666666667,1390,1.2666666666666675,2013-05-05,2013
598048,2,5,6,Royal Challengers Bangalore,Sunrisers Hyderabad,39,0,10,123,90.0,15.0,7.8,8.2,162,1,"M Chinnaswamy Stadium, Bengaluru",Royal Challengers Bangalore,5,82.0,1230,0.39999999999999947,2013-04-09,2013
598049,2,5,6,Rajasthan Royals,Delhi Capitals,36,0,10,119,90.0,15.0,7.2,7.933333333333334,155,1,"Sawai Mansingh Stadium, Jaipur",Rajasthan Royals,5,79.33333333333334,1190,0.7333333333333334,2013-05-07,2013
598050,2,5,6,Kolkata Knight Riders,Mumbai Indians,30,1,9,141,90.0,15.0,6.0,9.4,171,0,"Wankhede Stadium, Mumbai",Mumbai Indians,5,84.60000000000001,1269,3.4000000000000004,2013-05-07,2013
598051,2,5,7,Sunrisers Hyderabad,Chennai Super Kings,46,1,9,178,90.0,15.0,9.2,11.866666666666667,224,0,"Rajiv Gandhi International Stadium, Hyderabad",Sunrisers Hyderabad,5,106.80000000000001,1602,2.666666666666668,2013-05-08,2013
598052,2,5,6,Rajasthan Royals,Punjab Kings,31,1,9,115,90.0,15.0,6.2,7.666666666666667,146,1,"IS Bindra Stadium, Mohali",Punjab Kings,5,69.0,1035,1.4666666666666668,2013-05-09,2013
598053,2,5,7,Pune Warriors,Kolkata Knight Riders,29,2,8,124,90.0,15.0,5.8,8.266666666666667,153,0,Subrata Roy Sahara Stadium,Pune Warriors,5,66.13333333333334,992,2.4666666666666677,2013-05-09,2013
598054,2,5,6,Delhi Capitals,Royal Challengers Bangalore,48,1,9,136,90.0,15.0,9.6,9.066666666666666,184,0,"Arun Jaitley Stadium, Delhi",Delhi Capitals,5,81.6,1224,-0.5333333333333332,2013-05-10,2013
598055,2,5,6,Mumbai Indians,Pune Warriors,26,2,8,87,90.0,15.0,5.2,5.8,113,1,Subrata Roy Sahara Stadium,Pune Warriors,5,46.4,696,0.5999999999999996,2013-05-11,2013
598056,2,5,6,Punjab Kings,Sunrisers Hyderabad,29,1,9,122,90.0,15.0,5.8,8.133333333333333,151,0,"IS Bindra Stadium, Mohali",Punjab Kings,5,73.19999999999999,1098,2.333333333333333,2013-05-11,2013
598057,2,5,6,Kolkata Knight Riders,Royal Challengers Bangalore,27,1,9,89,90.0,15.0,5.4,5.933333333333334,116,1,JSCA International Stadium Complex,,5,53.400000000000006,801,0.5333333333333332,2013-05-12,2013
598058,2,5,6,Rajasthan Royals,Chennai Super Kings,19,3,7,123,90.0,15.0,3.8,8.2,142,1,"Sawai Mansingh Stadium, Jaipur",Rajasthan Royals,5,57.39999999999999,861,4.3999999999999995,2013-05-12,2013
598059,2,5,6,Punjab Kings,Delhi Capitals,51,3,7,70,90.0,15.0,10.2,4.666666666666667,121,1,"Arun Jaitley Stadium, Delhi",Delhi Capitals,5,32.66666666666667,490,-5.533333333333332,2013-04-23,2013
598060,2,5,6,Mumbai Indians,Sunrisers Hyderabad,35,1,9,144,90.0,15.0,7.0,9.6,179,1,"Wankhede Stadium, Mumbai",Mumbai Indians,5,86.39999999999999,1296,2.5999999999999996,2013-05-13,2013
598061,2,5,6,Kolkata Knight Riders,Pune Warriors,30,3,7,141,90.0,15.0,6.0,9.4,171,0,JSCA International Stadium Complex,,5,65.8,987,3.4000000000000004,2013-05-15,2013
598062,2,5,6,Delhi Capitals,Chennai Super Kings,34,2,8,135,90.0,15.0,6.8,9.0,169,0,"MA Chidambaram Stadium, Chennai",Chennai Super Kings,5,72.0,1080,2.2,2013-05-14,2013
598063,2,5,6,Rajasthan Royals,Mumbai Indians,27,3,7,140,90.0,15.0,5.4,9.333333333333334,167,0,"Wankhede Stadium, Mumbai",Mumbai Indians,5,65.33333333333334,980,3.9333333333333336,2013-05-15,2013
598064,2,5,6,Punjab Kings,Royal Challengers Bangalore,31,2,8,160,90.0,15.0,6.2,10.666666666666666,191,1,"IS Bindra Stadium, Mohali",Punjab Kings,5,85.33333333333333,1280,4.466666666666666,2013-05-06,2013
598065,2,5,6,Rajasthan Royals,Sunrisers Hyderabad,30,0,10,107,90.0,15.0,6.0,7.133333333333334,137,0,"Rajiv Gandhi International Stadium, Hyderabad",Sunrisers Hyderabad,5,71.33333333333334,1070,1.1333333333333337,2013-05-17,2013
598066,2,5,7,Mumbai Indians,Punjab Kings,37,2,8,147,90.0,15.0,7.4,9.8,184,0,"HPCA Stadium, Dharamsala",Punjab Kings,5,78.4,1176,2.4000000000000004,2013-05-18,2013
598067,2,5,7,Delhi Capitals,Pune Warriors,40,2,8,133,90.0,15.0,8.0,8.866666666666667,173,0,Subrata Roy Sahara Stadium,Pune Warriors,5,70.93333333333334,1064,0.8666666666666671,2013-05-19,2013
598068,2,5,6,Chennai Super Kings,Royal Challengers Bangalore,37,3,7,70,90.0,15.0,7.4,4.666666666666667,107,0,"M Chinnaswamy Stadium, Bengaluru",Royal Challengers Bangalore,5,32.66666666666667,490,-2.7333333333333334,2013-05-18,2013
598069,2,5,6,Sunrisers Hyderabad,Kolkata Knight Riders,30,0,10,101,90.0,15.0,6.0,6.733333333333333,131,1,"Rajiv Gandhi International Stadium, Hyderabad",Sunrisers Hyderabad,5,67.33333333333333,1010,0.7333333333333334,2013-05-19,2013
598070,2,5,6,Mumbai Indians,Chennai Super Kings,40,1,9,153,90.0,15.0,8.0,10.2,193,0,"Arun Jaitley Stadium, Delhi",,5,91.8,1377,2.1999999999999993,2013-05-21,2013
598071,2,5,6,Rajasthan Royals,Sunrisers Hyderabad,28,1,9,105,90.0,15.0,5.6,7.0,133,1,"Arun Jaitley Stadium, Delhi",,5,63.0,945,1.4000000000000004,2013-05-22,2013
598072,2,5,6,Mumbai Indians,Rajasthan Royals,36,0,10,130,90.0,15.0,7.2,8.666666666666666,166,1,"Eden Gardens, Kolkata",,5,86.66666666666666,1300,1.466666666666666,2013-05-24,2013
598073,2,5,6,Chennai Super Kings,Mumbai Indians,29,3,7,120,90.0,15.0,5.8,8.0,149,0,"Eden Gardens, Kolkata",,5,56.0,840,2.2,2013-05-26,2013
729279,2,5,6,Mumbai Indians,Kolkata Knight Riders,25,1,9,139,90.0,15.0,5.0,9.266666666666667,164,0,"Sheikh Zayed Stadium, Abu Dhabi",,5,83.4,1251,4.2666666666666675,2014-04-16,2014
729281,2,5,6,Royal Challengers Bangalore,Delhi Capitals,37,1,9,109,90.0,15.0,7.4,7.266666666666667,146,1,"Sharjah Cricket Stadium, Sharjah",,5,65.4,981,-0.13333333333333375,2014-04-17,2014
729283,2,5,6,Punjab Kings,Chennai Super Kings,52,2,8,154,90.0,15.0,10.4,10.266666666666667,206,1,"Sheikh Zayed Stadium, Abu Dhabi",,5,82.13333333333334,1232,-0.13333333333333286,2014-04-18,2014
729285,2,5,7,Rajasthan Royals,Sunrisers Hyderabad,28,2,8,106,90.0,15.0,5.6,7.066666666666666,134,1,"Sheikh Zayed Stadium, Abu Dhabi",,5,56.53333333333333,848,1.4666666666666668,2014-04-18,2014
729287,2,5,6,Royal Challengers Bangalore,Mumbai Indians,24,3,7,92,90.0,15.0,4.8,6.133333333333334,116,1,"Dubai International Cricket Stadium, Dubai",,5,42.93333333333334,644,1.333333333333334,2014-04-19,2014
729289,2,5,6,Delhi Capitals,Kolkata Knight Riders,43,2,8,124,90.0,15.0,8.6,8.266666666666667,167,1,"Dubai International Cricket Stadium, Dubai",,5,66.13333333333334,992,-0.33333333333333215,2014-04-19,2014
729291,2,5,6,Punjab Kings,Rajasthan Royals,30,2,8,162,90.0,15.0,6.0,10.8,192,1,"Sharjah Cricket Stadium, Sharjah",,5,86.4,1296,4.800000000000001,2014-04-20,2014
729293,2,5,6,Delhi Capitals,Chennai Super Kings,18,3,7,160,90.0,15.0,3.6,10.666666666666666,178,0,"Sheikh Zayed Stadium, Abu Dhabi",,5,74.66666666666666,1120,7.066666666666666,2014-04-21,2014
729295,2,5,7,Sunrisers Hyderabad,Punjab Kings,33,3,7,161,90.0,15.0,6.6,10.733333333333333,194,0,"Sharjah Cricket Stadium, Sharjah",,5,75.13333333333333,1127,4.133333333333333,2014-04-22,2014
729297,2,5,6,Rajasthan Royals,Chennai Super Kings,37,1,9,104,90.0,15.0,7.4,6.933333333333334,141,0,"Dubai International Cricket Stadium, Dubai",,5,62.400000000000006,936,-0.4666666666666668,2014-04-23,2014
729299,2,5,6,Royal Challengers Bangalore,Kolkata Knight Riders,34,0,10,117,90.0,15.0,6.8,7.8,151,0,"Sharjah Cricket Stadium, Sharjah",,5,78.0,1170,1.0,2014-04-24,2014
729301,2,5,6,Delhi Capitals,Sunrisers Hyderabad,37,0,10,148,90.0,15.0,7.4,9.866666666666667,185,0,"Dubai International Cricket Stadium, Dubai",,5,98.66666666666667,1480,2.466666666666667,2014-04-25,2014
729303,2,5,7,Chennai Super Kings,Mumbai Indians,37,0,10,105,90.0,15.0,7.4,7.0,142,1,"Dubai International Cricket Stadium, Dubai",,5,70.0,1050,-0.40000000000000036,2014-04-25,2014
729305,2,5,6,Rajasthan Royals,Royal Challengers Bangalore,32,1,9,39,90.0,15.0,6.4,2.6,71,1,"Sheikh Zayed Stadium, Abu Dhabi",,5,23.400000000000002,351,-3.8000000000000003,2014-04-26,2014
729307,2,5,6,Kolkata Knight Riders,Punjab Kings,19,2,8,114,90.0,15.0,3.8,7.6,133,0,"Sheikh Zayed Stadium, Abu Dhabi",,5,60.8,912,3.8,2014-04-26,2014
729309,2,5,7,Delhi Capitals,Mumbai Indians,30,0,10,96,90.0,15.0,6.0,6.4,126,1,"Sharjah Cricket Stadium, Sharjah",,5,64.0,960,0.40000000000000036,2014-04-27,2014
729311,2,5,6,Chennai Super Kings,Sunrisers Hyderabad,36,0,10,110,90.0,15.0,7.2,7.333333333333333,146,1,"Sharjah Cricket Stadium, Sharjah",,5,73.33333333333333,1100,0.13333333333333286,2014-04-27,2014
729313,2,5,6,Punjab Kings,Royal Challengers Bangalore,31,1,9,94,90.0,15.0,6.2,6.266666666666667,125,1,"Dubai International Cricket Stadium, Dubai",,5,56.4,846,0.06666666666666643,2014-04-28,2014
729315,2,5,6,Kolkata Knight Riders,Rajasthan Royals,30,1,9,123,90.0,15.0,6.0,8.2,153,0,"Sheikh Zayed Stadium, Abu Dhabi",,5,73.8,1107,2.1999999999999993,2014-04-29,2014
729317,2,5,6,Mumbai Indians,Sunrisers Hyderabad,24,2,8,149,90.0,15.0,4.8,9.933333333333334,173,0,"Dubai International Cricket Stadium, Dubai",,5,79.46666666666667,1192,5.133333333333334,2014-04-30,2014
733971,2,5,6,Kolkata Knight Riders,Chennai Super Kings,38,2,8,111,90.0,15.0,7.6,7.4,149,0,JSCA International Stadium Complex,,5,59.2,888,-0.1999999999999993,2014-05-02,2014
733973,2,5,6,Mumbai Indians,Punjab Kings,42,2,8,127,90.0,15.0,8.4,8.466666666666667,169,1,"Wankhede Stadium, Mumbai",Mumbai Indians,5,67.73333333333333,1016,0.06666666666666643,2014-05-03,2014
733975,2,5,6,Rajasthan Royals,Delhi Capitals,31,1,9,122,90.0,15.0,6.2,8.133333333333333,153,1,"Arun Jaitley Stadium, Delhi",Delhi Capitals,5,73.19999999999999,1098,1.9333333333333327,2014-05-03,2014
733977,2,5,6,Royal Challengers Bangalore,Sunrisers Hyderabad,32,2,8,124,90.0,15.0,6.4,8.266666666666667,156,1,"M Chinnaswamy Stadium, Bengaluru",Royal Challengers Bangalore,5,66.13333333333334,992,1.8666666666666671,2014-05-04,2014
733979,2,5,6,Kolkata Knight Riders,Rajasthan Royals,39,0,10,132,90.0,15.0,7.8,8.8,171,0,"Narendra Modi Stadium, Ahmedabad",,5,88.0,1320,1.0000000000000009,2014-05-05,2014
733981,2,5,6,Chennai Super Kings,Delhi Capitals,47,0,10,132,90.0,15.0,9.4,8.8,179,1,"Arun Jaitley Stadium, Delhi",Delhi Capitals,5,88.0,1320,-0.5999999999999996,2014-05-05,2014
733983,2,5,6,Royal Challengers Bangalore,Mumbai Indians,53,0,10,135,90.0,15.0,10.6,9.0,188,0,"Wankhede Stadium, Mumbai",Mumbai Indians,5,90.0,1350,-1.5999999999999996,2014-05-06,2014
733985,2,5,7,Kolkata Knight Riders,Delhi Capitals,42,0,10,119,90.0,15.0,8.4,7.933333333333334,161,1,"Arun Jaitley Stadium, Delhi",Delhi Capitals,5,79.33333333333334,1190,-0.4666666666666668,2014-05-07,2014
733987,2,5,6,Chennai Super Kings,Punjab Kings,34,1,9,198,90.0,15.0,6.8,13.2,232,0,Barabati Stadium,,5,118.8,1782,6.3999999999999995,2014-05-07,2014
733989,2,5,7,Rajasthan Royals,Sunrisers Hyderabad,32,2,8,103,90.0,15.0,6.4,6.866666666666666,135,0,"Narendra Modi Stadium, Ahmedabad",,5,54.93333333333333,824,0.4666666666666659,2014-05-08,2014
733991,2,5,6,Royal Challengers Bangalore,Punjab Kings,22,2,8,177,90.0,15.0,4.4,11.8,199,0,"M Chinnaswamy Stadium, Bengaluru",Royal Challengers Bangalore,5,94.4,1416,7.4,2014-05-09,2014
733993,2,5,2,Sunrisers Hyderabad,Delhi Capitals,44,2,8,100,94.0,15.666666666666666,10.153846153846157,6.382978723404255,144,1,"Arun Jaitley Stadium, Delhi",Delhi Capitals,5,51.06382978723404,800,-3.7708674304419016,2014-05-10,2014
733995,2,5,6,Chennai Super Kings,Mumbai Indians,34,1,9,124,90.0,15.0,6.8,8.266666666666667,158,1,"Wankhede Stadium, Mumbai",Mumbai Indians,5,74.4,1116,1.4666666666666677,2014-05-10,2014
733997,2,5,7,Kolkata Knight Riders,Punjab Kings,48,0,10,102,90.0,15.0,9.6,6.8,150,1,Barabati Stadium,,5,68.0,1020,-2.8,2014-05-11,2014
733999,2,5,6,Rajasthan Royals,Royal Challengers Bangalore,38,0,10,153,90.0,15.0,7.6,10.2,191,1,"M Chinnaswamy Stadium, Bengaluru",Royal Challengers Bangalore,5,102.0,1530,2.5999999999999996,2014-05-11,2014
734001,2,5,6,Mumbai Indians,Sunrisers Hyderabad,32,1,9,126,90.0,15.0,6.4,8.4,158,1,"Rajiv Gandhi International Stadium, Hyderabad",Sunrisers Hyderabad,5,75.60000000000001,1134,2.0,2014-05-12,2014
734003,2,5,6,Chennai Super Kings,Rajasthan Royals,42,2,8,107,90.0,15.0,8.4,7.133333333333334,149,1,JSCA International Stadium Complex,,5,57.06666666666667,856,-1.2666666666666666,2014-05-13,2014
734005,2,5,7,Delhi Capitals,Royal Challengers Bangalore,36,2,8,151,90.0,15.0,7.2,10.066666666666666,187,0,"M Chinnaswamy Stadium, Bengaluru",Royal Challengers Bangalore,5,80.53333333333333,1208,2.8666666666666663,2014-05-13,2014
734007,2,5,6,Punjab Kings,Sunrisers Hyderabad,66,1,9,140,90.0,15.0,13.2,9.333333333333334,206,1,"Rajiv Gandhi International Stadium, Hyderabad",Sunrisers Hyderabad,5,84.0,1260,-3.8666666666666654,2014-05-14,2014
734009,2,5,6,Kolkata Knight Riders,Mumbai Indians,40,0,10,102,90.0,15.0,8.0,6.8,142,1,Barabati Stadium,,5,68.0,1020,-1.2000000000000002,2014-05-14,2014
734011,2,5,6,Delhi Capitals,Rajasthan Royals,30,2,8,172,90.0,15.0,6.0,11.466666666666669,202,0,"Narendra Modi Stadium, Ahmedabad",,5,91.73333333333335,1376,5.466666666666669,2014-05-15,2014
734013,2,5,6,Royal Challengers Bangalore,Chennai Super Kings,17,1,9,122,90.0,15.0,3.4,8.133333333333333,139,1,JSCA International Stadium Complex,,5,73.19999999999999,1098,4.7333333333333325,2014-05-18,2014
734015,2,5,6,Kolkata Knight Riders,Sunrisers Hyderabad,21,1,9,122,90.0,15.0,4.2,8.133333333333333,143,1,"Rajiv Gandhi International Stadium, Hyderabad",Sunrisers Hyderabad,5,73.19999999999999,1098,3.9333333333333327,2014-05-18,2014
734017,2,5,6,Rajasthan Royals,Mumbai Indians,41,2,8,138,90.0,15.0,8.2,9.2,179,0,"Narendra Modi Stadium, Ahmedabad",,5,73.6,1104,1.0,2014-05-19,2014
734019,2,5,7,Punjab Kings,Delhi Capitals,55,0,10,110,90.0,15.0,11.0,7.333333333333333,165,1,"Arun Jaitley Stadium, Delhi",Delhi Capitals,5,73.33333333333333,1100,-3.666666666666667,2014-05-19,2014
734021,2,5,6,Sunrisers Hyderabad,Royal Challengers Bangalore,45,0,10,116,90.0,15.0,9.0,7.733333333333333,161,1,"Rajiv Gandhi International Stadium, Hyderabad",Sunrisers Hyderabad,5,77.33333333333333,1160,-1.2666666666666666,2014-05-20,2014
734023,2,5,6,Kolkata Knight Riders,Chennai Super Kings,45,0,10,110,90.0,15.0,9.0,7.333333333333333,155,1,"Eden Gardens, Kolkata",Kolkata Knight Riders,5,73.33333333333333,1100,-1.666666666666667,2014-05-20,2014
734025,2,5,6,Mumbai Indians,Punjab Kings,53,0,10,104,90.0,15.0,10.6,6.933333333333334,157,1,"IS Bindra Stadium, Mohali",Punjab Kings,5,69.33333333333334,1040,-3.666666666666666,2014-05-21,2014
734027,2,5,6,Royal Challengers Bangalore,Kolkata Knight Riders,30,1,9,166,90.0,15.0,6.0,11.066666666666666,196,0,"Eden Gardens, Kolkata",Kolkata Knight Riders,5,99.6,1494,5.066666666666666,2014-05-22,2014
734029,2,5,6,Sunrisers Hyderabad,Chennai Super Kings,43,0,10,143,90.0,15.0,8.6,9.533333333333331,186,1,JSCA International Stadium Complex,,5,95.33333333333331,1430,0.9333333333333318,2014-05-22,2014
734031,2,5,6,Delhi Capitals,Mumbai Indians,43,0,10,131,90.0,15.0,8.6,8.733333333333333,174,0,"Wankhede Stadium, Mumbai",Mumbai Indians,5,87.33333333333333,1310,0.13333333333333286,2014-05-23,2014
734033,2,5,6,Rajasthan Royals,Punjab Kings,31,1,9,149,90.0,15.0,6.2,9.933333333333334,180,0,"IS Bindra Stadium, Mohali",Punjab Kings,5,89.4,1341,3.7333333333333334,2014-05-23,2014
734035,2,5,6,Chennai Super Kings,Royal Challengers Bangalore,59,1,9,96,90.0,15.0,11.8,6.4,155,1,"M Chinnaswamy Stadium, Bengaluru",Royal Challengers Bangalore,5,57.6,864,-5.4,2014-05-24,2014
734037,2,5,8,Kolkata Knight Riders,Sunrisers Hyderabad,43,1,9,118,90.0,15.0,8.6,7.866666666666666,161,1,"Eden Gardens, Kolkata",Kolkata Knight Riders,5,70.8,1062,-0.7333333333333334,2014-05-24,2014
734039,2,5,7,Punjab Kings,Delhi Capitals,30,2,8,86,90.0,15.0,6.0,5.733333333333333,116,1,"IS Bindra Stadium, Mohali",Punjab Kings,5,45.86666666666667,688,-0.2666666666666666,2014-05-25,2014
734041,2,5,6,Mumbai Indians,Rajasthan Royals,61,3,7,129,90.0,15.0,12.2,8.6,190,1,"Wankhede Stadium, Mumbai",Mumbai Indians,5,60.199999999999996,903,-3.5999999999999996,2014-05-25,2014
734043,2,5,6,Punjab Kings,Kolkata Knight Riders,39,1,9,125,90.0,15.0,7.8,8.333333333333334,164,0,"Eden Gardens, Kolkata",Kolkata Knight Riders,5,75.0,1125,0.5333333333333341,2014-05-27,2014
734045,2,5,6,Chennai Super Kings,Mumbai Indians,43,0,10,131,90.0,15.0,8.6,8.733333333333333,174,1,"Brabourne Stadium, Mumbai",Mumbai Indians,5,87.33333333333333,1310,0.13333333333333286,2014-05-28,2014
734047,2,5,7,Chennai Super Kings,Punjab Kings,67,2,8,160,90.0,15.0,13.4,10.666666666666666,227,0,"Wankhede Stadium, Mumbai",,5,85.33333333333333,1280,-2.7333333333333343,2014-05-30,2014
734049,2,5,6,Kolkata Knight Riders,Punjab Kings,48,1,9,152,90.0,15.0,9.6,10.133333333333333,200,1,"M Chinnaswamy Stadium, Bengaluru",,5,91.19999999999999,1368,0.5333333333333332,2014-06-01,2014
829705,2,5,6,Kolkata Knight Riders,Mumbai Indians,32,1,9,137,90.0,15.0,6.4,9.133333333333333,169,1,"Eden Gardens, Kolkata",Kolkata Knight Riders,5,82.19999999999999,1233,2.7333333333333325,2015-04-08,2015
829707,2,5,6,Delhi Capitals,Chennai Super Kings,39,3,7,112,90.0,15.0,7.8,7.466666666666667,151,0,"MA Chidambaram Stadium, Chennai",Chennai Super Kings,5,52.266666666666666,784,-0.33333333333333304,2015-04-09,2015
829709,2,5,6,Punjab Kings,Rajasthan Royals,46,3,7,117,90.0,15.0,9.2,7.8,163,0,"MCA Stadium, Pune",,5,54.6,819,-1.3999999999999995,2015-04-10,2015
829711,2,5,6,Sunrisers Hyderabad,Chennai Super Kings,37,1,9,173,90.0,15.0,7.4,11.533333333333331,210,0,"MA Chidambaram Stadium, Chennai",Chennai Super Kings,5,103.79999999999998,1557,4.133333333333331,2015-04-11,2015
829713,2,5,6,Royal Challengers Bangalore,Kolkata Knight Riders,29,1,9,149,90.0,15.0,5.8,9.933333333333334,178,1,"Eden Gardens, Kolkata",Kolkata Knight Riders,5,89.4,1341,4.133333333333334,2015-04-11,2015
829715,2,5,6,Rajasthan Royals,Delhi Capitals,37,1,9,148,90.0,15.0,7.4,9.866666666666667,185,1,"Arun Jaitley Stadium, Delhi",Delhi Capitals,5,88.80000000000001,1332,2.466666666666667,2015-04-12,2015
829717,2,5,6,Mumbai Indians,Punjab Kings,17,2,8,161,90.0,15.0,3.4,10.733333333333333,178,0,"Wankhede Stadium, Mumbai",Mumbai Indians,5,85.86666666666666,1288,7.333333333333332,2015-04-12,2015
829719,2,5,6,Sunrisers Hyderabad,Royal Challengers Bangalore,58,0,10,109,90.0,15.0,11.6,7.266666666666667,167,1,"M Chinnaswamy Stadium, Bengaluru",Royal Challengers Bangalore,5,72.66666666666667,1090,-4.333333333333333,2015-04-13,2015
829721,2,5,6,Rajasthan Royals,Mumbai Indians,33,1,9,132,90.0,15.0,6.6,8.8,165,1,"Narendra Modi Stadium, Ahmedabad",,5,79.2,1188,2.200000000000001,2015-04-14,2015
829723,2,5,6,Kolkata Knight Riders,Chennai Super Kings,36,1,9,130,90.0,15.0,7.2,8.666666666666666,166,1,"Eden Gardens, Kolkata",Kolkata Knight Riders,5,78.0,1170,1.466666666666666,2015-04-30,2015
829725,2,5,6,Delhi Capitals,Punjab Kings,40,1,9,126,90.0,15.0,8.0,8.4,166,1,"MCA Stadium, Pune",,5,75.60000000000001,1134,0.40000000000000036,2015-04-15,2015
829727,2,5,7,Rajasthan Royals,Sunrisers Hyderabad,27,0,10,101,90.0,15.0,5.4,6.733333333333333,128,1,Dr. Y.S. Rajasekhara Reddy ACA-VDCA Cricket Stadium,,5,67.33333333333333,1010,1.333333333333333,2015-04-16,2015
829729,2,5,7,Chennai Super Kings,Mumbai Indians,72,0,10,112,90.0,15.0,14.4,7.466666666666667,184,1,"Wankhede Stadium, Mumbai",Mumbai Indians,5,74.66666666666667,1120,-6.933333333333334,2015-04-17,2015
829731,2,5,6,Sunrisers Hyderabad,Delhi Capitals,32,0,10,136,90.0,15.0,6.4,9.066666666666666,168,0,Dr. Y.S. Rajasekhara Reddy ACA-VDCA Cricket Stadium,,5,90.66666666666666,1360,2.666666666666666,2015-04-18,2015
829733,2,5,6,Kolkata Knight Riders,Punjab Kings,38,2,8,118,90.0,15.0,7.6,7.866666666666666,156,1,"MCA Stadium, Pune",,5,62.93333333333333,944,0.2666666666666666,2015-04-18,2015
829735,2,5,6,Rajasthan Royals,Chennai Super Kings,42,0,10,115,90.0,15.0,8.4,7.666666666666667,157,1,"Narendra Modi Stadium, Ahmedabad",,5,76.66666666666667,1150,-0.7333333333333334,2015-04-19,2015
829737,2,5,6,Royal Challengers Bangalore,Mumbai Indians,26,1,9,184,90.0,15.0,5.2,12.266666666666667,210,0,"M Chinnaswamy Stadium, Bengaluru",Royal Challengers Bangalore,5,110.4,1656,7.066666666666667,2015-04-19,2015
829739,2,5,6,Kolkata Knight Riders,Delhi Capitals,35,2,8,112,90.0,15.0,7.0,7.466666666666667,147,1,"Arun Jaitley Stadium, Delhi",Delhi Capitals,5,59.733333333333334,896,0.4666666666666668,2015-04-20,2015
829741,2,5,6,Punjab Kings,Rajasthan Royals,33,1,9,159,90.0,15.0,6.6,10.6,192,0,"Narendra Modi Stadium, Ahmedabad",,5,95.39999999999999,1431,4.0,2015-04-21,2015
829743,2,5,6,Kolkata Knight Riders,Sunrisers Hyderabad,40,1,9,137,90.0,15.0,8.0,9.133333333333333,177,0,Dr. Y.S. Rajasekhara Reddy ACA-VDCA Cricket Stadium,,5,82.19999999999999,1233,1.1333333333333329,2015-04-22,2015
829745,2,5,6,Royal Challengers Bangalore,Chennai Super Kings,34,2,8,148,90.0,15.0,6.8,9.866666666666667,182,0,"M Chinnaswamy Stadium, Bengaluru",Royal Challengers Bangalore,5,78.93333333333334,1184,3.0666666666666673,2015-04-22,2015
829747,2,5,6,Mumbai Indians,Delhi Capitals,38,1,9,153,90.0,15.0,7.6,10.2,191,0,"Arun Jaitley Stadium, Delhi",Delhi Capitals,5,91.8,1377,2.5999999999999996,2015-04-23,2015
829749,2,5,6,Royal Challengers Bangalore,Rajasthan Royals,37,1,9,94,90.0,15.0,7.4,6.266666666666667,131,1,"Narendra Modi Stadium, Ahmedabad",,5,56.4,846,-1.1333333333333337,2015-04-24,2015
829751,2,5,6,Sunrisers Hyderabad,Mumbai Indians,45,1,9,113,90.0,15.0,9.0,7.533333333333333,158,0,"Wankhede Stadium, Mumbai",Mumbai Indians,5,67.8,1017,-1.4666666666666668,2015-04-25,2015
829753,2,5,6,Punjab Kings,Chennai Super Kings,35,1,9,158,90.0,15.0,7.0,10.533333333333331,193,0,"MA Chidambaram Stadium, Chennai",Chennai Super Kings,5,94.79999999999998,1422,3.5333333333333314,2015-04-25,2015
829757,2,5,6,Royal Challengers Bangalore,Delhi Capitals,43,0,10,53,90.0,15.0,8.6,3.533333333333333,96,1,"Arun Jaitley Stadium, Delhi",Delhi Capitals,5,35.33333333333333,530,-5.066666666666666,2015-04-26,2015
829759,2,5,6,Punjab Kings,Sunrisers Hyderabad,21,2,8,130,90.0,15.0,4.2,8.666666666666666,151,0,"IS Bindra Stadium, Mohali",Punjab Kings,5,69.33333333333333,1040,4.466666666666666,2015-04-27,2015
829761,2,5,6,Delhi Capitals,Kolkata Knight Riders,34,0,10,138,90.0,15.0,6.8,9.2,172,0,"Eden Gardens, Kolkata",Kolkata Knight Riders,5,92.0,1380,2.3999999999999995,2015-05-07,2015
829765,2,5,6,Kolkata Knight Riders,Chennai Super Kings,52,1,9,83,90.0,15.0,10.4,5.533333333333333,135,0,"MA Chidambaram Stadium, Chennai",Chennai Super Kings,5,49.8,747,-4.866666666666667,2015-04-28,2015
829767,2,5,6,Delhi Capitals,Punjab Kings,33,0,10,86,90.0,15.0,6.6,5.733333333333333,119,1,"Arun Jaitley Stadium, Delhi",Delhi Capitals,5,57.333333333333336,860,-0.8666666666666663,2015-05-01,2015
829769,2,5,6,Rajasthan Royals,Mumbai Indians,49,1,9,139,90.0,15.0,9.8,9.266666666666667,188,0,"Wankhede Stadium, Mumbai",Mumbai Indians,5,83.4,1251,-0.5333333333333332,2015-05-01,2015
829771,2,5,6,Royal Challengers Bangalore,Kolkata Knight Riders,52,2,8,60,90.0,15.0,10.4,4.0,112,1,"M Chinnaswamy Stadium, Bengaluru",Royal Challengers Bangalore,5,32.0,480,-6.4,2015-05-02,2015
829773,2,5,6,Chennai Super Kings,Sunrisers Hyderabad,48,1,9,145,90.0,15.0,9.6,9.666666666666666,193,0,"Rajiv Gandhi International Stadium, Hyderabad",Sunrisers Hyderabad,5,87.0,1305,0.06666666666666643,2015-05-02,2015
829775,2,5,6,Punjab Kings,Mumbai Indians,42,2,8,131,90.0,15.0,8.4,8.733333333333333,173,0,"IS Bindra Stadium, Mohali",Punjab Kings,5,69.86666666666666,1048,0.33333333333333215,2015-05-03,2015
829777,2,5,9,Delhi Capitals,Rajasthan Royals,41,2,8,149,90.0,15.0,8.2,9.933333333333334,190,0,"Brabourne Stadium, Mumbai",,5,79.46666666666667,1192,1.7333333333333343,2015-05-03,2015
829779,2,5,6,Royal Challengers Bangalore,Chennai Super Kings,34,2,8,115,90.0,15.0,6.8,7.666666666666667,149,0,"MA Chidambaram Stadium, Chennai",Chennai Super Kings,5,61.333333333333336,920,0.8666666666666671,2015-05-04,2015
829781,2,5,6,Sunrisers Hyderabad,Kolkata Knight Riders,29,3,7,139,90.0,15.0,5.8,9.266666666666667,168,0,"Eden Gardens, Kolkata",Kolkata Knight Riders,5,64.86666666666667,973,3.4666666666666677,2015-05-04,2015
829783,2,5,6,Mumbai Indians,Delhi Capitals,36,3,7,117,90.0,15.0,7.2,7.8,153,1,"Wankhede Stadium, Mumbai",Mumbai Indians,5,54.6,819,0.5999999999999996,2015-05-05,2015
829785,2,5,6,Punjab Kings,Royal Challengers Bangalore,29,3,7,198,90.0,15.0,5.8,13.2,227,0,"M Chinnaswamy Stadium, Bengaluru",Royal Challengers Bangalore,5,92.39999999999999,1386,7.3999999999999995,2015-05-06,2015
829787,2,5,6,Rajasthan Royals,Sunrisers Hyderabad,35,2,8,167,90.0,15.0,7.0,11.133333333333333,202,0,"Brabourne Stadium, Mumbai",,5,89.06666666666666,1336,4.133333333333333,2015-05-07,2015
829789,2,5,6,Mumbai Indians,Chennai Super Kings,50,0,10,109,90.0,15.0,10.0,7.266666666666667,159,1,"MA Chidambaram Stadium, Chennai",Chennai Super Kings,5,72.66666666666667,1090,-2.7333333333333334,2015-05-08,2015
829791,2,5,7,Kolkata Knight Riders,Punjab Kings,55,1,9,129,90.0,15.0,11.0,8.6,184,1,"Eden Gardens, Kolkata",Kolkata Knight Riders,5,77.39999999999999,1161,-2.4000000000000004,2015-05-09,2015
829793,2,5,6,Delhi Capitals,Sunrisers Hyderabad,34,1,9,130,90.0,15.0,6.8,8.666666666666666,164,0,"SVNS Intl Stadium, Raipur",Delhi Capitals,5,78.0,1170,1.8666666666666663,2015-05-09,2015
829795,2,5,7,Mumbai Indians,Royal Challengers Bangalore,35,1,9,201,90.0,15.0,7.0,13.4,236,0,"Wankhede Stadium, Mumbai",Mumbai Indians,5,120.60000000000001,1809,6.4,2015-05-10,2015
829797,2,5,6,Rajasthan Royals,Chennai Super Kings,32,0,10,126,90.0,15.0,6.4,8.4,158,0,"MA Chidambaram Stadium, Chennai",Chennai Super Kings,5,84.0,1260,2.0,2015-05-10,2015
829799,2,5,6,Punjab Kings,Sunrisers Hyderabad,42,1,9,144,90.0,15.0,8.4,9.6,186,0,"Rajiv Gandhi International Stadium, Hyderabad",Sunrisers Hyderabad,5,86.39999999999999,1296,1.1999999999999993,2015-05-11,2015
829801,2,5,6,Delhi Capitals,Chennai Super Kings,24,2,8,96,90.0,15.0,4.8,6.4,120,1,"SVNS Intl Stadium, Raipur",Delhi Capitals,5,51.2,768,1.6000000000000005,2015-05-12,2015
829803,2,5,8,Royal Challengers Bangalore,Punjab Kings,49,2,8,58,90.0,15.0,9.8,3.8666666666666663,107,0,"IS Bindra Stadium, Mohali",Punjab Kings,5,30.93333333333333,464,-5.9333333333333345,2015-05-13,2015
829805,2,5,7,Kolkata Knight Riders,Mumbai Indians,38,0,10,134,90.0,15.0,7.6,8.933333333333334,172,0,"Wankhede Stadium, Mumbai",Mumbai Indians,5,89.33333333333334,1340,1.333333333333334,2015-05-14,2015
829807,2,5,6,Royal Challengers Bangalore,Sunrisers Hyderabad,68,3,7,68,90.0,15.0,13.6,4.533333333333333,136,1,"Rajiv Gandhi International Stadium, Hyderabad",Sunrisers Hyderabad,5,31.733333333333334,476,-9.066666666666666,2015-05-15,2015
829809,2,5,6,Chennai Super Kings,Punjab Kings,40,2,8,91,90.0,15.0,8.0,6.066666666666666,131,1,"IS Bindra Stadium, Mohali",Punjab Kings,5,48.53333333333333,728,-1.9333333333333336,2015-05-16,2015
829811,2,5,7,Kolkata Knight Riders,Rajasthan Royals,44,2,8,156,90.0,15.0,8.8,10.4,200,0,"Brabourne Stadium, Mumbai",,5,83.2,1248,1.5999999999999996,2015-05-16,2015
829815,2,5,7,Mumbai Indians,Sunrisers Hyderabad,37,0,10,77,90.0,15.0,7.4,5.133333333333334,114,1,"Rajiv Gandhi International Stadium, Hyderabad",Sunrisers Hyderabad,5,51.333333333333336,770,-2.2666666666666666,2015-05-17,2015
829817,2,5,6,Chennai Super Kings,Mumbai Indians,46,1,9,142,90.0,15.0,9.2,9.466666666666669,188,0,"Wankhede Stadium, Mumbai",Mumbai Indians,5,85.20000000000002,1278,0.26666666666666927,2015-05-19,2015
829819,2,5,6,Rajasthan Royals,Royal Challengers Bangalore,34,2,8,147,90.0,15.0,6.8,9.8,181,0,"MCA Stadium, Pune",,5,78.4,1176,3.000000000000001,2015-05-20,2015
829821,2,5,6,Chennai Super Kings,Royal Challengers Bangalore,28,1,9,112,90.0,15.0,5.6,7.466666666666667,140,1,JSCA International Stadium Complex,,5,67.2,1008,1.8666666666666671,2015-05-22,2015
829823,2,5,6,Chennai Super Kings,Mumbai Indians,26,1,9,177,90.0,15.0,5.2,11.8,203,0,"Eden Gardens, Kolkata",,5,106.2,1593,6.6000000000000005,2015-05-24,2015
980901,2,5,6,Rising Pune Supergiant,Mumbai Indians,37,0,10,85,90.0,15.0,7.4,5.666666666666667,122,1,"Wankhede Stadium, Mumbai",Mumbai Indians,5,56.66666666666667,850,-1.7333333333333334,2016-04-09,2016
980903,2,5,6,Kolkata Knight Riders,Delhi Capitals,42,0,10,57,90.0,15.0,8.4,3.8,99,1,"Eden Gardens, Kolkata",Kolkata Knight Riders,5,38.0,570,-4.6000000000000005,2016-04-10,2016
980905,2,5,8,Gujarat Lions,Punjab Kings,45,1,9,117,90.0,15.0,9.0,7.8,162,1,"IS Bindra Stadium, Mohali",Punjab Kings,5,70.2,1053,-1.2000000000000002,2016-04-11,2016
980907,2,5,6,Sunrisers Hyderabad,Royal Challengers Bangalore,49,1,9,179,90.0,15.0,9.8,11.933333333333334,228,0,"M Chinnaswamy Stadium, Bengaluru",Royal Challengers Bangalore,5,107.4,1611,2.133333333333333,2016-04-12,2016
980909,2,5,7,Mumbai Indians,Kolkata Knight Riders,50,0,10,138,90.0,15.0,10.0,9.2,188,1,"Eden Gardens, Kolkata",Kolkata Knight Riders,5,92.0,1380,-0.8000000000000007,2016-04-13,2016
980911,2,5,6,Gujarat Lions,Rising Pune Supergiant,42,0,10,122,90.0,15.0,8.4,8.133333333333333,164,1,Saurashtra Cricket Association Stadium,,5,81.33333333333333,1220,-0.2666666666666675,2016-04-14,2016
980913,2,5,6,Delhi Capitals,Punjab Kings,20,1,9,92,90.0,15.0,4.0,6.133333333333334,112,1,"Arun Jaitley Stadium, Delhi",Delhi Capitals,5,55.2,828,2.1333333333333337,2016-04-15,2016
980915,2,5,6,Kolkata Knight Riders,Sunrisers Hyderabad,28,0,10,115,90.0,15.0,5.6,7.666666666666667,143,1,"Rajiv Gandhi International Stadium, Hyderabad",Sunrisers Hyderabad,5,76.66666666666667,1150,2.0666666666666673,2016-04-16,2016
980917,2,5,6,Gujarat Lions,Mumbai Indians,35,1,9,109,90.0,15.0,7.0,7.266666666666667,144,1,"Wankhede Stadium, Mumbai",Mumbai Indians,5,65.4,981,0.2666666666666666,2016-04-16,2016
980919,2,5,6,Punjab Kings,Rising Pune Supergiant,43,0,10,110,90.0,15.0,8.6,7.333333333333333,153,1,"IS Bindra Stadium, Mohali",Punjab Kings,5,73.33333333333333,1100,-1.2666666666666666,2016-04-17,2016
980921,2,5,6,Delhi Capitals,Royal Challengers Bangalore,50,1,9,142,90.0,15.0,10.0,9.466666666666669,192,1,"M Chinnaswamy Stadium, Bengaluru",Royal Challengers Bangalore,5,85.20000000000002,1278,-0.5333333333333314,2016-04-17,2016
980923,2,5,6,Sunrisers Hyderabad,Mumbai Indians,29,1,9,114,90.0,15.0,5.8,7.6,143,1,"Rajiv Gandhi International Stadium, Hyderabad",Sunrisers Hyderabad,5,68.39999999999999,1026,1.7999999999999998,2016-04-18,2016
980925,2,5,7,Kolkata Knight Riders,Punjab Kings,55,0,10,84,90.0,15.0,11.0,5.6,139,1,"IS Bindra Stadium, Mohali",Punjab Kings,5,56.0,840,-5.4,2016-04-19,2016
980927,2,5,7,Mumbai Indians,Royal Challengers Bangalore,43,1,9,128,90.0,15.0,8.6,8.533333333333333,171,1,"Wankhede Stadium, Mumbai",Mumbai Indians,5,76.8,1152,-0.06666666666666643,2016-04-20,2016
980929,2,5,6,Sunrisers Hyderabad,Gujarat Lions,53,0,10,83,90.0,15.0,10.6,5.533333333333333,136,1,Saurashtra Cricket Association Stadium,,5,55.33333333333333,830,-5.066666666666666,2016-04-21,2016
980931,2,5,7,Rising Pune Supergiant,Royal Challengers Bangalore,32,3,7,154,90.0,15.0,6.4,10.266666666666667,186,0,"MCA Stadium, Pune",Rising Pune Supergiant,5,71.86666666666667,1078,3.866666666666667,2016-04-22,2016
980933,2,5,6,Mumbai Indians,Delhi Capitals,47,1,9,118,90.0,15.0,9.4,7.866666666666666,165,0,"Arun Jaitley Stadium, Delhi",Delhi Capitals,5,70.8,1062,-1.533333333333334,2016-04-23,2016
980935,2,5,6,Sunrisers Hyderabad,Punjab Kings,58,0,10,86,90.0,15.0,11.6,5.733333333333333,144,1,"Rajiv Gandhi International Stadium, Hyderabad",Sunrisers Hyderabad,5,57.333333333333336,860,-5.866666666666666,2016-04-23,2016
980937,2,5,6,Gujarat Lions,Royal Challengers Bangalore,47,0,10,134,90.0,15.0,9.4,8.933333333333334,181,1,Saurashtra Cricket Association Stadium,,5,89.33333333333334,1340,-0.4666666666666668,2016-04-24,2016
980939,2,5,6,Kolkata Knight Riders,Rising Pune Supergiant,49,2,8,112,90.0,15.0,9.8,7.466666666666667,161,1,"MCA Stadium, Pune",Rising Pune Supergiant,5,59.733333333333334,896,-2.333333333333334,2016-04-24,2016
980941,2,5,6,Punjab Kings,Mumbai Indians,33,2,8,157,90.0,15.0,6.6,10.466666666666669,190,0,"IS Bindra Stadium, Mohali",Punjab Kings,5,83.73333333333335,1256,3.866666666666669,2016-04-25,2016
980943,2,5,8,Rising Pune Supergiant,Sunrisers Hyderabad,35,1,9,84,90.0,15.0,7.0,5.6,119,1,"Rajiv Gandhi International Stadium, Hyderabad",Sunrisers Hyderabad,5,50.4,756,-1.4000000000000004,2016-04-26,2016
980945,2,5,6,Delhi Capitals,Gujarat Lions,19,3,7,154,90.0,15.0,3.8,10.266666666666667,173,0,"Arun Jaitley Stadium, Delhi",Delhi Capitals,5,71.86666666666667,1078,6.466666666666668,2016-04-27,2016
980947,2,5,6,Mumbai Indians,Kolkata Knight Riders,45,1,9,130,90.0,15.0,9.0,8.666666666666666,175,1,"Wankhede Stadium, Mumbai",Mumbai Indians,5,78.0,1170,-0.3333333333333339,2016-04-28,2016
980949,2,5,6,Gujarat Lions,Rising Pune Supergiant,62,0,10,134,90.0,15.0,12.4,8.933333333333334,196,1,"MCA Stadium, Pune",Rising Pune Supergiant,5,89.33333333333334,1340,-3.466666666666667,2016-04-29,2016
980951,2,5,6,Kolkata Knight Riders,Delhi Capitals,33,2,8,154,90.0,15.0,6.6,10.266666666666667,187,0,"Arun Jaitley Stadium, Delhi",Delhi Capitals,5,82.13333333333334,1232,3.666666666666668,2016-04-30,2016
980953,2,5,6,Royal Challengers Bangalore,Sunrisers Hyderabad,42,0,10,153,90.0,15.0,8.4,10.2,195,0,"Rajiv Gandhi International Stadium, Hyderabad",Sunrisers Hyderabad,5,102.0,1530,1.799999999999999,2016-04-30,2016
980955,2,5,6,Gujarat Lions,Punjab Kings,34,2,8,121,90.0,15.0,6.8,8.066666666666666,155,0,Saurashtra Cricket Association Stadium,,5,64.53333333333333,968,1.2666666666666666,2016-05-01,2016
980957,2,5,6,Mumbai Indians,Rising Pune Supergiant,43,1,9,117,90.0,15.0,8.6,7.8,160,1,"MCA Stadium, Pune",Rising Pune Supergiant,5,70.2,1053,-0.7999999999999998,2016-05-01,2016
980959,2,5,6,Kolkata Knight Riders,Royal Challengers Bangalore,34,2,8,152,90.0,15.0,6.8,10.133333333333333,186,1,"M Chinnaswamy Stadium, Bengaluru",Royal Challengers Bangalore,5,81.06666666666666,1216,3.333333333333333,2016-05-02,2016
980961,2,5,6,Delhi Capitals,Gujarat Lions,51,0,10,99,90.0,15.0,10.2,6.6,150,1,Saurashtra Cricket Association Stadium,,5,66.0,990,-3.5999999999999996,2016-05-03,2016
980963,2,5,6,Punjab Kings,Kolkata Knight Riders,27,3,7,138,90.0,15.0,5.4,9.2,165,0,"Eden Gardens, Kolkata",Kolkata Knight Riders,5,64.39999999999999,966,3.799999999999999,2016-05-04,2016
980965,2,5,6,Rising Pune Supergiant,Delhi Capitals,38,0,10,125,90.0,15.0,7.6,8.333333333333334,163,1,"Arun Jaitley Stadium, Delhi",Delhi Capitals,5,83.33333333333334,1250,0.7333333333333343,2016-05-05,2016
980967,2,5,6,Sunrisers Hyderabad,Gujarat Lions,33,2,8,94,90.0,15.0,6.6,6.266666666666667,127,1,"Rajiv Gandhi International Stadium, Hyderabad",Sunrisers Hyderabad,5,50.13333333333333,752,-0.33333333333333304,2016-05-06,2016
980969,2,5,6,Royal Challengers Bangalore,Rising Pune Supergiant,37,0,10,155,90.0,15.0,7.4,10.333333333333334,192,1,"M Chinnaswamy Stadium, Bengaluru",Royal Challengers Bangalore,5,103.33333333333334,1550,2.9333333333333336,2016-05-07,2016
980971,2,5,6,Delhi Capitals,Punjab Kings,35,0,10,147,90.0,15.0,7.0,9.8,182,0,"IS Bindra Stadium, Mohali",Punjab Kings,5,98.0,1470,2.8000000000000007,2016-05-07,2016
980973,2,5,6,Mumbai Indians,Sunrisers Hyderabad,31,5,5,147,90.0,15.0,6.2,9.8,178,0,Dr. Y.S. Rajasekhara Reddy ACA-VDCA Cricket Stadium,,5,49.0,735,3.6000000000000005,2016-05-08,2016
980975,2,5,6,Gujarat Lions,Kolkata Knight Riders,36,0,10,123,90.0,15.0,7.2,8.2,159,1,"Eden Gardens, Kolkata",Kolkata Knight Riders,5,82.0,1230,0.9999999999999991,2016-05-08,2016
980977,2,5,6,Punjab Kings,Royal Challengers Bangalore,43,0,10,133,90.0,15.0,8.6,8.866666666666667,176,0,"IS Bindra Stadium, Mohali",Punjab Kings,5,88.66666666666667,1330,0.2666666666666675,2016-05-09,2016
980979,2,5,6,Rising Pune Supergiant,Sunrisers Hyderabad,20,2,8,118,90.0,15.0,4.0,7.866666666666666,138,0,Dr. Y.S. Rajasekhara Reddy ACA-VDCA Cricket Stadium,,5,62.93333333333333,944,3.8666666666666663,2016-05-10,2016
980981,2,5,6,Mumbai Indians,Royal Challengers Bangalore,30,1,9,122,90.0,15.0,6.0,8.133333333333333,152,1,"M Chinnaswamy Stadium, Bengaluru",Royal Challengers Bangalore,5,73.19999999999999,1098,2.133333333333333,2016-05-11,2016
980983,2,5,6,Delhi Capitals,Sunrisers Hyderabad,41,1,9,106,90.0,15.0,8.2,7.066666666666666,147,1,"Rajiv Gandhi International Stadium, Hyderabad",Sunrisers Hyderabad,5,63.599999999999994,954,-1.1333333333333329,2016-05-12,2016
980985,2,5,6,Punjab Kings,Mumbai Indians,26,1,9,99,90.0,15.0,5.2,6.6,125,1,Dr. Y.S. Rajasekhara Reddy ACA-VDCA Cricket Stadium,,5,59.4,891,1.3999999999999995,2016-05-13,2016
980987,2,5,6,Gujarat Lions,Royal Challengers Bangalore,37,2,8,212,90.0,15.0,7.4,14.133333333333333,249,0,"M Chinnaswamy Stadium, Bengaluru",Royal Challengers Bangalore,5,113.06666666666666,1696,6.7333333333333325,2016-05-14,2016
980989,2,5,7,Kolkata Knight Riders,Rising Pune Supergiant,66,2,8,38,90.0,15.0,13.2,2.533333333333333,104,1,"Eden Gardens, Kolkata",Kolkata Knight Riders,5,20.266666666666666,304,-10.666666666666666,2016-05-14,2016
980991,2,5,6,Sunrisers Hyderabad,Punjab Kings,44,0,10,136,90.0,15.0,8.8,9.066666666666666,180,1,"IS Bindra Stadium, Mohali",Punjab Kings,5,90.66666666666666,1360,0.2666666666666657,2016-05-15,2016
980993,2,5,6,Delhi Capitals,Mumbai Indians,47,2,8,160,90.0,15.0,9.4,10.666666666666666,207,0,Dr. Y.S. Rajasekhara Reddy ACA-VDCA Cricket Stadium,,5,85.33333333333333,1280,1.2666666666666657,2016-05-15,2016
980995,2,5,6,Royal Challengers Bangalore,Kolkata Knight Riders,53,0,10,131,90.0,15.0,10.6,8.733333333333333,184,1,"Eden Gardens, Kolkata",Kolkata Knight Riders,5,87.33333333333333,1310,-1.8666666666666671,2016-05-16,2016
980997,2,5,6,Rising Pune Supergiant,Delhi Capitals,33,1,9,89,90.0,15.0,6.6,5.933333333333334,122,1,Dr. Y.S. Rajasekhara Reddy ACA-VDCA Cricket Stadium,,5,53.400000000000006,801,-0.6666666666666661,2016-05-17,2016
980999,2,5,8,Punjab Kings,Royal Challengers Bangalore,54,3,7,158,90.0,15.0,10.8,10.533333333333331,212,0,"M Chinnaswamy Stadium, Bengaluru",Royal Challengers Bangalore,5,73.73333333333332,1106,-0.26666666666666927,2016-05-18,2016
981001,2,5,6,Gujarat Lions,Kolkata Knight Riders,45,3,7,80,90.0,15.0,9.0,5.333333333333333,125,1,Green Park,,5,37.33333333333333,560,-3.666666666666667,2016-05-19,2016
981003,2,5,7,Delhi Capitals,Sunrisers Hyderabad,36,1,9,123,90.0,15.0,7.2,8.2,159,1,"SVNS Intl Stadium, Raipur",Delhi Capitals,5,73.8,1107,0.9999999999999991,2016-05-20,2016
981005,2,5,6,Rising Pune Supergiant,Punjab Kings,35,1,9,138,90.0,15.0,7.0,9.2,173,1,Dr. Y.S. Rajasekhara Reddy ACA-VDCA Cricket Stadium,,5,82.8,1242,2.1999999999999993,2016-05-21,2016
981007,2,5,6,Gujarat Lions,Mumbai Indians,51,1,9,122,90.0,15.0,10.2,8.133333333333333,173,1,Green Park,,5,73.19999999999999,1098,-2.0666666666666664,2016-05-21,2016
981009,2,5,6,Sunrisers Hyderabad,Kolkata Knight Riders,39,1,9,133,90.0,15.0,7.8,8.866666666666667,172,0,"Eden Gardens, Kolkata",Kolkata Knight Riders,5,79.80000000000001,1197,1.0666666666666673,2016-05-22,2016
981011,2,5,6,Royal Challengers Bangalore,Delhi Capitals,38,2,8,101,90.0,15.0,7.6,6.733333333333333,139,1,"SVNS Intl Stadium, Raipur",Delhi Capitals,5,53.86666666666667,808,-0.8666666666666663,2016-05-22,2016
981013,2,5,6,Royal Challengers Bangalore,Gujarat Lions,28,4,6,131,90.0,15.0,5.6,8.733333333333333,159,1,"M Chinnaswamy Stadium, Bengaluru",Royal Challengers Bangalore,5,52.39999999999999,786,3.133333333333333,2016-05-24,2016
981015,2,5,6,Kolkata Knight Riders,Sunrisers Hyderabad,43,1,9,120,90.0,15.0,8.6,8.0,163,0,"Arun Jaitley Stadium, Delhi",,5,72.0,1080,-0.5999999999999996,2016-05-25,2016
981017,2,5,6,Sunrisers Hyderabad,Gujarat Lions,43,2,8,120,90.0,15.0,8.6,8.0,163,1,"Arun Jaitley Stadium, Delhi",,5,64.0,960,-0.5999999999999996,2016-05-27,2016
981019,2,5,6,Royal Challengers Bangalore,Sunrisers Hyderabad,55,0,10,154,90.0,15.0,11.0,10.266666666666667,209,0,"M Chinnaswamy Stadium, Bengaluru",Royal Challengers Bangalore,5,102.66666666666667,1540,-0.7333333333333325,2016-05-29,2016
1082591,2,5,7,Royal Challengers Bangalore,Sunrisers Hyderabad,48,0,10,160,90.0,15.0,9.6,10.666666666666666,208,0,"Rajiv Gandhi International Stadium, Hyderabad",Sunrisers Hyderabad,5,106.66666666666666,1600,1.0666666666666664,2017-04-05,2017
1082592,2,5,6,Rising Pune Supergiant,Mumbai Indians,43,1,9,142,90.0,15.0,8.6,9.466666666666669,185,1,"MCA Stadium, Pune",Rising Pune Supergiant,5,85.20000000000002,1278,0.8666666666666689,2017-04-06,2017
1082593,2,5,6,Kolkata Knight Riders,Gujarat Lions,53,0,10,131,90.0,15.0,10.6,8.733333333333333,184,1,Saurashtra Cricket Association Stadium,,5,87.33333333333333,1310,-1.8666666666666671,2017-04-07,2017
1082594,2,5,6,Punjab Kings,Rising Pune Supergiant,48,1,9,116,90.0,15.0,9.6,7.733333333333333,164,1,"Holkar Cricket Stadium, Indore",Punjab Kings,5,69.6,1044,-1.8666666666666663,2017-04-08,2017
1082595,2,5,6,Delhi Capitals,Royal Challengers Bangalore,37,1,9,121,90.0,15.0,7.4,8.066666666666666,158,0,M.Chinnaswamy Stadium,Royal Challengers Bangalore,5,72.6,1089,0.6666666666666661,2017-04-08,2017
1082596,2,5,6,Sunrisers Hyderabad,Gujarat Lions,48,1,9,88,90.0,15.0,9.6,5.866666666666666,136,1,"Rajiv Gandhi International Stadium, Hyderabad",Sunrisers Hyderabad,5,52.8,792,-3.7333333333333334,2017-04-09,2017
1082597,2,5,6,Mumbai Indians,Kolkata Knight Riders,44,0,10,135,90.0,15.0,8.8,9.0,179,1,"Wankhede Stadium, Mumbai",Mumbai Indians,5,90.0,1350,0.1999999999999993,2017-04-09,2017
1082598,2,5,6,Punjab Kings,Royal Challengers Bangalore,50,0,10,99,90.0,15.0,10.0,6.6,149,1,"Holkar Cricket Stadium, Indore",Punjab Kings,5,66.0,990,-3.4000000000000004,2017-04-10,2017
1082599,2,5,6,Rising Pune Supergiant,Delhi Capitals,38,2,8,168,90.0,15.0,7.6,11.2,206,0,"MCA Stadium, Pune",Rising Pune Supergiant,5,89.6,1344,3.5999999999999996,2017-04-11,2017
1082600,2,5,6,Mumbai Indians,Sunrisers Hyderabad,42,2,8,117,90.0,15.0,8.4,7.8,159,1,"Wankhede Stadium, Mumbai",Mumbai Indians,5,62.4,936,-0.6000000000000005,2017-04-12,2017
1082601,2,5,6,Kolkata Knight Riders,Punjab Kings,60,0,10,111,90.0,15.0,12.0,7.4,171,1,"Eden Gardens, Kolkata",Kolkata Knight Riders,5,74.0,1110,-4.6,2017-04-13,2017
1082602,2,5,6,Mumbai Indians,Royal Challengers Bangalore,18,4,6,125,90.0,15.0,3.6,8.333333333333334,143,1,"M Chinnaswamy Stadium, Bengaluru",Royal Challengers Bangalore,5,50.0,750,4.733333333333334,2017-04-14,2017
1082603,2,5,6,Gujarat Lions,Rising Pune Supergiant,46,0,10,126,90.0,15.0,9.2,8.4,172,1,Saurashtra Cricket Association Stadium,,5,84.0,1260,-0.7999999999999989,2017-04-14,2017
1082604,2,5,6,Sunrisers Hyderabad,Kolkata Knight Riders,39,0,10,134,90.0,15.0,7.8,8.933333333333334,173,0,"Eden Gardens, Kolkata",Kolkata Knight Riders,5,89.33333333333334,1340,1.1333333333333337,2017-04-15,2017
1082605,2,5,6,Punjab Kings,Delhi Capitals,33,3,7,156,90.0,15.0,6.6,10.4,189,0,"Arun Jaitley Stadium, Delhi",Delhi Capitals,5,72.8,1092,3.8000000000000007,2017-04-15,2017
1082606,2,5,6,Mumbai Indians,Gujarat Lions,47,1,9,130,90.0,15.0,9.4,8.666666666666666,177,1,"Wankhede Stadium, Mumbai",Mumbai Indians,5,78.0,1170,-0.7333333333333343,2017-04-16,2017
1082607,2,5,6,Royal Challengers Bangalore,Rising Pune Supergiant,39,1,9,123,90.0,15.0,7.8,8.2,162,0,"M Chinnaswamy Stadium, Bengaluru",Royal Challengers Bangalore,5,73.8,1107,0.39999999999999947,2017-04-16,2017
1082608,2,5,6,Kolkata Knight Riders,Delhi Capitals,34,3,7,135,90.0,15.0,6.8,9.0,169,1,"Arun Jaitley Stadium, Delhi",Delhi Capitals,5,63.0,945,2.2,2017-04-17,2017
1082609,2,5,6,Punjab Kings,Sunrisers Hyderabad,32,2,8,128,90.0,15.0,6.4,8.533333333333333,160,0,"Rajiv Gandhi International Stadium, Hyderabad",Sunrisers Hyderabad,5,68.26666666666667,1024,2.133333333333333,2017-04-17,2017
1082610,2,5,6,Gujarat Lions,Royal Challengers Bangalore,48,2,8,166,90.0,15.0,9.6,11.066666666666666,214,0,Saurashtra Cricket Association Stadium,,5,88.53333333333333,1328,1.4666666666666668,2017-04-18,2017
1082611,2,5,6,Delhi Capitals,Sunrisers Hyderabad,47,1,9,145,90.0,15.0,9.4,9.666666666666666,192,0,"Rajiv Gandhi International Stadium, Hyderabad",Sunrisers Hyderabad,5,87.0,1305,0.2666666666666657,2017-04-19,2017
1082612,2,5,6,Mumbai Indians,Punjab Kings,68,0,10,131,90.0,15.0,13.6,8.733333333333333,199,1,"Holkar Cricket Stadium, Indore",Punjab Kings,5,87.33333333333333,1310,-4.866666666666667,2017-04-20,2017
1082613,2,5,6,Gujarat Lions,Kolkata Knight Riders,62,1,9,126,90.0,15.0,12.4,8.4,188,1,"Eden Gardens, Kolkata",Kolkata Knight Riders,5,75.60000000000001,1134,-4.0,2017-04-21,2017
1082614,2,5,6,Delhi Capitals,Mumbai Indians,21,4,6,122,90.0,15.0,4.2,8.133333333333333,143,0,"Wankhede Stadium, Mumbai",Mumbai Indians,5,48.8,732,3.9333333333333327,2017-04-22,2017
1082615,2,5,6,Rising Pune Supergiant,Sunrisers Hyderabad,37,1,9,140,90.0,15.0,7.4,9.333333333333334,177,1,"MCA Stadium, Pune",Rising Pune Supergiant,5,84.0,1260,1.9333333333333336,2017-04-22,2017
1082616,2,5,6,Gujarat Lions,Punjab Kings,43,1,9,146,90.0,15.0,8.6,9.733333333333333,189,0,Saurashtra Cricket Association Stadium,,5,87.6,1314,1.1333333333333329,2017-04-23,2017
1082617,2,5,6,Royal Challengers Bangalore,Kolkata Knight Riders,28,4,6,104,90.0,15.0,5.6,6.933333333333334,132,0,"Eden Gardens, Kolkata",Kolkata Knight Riders,5,41.6,624,1.333333333333334,2017-04-23,2017
1082618,2,5,6,Mumbai Indians,Rising Pune Supergiant,35,1,9,126,90.0,15.0,7.0,8.4,161,0,"Wankhede Stadium, Mumbai",Mumbai Indians,5,75.60000000000001,1134,1.4000000000000004,2017-04-24,2017
1082620,2,5,6,Kolkata Knight Riders,Rising Pune Supergiant,38,1,9,145,90.0,15.0,7.6,9.666666666666666,183,1,"MCA Stadium, Pune",Rising Pune Supergiant,5,87.0,1305,2.0666666666666664,2017-04-26,2017
1082621,2,5,6,Gujarat Lions,Royal Challengers Bangalore,38,2,8,97,90.0,15.0,7.6,6.466666666666667,135,1,"M Chinnaswamy Stadium, Bengaluru",Royal Challengers Bangalore,5,51.733333333333334,776,-1.1333333333333329,2017-04-27,2017
1082622,2,5,6,Kolkata Knight Riders,Delhi Capitals,36,1,9,125,90.0,15.0,7.2,8.333333333333334,161,1,"Eden Gardens, Kolkata",Kolkata Knight Riders,5,75.0,1125,1.1333333333333337,2017-04-28,2017
1082623,2,5,6,Punjab Kings,Sunrisers Hyderabad,42,3,7,166,90.0,15.0,8.4,11.066666666666666,208,0,"IS Bindra Stadium, Mohali",Punjab Kings,5,77.46666666666667,1162,2.666666666666666,2017-04-28,2017
1082624,2,5,7,Royal Challengers Bangalore,Rising Pune Supergiant,33,2,8,125,90.0,15.0,6.6,8.333333333333334,158,0,"MCA Stadium, Pune",Rising Pune Supergiant,5,66.66666666666667,1000,1.7333333333333343,2017-04-29,2017
1082625,2,5,6,Mumbai Indians,Gujarat Lions,52,1,9,102,90.0,15.0,10.4,6.8,154,0,Saurashtra Cricket Association Stadium,,5,61.199999999999996,918,-3.6000000000000005,2017-04-29,2017
1082626,2,5,6,Punjab Kings,Delhi Capitals,39,0,10,29,90.0,15.0,7.8,1.9333333333333331,68,1,"IS Bindra Stadium, Mohali",Punjab Kings,5,19.333333333333332,290,-5.866666666666667,2017-04-30,2017
1082627,2,5,6,Kolkata Knight Riders,Sunrisers Hyderabad,36,2,8,174,90.0,15.0,7.2,11.6,210,0,"Rajiv Gandhi International Stadium, Hyderabad",Sunrisers Hyderabad,5,92.8,1392,4.3999999999999995,2017-04-30,2017
1082628,2,5,6,Mumbai Indians,Royal Challengers Bangalore,47,1,9,116,90.0,15.0,9.4,7.733333333333333,163,1,"Wankhede Stadium, Mumbai",Mumbai Indians,5,69.6,1044,-1.666666666666667,2017-05-01,2017
1082629,2,5,6,Rising Pune Supergiant,Gujarat Lions,37,3,7,125,90.0,15.0,7.4,8.333333333333334,162,1,"MCA Stadium, Pune",Rising Pune Supergiant,5,58.333333333333336,875,0.9333333333333336,2017-05-01,2017
1082630,2,5,6,Delhi Capitals,Sunrisers Hyderabad,46,1,9,140,90.0,15.0,9.2,9.333333333333334,186,1,"Arun Jaitley Stadium, Delhi",Delhi Capitals,5,84.0,1260,0.13333333333333464,2017-05-02,2017
1082631,2,5,6,Rising Pune Supergiant,Kolkata Knight Riders,59,2,8,97,90.0,15.0,11.8,6.466666666666667,156,1,"Eden Gardens, Kolkata",Kolkata Knight Riders,5,51.733333333333334,776,-5.333333333333334,2017-05-03,2017
1082632,2,5,6,Delhi Capitals,Gujarat Lions,58,1,9,151,90.0,15.0,11.6,10.066666666666666,209,1,"Arun Jaitley Stadium, Delhi",Delhi Capitals,5,90.6,1359,-1.5333333333333332,2017-05-04,2017
1082633,2,5,6,Royal Challengers Bangalore,Punjab Kings,37,3,7,102,90.0,15.0,7.4,6.8,139,0,"M Chinnaswamy Stadium, Bengaluru",Royal Challengers Bangalore,5,47.6,714,-0.6000000000000005,2017-05-05,2017
1082634,2,5,6,Sunrisers Hyderabad,Rising Pune Supergiant,33,2,8,116,90.0,15.0,6.6,7.733333333333333,149,0,"Rajiv Gandhi International Stadium, Hyderabad",Sunrisers Hyderabad,5,61.86666666666667,928,1.1333333333333337,2017-05-06,2017
1082635,2,5,6,Delhi Capitals,Mumbai Indians,31,4,6,182,90.0,15.0,6.2,12.133333333333333,213,0,"Arun Jaitley Stadium, Delhi",Delhi Capitals,5,72.8,1092,5.933333333333333,2017-05-06,2017
1082636,2,5,8,Kolkata Knight Riders,Royal Challengers Bangalore,85,0,10,74,90.0,15.0,17.0,4.933333333333334,159,1,"M Chinnaswamy Stadium, Bengaluru",Royal Challengers Bangalore,5,49.333333333333336,740,-12.066666666666666,2017-05-07,2017
1082637,2,5,7,Gujarat Lions,Punjab Kings,49,0,10,141,90.0,15.0,9.8,9.4,190,1,"IS Bindra Stadium, Mohali",Punjab Kings,5,94.0,1410,-0.40000000000000036,2017-05-07,2017
1082638,2,5,6,Sunrisers Hyderabad,Mumbai Indians,37,1,9,102,90.0,15.0,7.4,6.8,139,1,"Rajiv Gandhi International Stadium, Hyderabad",Sunrisers Hyderabad,5,61.199999999999996,918,-0.6000000000000005,2017-05-08,2017
1082639,2,5,6,Kolkata Knight Riders,Punjab Kings,49,1,9,119,90.0,15.0,9.8,7.933333333333334,168,0,"IS Bindra Stadium, Mohali",Punjab Kings,5,71.4,1071,-1.8666666666666671,2017-05-09,2017
1082640,2,5,6,Delhi Capitals,Gujarat Lions,47,2,8,149,90.0,15.0,9.4,9.933333333333334,196,1,Green Park,,5,79.46666666666667,1192,0.5333333333333332,2017-05-10,2017
1082641,2,5,6,Mumbai Indians,Punjab Kings,52,0,10,179,90.0,15.0,10.4,11.933333333333334,231,0,"Wankhede Stadium, Mumbai",Mumbai Indians,5,119.33333333333334,1790,1.5333333333333332,2017-05-11,2017
1082642,2,5,6,Rising Pune Supergiant,Delhi Capitals,41,2,8,128,90.0,15.0,8.2,8.533333333333333,169,0,"Arun Jaitley Stadium, Delhi",Delhi Capitals,5,68.26666666666667,1024,0.3333333333333339,2017-05-12,2017
1082643,2,5,6,Sunrisers Hyderabad,Gujarat Lions,33,2,8,122,90.0,15.0,6.6,8.133333333333333,155,1,Green Park,,5,65.06666666666666,976,1.5333333333333332,2017-05-13,2017
1082644,2,5,6,Kolkata Knight Riders,Mumbai Indians,49,2,8,125,90.0,15.0,9.8,8.333333333333334,174,0,"Eden Gardens, Kolkata",Kolkata Knight Riders,5,66.66666666666667,1000,-1.4666666666666668,2017-05-13,2017
1082645,2,5,6,Rising Pune Supergiant,Punjab Kings,36,0,10,38,90.0,15.0,7.2,2.533333333333333,74,1,"MCA Stadium, Pune",Rising Pune Supergiant,5,25.333333333333332,380,-4.666666666666667,2017-05-14,2017
1082646,2,5,7,Delhi Capitals,Royal Challengers Bangalore,40,1,9,122,90.0,15.0,8.0,8.133333333333333,162,0,"Arun Jaitley Stadium, Delhi",Delhi Capitals,5,73.19999999999999,1098,0.13333333333333286,2017-05-14,2017
1082647,2,5,6,Mumbai Indians,Rising Pune Supergiant,41,1,9,122,90.0,15.0,8.2,8.133333333333333,163,0,"Wankhede Stadium, Mumbai",Mumbai Indians,5,73.19999999999999,1098,-0.06666666666666643,2017-05-16,2017
1082648,2,5,6,Kolkata Knight Riders,Sunrisers Hyderabad,46,3,7,83,90.0,15.0,9.2,5.533333333333333,129,1,"M Chinnaswamy Stadium, Bengaluru",,5,38.733333333333334,581,-3.666666666666666,2017-05-17,2017
1082649,2,5,6,Mumbai Indians,Kolkata Knight Riders,32,2,8,76,90.0,15.0,6.4,5.066666666666666,108,1,"M Chinnaswamy Stadium, Bengaluru",,5,40.53333333333333,608,-1.333333333333334,2017-05-19,2017
1082650,2,5,7,Rising Pune Supergiant,Mumbai Indians,32,1,9,98,90.0,15.0,6.4,6.533333333333333,130,0,"Rajiv Gandhi International Stadium, Hyderabad",,5,58.8,882,0.13333333333333286,2017-05-21,2017
1136561,2,5,6,Chennai Super Kings,Mumbai Indians,39,1,9,127,90.0,15.0,7.8,8.466666666666667,166,1,"Wankhede Stadium, Mumbai",Mumbai Indians,5,76.2,1143,0.666666666666667,2018-04-07,2018
1136562,2,5,6,Punjab Kings,Delhi Capitals,64,2,8,103,90.0,15.0,12.8,6.866666666666666,167,1,Punjab Cricket Association IS Bindra Stadium,,5,54.93333333333333,824,-5.9333333333333345,2018-04-08,2018
1136563,2,5,7,Kolkata Knight Riders,Royal Challengers Bangalore,65,1,9,112,90.0,15.0,13.0,7.466666666666667,177,1,"Eden Gardens, Kolkata",Kolkata Knight Riders,5,67.2,1008,-5.533333333333333,2018-04-08,2018
1136564,2,5,6,Sunrisers Hyderabad,Rajasthan Royals,45,1,9,81,90.0,15.0,9.0,5.4,126,1,Rajiv Gandhi International Stadium,Sunrisers Hyderabad,5,48.6,729,-3.5999999999999996,2018-04-09,2018
1136565,2,5,6,Chennai Super Kings,Kolkata Knight Riders,63,0,10,140,90.0,15.0,12.6,9.333333333333334,203,1,"MA Chidambaram Stadium, Chennai",Chennai Super Kings,5,93.33333333333334,1400,-3.2666666666666657,2018-04-10,2018
1136566,2,5,6,Delhi Capitals,Rajasthan Royals,46,3,7,108,90.0,15.0,9.2,7.2,154,0,"Sawai Mansingh Stadium, Jaipur",Rajasthan Royals,5,50.4,756,-1.9999999999999991,2018-04-11,2018
1136567,2,5,6,Sunrisers Hyderabad,Mumbai Indians,42,0,10,106,90.0,15.0,8.4,7.066666666666666,148,1,Rajiv Gandhi International Stadium,Sunrisers Hyderabad,5,70.66666666666666,1060,-1.333333333333334,2018-04-12,2018
1136568,2,5,6,Royal Challengers Bangalore,Punjab Kings,33,2,8,123,90.0,15.0,6.6,8.2,156,1,M.Chinnaswamy Stadium,Royal Challengers Bangalore,5,65.6,984,1.5999999999999996,2018-04-13,2018
1136569,2,5,6,Delhi Capitals,Mumbai Indians,50,0,10,145,90.0,15.0,10.0,9.666666666666666,195,1,"Wankhede Stadium, Mumbai",Mumbai Indians,5,96.66666666666666,1450,-0.3333333333333339,2018-04-14,2018
1136570,2,5,6,Sunrisers Hyderabad,Kolkata Knight Riders,45,1,9,94,90.0,15.0,9.0,6.266666666666667,139,1,"Eden Gardens, Kolkata",Kolkata Knight Riders,5,56.4,846,-2.7333333333333334,2018-04-14,2018
1136571,2,5,6,Royal Challengers Bangalore,Rajasthan Royals,49,1,9,169,90.0,15.0,9.8,11.266666666666667,218,0,M.Chinnaswamy Stadium,Royal Challengers Bangalore,5,101.4,1521,1.4666666666666668,2018-04-15,2018
1136572,2,5,6,Chennai Super Kings,Punjab Kings,46,2,8,152,90.0,15.0,9.2,10.133333333333333,198,0,Punjab Cricket Association IS Bindra Stadium,,5,81.06666666666666,1216,0.9333333333333336,2018-04-15,2018
1136573,2,5,6,Delhi Capitals,Kolkata Knight Riders,45,3,7,156,90.0,15.0,9.0,10.4,201,0,"Eden Gardens, Kolkata",Kolkata Knight Riders,5,72.8,1092,1.4000000000000004,2018-04-16,2018
1136574,2,5,6,Royal Challengers Bangalore,Mumbai Indians,44,2,8,170,90.0,15.0,8.8,11.333333333333334,214,0,"Wankhede Stadium, Mumbai",Mumbai Indians,5,90.66666666666667,1360,2.533333333333333,2018-04-17,2018
1136575,2,5,6,Kolkata Knight Riders,Rajasthan Royals,40,1,9,121,90.0,15.0,8.0,8.066666666666666,161,1,"Sawai Mansingh Stadium, Jaipur",Rajasthan Royals,5,72.6,1089,0.06666666666666643,2018-04-18,2018
1136576,2,5,6,Sunrisers Hyderabad,Punjab Kings,37,3,7,157,90.0,15.0,7.4,10.466666666666669,194,0,Punjab Cricket Association IS Bindra Stadium,,5,73.26666666666668,1099,3.066666666666668,2018-04-19,2018
1136577,2,5,6,Rajasthan Royals,Chennai Super Kings,34,3,7,171,90.0,15.0,6.8,11.4,205,0,"MCA Stadium, Pune",,5,79.8,1197,4.6000000000000005,2018-04-20,2018
1136578,2,5,6,Punjab Kings,Kolkata Knight Riders,62,0,10,130,90.0,15.0,12.4,8.666666666666666,192,1,"Eden Gardens, Kolkata",Kolkata Knight Riders,5,86.66666666666666,1300,-3.7333333333333343,2018-04-21,2018
1136579,2,5,6,Royal Challengers Bangalore,Delhi Capitals,37,2,8,138,90.0,15.0,7.4,9.2,175,1,M.Chinnaswamy Stadium,Royal Challengers Bangalore,5,73.6,1104,1.799999999999999,2018-04-21,2018
1136580,2,5,6,Sunrisers Hyderabad,Chennai Super Kings,28,3,7,155,90.0,15.0,5.6,10.333333333333334,183,0,Rajiv Gandhi International Stadium,Sunrisers Hyderabad,5,72.33333333333334,1085,4.733333333333334,2018-04-22,2018
1136581,2,5,6,Rajasthan Royals,Mumbai Indians,36,1,9,132,90.0,15.0,7.2,8.8,168,1,"Sawai Mansingh Stadium, Jaipur",Rajasthan Royals,5,79.2,1188,1.6000000000000005,2018-04-22,2018
1136582,2,5,7,Delhi Capitals,Punjab Kings,42,2,8,102,90.0,15.0,8.4,6.8,144,0,"Arun Jaitley Stadium, Delhi",Delhi Capitals,5,54.4,816,-1.6000000000000005,2018-04-23,2018
1136583,2,5,6,Mumbai Indians,Sunrisers Hyderabad,20,2,8,99,90.0,15.0,4.0,6.6,119,0,"Wankhede Stadium, Mumbai",Mumbai Indians,5,52.8,792,2.5999999999999996,2018-04-24,2018
1136584,2,5,7,Chennai Super Kings,Royal Challengers Bangalore,50,1,9,156,90.0,15.0,10.0,10.4,206,1,M.Chinnaswamy Stadium,Royal Challengers Bangalore,5,93.60000000000001,1404,0.40000000000000036,2018-04-25,2018
1136585,2,5,6,Punjab Kings,Sunrisers Hyderabad,35,0,10,98,90.0,15.0,7.0,6.533333333333333,133,0,Rajiv Gandhi International Stadium,Sunrisers Hyderabad,5,65.33333333333333,980,-0.4666666666666668,2018-04-26,2018
1136586,2,5,6,Kolkata Knight Riders,Delhi Capitals,46,3,7,174,90.0,15.0,9.2,11.6,220,0,"Arun Jaitley Stadium, Delhi",Delhi Capitals,5,81.2,1218,2.4000000000000004,2018-04-27,2018
1136587,2,5,6,Mumbai Indians,Chennai Super Kings,41,0,10,129,90.0,15.0,8.2,8.6,170,1,"MCA Stadium, Pune",,5,86.0,1290,0.40000000000000036,2018-04-28,2018
1136588,2,5,6,Rajasthan Royals,Sunrisers Hyderabad,35,1,9,117,90.0,15.0,7.0,7.8,152,0,"Sawai Mansingh Stadium, Jaipur",Rajasthan Royals,5,70.2,1053,0.7999999999999998,2018-04-29,2018
1136589,2,5,6,Kolkata Knight Riders,Royal Challengers Bangalore,47,0,10,129,90.0,15.0,9.4,8.6,176,1,M.Chinnaswamy Stadium,Royal Challengers Bangalore,5,86.0,1290,-0.8000000000000007,2018-04-29,2018
1136590,2,5,6,Delhi Capitals,Chennai Super Kings,46,2,8,166,90.0,15.0,9.2,11.066666666666666,212,0,"MCA Stadium, Pune",,5,88.53333333333333,1328,1.8666666666666671,2018-04-30,2018
1136591,2,5,7,Mumbai Indians,Royal Challengers Bangalore,29,3,7,139,90.0,15.0,5.8,9.266666666666667,168,0,M.Chinnaswamy Stadium,Royal Challengers Bangalore,5,64.86666666666667,973,3.4666666666666677,2018-05-01,2018
1136592,2,5,6,Rajasthan Royals,Delhi Capitals,66,0,10,131,90.0,15.0,13.2,8.733333333333333,197,0,"Arun Jaitley Stadium, Delhi",Delhi Capitals,5,87.33333333333333,1310,-4.466666666666667,2018-05-02,2018
1136593,2,5,7,Kolkata Knight Riders,Chennai Super Kings,44,2,8,134,90.0,15.0,8.8,8.933333333333334,178,1,"Eden Gardens, Kolkata",Kolkata Knight Riders,5,71.46666666666667,1072,0.13333333333333286,2018-05-03,2018
1136594,2,5,6,Mumbai Indians,Punjab Kings,37,0,10,138,90.0,15.0,7.4,9.2,175,1,"Holkar Cricket Stadium, Indore",Punjab Kings,5,92.0,1380,1.799999999999999,2018-05-04,2018
1136595,2,5,6,Chennai Super Kings,Royal Challengers Bangalore,26,1,9,102,90.0,15.0,5.2,6.8,128,1,"MCA Stadium, Pune",,5,61.199999999999996,918,1.5999999999999996,2018-05-05,2018
1136596,2,5,6,Sunrisers Hyderabad,Delhi Capitals,34,0,10,130,90.0,15.0,6.8,8.666666666666666,164,1,Rajiv Gandhi International Stadium,Sunrisers Hyderabad,5,86.66666666666666,1300,1.8666666666666663,2018-05-05,2018
1136597,2,5,6,Kolkata Knight Riders,Mumbai Indians,44,2,8,138,90.0,15.0,8.8,9.2,182,0,"Wankhede Stadium, Mumbai",Mumbai Indians,5,73.6,1104,0.3999999999999986,2018-05-06,2018
1136598,2,5,6,Punjab Kings,Rajasthan Royals,33,2,8,120,90.0,15.0,6.6,8.0,153,1,"Holkar Cricket Stadium, Indore",Punjab Kings,5,64.0,960,1.4000000000000004,2018-05-06,2018
1136599,2,5,6,Royal Challengers Bangalore,Sunrisers Hyderabad,47,1,9,100,90.0,15.0,9.4,6.666666666666667,147,0,Rajiv Gandhi International Stadium,Sunrisers Hyderabad,5,60.0,900,-2.7333333333333334,2018-05-07,2018
1136600,2,5,6,Punjab Kings,Rajasthan Royals,25,3,7,134,90.0,15.0,5.0,8.933333333333334,159,0,"Sawai Mansingh Stadium, Jaipur",Rajasthan Royals,5,62.53333333333333,938,3.9333333333333336,2018-05-08,2018
1136601,2,5,6,Kolkata Knight Riders,Mumbai Indians,39,2,8,172,90.0,15.0,7.8,11.466666666666669,211,0,"Eden Gardens, Kolkata",Kolkata Knight Riders,5,91.73333333333335,1376,3.6666666666666687,2018-05-09,2018
1136602,2,5,6,Sunrisers Hyderabad,Delhi Capitals,38,1,9,150,90.0,15.0,7.6,10.0,188,1,"Arun Jaitley Stadium, Delhi",Delhi Capitals,5,90.0,1350,2.4000000000000004,2018-05-10,2018
1136603,2,5,6,Rajasthan Royals,Chennai Super Kings,55,2,8,122,90.0,15.0,11.0,8.133333333333333,177,1,"Sawai Mansingh Stadium, Jaipur",Rajasthan Royals,5,65.06666666666666,976,-2.866666666666667,2018-05-11,2018
1136604,2,5,6,Punjab Kings,Kolkata Knight Riders,51,0,10,195,90.0,15.0,10.2,13.0,246,0,"Holkar Cricket Stadium, Indore",Punjab Kings,5,130.0,1950,2.8000000000000007,2018-05-12,2018
1136605,2,5,6,Royal Challengers Bangalore,Delhi Capitals,45,2,8,137,90.0,15.0,9.0,9.133333333333333,182,1,"Arun Jaitley Stadium, Delhi",Delhi Capitals,5,73.06666666666666,1096,0.13333333333333286,2018-05-12,2018
1136606,2,5,6,Chennai Super Kings,Sunrisers Hyderabad,43,0,10,137,90.0,15.0,8.6,9.133333333333333,180,1,"MCA Stadium, Pune",,5,91.33333333333333,1370,0.5333333333333332,2018-05-13,2018
1136607,2,5,6,Rajasthan Royals,Mumbai Indians,44,1,9,125,90.0,15.0,8.8,8.333333333333334,169,1,"Wankhede Stadium, Mumbai",Mumbai Indians,5,75.0,1125,-0.4666666666666668,2018-05-13,2018
1136608,2,5,6,Royal Challengers Bangalore,Punjab Kings,54,0,10,35,90.0,15.0,10.8,2.3333333333333335,89,1,"Holkar Cricket Stadium, Indore",Punjab Kings,5,23.333333333333336,350,-8.466666666666667,2018-05-14,2018
1136609,2,5,6,Kolkata Knight Riders,Rajasthan Royals,46,2,8,97,90.0,15.0,9.2,6.466666666666667,143,1,"Eden Gardens, Kolkata",Kolkata Knight Riders,5,51.733333333333334,776,-2.7333333333333325,2018-05-15,2018
1136610,2,5,6,Punjab Kings,Mumbai Indians,46,1,9,141,90.0,15.0,9.2,9.4,187,0,"Wankhede Stadium, Mumbai",Mumbai Indians,5,84.60000000000001,1269,0.20000000000000107,2018-05-16,2018
1136611,2,5,6,Sunrisers Hyderabad,Royal Challengers Bangalore,47,0,10,172,90.0,15.0,9.4,11.466666666666669,219,0,M.Chinnaswamy Stadium,Royal Challengers Bangalore,5,114.66666666666669,1720,2.066666666666668,2018-05-17,2018
1136612,2,5,6,Chennai Super Kings,Delhi Capitals,22,0,10,141,90.0,15.0,4.4,9.4,163,0,"Arun Jaitley Stadium, Delhi",Delhi Capitals,5,94.0,1410,5.0,2018-05-18,2018
1136613,2,5,6,Royal Challengers Bangalore,Rajasthan Royals,45,1,9,120,90.0,15.0,9.0,8.0,165,0,"Sawai Mansingh Stadium, Jaipur",Rajasthan Royals,5,72.0,1080,-1.0,2018-05-19,2018
1136614,2,5,7,Kolkata Knight Riders,Sunrisers Hyderabad,60,1,9,113,90.0,15.0,12.0,7.533333333333333,173,1,Rajiv Gandhi International Stadium,Sunrisers Hyderabad,5,67.8,1017,-4.466666666666667,2018-05-19,2018
1136615,2,5,6,Mumbai Indians,Delhi Capitals,50,1,9,125,90.0,15.0,10.0,8.333333333333334,175,0,"Arun Jaitley Stadium, Delhi",Delhi Capitals,5,75.0,1125,-1.666666666666666,2018-05-20,2018
1136616,2,5,6,Chennai Super Kings,Punjab Kings,27,3,7,127,90.0,15.0,5.4,8.466666666666667,154,1,"MCA Stadium, Pune",,5,59.266666666666666,889,3.0666666666666664,2018-05-20,2018
1136617,2,5,6,Chennai Super Kings,Sunrisers Hyderabad,25,3,7,115,90.0,15.0,5.0,7.666666666666667,140,1,"Wankhede Stadium, Mumbai",,5,53.66666666666667,805,2.666666666666667,2018-05-22,2018
1136618,2,5,7,Rajasthan Royals,Kolkata Knight Riders,47,0,10,123,90.0,15.0,9.4,8.2,170,0,"Eden Gardens, Kolkata",Kolkata Knight Riders,5,82.0,1230,-1.200000000000001,2018-05-23,2018
1136619,2,5,6,Kolkata Knight Riders,Sunrisers Hyderabad,58,1,9,117,90.0,15.0,11.6,7.8,175,0,"Eden Gardens, Kolkata",Kolkata Knight Riders,5,70.2,1053,-3.8,2018-05-25,2018
1136620,2,5,6,Chennai Super Kings,Sunrisers Hyderabad,20,1,9,159,90.0,15.0,4.0,10.6,179,1,"Wankhede Stadium, Mumbai",,5,95.39999999999999,1431,6.6,2018-05-27,2018
1175356,2,5,6,Chennai Super Kings,Royal Challengers Bangalore,14,1,9,57,90.0,15.0,2.8,3.8,71,1,"MA Chidambaram Stadium, Chennai",Chennai Super Kings,5,34.199999999999996,513,1.0,2019-03-23,2019
1175357,2,5,6,Kolkata Knight Riders,Sunrisers Hyderabad,40,1,9,142,90.0,15.0,8.0,9.466666666666669,182,1,"Eden Gardens, Kolkata",Kolkata Knight Riders,5,85.20000000000002,1278,1.4666666666666686,2019-03-24,2019
1175358,2,5,6,Mumbai Indians,Delhi Capitals,37,1,9,177,90.0,15.0,7.4,11.8,214,0,"Wankhede Stadium, Mumbai",Mumbai Indians,5,106.2,1593,4.4,2019-03-24,2019
1175359,2,5,6,Rajasthan Royals,Punjab Kings,45,0,10,140,90.0,15.0,9.0,9.333333333333334,185,0,"Sawai Mansingh Stadium, Jaipur",Rajasthan Royals,5,93.33333333333334,1400,0.3333333333333339,2019-03-25,2019
1175360,2,5,6,Chennai Super Kings,Delhi Capitals,51,1,9,97,90.0,15.0,10.2,6.466666666666667,148,1,"Arun Jaitley Stadium, Delhi",Delhi Capitals,5,58.2,873,-3.7333333333333325,2019-03-26,2019
1175361,2,5,6,Punjab Kings,Kolkata Knight Riders,43,2,8,176,90.0,15.0,8.6,11.733333333333333,219,0,"Eden Gardens, Kolkata",Kolkata Knight Riders,5,93.86666666666666,1408,3.133333333333333,2019-03-27,2019
1175362,2,5,6,Royal Challengers Bangalore,Mumbai Indians,48,1,9,140,90.0,15.0,9.6,9.333333333333334,188,0,M.Chinnaswamy Stadium,Royal Challengers Bangalore,5,84.0,1260,-0.2666666666666657,2019-03-28,2019
1175363,2,5,6,Sunrisers Hyderabad,Rajasthan Royals,54,0,10,145,90.0,15.0,10.8,9.666666666666666,199,1,Rajiv Gandhi International Stadium,Sunrisers Hyderabad,5,96.66666666666666,1450,-1.1333333333333346,2019-03-29,2019
1175364,2,5,6,Punjab Kings,Mumbai Indians,36,0,10,141,90.0,15.0,7.2,9.4,177,1,Punjab Cricket Association IS Bindra Stadium,,5,94.0,1410,2.2,2019-03-30,2019
1175365,2,5,7,Delhi Capitals,Kolkata Knight Riders,33,1,9,153,90.0,15.0,6.6,10.2,186,0,"Arun Jaitley Stadium, Delhi",Delhi Capitals,5,91.8,1377,3.5999999999999996,2019-03-30,2019
1175366,2,5,6,Royal Challengers Bangalore,Sunrisers Hyderabad,24,3,7,208,90.0,15.0,4.8,13.866666666666667,232,0,Rajiv Gandhi International Stadium,Sunrisers Hyderabad,5,97.06666666666666,1456,9.066666666666666,2019-03-31,2019
1175367,2,5,7,Rajasthan Royals,Chennai Super Kings,28,3,7,148,90.0,15.0,5.6,9.866666666666667,176,0,"MA Chidambaram Stadium, Chennai",Chennai Super Kings,5,69.06666666666666,1036,4.2666666666666675,2019-03-31,2019
1175368,2,5,6,Delhi Capitals,Punjab Kings,39,1,9,128,90.0,15.0,7.8,8.533333333333333,167,0,Punjab Cricket Association IS Bindra Stadium,,5,76.8,1152,0.7333333333333334,2019-04-01,2019
1175369,2,5,6,Rajasthan Royals,Royal Challengers Bangalore,46,0,10,113,90.0,15.0,9.2,7.533333333333333,159,1,"Sawai Mansingh Stadium, Jaipur",Rajasthan Royals,5,75.33333333333333,1130,-1.666666666666666,2019-04-02,2019
1175370,2,5,6,Chennai Super Kings,Mumbai Indians,33,3,7,138,90.0,15.0,6.6,9.2,171,0,"Wankhede Stadium, Mumbai",Mumbai Indians,5,64.39999999999999,966,2.5999999999999996,2019-04-03,2019
1175371,2,5,7,Sunrisers Hyderabad,Delhi Capitals,48,0,10,82,90.0,15.0,9.6,5.466666666666667,130,1,"Arun Jaitley Stadium, Delhi",Delhi Capitals,5,54.66666666666667,820,-4.133333333333333,2019-04-04,2019
1175372,2,5,6,Kolkata Knight Riders,Royal Challengers Bangalore,51,1,9,155,90.0,15.0,10.2,10.333333333333334,206,1,M.Chinnaswamy Stadium,Royal Challengers Bangalore,5,93.0,1395,0.13333333333333464,2019-04-05,2019
1178393,2,5,6,Punjab Kings,Chennai Super Kings,35,2,8,126,90.0,15.0,7.0,8.4,161,0,"MA Chidambaram Stadium, Chennai",Chennai Super Kings,5,67.2,1008,1.4000000000000004,2019-04-06,2019
1178394,2,5,6,Sunrisers Hyderabad,Mumbai Indians,33,2,8,104,90.0,15.0,6.6,6.933333333333334,137,0,Rajiv Gandhi International Stadium,Sunrisers Hyderabad,5,55.46666666666667,832,0.3333333333333339,2019-04-06,2019
1178395,2,5,7,Delhi Capitals,Royal Challengers Bangalore,47,1,9,103,90.0,15.0,9.4,6.866666666666666,150,1,M.Chinnaswamy Stadium,Royal Challengers Bangalore,5,61.8,927,-2.533333333333334,2019-04-07,2019
1178396,2,5,6,Kolkata Knight Riders,Rajasthan Royals,54,0,10,86,90.0,15.0,10.8,5.733333333333333,140,1,"Sawai Mansingh Stadium, Jaipur",Rajasthan Royals,5,57.333333333333336,860,-5.066666666666667,2019-04-07,2019
1178397,2,5,6,Punjab Kings,Sunrisers Hyderabad,30,1,9,121,90.0,15.0,6.0,8.066666666666666,151,1,Punjab Cricket Association IS Bindra Stadium,,5,72.6,1089,2.0666666666666664,2019-04-08,2019
1178398,2,5,7,Chennai Super Kings,Kolkata Knight Riders,35,2,8,74,90.0,15.0,7.0,4.933333333333334,109,1,"MA Chidambaram Stadium, Chennai",Chennai Super Kings,5,39.46666666666667,592,-2.0666666666666664,2019-04-09,2019
1178399,2,5,6,Mumbai Indians,Punjab Kings,41,1,9,157,90.0,15.0,8.2,10.466666666666669,198,1,"Wankhede Stadium, Mumbai",Mumbai Indians,5,94.20000000000002,1413,2.2666666666666693,2019-04-10,2019
1178400,2,5,6,Chennai Super Kings,Rajasthan Royals,24,3,7,128,90.0,15.0,4.8,8.533333333333333,152,1,"Sawai Mansingh Stadium, Jaipur",Rajasthan Royals,5,59.733333333333334,896,3.7333333333333334,2019-04-11,2019
1178401,2,5,6,Delhi Capitals,Kolkata Knight Riders,55,1,9,124,90.0,15.0,11.0,8.266666666666667,179,1,"Eden Gardens, Kolkata",Kolkata Knight Riders,5,74.4,1116,-2.7333333333333325,2019-04-12,2019
1178402,2,5,6,Rajasthan Royals,Mumbai Indians,49,0,10,139,90.0,15.0,9.8,9.266666666666667,188,1,"Wankhede Stadium, Mumbai",Mumbai Indians,5,92.66666666666667,1390,-0.5333333333333332,2019-04-13,2019
1178403,2,5,6,Royal Challengers Bangalore,Punjab Kings,54,1,9,120,90.0,15.0,10.8,8.0,174,1,Punjab Cricket Association IS Bindra Stadium,,5,72.0,1080,-2.8000000000000007,2019-04-13,2019
1178404,2,5,6,Chennai Super Kings,Kolkata Knight Riders,44,1,9,118,90.0,15.0,8.8,7.866666666666666,162,1,"Eden Gardens, Kolkata",Kolkata Knight Riders,5,70.8,1062,-0.9333333333333345,2019-04-14,2019
1178405,2,5,7,Sunrisers Hyderabad,Delhi Capitals,36,0,10,120,90.0,15.0,7.2,8.0,156,0,Rajiv Gandhi International Stadium,Sunrisers Hyderabad,5,80.0,1200,0.7999999999999998,2019-04-14,2019
1178406,2,5,6,Mumbai Indians,Royal Challengers Bangalore,54,0,10,118,90.0,15.0,10.8,7.866666666666666,172,1,"Wankhede Stadium, Mumbai",Mumbai Indians,5,78.66666666666666,1180,-2.9333333333333345,2019-04-15,2019
1178407,2,5,7,Rajasthan Royals,Punjab Kings,51,1,9,132,90.0,15.0,10.2,8.8,183,0,Punjab Cricket Association IS Bindra Stadium,,5,79.2,1188,-1.3999999999999986,2019-04-16,2019
1178408,2,5,6,Sunrisers Hyderabad,Chennai Super Kings,58,0,10,75,90.0,15.0,11.6,5.0,133,1,Rajiv Gandhi International Stadium,Sunrisers Hyderabad,5,50.0,750,-6.6,2019-04-17,2019
1178409,2,5,6,Delhi Capitals,Mumbai Indians,42,0,10,127,90.0,15.0,8.4,8.466666666666667,169,0,"Arun Jaitley Stadium, Delhi",Delhi Capitals,5,84.66666666666667,1270,0.06666666666666643,2019-04-18,2019
1178410,2,5,6,Kolkata Knight Riders,Royal Challengers Bangalore,33,3,7,181,90.0,15.0,6.6,12.066666666666666,214,0,"Eden Gardens, Kolkata",Kolkata Knight Riders,5,84.46666666666667,1267,5.466666666666667,2019-04-19,2019
1178411,2,5,6,Rajasthan Royals,Mumbai Indians,48,1,9,114,90.0,15.0,9.6,7.6,162,1,"Sawai Mansingh Stadium, Jaipur",Rajasthan Royals,5,68.39999999999999,1026,-2.0,2019-04-20,2019
1178412,2,5,6,Delhi Capitals,Punjab Kings,52,1,9,112,90.0,15.0,10.4,7.466666666666667,164,1,"Arun Jaitley Stadium, Delhi",Delhi Capitals,5,67.2,1008,-2.9333333333333336,2019-04-20,2019
1178413,2,5,6,Sunrisers Hyderabad,Kolkata Knight Riders,52,0,10,108,90.0,15.0,10.4,7.2,160,1,Rajiv Gandhi International Stadium,Sunrisers Hyderabad,5,72.0,1080,-3.2,2019-04-21,2019
1178414,2,5,6,Chennai Super Kings,Royal Challengers Bangalore,23,3,7,139,90.0,15.0,4.6,9.266666666666667,162,0,M.Chinnaswamy Stadium,Royal Challengers Bangalore,5,64.86666666666667,973,4.666666666666668,2019-04-21,2019
1178415,2,5,6,Delhi Capitals,Rajasthan Royals,45,0,10,147,90.0,15.0,9.0,9.8,192,1,"Sawai Mansingh Stadium, Jaipur",Rajasthan Royals,5,98.0,1470,0.8000000000000007,2019-04-22,2019
1178416,2,5,6,Chennai Super Kings,Sunrisers Hyderabad,27,1,9,149,90.0,15.0,5.4,9.933333333333334,176,1,"MA Chidambaram Stadium, Chennai",Chennai Super Kings,5,89.4,1341,4.533333333333333,2019-04-23,2019
1178417,2,5,6,Punjab Kings,Royal Challengers Bangalore,56,1,9,147,90.0,15.0,11.2,9.8,203,0,M.Chinnaswamy Stadium,Royal Challengers Bangalore,5,88.2,1323,-1.3999999999999986,2019-04-24,2019
1178418,2,5,6,Rajasthan Royals,Kolkata Knight Riders,53,0,10,123,90.0,15.0,10.6,8.2,176,1,"Eden Gardens, Kolkata",Kolkata Knight Riders,5,82.0,1230,-2.4000000000000004,2019-04-25,2019
1178419,2,5,6,Chennai Super Kings,Mumbai Indians,35,3,7,121,90.0,15.0,7.0,8.066666666666666,156,0,"MA Chidambaram Stadium, Chennai",Chennai Super Kings,5,56.46666666666667,847,1.0666666666666664,2019-04-26,2019
1178420,2,5,6,Rajasthan Royals,Sunrisers Hyderabad,40,0,10,121,90.0,15.0,8.0,8.066666666666666,161,1,"Sawai Mansingh Stadium, Jaipur",Rajasthan Royals,5,80.66666666666666,1210,0.06666666666666643,2019-04-27,2019
1178421,2,5,6,Royal Challengers Bangalore,Delhi Capitals,56,0,10,132,90.0,15.0,11.2,8.8,188,0,"Arun Jaitley Stadium, Delhi",Delhi Capitals,5,88.0,1320,-2.3999999999999986,2019-04-28,2019
1178422,2,5,6,Mumbai Indians,Kolkata Knight Riders,29,2,8,204,90.0,15.0,5.8,13.6,233,0,"Eden Gardens, Kolkata",Kolkata Knight Riders,5,108.8,1632,7.8,2019-04-28,2019
1178423,2,5,6,Punjab Kings,Sunrisers Hyderabad,40,1,9,173,90.0,15.0,8.0,11.533333333333331,213,0,Rajiv Gandhi International Stadium,Sunrisers Hyderabad,5,103.79999999999998,1557,3.5333333333333314,2019-04-29,2019
1178425,2,5,6,Delhi Capitals,Chennai Super Kings,49,1,9,131,90.0,15.0,9.8,8.733333333333333,180,0,"MA Chidambaram Stadium, Chennai",Chennai Super Kings,5,78.6,1179,-1.0666666666666682,2019-05-01,2019
1178426,2,5,6,Sunrisers Hyderabad,Mumbai Indians,57,1,9,106,90.0,15.0,11.4,7.066666666666666,163,0,"Wankhede Stadium, Mumbai",Mumbai Indians,5,63.599999999999994,954,-4.333333333333334,2019-05-02,2019
1178427,2,5,6,Kolkata Knight Riders,Punjab Kings,47,0,10,137,90.0,15.0,9.4,9.133333333333333,184,1,Punjab Cricket Association IS Bindra Stadium,,5,91.33333333333333,1370,-0.2666666666666675,2019-05-03,2019
1178428,2,5,6,Delhi Capitals,Rajasthan Royals,29,2,8,87,90.0,15.0,5.8,5.8,116,1,"Arun Jaitley Stadium, Delhi",Delhi Capitals,5,46.4,696,0.0,2019-05-04,2019
1178429,2,5,7,Royal Challengers Bangalore,Sunrisers Hyderabad,45,3,7,131,90.0,15.0,9.0,8.733333333333333,176,1,M.Chinnaswamy Stadium,Royal Challengers Bangalore,5,61.133333333333326,917,-0.2666666666666675,2019-05-04,2019
1178430,2,5,6,Punjab Kings,Chennai Super Kings,60,0,10,111,90.0,15.0,12.0,7.4,171,1,Punjab Cricket Association IS Bindra Stadium,,5,74.0,1110,-4.6,2019-05-05,2019
1178431,2,5,6,Mumbai Indians,Kolkata Knight Riders,45,0,10,89,90.0,15.0,9.0,5.933333333333334,134,1,"Wankhede Stadium, Mumbai",Mumbai Indians,5,59.333333333333336,890,-3.0666666666666664,2019-05-05,2019
1181764,2,5,6,Mumbai Indians,Chennai Super Kings,33,2,8,99,90.0,15.0,6.6,6.6,132,1,"MA Chidambaram Stadium, Chennai",Chennai Super Kings,5,52.8,792,0.0,2019-05-07,2019
1181766,2,5,7,Delhi Capitals,Sunrisers Hyderabad,49,0,10,114,90.0,15.0,9.8,7.6,163,1,Dr. Y.S. Rajasekhara Reddy ACA-VDCA Cricket Stadium,,5,76.0,1140,-2.200000000000001,2019-05-08,2019
1181767,2,5,6,Chennai Super Kings,Delhi Capitals,27,0,10,121,90.0,15.0,5.4,8.066666666666666,148,1,Dr. Y.S. Rajasekhara Reddy ACA-VDCA Cricket Stadium,,5,80.66666666666666,1210,2.666666666666666,2019-05-10,2019
1181768,2,5,6,Chennai Super Kings,Mumbai Indians,38,1,9,112,90.0,15.0,7.6,7.466666666666667,150,0,Rajiv Gandhi International Stadium,,5,67.2,1008,-0.13333333333333286,2019-05-12,2019
1216492,2,5,6,Chennai Super Kings,Mumbai Indians,23,2,8,140,90.0,15.0,4.6,9.333333333333334,163,1,"Sheikh Zayed Stadium, Abu Dhabi",,5,74.66666666666667,1120,4.733333333333334,2020-09-19,2020/21
1216493,2,5,6,Punjab Kings,Delhi Capitals,33,1,9,125,90.0,15.0,6.6,8.333333333333334,158,0,"Dubai International Cricket Stadium, Dubai",,5,75.0,1125,1.7333333333333343,2020-09-20,2020/21
1216494,2,5,6,Royal Challengers Bangalore,Kolkata Knight Riders,37,0,10,48,90.0,15.0,7.4,3.2,85,1,"Sheikh Zayed Stadium, Abu Dhabi",,5,32.0,480,-4.2,2020-10-21,2020/21
1216495,2,5,6,Sunrisers Hyderabad,Mumbai Indians,49,0,10,101,90.0,15.0,9.8,6.733333333333333,150,1,"Sharjah Cricket Stadium, Sharjah",,5,67.33333333333333,1010,-3.0666666666666673,2020-11-03,2020/21
1216496,2,5,6,Chennai Super Kings,Rajasthan Royals,36,0,10,181,90.0,15.0,7.2,12.066666666666666,217,0,"Sharjah Cricket Stadium, Sharjah",,5,120.66666666666666,1810,4.866666666666666,2020-09-22,2020/21
1216497,2,5,9,Delhi Capitals,Kolkata Knight Riders,33,2,8,162,90.0,15.0,6.6,10.8,195,0,"Sheikh Zayed Stadium, Abu Dhabi",,5,86.4,1296,4.200000000000001,2020-10-24,2020/21
1216498,2,5,6,Sunrisers Hyderabad,Punjab Kings,44,0,10,83,90.0,15.0,8.8,5.533333333333333,127,0,"Dubai International Cricket Stadium, Dubai",,5,55.33333333333333,830,-3.2666666666666675,2020-10-24,2020/21
1216499,2,5,6,Mumbai Indians,Royal Challengers Bangalore,36,0,10,129,90.0,15.0,7.2,8.6,165,1,"Sheikh Zayed Stadium, Abu Dhabi",,5,86.0,1290,1.3999999999999995,2020-10-28,2020/21
1216500,2,5,6,Rajasthan Royals,Delhi Capitals,33,1,9,152,90.0,15.0,6.6,10.133333333333333,185,0,"Sharjah Cricket Stadium, Sharjah",,5,91.19999999999999,1368,3.533333333333333,2020-10-09,2020/21
1216501,2,5,7,Chennai Super Kings,Kolkata Knight Riders,41,1,9,127,90.0,15.0,8.2,8.466666666666667,168,0,"Sheikh Zayed Stadium, Abu Dhabi",,5,76.2,1143,0.2666666666666675,2020-10-07,2020/21
1216502,2,5,9,Sunrisers Hyderabad,Royal Challengers Bangalore,46,1,9,75,90.0,15.0,9.2,5.0,121,1,"Sharjah Cricket Stadium, Sharjah",,5,45.0,675,-4.199999999999999,2020-10-31,2020/21
1216503,2,5,6,Punjab Kings,Mumbai Indians,38,1,9,154,90.0,15.0,7.6,10.266666666666667,192,0,"Sheikh Zayed Stadium, Abu Dhabi",,5,92.4,1386,2.666666666666668,2020-10-01,2020/21
1216504,2,5,6,Rajasthan Royals,Kolkata Knight Riders,36,2,8,139,90.0,15.0,7.2,9.266666666666667,175,0,"Dubai International Cricket Stadium, Dubai",,5,74.13333333333334,1112,2.0666666666666673,2020-09-30,2020/21
1216505,2,5,6,Delhi Capitals,Royal Challengers Bangalore,42,1,9,111,90.0,15.0,8.4,7.4,153,1,"Sheikh Zayed Stadium, Abu Dhabi",,5,66.60000000000001,999,-1.0,2020-11-02,2020/21
1216506,2,5,6,Chennai Super Kings,Punjab Kings,44,0,10,110,90.0,15.0,8.8,7.333333333333333,154,1,"Sheikh Zayed Stadium, Abu Dhabi",,5,73.33333333333333,1100,-1.4666666666666677,2020-11-01,2020/21
1216507,2,5,6,Rajasthan Royals,Sunrisers Hyderabad,36,3,7,123,90.0,15.0,7.2,8.2,159,1,"Dubai International Cricket Stadium, Dubai",,5,57.39999999999999,861,0.9999999999999991,2020-10-11,2020/21
1216508,2,5,6,Kolkata Knight Riders,Mumbai Indians,25,2,8,171,90.0,15.0,5.0,11.4,196,0,"Sheikh Zayed Stadium, Abu Dhabi",,5,91.2,1368,6.4,2020-09-23,2020/21
1216509,2,5,6,Delhi Capitals,Chennai Super Kings,29,2,8,151,90.0,15.0,5.8,10.066666666666666,180,1,"Sharjah Cricket Stadium, Sharjah",,5,80.53333333333333,1208,4.266666666666667,2020-10-17,2020/21
1216510,2,5,8,Royal Challengers Bangalore,Punjab Kings,25,3,7,182,90.0,15.0,5.0,12.133333333333333,207,0,"Dubai International Cricket Stadium, Dubai",,5,84.93333333333334,1274,7.133333333333333,2020-09-24,2020/21
1216511,2,5,6,Rajasthan Royals,Mumbai Indians,23,3,7,171,90.0,15.0,4.6,11.4,194,0,"Sheikh Zayed Stadium, Abu Dhabi",,5,79.8,1197,6.800000000000001,2020-10-06,2020/21
1216512,2,5,6,Sunrisers Hyderabad,Kolkata Knight Riders,46,0,10,118,90.0,15.0,9.2,7.866666666666666,164,0,"Sheikh Zayed Stadium, Abu Dhabi",,5,78.66666666666666,1180,-1.333333333333333,2020-10-18,2020/21
1216513,2,5,7,Chennai Super Kings,Punjab Kings,41,0,10,138,90.0,15.0,8.2,9.2,179,1,"Dubai International Cricket Stadium, Dubai",,5,92.0,1380,1.0,2020-10-04,2020/21
1216514,2,5,6,Royal Challengers Bangalore,Rajasthan Royals,39,1,9,116,90.0,15.0,7.8,7.733333333333333,155,1,"Sheikh Zayed Stadium, Abu Dhabi",,5,69.6,1044,-0.06666666666666643,2020-10-03,2020/21
1216515,2,5,6,Kolkata Knight Riders,Delhi Capitals,47,1,9,182,90.0,15.0,9.4,12.133333333333333,229,0,"Sharjah Cricket Stadium, Sharjah",,5,109.19999999999999,1638,2.7333333333333325,2020-10-03,2020/21
1216516,2,5,7,Chennai Super Kings,Sunrisers Hyderabad,26,1,9,139,90.0,15.0,5.2,9.266666666666667,165,0,"Dubai International Cricket Stadium, Dubai",,5,83.4,1251,4.066666666666667,2020-10-02,2020/21
1216517,2,5,6,Punjab Kings,Mumbai Indians,40,1,9,137,90.0,15.0,8.0,9.133333333333333,177,0,"Dubai International Cricket Stadium, Dubai",,5,82.19999999999999,1233,1.1333333333333329,2020-10-18,2020/21
1216518,2,5,6,Sunrisers Hyderabad,Rajasthan Royals,40,2,8,115,90.0,15.0,8.0,7.666666666666667,155,1,"Dubai International Cricket Stadium, Dubai",,5,61.333333333333336,920,-0.33333333333333304,2020-10-22,2020/21
1216519,2,5,6,Royal Challengers Bangalore,Delhi Capitals,38,2,8,159,90.0,15.0,7.6,10.6,197,0,"Dubai International Cricket Stadium, Dubai",,5,84.8,1272,3.0,2020-10-05,2020/21
1216520,2,5,6,Punjab Kings,Kolkata Knight Riders,34,0,10,116,90.0,15.0,6.8,7.733333333333333,150,1,"Sharjah Cricket Stadium, Sharjah",,5,77.33333333333333,1160,0.9333333333333336,2020-10-26,2020/21
1216521,2,5,6,Mumbai Indians,Chennai Super Kings,47,0,10,68,90.0,15.0,9.4,4.533333333333333,115,1,"Sharjah Cricket Stadium, Sharjah",,5,45.33333333333333,680,-4.866666666666667,2020-10-23,2020/21
1216522,2,5,7,Royal Challengers Bangalore,Rajasthan Royals,39,1,9,139,90.0,15.0,7.8,9.266666666666667,178,1,"Dubai International Cricket Stadium, Dubai",,5,83.4,1251,1.4666666666666677,2020-10-17,2020/21
1216523,2,5,6,Punjab Kings,Kolkata Knight Riders,36,0,10,129,90.0,15.0,7.2,8.6,165,0,"Sheikh Zayed Stadium, Abu Dhabi",,5,86.0,1290,1.3999999999999995,2020-10-10,2020/21
1216524,2,5,6,Delhi Capitals,Sunrisers Hyderabad,34,2,8,186,90.0,15.0,6.8,12.4,220,0,"Dubai International Cricket Stadium, Dubai",,5,99.2,1488,5.6000000000000005,2020-10-27,2020/21
1216525,2,5,6,Chennai Super Kings,Royal Challengers Bangalore,21,1,9,149,90.0,15.0,4.2,9.933333333333334,170,0,"Dubai International Cricket Stadium, Dubai",,5,89.4,1341,5.733333333333333,2020-10-10,2020/21
1216526,2,5,6,Mumbai Indians,Kolkata Knight Riders,48,0,10,101,90.0,15.0,9.6,6.733333333333333,149,1,"Sheikh Zayed Stadium, Abu Dhabi",,5,67.33333333333333,1010,-2.8666666666666663,2020-10-16,2020/21
1216527,2,5,7,Rajasthan Royals,Punjab Kings,55,1,9,169,90.0,15.0,11.0,11.266666666666667,224,1,"Sharjah Cricket Stadium, Sharjah",,5,101.4,1521,0.2666666666666675,2020-09-27,2020/21
1216528,2,5,6,Sunrisers Hyderabad,Chennai Super Kings,34,2,8,134,90.0,15.0,6.8,8.933333333333334,168,0,"Dubai International Cricket Stadium, Dubai",,5,71.46666666666667,1072,2.1333333333333337,2020-10-13,2020/21
1216529,2,5,6,Mumbai Indians,Delhi Capitals,31,1,9,132,90.0,15.0,6.2,8.8,163,1,"Sheikh Zayed Stadium, Abu Dhabi",,5,79.2,1188,2.6000000000000005,2020-10-11,2020/21
1216530,2,5,6,Rajasthan Royals,Kolkata Knight Riders,37,5,5,155,90.0,15.0,7.4,10.333333333333334,192,0,"Dubai International Cricket Stadium, Dubai",,5,51.66666666666667,775,2.9333333333333336,2020-11-01,2020/21
1216531,2,5,6,Punjab Kings,Royal Challengers Bangalore,46,0,10,126,90.0,15.0,9.2,8.4,172,1,"Sharjah Cricket Stadium, Sharjah",,5,84.0,1260,-0.7999999999999989,2020-10-15,2020/21
1216532,2,5,6,Delhi Capitals,Sunrisers Hyderabad,27,1,9,136,90.0,15.0,5.4,9.066666666666666,163,0,"Sheikh Zayed Stadium, Abu Dhabi",,5,81.6,1224,3.666666666666666,2020-09-29,2020/21
1216533,2,5,6,Rajasthan Royals,Chennai Super Kings,28,3,7,98,90.0,15.0,5.6,6.533333333333333,126,1,"Sheikh Zayed Stadium, Abu Dhabi",,5,45.733333333333334,686,0.9333333333333336,2020-10-19,2020/21
1216534,2,5,6,Sunrisers Hyderabad,Royal Challengers Bangalore,40,1,9,124,90.0,15.0,8.0,8.266666666666667,164,0,"Dubai International Cricket Stadium, Dubai",,5,74.4,1116,0.2666666666666675,2020-09-21,2020/21
1216535,2,5,6,Mumbai Indians,Delhi Capitals,27,0,10,84,90.0,15.0,5.4,5.6,111,1,"Dubai International Cricket Stadium, Dubai",,5,56.0,840,0.1999999999999993,2020-10-31,2020/21
1216536,2,5,6,Chennai Super Kings,Kolkata Knight Riders,37,0,10,136,90.0,15.0,7.4,9.066666666666666,173,1,"Dubai International Cricket Stadium, Dubai",,5,90.66666666666666,1360,1.666666666666666,2020-10-29,2020/21
1216537,2,5,6,Rajasthan Royals,Punjab Kings,54,0,10,132,90.0,15.0,10.8,8.8,186,1,"Sheikh Zayed Stadium, Abu Dhabi",,5,88.0,1320,-2.0,2020-10-30,2020/21
1216538,2,5,6,Sunrisers Hyderabad,Mumbai Indians,42,1,9,167,90.0,15.0,8.4,11.133333333333333,209,0,"Sharjah Cricket Stadium, Sharjah",,5,100.19999999999999,1503,2.7333333333333325,2020-10-04,2020/21
1216539,2,5,6,Chennai Super Kings,Delhi Capitals,26,1,9,150,90.0,15.0,5.2,10.0,176,0,"Dubai International Cricket Stadium, Dubai",,5,90.0,1350,4.8,2020-09-25,2020/21
1216540,2,5,6,Kolkata Knight Riders,Royal Challengers Bangalore,39,1,9,156,90.0,15.0,7.8,10.4,195,0,"Sharjah Cricket Stadium, Sharjah",,5,93.60000000000001,1404,2.6000000000000005,2020-10-12,2020/21
1216541,2,5,7,Rajasthan Royals,Mumbai Indians,45,2,8,151,90.0,15.0,9.0,10.066666666666666,196,1,"Sheikh Zayed Stadium, Abu Dhabi",,5,80.53333333333333,1208,1.0666666666666664,2020-10-25,2020/21
1216542,2,5,6,Punjab Kings,Sunrisers Hyderabad,37,2,8,165,90.0,15.0,7.4,11.0,202,0,"Dubai International Cricket Stadium, Dubai",,5,88.0,1320,3.5999999999999996,2020-10-08,2020/21
1216543,2,5,6,Rajasthan Royals,Delhi Capitals,43,2,8,119,90.0,15.0,8.6,7.933333333333334,162,0,"Dubai International Cricket Stadium, Dubai",,5,63.46666666666667,952,-0.6666666666666661,2020-10-14,2020/21
1216544,2,5,6,Chennai Super Kings,Royal Challengers Bangalore,46,0,10,100,90.0,15.0,9.2,6.666666666666667,146,1,"Dubai International Cricket Stadium, Dubai",,5,66.66666666666667,1000,-2.5333333333333323,2020-10-25,2020/21
1216545,2,5,6,Kolkata Knight Riders,Sunrisers Hyderabad,43,2,8,100,90.0,15.0,8.6,6.666666666666667,143,1,"Sheikh Zayed Stadium, Abu Dhabi",,5,53.333333333333336,800,-1.9333333333333327,2020-09-26,2020/21
1216546,2,5,7,Punjab Kings,Delhi Capitals,50,1,9,115,90.0,15.0,10.0,7.666666666666667,165,1,"Dubai International Cricket Stadium, Dubai",,5,69.0,1035,-2.333333333333333,2020-10-20,2020/21
1216547,2,5,6,Mumbai Indians,Royal Challengers Bangalore,31,2,8,171,90.0,15.0,6.2,11.4,202,0,"Dubai International Cricket Stadium, Dubai",,5,91.2,1368,5.2,2020-09-28,2020/21
1237177,2,5,7,Delhi Capitals,Mumbai Indians,25,4,6,176,90.0,15.0,5.0,11.733333333333333,201,0,"Dubai International Cricket Stadium, Dubai",,5,70.39999999999999,1056,6.7333333333333325,2020-11-05,2020/21
1237178,2,5,7,Sunrisers Hyderabad,Royal Challengers Bangalore,35,1,9,97,90.0,15.0,7.0,6.466666666666667,132,1,"Sheikh Zayed Stadium, Abu Dhabi",,5,58.2,873,-0.5333333333333332,2020-11-06,2020/21
1237180,2,5,7,Sunrisers Hyderabad,Delhi Capitals,44,3,7,146,90.0,15.0,8.8,9.733333333333333,190,0,"Sheikh Zayed Stadium, Abu Dhabi",,5,68.13333333333333,1022,0.9333333333333318,2020-11-08,2020/21
1237181,2,5,6,Mumbai Indians,Delhi Capitals,58,1,9,99,90.0,15.0,11.6,6.6,157,1,"Dubai International Cricket Stadium, Dubai",,5,59.4,891,-5.0,2020-11-10,2020/21
1254058,2,5,6,Royal Challengers Bangalore,Mumbai Indians,41,1,9,119,90.0,15.0,8.2,7.933333333333334,160,1,"MA Chidambaram Stadium, Chepauk, Chennai",,5,71.4,1071,-0.2666666666666657,2021-04-09,2021
1254059,2,5,6,Delhi Capitals,Chennai Super Kings,58,0,10,131,90.0,15.0,11.6,8.733333333333333,189,1,"Wankhede Stadium, Mumbai",,5,87.33333333333333,1310,-2.866666666666667,2021-04-10,2021
1254060,2,5,6,Sunrisers Hyderabad,Kolkata Knight Riders,32,2,8,156,90.0,15.0,6.4,10.4,188,0,"MA Chidambaram Stadium, Chepauk, Chennai",,5,83.2,1248,4.0,2021-04-11,2021
1254061,2,5,6,Rajasthan Royals,Punjab Kings,48,2,8,174,90.0,15.0,9.6,11.6,222,0,"Wankhede Stadium, Mumbai",,5,92.8,1392,2.0,2021-04-12,2021
1254062,2,5,7,Kolkata Knight Riders,Mumbai Indians,32,0,10,121,90.0,15.0,6.4,8.066666666666666,153,0,"MA Chidambaram Stadium, Chepauk, Chennai",,5,80.66666666666666,1210,1.666666666666666,2021-04-13,2021
1254063,2,5,7,Sunrisers Hyderabad,Royal Challengers Bangalore,38,1,9,112,90.0,15.0,7.6,7.466666666666667,150,0,"MA Chidambaram Stadium, Chepauk, Chennai",,5,67.2,1008,-0.13333333333333286,2021-04-14,2021
1254064,2,5,6,Rajasthan Royals,Delhi Capitals,21,3,7,127,90.0,15.0,4.2,8.466666666666667,148,1,"Wankhede Stadium, Mumbai",,5,59.266666666666666,889,4.266666666666667,2021-04-15,2021
1254065,2,5,6,Chennai Super Kings,Punjab Kings,24,1,9,83,90.0,15.0,4.8,5.533333333333333,107,1,"Wankhede Stadium, Mumbai",,5,49.8,747,0.7333333333333334,2021-04-16,2021
1254066,2,5,6,Sunrisers Hyderabad,Mumbai Indians,55,0,10,96,90.0,15.0,11.0,6.4,151,0,"MA Chidambaram Stadium, Chepauk, Chennai",,5,64.0,960,-4.6,2021-04-17,2021
1254067,2,5,6,Kolkata Knight Riders,Royal Challengers Bangalore,45,1,9,160,90.0,15.0,9.0,10.666666666666666,205,0,"MA Chidambaram Stadium, Chepauk, Chennai",,5,96.0,1440,1.666666666666666,2021-04-18,2021
1254068,2,5,6,Delhi Capitals,Punjab Kings,57,0,10,139,90.0,15.0,11.4,9.266666666666667,196,1,"Wankhede Stadium, Mumbai",,5,92.66666666666667,1390,-2.133333333333333,2021-04-18,2021
1254069,2,5,7,Rajasthan Royals,Chennai Super Kings,43,1,9,146,90.0,15.0,8.6,9.733333333333333,189,0,"Wankhede Stadium, Mumbai",,5,87.6,1314,1.1333333333333329,2021-04-19,2021
1254070,2,5,7,Delhi Capitals,Mumbai Indians,34,1,9,104,90.0,15.0,6.8,6.933333333333334,138,1,"MA Chidambaram Stadium, Chepauk, Chennai",,5,62.400000000000006,936,0.13333333333333375,2021-04-20,2021
1254071,2,5,6,Sunrisers Hyderabad,Punjab Kings,40,0,10,81,90.0,15.0,8.0,5.4,121,1,"MA Chidambaram Stadium, Chepauk, Chennai",,5,54.0,810,-2.5999999999999996,2021-04-21,2021
1254072,2,5,6,Kolkata Knight Riders,Chennai Super Kings,31,4,6,190,90.0,15.0,6.2,12.666666666666666,221,0,"Wankhede Stadium, Mumbai",,5,76.0,1140,6.466666666666666,2021-04-21,2021
1254073,2,5,6,Royal Challengers Bangalore,Rajasthan Royals,49,0,10,129,90.0,15.0,9.8,8.6,178,1,"Wankhede Stadium, Mumbai",,5,86.0,1290,-1.200000000000001,2021-04-22,2021
1254074,2,5,6,Punjab Kings,Mumbai Indians,40,0,10,92,90.0,15.0,8.0,6.133333333333334,132,1,"MA Chidambaram Stadium, Chepauk, Chennai",,5,61.333333333333336,920,-1.8666666666666663,2021-04-23,2021
1254075,2,5,8,Rajasthan Royals,Kolkata Knight Riders,41,2,8,93,90.0,15.0,8.2,6.2,134,1,"Wankhede Stadium, Mumbai",,5,49.6,744,-1.9999999999999991,2021-04-24,2021
1254076,2,5,6,Royal Challengers Bangalore,Chennai Super Kings,54,2,8,138,90.0,15.0,10.8,9.2,192,0,"Wankhede Stadium, Mumbai",,5,73.6,1104,-1.6000000000000014,2021-04-25,2021
1254077,2,5,6,Sunrisers Hyderabad,Delhi Capitals,45,1,9,115,90.0,15.0,9.0,7.666666666666667,160,0,"MA Chidambaram Stadium, Chepauk, Chennai",,5,69.0,1035,-1.333333333333333,2021-04-25,2021
1254078,2,5,6,Kolkata Knight Riders,Punjab Kings,37,3,7,87,90.0,15.0,7.4,5.8,124,1,"Narendra Modi Stadium, Ahmedabad",,5,40.6,609,-1.6000000000000005,2021-04-26,2021
1254079,2,5,6,Delhi Capitals,Royal Challengers Bangalore,35,2,8,137,90.0,15.0,7.0,9.133333333333333,172,0,"Narendra Modi Stadium, Ahmedabad",,5,73.06666666666666,1096,2.133333333333333,2021-04-27,2021
1254080,2,5,6,Chennai Super Kings,Sunrisers Hyderabad,43,0,10,129,90.0,15.0,8.6,8.6,172,1,"Arun Jaitley Stadium, Delhi",,5,86.0,1290,0.0,2021-04-28,2021
1254081,2,5,6,Mumbai Indians,Rajasthan Royals,36,0,10,136,90.0,15.0,7.2,9.066666666666666,172,1,"Arun Jaitley Stadium, Delhi",,5,90.66666666666666,1360,1.8666666666666663,2021-04-29,2021
1254082,2,5,6,Delhi Capitals,Kolkata Knight Riders,66,0,10,89,90.0,15.0,13.2,5.933333333333334,155,1,"Narendra Modi Stadium, Ahmedabad",,5,59.333333333333336,890,-7.266666666666666,2021-04-29,2021
1254083,2,5,6,Royal Challengers Bangalore,Punjab Kings,32,1,9,148,90.0,15.0,6.4,9.866666666666667,180,0,"Narendra Modi Stadium, Ahmedabad",,5,88.80000000000001,1332,3.466666666666667,2021-04-30,2021
1254084,2,5,6,Mumbai Indians,Chennai Super Kings,44,0,10,175,90.0,15.0,8.8,11.666666666666666,219,1,"Arun Jaitley Stadium, Delhi",,5,116.66666666666666,1750,2.8666666666666654,2021-05-01,2021
1254085,2,5,7,Sunrisers Hyderabad,Rajasthan Royals,46,0,10,175,90.0,15.0,9.2,11.666666666666666,221,0,"Arun Jaitley Stadium, Delhi",,5,116.66666666666666,1750,2.466666666666667,2021-05-02,2021
1254086,2,5,6,Delhi Capitals,Punjab Kings,46,0,10,121,90.0,15.0,9.2,8.066666666666666,167,1,"Narendra Modi Stadium, Ahmedabad",,5,80.66666666666666,1210,-1.1333333333333329,2021-05-02,2021
1254087,2,5,7,Kolkata Knight Riders,Royal Challengers Bangalore,45,0,10,48,90.0,15.0,9.0,3.2,93,1,"Zayed Cricket Stadium, Abu Dhabi",,5,32.0,480,-5.8,2021-09-20,2021
1254088,2,5,6,Sunrisers Hyderabad,Mumbai Indians,60,0,10,176,90.0,15.0,12.0,11.733333333333333,236,0,"Zayed Cricket Stadium, Abu Dhabi",,5,117.33333333333333,1760,-0.2666666666666675,2021-10-08,2021
1254089,2,5,6,Rajasthan Royals,Chennai Super Kings,75,0,10,115,90.0,15.0,15.0,7.666666666666667,190,1,"Zayed Cricket Stadium, Abu Dhabi",,5,76.66666666666667,1150,-7.333333333333333,2021-10-02,2021
1254090,2,5,6,Punjab Kings,Royal Challengers Bangalore,46,0,10,119,90.0,15.0,9.2,7.933333333333334,165,0,"Sharjah Cricket Stadium, Sharjah",,5,79.33333333333334,1190,-1.2666666666666657,2021-10-03,2021
1254091,2,5,6,Chennai Super Kings,Sunrisers Hyderabad,36,0,10,99,90.0,15.0,7.2,6.6,135,1,"Sharjah Cricket Stadium, Sharjah",,5,66.0,990,-0.6000000000000005,2021-09-30,2021
1254092,2,5,6,Kolkata Knight Riders,Delhi Capitals,36,1,9,92,90.0,15.0,7.2,6.133333333333334,128,1,"Sharjah Cricket Stadium, Sharjah",,5,55.2,828,-1.0666666666666664,2021-09-28,2021
1254093,2,5,6,Mumbai Indians,Rajasthan Royals,48,1,9,43,90.0,15.0,9.6,2.8666666666666667,91,1,"Sharjah Cricket Stadium, Sharjah",,5,25.8,387,-6.7333333333333325,2021-10-05,2021
1254094,2,5,6,Punjab Kings,Chennai Super Kings,46,2,8,89,90.0,15.0,9.2,5.933333333333334,135,1,"Dubai International Cricket Stadium, Dubai",,5,47.46666666666667,712,-3.2666666666666657,2021-10-07,2021
1254095,2,5,6,Royal Challengers Bangalore,Sunrisers Hyderabad,25,2,8,117,90.0,15.0,5.0,7.8,142,0,"Zayed Cricket Stadium, Abu Dhabi",,5,62.4,936,2.8,2021-10-06,2021
1254096,2,5,6,Kolkata Knight Riders,Mumbai Indians,51,1,9,105,90.0,15.0,10.2,7.0,156,1,"Zayed Cricket Stadium, Abu Dhabi",,5,63.0,945,-3.1999999999999993,2021-09-23,2021
1254097,2,5,6,Rajasthan Royals,Delhi Capitals,19,3,7,136,90.0,15.0,3.8,9.066666666666666,155,0,"Zayed Cricket Stadium, Abu Dhabi",,5,63.46666666666667,952,5.266666666666667,2021-09-25,2021
1254098,2,5,6,Chennai Super Kings,Kolkata Knight Riders,42,0,10,130,90.0,15.0,8.4,8.666666666666666,172,1,"Zayed Cricket Stadium, Abu Dhabi",,5,86.66666666666666,1300,0.2666666666666657,2021-09-26,2021
1254099,2,5,6,Mumbai Indians,Punjab Kings,25,2,8,111,90.0,15.0,5.0,7.4,136,1,"Zayed Cricket Stadium, Abu Dhabi",,5,59.2,888,2.4000000000000004,2021-09-28,2021
1254100,2,5,6,Sunrisers Hyderabad,Rajasthan Royals,57,0,10,108,90.0,15.0,11.4,7.2,165,1,"Dubai International Cricket Stadium, Dubai",,5,72.0,1080,-4.2,2021-09-27,2021
1254101,2,5,6,Royal Challengers Bangalore,Delhi Capitals,27,2,8,138,90.0,15.0,5.4,9.2,165,1,"Dubai International Cricket Stadium, Dubai",,5,73.6,1104,3.799999999999999,2021-10-08,2021
1254102,2,5,6,Punjab Kings,Kolkata Knight Riders,33,0,10,133,90.0,15.0,6.6,8.866666666666667,166,1,"Dubai International Cricket Stadium, Dubai",,5,88.66666666666667,1330,2.2666666666666675,2021-10-01,2021
1254103,2,5,7,Royal Challengers Bangalore,Rajasthan Royals,48,0,10,102,90.0,15.0,9.6,6.8,150,1,"Dubai International Cricket Stadium, Dubai",,5,68.0,1020,-2.8,2021-09-29,2021
1254104,2,5,6,Mumbai Indians,Chennai Super Kings,35,2,8,122,90.0,15.0,7.0,8.133333333333333,157,0,"Dubai International Cricket Stadium, Dubai",,5,65.06666666666666,976,1.1333333333333329,2021-09-19,2021
1254105,2,5,6,Delhi Capitals,Sunrisers Hyderabad,29,1,9,106,90.0,15.0,5.8,7.066666666666666,135,1,"Dubai International Cricket Stadium, Dubai",,5,63.599999999999994,954,1.2666666666666666,2021-09-22,2021
1254106,2,5,6,Rajasthan Royals,Kolkata Knight Riders,16,4,6,156,90.0,15.0,3.2,10.4,172,0,"Sharjah Cricket Stadium, Sharjah",,5,62.400000000000006,936,7.2,2021-10-07,2021
1254107,2,5,6,Sunrisers Hyderabad,Punjab Kings,15,2,8,111,90.0,15.0,3.0,7.4,126,0,"Sharjah Cricket Stadium, Sharjah",,5,59.2,888,4.4,2021-09-25,2021
1254108,2,5,6,Mumbai Indians,Royal Challengers Bangalore,51,0,10,115,90.0,15.0,10.2,7.666666666666667,166,0,"Dubai International Cricket Stadium, Dubai",,5,76.66666666666667,1150,-2.5333333333333323,2021-09-26,2021
1254109,2,5,6,Kolkata Knight Riders,Sunrisers Hyderabad,27,1,9,89,90.0,15.0,5.4,5.933333333333334,116,1,"Dubai International Cricket Stadium, Dubai",,5,53.400000000000006,801,0.5333333333333332,2021-10-03,2021
1254110,2,5,6,Delhi Capitals,Chennai Super Kings,48,1,9,89,90.0,15.0,9.6,5.933333333333334,137,1,"Dubai International Cricket Stadium, Dubai",,5,53.400000000000006,801,-3.666666666666666,2021-10-04,2021
1254111,2,5,7,Punjab Kings,Rajasthan Royals,41,0,10,145,90.0,15.0,8.2,9.666666666666666,186,0,"Dubai International Cricket Stadium, Dubai",,5,96.66666666666666,1450,1.4666666666666668,2021-09-21,2021
1254112,2,5,6,Delhi Capitals,Mumbai Indians,35,3,7,95,90.0,15.0,7.0,6.333333333333333,130,1,"Sharjah Cricket Stadium, Sharjah",,5,44.33333333333333,665,-0.666666666666667,2021-10-02,2021
1254113,2,5,7,Chennai Super Kings,Royal Challengers Bangalore,43,0,10,114,90.0,15.0,8.6,7.6,157,1,"Sharjah Cricket Stadium, Sharjah",,5,76.0,1140,-1.0,2021-09-24,2021
1254114,2,5,6,Chennai Super Kings,Delhi Capitals,39,1,9,134,90.0,15.0,7.8,8.933333333333334,173,1,"Dubai International Cricket Stadium, Dubai",,5,80.4,1206,1.1333333333333337,2021-10-10,2021
1254115,2,5,6,Kolkata Knight Riders,Royal Challengers Bangalore,40,0,10,99,90.0,15.0,8.0,6.6,139,1,"Sharjah Cricket Stadium, Sharjah",,5,66.0,990,-1.4000000000000004,2021-10-11,2021
1254116,2,5,8,Kolkata Knight Riders,Delhi Capitals,42,0,10,94,90.0,15.0,8.4,6.266666666666667,136,1,"Sharjah Cricket Stadium, Sharjah",,5,62.666666666666664,940,-2.1333333333333337,2021-10-13,2021
1254117,2,5,6,Kolkata Knight Riders,Chennai Super Kings,47,0,10,146,90.0,15.0,9.4,9.733333333333333,193,0,"Dubai International Cricket Stadium, Dubai",,5,97.33333333333333,1460,0.33333333333333215,2021-10-15,2021
1304047,2,5,6,Kolkata Knight Riders,Chennai Super Kings,35,0,10,97,90.0,15.0,7.0,6.466666666666667,132,1,"Wankhede Stadium, Mumbai",,5,64.66666666666667,970,-0.5333333333333332,2022-03-26,2022
1304048,2,5,7,Delhi Capitals,Mumbai Indians,40,3,7,138,90.0,15.0,8.0,9.2,178,1,"Brabourne Stadium, Mumbai",Mumbai Indians,5,64.39999999999999,966,1.1999999999999993,2022-03-27,2022
1304049,2,5,6,Punjab Kings,Royal Challengers Bangalore,57,0,10,149,90.0,15.0,11.4,9.933333333333334,206,1,"Dr DY Patil Sports Academy, Mumbai",,5,99.33333333333334,1490,-1.4666666666666668,2022-03-27,2022
1304050,2,5,6,Gujarat Titans,Lucknow Super Giants,39,2,8,120,90.0,15.0,7.8,8.0,159,1,"Wankhede Stadium, Mumbai",,5,64.0,960,0.20000000000000018,2022-03-28,2022
1304051,2,5,7,Sunrisers Hyderabad,Rajasthan Royals,13,3,7,198,90.0,15.0,2.6,13.2,211,0,"Maharashtra Cricket Association Stadium, Pune",,5,92.39999999999999,1386,10.6,2022-03-29,2022
1304052,2,5,6,Royal Challengers Bangalore,Kolkata Knight Riders,25,3,7,104,90.0,15.0,5.0,6.933333333333334,129,1,"Dr DY Patil Sports Academy, Mumbai",,5,48.53333333333333,728,1.9333333333333336,2022-03-30,2022
1304053,2,5,7,Lucknow Super Giants,Chennai Super Kings,51,0,10,160,90.0,15.0,10.2,10.666666666666666,211,1,"Brabourne Stadium, Mumbai",,5,106.66666666666666,1600,0.4666666666666668,2022-03-31,2022
1304054,2,5,6,Kolkata Knight Riders,Punjab Kings,42,2,8,96,90.0,15.0,8.4,6.4,138,1,"Wankhede Stadium, Mumbai",,5,51.2,768,-2.0,2022-04-01,2022
1304055,2,5,6,Mumbai Indians,Rajasthan Royals,45,2,8,149,90.0,15.0,9.0,9.933333333333334,194,0,"Dr DY Patil Sports Academy, Mumbai",Mumbai Indians,5,79.46666666666667,1192,0.9333333333333336,2022-04-02,2022
1304056,2,5,7,Delhi Capitals,Gujarat Titans,34,3,7,138,90.0,15.0,6.8,9.2,172,0,"Maharashtra Cricket Association Stadium, Pune",,5,64.39999999999999,966,2.3999999999999995,2022-04-02,2022
1304057,2,5,6,Chennai Super Kings,Punjab Kings,22,3,7,159,90.0,15.0,4.4,10.6,181,0,"Brabourne Stadium, Mumbai",,5,74.2,1113,6.199999999999999,2022-04-03,2022
1304058,2,5,6,Sunrisers Hyderabad,Lucknow Super Giants,38,1,9,132,90.0,15.0,7.6,8.8,170,0,"Dr DY Patil Sports Academy, Mumbai",,5,79.2,1188,1.200000000000001,2022-04-04,2022
1304059,2,5,7,Royal Challengers Bangalore,Rajasthan Royals,40,0,10,130,90.0,15.0,8.0,8.666666666666666,170,1,"Wankhede Stadium, Mumbai",,5,86.66666666666666,1300,0.6666666666666661,2022-04-05,2022
1304060,2,5,6,Kolkata Knight Riders,Mumbai Indians,26,1,9,136,90.0,15.0,5.2,9.066666666666666,162,1,"Maharashtra Cricket Association Stadium, Pune",,5,81.6,1224,3.8666666666666663,2022-04-06,2022
1304061,2,5,6,Lucknow Super Giants,Delhi Capitals,45,0,10,105,90.0,15.0,9.0,7.0,150,1,"Dr DY Patil Sports Academy, Mumbai",,5,70.0,1050,-2.0,2022-04-07,2022
1304062,2,5,6,Gujarat Titans,Punjab Kings,45,1,9,145,90.0,15.0,9.0,9.666666666666666,190,1,"Brabourne Stadium, Mumbai",,5,87.0,1305,0.6666666666666661,2022-04-08,2022
1304063,2,5,6,Sunrisers Hyderabad,Chennai Super Kings,24,0,10,131,90.0,15.0,4.8,8.733333333333333,155,1,"Dr DY Patil Sports Academy, Mumbai",,5,87.33333333333333,1310,3.9333333333333327,2022-04-09,2022
1304064,2,5,6,Royal Challengers Bangalore,Mumbai Indians,27,0,10,125,90.0,15.0,5.4,8.333333333333334,152,1,"Maharashtra Cricket Association Stadium, Pune",,5,83.33333333333334,1250,2.9333333333333336,2022-04-09,2022
1304065,2,5,6,Kolkata Knight Riders,Delhi Capitals,40,2,8,176,90.0,15.0,8.0,11.733333333333333,216,0,"Brabourne Stadium, Mumbai",,5,93.86666666666666,1408,3.7333333333333325,2022-04-10,2022
1304066,2,5,6,Lucknow Super Giants,Rajasthan Royals,26,3,7,140,90.0,15.0,5.2,9.333333333333334,166,0,"Wankhede Stadium, Mumbai",,5,65.33333333333334,980,4.133333333333334,2022-04-10,2022
1304067,2,5,6,Sunrisers Hyderabad,Gujarat Titans,25,0,10,138,90.0,15.0,5.0,9.2,163,1,"Dr DY Patil Sports Academy, Mumbai",,5,92.0,1380,4.199999999999999,2022-04-11,2022
1304068,2,5,6,Royal Challengers Bangalore,Chennai Super Kings,27,2,8,190,90.0,15.0,5.4,12.666666666666666,217,0,"Dr DY Patil Sports Academy, Mumbai",,5,101.33333333333333,1520,7.266666666666666,2022-04-12,2022
1304069,2,5,7,Mumbai Indians,Punjab Kings,33,2,8,166,90.0,15.0,6.6,11.066666666666666,199,0,"Maharashtra Cricket Association Stadium, Pune",,5,88.53333333333333,1328,4.466666666666667,2022-04-13,2022
1304070,2,5,6,Rajasthan Royals,Gujarat Titans,56,1,9,137,90.0,15.0,11.2,9.133333333333333,193,0,"Dr DY Patil Sports Academy, Mumbai",,5,82.19999999999999,1233,-2.0666666666666664,2022-04-14,2022
1304071,2,5,7,Sunrisers Hyderabad,Kolkata Knight Riders,35,1,9,141,90.0,15.0,7.0,9.4,176,1,"Brabourne Stadium, Mumbai",,5,84.60000000000001,1269,2.4000000000000004,2022-04-15,2022
1304072,2,5,7,Mumbai Indians,Lucknow Super Giants,48,1,9,152,90.0,15.0,9.6,10.133333333333333,200,0,"Brabourne Stadium, Mumbai",Mumbai Indians,5,91.19999999999999,1368,0.5333333333333332,2022-04-16,2022
1304073,2,5,6,Delhi Capitals,Royal Challengers Bangalore,50,1,9,140,90.0,15.0,10.0,9.333333333333334,190,0,"Wankhede Stadium, Mumbai",,5,84.0,1260,-0.6666666666666661,2022-04-16,2022
1304074,2,5,6,Sunrisers Hyderabad,Punjab Kings,33,1,9,119,90.0,15.0,6.6,7.933333333333334,152,1,"Dr DY Patil Sports Academy, Mumbai",,5,71.4,1071,1.333333333333334,2022-04-17,2022
1304075,2,5,6,Gujarat Titans,Chennai Super Kings,25,3,7,145,90.0,15.0,5.0,9.666666666666666,170,1,"Maharashtra Cricket Association Stadium, Pune",,5,67.66666666666666,1015,4.666666666666666,2022-04-17,2022
1304076,2,5,7,Kolkata Knight Riders,Rajasthan Royals,43,1,9,175,90.0,15.0,8.6,11.666666666666666,218,0,"Brabourne Stadium, Mumbai",,5,105.0,1575,3.0666666666666664,2022-04-18,2022
1304077,2,5,6,Lucknow Super Giants,Royal Challengers Bangalore,33,2,8,149,90.0,15.0,6.6,9.933333333333334,182,0,"Dr DY Patil Sports Academy, Mumbai",,5,79.46666666666667,1192,3.333333333333334,2022-04-19,2022
1304078,2,5,9,Delhi Capitals,Punjab Kings,75,0,10,41,90.0,15.0,15.0,2.7333333333333334,116,1,"Brabourne Stadium, Mumbai",,5,27.333333333333336,410,-12.266666666666666,2022-04-20,2022
1304079,2,5,6,Chennai Super Kings,Mumbai Indians,38,2,8,118,90.0,15.0,7.6,7.866666666666666,156,1,"Dr DY Patil Sports Academy, Mumbai",Mumbai Indians,5,62.93333333333333,944,0.2666666666666666,2022-04-21,2022
1304080,2,5,6,Delhi Capitals,Rajasthan Royals,48,1,9,175,90.0,15.0,9.6,11.666666666666666,223,0,"Wankhede Stadium, Mumbai",,5,105.0,1575,2.0666666666666664,2022-04-22,2022
1304081,2,5,6,Kolkata Knight Riders,Gujarat Titans,24,3,7,133,90.0,15.0,4.8,8.866666666666667,157,0,"Dr DY Patil Sports Academy, Mumbai",,5,62.06666666666667,931,4.066666666666667,2022-04-23,2022
1304082,2,5,6,Sunrisers Hyderabad,Royal Challengers Bangalore,42,0,10,27,90.0,15.0,8.4,1.8,69,1,"Brabourne Stadium, Mumbai",,5,18.0,270,-6.6000000000000005,2022-04-23,2022
1304083,2,5,6,Mumbai Indians,Lucknow Super Giants,31,0,10,138,90.0,15.0,6.2,9.2,169,0,"Wankhede Stadium, Mumbai",Mumbai Indians,5,92.0,1380,2.999999999999999,2022-04-24,2022
1304084,2,5,7,Chennai Super Kings,Punjab Kings,25,1,9,163,90.0,15.0,5.0,10.866666666666667,188,0,"Wankhede Stadium, Mumbai",,5,97.80000000000001,1467,5.866666666666667,2022-04-25,2022
1304085,2,5,6,Royal Challengers Bangalore,Rajasthan Royals,30,1,9,115,90.0,15.0,6.0,7.666666666666667,145,0,"Maharashtra Cricket Association Stadium, Pune",,5,69.0,1035,1.666666666666667,2022-04-26,2022
1304086,2,5,6,Gujarat Titans,Sunrisers Hyderabad,47,0,10,149,90.0,15.0,9.4,9.933333333333334,196,1,"Wankhede Stadium, Mumbai",,5,99.33333333333334,1490,0.5333333333333332,2022-04-27,2022
1304087,2,5,7,Delhi Capitals,Kolkata Knight Riders,42,2,8,105,90.0,15.0,8.4,7.0,147,1,"Wankhede Stadium, Mumbai",,5,56.0,840,-1.4000000000000004,2022-04-28,2022
1304088,2,5,6,Punjab Kings,Lucknow Super Giants,36,1,9,118,90.0,15.0,7.2,7.866666666666666,154,0,"Maharashtra Cricket Association Stadium, Pune",,5,70.8,1062,0.6666666666666661,2022-04-29,2022
1304089,2,5,6,Gujarat Titans,Royal Challengers Bangalore,34,0,10,137,90.0,15.0,6.8,9.133333333333333,171,1,"Brabourne Stadium, Mumbai",,5,91.33333333333333,1370,2.333333333333333,2022-04-30,2022
1304090,2,5,6,Mumbai Indians,Rajasthan Royals,36,1,9,123,90.0,15.0,7.2,8.2,159,1,"Dr DY Patil Sports Academy, Mumbai",Mumbai Indians,5,73.8,1107,0.9999999999999991,2022-04-30,2022
1304091,2,5,6,Delhi Capitals,Lucknow Super Giants,49,2,8,147,90.0,15.0,9.8,9.8,196,0,"Wankhede Stadium, Mumbai",,5,78.4,1176,0.0,2022-05-01,2022
1304092,2,5,6,Sunrisers Hyderabad,Chennai Super Kings,52,0,10,151,90.0,15.0,10.4,10.066666666666666,203,0,"Maharashtra Cricket Association Stadium, Pune",,5,100.66666666666666,1510,-0.3333333333333339,2022-05-01,2022
1304093,2,5,7,Kolkata Knight Riders,Rajasthan Royals,25,1,9,128,90.0,15.0,5.0,8.533333333333333,153,1,"Wankhede Stadium, Mumbai",,5,76.8,1152,3.533333333333333,2022-05-02,2022
1304094,2,5,6,Punjab Kings,Gujarat Titans,35,1,9,109,90.0,15.0,7.0,7.266666666666667,144,1,"Dr DY Patil Sports Academy, Mumbai",,5,65.4,981,0.2666666666666666,2022-05-03,2022
1304095,2,5,6,Chennai Super Kings,Royal Challengers Bangalore,37,0,10,137,90.0,15.0,7.4,9.133333333333333,174,0,"Maharashtra Cricket Association Stadium, Pune",,5,91.33333333333333,1370,1.7333333333333325,2022-05-04,2022
1304096,2,5,6,Sunrisers Hyderabad,Delhi Capitals,24,2,8,184,90.0,15.0,4.8,12.266666666666667,208,0,"Brabourne Stadium, Mumbai",,5,98.13333333333334,1472,7.466666666666668,2022-05-05,2022
1304097,2,5,6,Gujarat Titans,Mumbai Indians,41,0,10,137,90.0,15.0,8.2,9.133333333333333,178,0,"Brabourne Stadium, Mumbai",Mumbai Indians,5,91.33333333333333,1370,0.9333333333333336,2022-05-06,2022
1304098,2,5,6,Rajasthan Royals,Punjab Kings,56,1,9,134,90.0,15.0,11.2,8.933333333333334,190,1,"Wankhede Stadium, Mumbai",,5,80.4,1206,-2.2666666666666657,2022-05-07,2022
1304099,2,5,7,Kolkata Knight Riders,Lucknow Super Giants,21,2,8,156,90.0,15.0,4.2,10.4,177,0,"Maharashtra Cricket Association Stadium, Pune",,5,83.2,1248,6.2,2022-05-07,2022
1304100,2,5,6,Sunrisers Hyderabad,Royal Challengers Bangalore,28,2,8,165,90.0,15.0,5.6,11.0,193,0,"Wankhede Stadium, Mumbai",,5,88.0,1320,5.4,2022-05-08,2022
1304101,2,5,6,Delhi Capitals,Chennai Super Kings,48,2,8,161,90.0,15.0,9.6,10.733333333333333,209,0,"Dr DY Patil Sports Academy, Mumbai",,5,85.86666666666666,1288,1.1333333333333329,2022-05-08,2022
1304102,2,5,6,Mumbai Indians,Kolkata Knight Riders,32,2,8,134,90.0,15.0,6.4,8.933333333333334,166,0,"Dr DY Patil Sports Academy, Mumbai",Mumbai Indians,5,71.46666666666667,1072,2.533333333333333,2022-05-09,2022
1304103,2,5,7,Lucknow Super Giants,Gujarat Titans,24,2,8,121,90.0,15.0,4.8,8.066666666666666,145,0,"Maharashtra Cricket Association Stadium, Pune",,5,64.53333333333333,968,3.2666666666666666,2022-05-10,2022
1304104,2,5,8,Delhi Capitals,Rajasthan Royals,28,1,9,133,90.0,15.0,5.6,8.866666666666667,161,1,"Dr DY Patil Sports Academy, Mumbai",,5,79.80000000000001,1197,3.2666666666666675,2022-05-11,2022
1304105,2,5,7,Mumbai Indians,Chennai Super Kings,34,4,6,64,90.0,15.0,6.8,4.266666666666667,98,1,"Wankhede Stadium, Mumbai",Mumbai Indians,5,25.6,384,-2.533333333333333,2022-05-12,2022
1304106,2,5,6,Royal Challengers Bangalore,Punjab Kings,41,3,7,169,90.0,15.0,8.2,11.266666666666667,210,0,"Brabourne Stadium, Mumbai",,5,78.86666666666667,1183,3.066666666666668,2022-05-13,2022
1304107,2,5,6,Sunrisers Hyderabad,Kolkata Knight Riders,30,0,10,148,90.0,15.0,6.0,9.866666666666667,178,0,"Maharashtra Cricket Association Stadium, Pune",,5,98.66666666666667,1480,3.866666666666667,2022-05-14,2022
1304108,2,5,6,Gujarat Titans,Chennai Super Kings,45,0,10,89,90.0,15.0,9.0,5.933333333333334,134,1,"Wankhede Stadium, Mumbai",,5,59.333333333333336,890,-3.0666666666666664,2022-05-15,2022
1304109,2,5,6,Lucknow Super Giants,Rajasthan Royals,23,2,8,156,90.0,15.0,4.6,10.4,179,0,"Brabourne Stadium, Mumbai",,5,83.2,1248,5.800000000000001,2022-05-15,2022
1304110,2,5,7,Punjab Kings,Delhi Capitals,44,1,9,116,90.0,15.0,8.8,7.733333333333333,160,0,"Dr DY Patil Sports Academy, Mumbai",,5,69.6,1044,-1.0666666666666673,2022-05-16,2022
1304111,2,5,6,Mumbai Indians,Sunrisers Hyderabad,45,0,10,149,90.0,15.0,9.0,9.933333333333334,194,0,"Wankhede Stadium, Mumbai",Mumbai Indians,5,99.33333333333334,1490,0.9333333333333336,2022-05-17,2022
1304112,2,5,6,Kolkata Knight Riders,Lucknow Super Giants,47,2,8,164,90.0,15.0,9.4,10.933333333333334,211,0,"Dr DY Patil Sports Academy, Mumbai",,5,87.46666666666667,1312,1.5333333333333332,2022-05-18,2022
1304113,2,5,6,Royal Challengers Bangalore,Gujarat Titans,49,0,10,120,90.0,15.0,9.8,8.0,169,1,"Wankhede Stadium, Mumbai",,5,80.0,1200,-1.8000000000000007,2022-05-19,2022
1304114,2,5,6,Rajasthan Royals,Chennai Super Kings,47,1,9,104,90.0,15.0,9.4,6.933333333333334,151,1,"Brabourne Stadium, Mumbai",,5,62.400000000000006,936,-2.466666666666667,2022-05-20,2022
1304115,2,5,6,Mumbai Indians,Delhi Capitals,25,0,10,135,90.0,15.0,5.0,9.0,160,1,"Wankhede Stadium, Mumbai",Mumbai Indians,5,90.0,1350,4.0,2022-05-21,2022
1304116,2,5,6,Punjab Kings,Sunrisers Hyderabad,47,1,9,111,90.0,15.0,9.4,7.4,158,1,"Wankhede Stadium, Mumbai",,5,66.60000000000001,999,-2.0,2022-05-22,2022
1312197,2,5,6,Gujarat Titans,Rajasthan Royals,47,1,9,142,90.0,15.0,9.4,9.466666666666669,189,1,"Eden Gardens, Kolkata",,5,85.20000000000002,1278,0.0666666666666682,2022-05-24,2022
1312198,2,5,6,Lucknow Super Giants,Royal Challengers Bangalore,45,2,8,163,90.0,15.0,9.0,10.866666666666667,208,0,"Eden Gardens, Kolkata",,5,86.93333333333334,1304,1.8666666666666671,2022-05-25,2022
1312199,2,5,6,Rajasthan Royals,Royal Challengers Bangalore,61,0,10,97,90.0,15.0,12.2,6.466666666666667,158,1,"Narendra Modi Stadium, Ahmedabad",,5,64.66666666666667,970,-5.7333333333333325,2022-05-27,2022
1312200,2,5,8,Gujarat Titans,Rajasthan Royals,25,2,8,106,90.0,15.0,5.0,7.066666666666666,131,1,"Narendra Modi Stadium, Ahmedabad",Gujarat Titans,5,56.53333333333333,848,2.0666666666666664,2022-05-29,2022
1359475,2,5,7,Gujarat Titans,Chennai Super Kings,56,1,9,123,90.0,15.0,11.2,8.2,179,1,"Narendra Modi Stadium, Ahmedabad",Gujarat Titans,5,73.8,1107,-3.0,2023-03-31,2023
1359476,2,5,6,Kolkata Knight Riders,Punjab Kings,35,3,7,157,90.0,15.0,7.0,10.466666666666669,192,0,"Punjab Cricket Association IS Bindra Stadium, Mohali, Chandigarh",,5,73.26666666666668,1099,3.4666666666666686,2023-04-01,2023
1359477,2,5,8,Delhi Capitals,Lucknow Super Giants,42,2,8,152,90.0,15.0,8.4,10.133333333333333,194,0,"Bharat Ratna Shri Atal Bihari Vajpayee Ekana Cricket Stadium, Lucknow",Lucknow Super Giants,5,81.06666666666666,1216,1.7333333333333325,2023-04-01,2023
1359478,2,5,6,Sunrisers Hyderabad,Rajasthan Royals,20,2,8,184,90.0,15.0,4.0,12.266666666666667,204,0,"Rajiv Gandhi International Stadium, Uppal, Hyderabad",Sunrisers Hyderabad,5,98.13333333333334,1472,8.266666666666667,2023-04-02,2023
1359479,2,5,6,Royal Challengers Bangalore,Mumbai Indians,45,0,10,127,90.0,15.0,9.0,8.466666666666667,172,1,"M Chinnaswamy Stadium, Bengaluru",Royal Challengers Bangalore,5,84.66666666666667,1270,-0.5333333333333332,2023-04-02,2023
1359480,2,5,7,Lucknow Super Giants,Chennai Super Kings,73,0,10,145,90.0,15.0,14.6,9.666666666666666,218,0,"MA Chidambaram Stadium, Chepauk, Chennai",Chennai Super Kings,5,96.66666666666666,1450,-4.933333333333334,2023-04-03,2023
1359481,2,5,7,Gujarat Titans,Delhi Capitals,49,2,8,114,90.0,15.0,9.8,7.6,163,1,"Arun Jaitley Stadium, Delhi",Delhi Capitals,5,60.8,912,-2.200000000000001,2023-04-04,2023
1359482,2,5,6,Rajasthan Royals,Punjab Kings,48,2,8,150,90.0,15.0,9.6,10.0,198,0,"Barsapara Cricket Stadium, Guwahati",,5,80.0,1200,0.40000000000000036,2023-04-05,2023
1359483,2,5,6,Royal Challengers Bangalore,Kolkata Knight Riders,45,1,9,160,90.0,15.0,9.0,10.666666666666666,205,0,"Eden Gardens, Kolkata",Kolkata Knight Riders,5,96.0,1440,1.666666666666666,2023-04-06,2023
1359484,2,5,7,Lucknow Super Giants,Sunrisers Hyderabad,39,1,9,83,90.0,15.0,7.8,5.533333333333333,122,1,"Bharat Ratna Shri Atal Bihari Vajpayee Ekana Cricket Stadium, Lucknow",Lucknow Super Giants,5,49.8,747,-2.2666666666666666,2023-04-07,2023
1359485,2,5,7,Delhi Capitals,Rajasthan Royals,32,2,8,168,90.0,15.0,6.4,11.2,200,0,"Barsapara Cricket Stadium, Guwahati",,5,89.6,1344,4.799999999999999,2023-04-08,2023
1359486,2,5,7,Chennai Super Kings,Mumbai Indians,55,1,9,103,90.0,15.0,11.0,6.866666666666666,158,1,"Wankhede Stadium, Mumbai",Mumbai Indians,5,61.8,927,-4.133333333333334,2023-04-08,2023
1359487,2,5,6,Kolkata Knight Riders,Gujarat Titans,37,2,8,168,90.0,15.0,7.4,11.2,205,1,"Narendra Modi Stadium, Ahmedabad",Gujarat Titans,5,89.6,1344,3.799999999999999,2023-04-09,2023
1359488,2,5,6,Sunrisers Hyderabad,Punjab Kings,30,1,9,114,90.0,15.0,6.0,7.6,144,1,"Rajiv Gandhi International Stadium, Uppal, Hyderabad",Sunrisers Hyderabad,5,68.39999999999999,1026,1.5999999999999996,2023-04-09,2023
1359489,2,5,6,Lucknow Super Giants,Royal Challengers Bangalore,30,3,7,183,90.0,15.0,6.0,12.2,213,1,"M Chinnaswamy Stadium, Bengaluru",Royal Challengers Bangalore,5,85.39999999999999,1281,6.199999999999999,2023-04-10,2023
1359490,2,5,6,Mumbai Indians,Delhi Capitals,59,0,10,114,90.0,15.0,11.8,7.6,173,1,"Arun Jaitley Stadium, Delhi",Delhi Capitals,5,76.0,1140,-4.200000000000001,2023-04-11,2023
1359491,2,5,6,Chennai Super Kings,Rajasthan Royals,35,1,9,141,90.0,15.0,7.0,9.4,176,0,"MA Chidambaram Stadium, Chepauk, Chennai",Chennai Super Kings,5,84.60000000000001,1269,2.4000000000000004,2023-04-12,2023
1359492,2,5,6,Gujarat Titans,Punjab Kings,52,1,9,102,90.0,15.0,10.4,6.8,154,1,"Punjab Cricket Association IS Bindra Stadium, Mohali, Chandigarh",,5,61.199999999999996,918,-3.6000000000000005,2023-04-13,2023
1359493,2,5,6,Kolkata Knight Riders,Sunrisers Hyderabad,34,3,7,195,90.0,15.0,6.8,13.0,229,0,"Eden Gardens, Kolkata",Kolkata Knight Riders,5,91.0,1365,6.2,2023-04-14,2023
1359494,2,5,6,Delhi Capitals,Royal Challengers Bangalore,25,3,7,150,90.0,15.0,5.0,10.0,175,0,"M Chinnaswamy Stadium, Bengaluru",Royal Challengers Bangalore,5,70.0,1050,5.0,2023-04-15,2023
1359495,2,5,6,Punjab Kings,Lucknow Super Giants,37,2,8,123,90.0,15.0,7.4,8.2,160,1,"Bharat Ratna Shri Atal Bihari Vajpayee Ekana Cricket Stadium, Lucknow",Lucknow Super Giants,5,65.6,984,0.7999999999999989,2023-04-15,2023
1359496,2,5,6,Mumbai Indians,Kolkata Knight Riders,65,1,9,121,90.0,15.0,13.0,8.066666666666666,186,1,"Wankhede Stadium, Mumbai",Mumbai Indians,5,72.6,1089,-4.933333333333334,2023-04-16,2023
1359497,2,5,6,Rajasthan Royals,Gujarat Titans,20,2,8,158,90.0,15.0,4.0,10.533333333333331,178,1,"Narendra Modi Stadium, Ahmedabad",Gujarat Titans,5,84.26666666666665,1264,6.533333333333331,2023-04-16,2023
1359498,2,5,6,Royal Challengers Bangalore,Chennai Super Kings,61,2,8,166,90.0,15.0,12.2,11.066666666666666,227,0,"M Chinnaswamy Stadium, Bengaluru",Royal Challengers Bangalore,5,88.53333333333333,1328,-1.1333333333333329,2023-04-17,2023
1359499,2,5,6,Sunrisers Hyderabad,Mumbai Indians,35,2,8,158,90.0,15.0,7.0,10.533333333333331,193,0,"Rajiv Gandhi International Stadium, Uppal, Hyderabad",Sunrisers Hyderabad,5,84.26666666666665,1264,3.5333333333333314,2023-04-18,2023
1359500,2,5,6,Rajasthan Royals,Lucknow Super Giants,34,0,10,121,90.0,15.0,6.8,8.066666666666666,155,0,"Sawai Mansingh Stadium, Jaipur",Rajasthan Royals,5,80.66666666666666,1210,1.2666666666666666,2023-04-19,2023
1359501,2,5,6,Punjab Kings,Royal Challengers Bangalore,40,3,7,135,90.0,15.0,8.0,9.0,175,0,"Punjab Cricket Association IS Bindra Stadium, Mohali, Chandigarh",,5,63.0,945,1.0,2023-04-20,2023
1359502,2,5,6,Delhi Capitals,Kolkata Knight Riders,44,1,9,84,90.0,15.0,8.8,5.6,128,1,"Arun Jaitley Stadium, Delhi",Delhi Capitals,5,50.4,756,-3.200000000000001,2023-04-20,2023
1359503,2,5,6,Chennai Super Kings,Sunrisers Hyderabad,37,0,10,98,90.0,15.0,7.4,6.533333333333333,135,1,"MA Chidambaram Stadium, Chepauk, Chennai",Chennai Super Kings,5,65.33333333333333,980,-0.8666666666666671,2023-04-21,2023
1359504,2,5,6,Lucknow Super Giants,Gujarat Titans,46,0,10,90,90.0,15.0,9.2,6.0,136,0,"Bharat Ratna Shri Atal Bihari Vajpayee Ekana Cricket Stadium, Lucknow",Lucknow Super Giants,5,60.0,900,-3.1999999999999993,2023-04-22,2023
1359505,2,5,7,Mumbai Indians,Punjab Kings,46,1,9,169,90.0,15.0,9.2,11.266666666666667,215,0,"Wankhede Stadium, Mumbai",Mumbai Indians,5,101.4,1521,2.066666666666668,2023-04-22,2023
1359506,2,5,6,Rajasthan Royals,Royal Challengers Bangalore,36,1,9,154,90.0,15.0,7.2,10.266666666666667,190,0,"M Chinnaswamy Stadium, Bengaluru",Royal Challengers Bangalore,5,92.4,1386,3.0666666666666673,2023-04-23,2023
1359507,2,5,6,Kolkata Knight Riders,Chennai Super Kings,33,2,8,203,90.0,15.0,6.6,13.533333333333331,236,0,"Eden Gardens, Kolkata",Kolkata Knight Riders,5,108.26666666666665,1624,6.933333333333332,2023-04-23,2023
1359508,2,5,6,Sunrisers Hyderabad,Delhi Capitals,31,0,10,114,90.0,15.0,6.2,7.6,145,0,"Rajiv Gandhi International Stadium, Uppal, Hyderabad",Sunrisers Hyderabad,5,76.0,1140,1.3999999999999995,2023-04-24,2023
1359509,2,5,6,Mumbai Indians,Gujarat Titans,26,1,9,182,90.0,15.0,5.2,12.133333333333333,208,0,"Narendra Modi Stadium, Ahmedabad",Gujarat Titans,5,109.19999999999999,1638,6.933333333333333,2023-04-25,2023
1359510,2,5,6,Royal Challengers Bangalore,Kolkata Knight Riders,53,2,8,148,90.0,15.0,10.6,9.866666666666667,201,0,"M Chinnaswamy Stadium, Bengaluru",Royal Challengers Bangalore,5,78.93333333333334,1184,-0.7333333333333325,2023-04-26,2023
1359511,2,5,6,Chennai Super Kings,Rajasthan Royals,35,0,10,168,90.0,15.0,7.0,11.2,203,0,"Sawai Mansingh Stadium, Jaipur",Rajasthan Royals,5,112.0,1680,4.199999999999999,2023-04-27,2023
1359512,2,5,6,Punjab Kings,Lucknow Super Giants,47,2,8,211,90.0,15.0,9.4,14.066666666666666,258,0,"Punjab Cricket Association IS Bindra Stadium, Mohali, Chandigarh",,5,112.53333333333333,1688,4.666666666666666,2023-04-28,2023
1359513,2,5,6,Gujarat Titans,Kolkata Knight Riders,47,1,9,133,90.0,15.0,9.4,8.866666666666667,180,1,"Eden Gardens, Kolkata",Kolkata Knight Riders,5,79.80000000000001,1197,-0.5333333333333332,2023-04-29,2023
1359514,2,5,6,Delhi Capitals,Sunrisers Hyderabad,46,1,9,152,90.0,15.0,9.2,10.133333333333333,198,0,"Arun Jaitley Stadium, Delhi",Delhi Capitals,5,91.19999999999999,1368,0.9333333333333336,2023-04-29,2023
1359515,2,5,6,Punjab Kings,Chennai Super Kings,54,1,9,147,90.0,15.0,10.8,9.8,201,1,"MA Chidambaram Stadium, Chepauk, Chennai",Chennai Super Kings,5,88.2,1323,-1.0,2023-04-30,2023
1359516,2,5,7,Mumbai Indians,Rajasthan Royals,47,1,9,166,90.0,15.0,9.4,11.066666666666666,213,1,"Wankhede Stadium, Mumbai",Mumbai Indians,5,99.6,1494,1.666666666666666,2023-04-30,2023
1359517,2,5,6,Lucknow Super Giants,Royal Challengers Bangalore,27,3,7,100,90.0,15.0,5.4,6.666666666666667,127,0,"Bharat Ratna Shri Atal Bihari Vajpayee Ekana Cricket Stadium, Lucknow",Lucknow Super Giants,5,46.66666666666667,700,1.2666666666666666,2023-05-01,2023
1359518,2,5,6,Gujarat Titans,Delhi Capitals,26,3,7,105,90.0,15.0,5.2,7.0,131,0,"Narendra Modi Stadium, Ahmedabad",Gujarat Titans,5,49.0,735,1.7999999999999998,2023-05-02,2023
1359520,2,5,6,Mumbai Indians,Punjab Kings,49,1,9,166,90.0,15.0,9.8,11.066666666666666,215,1,"Punjab Cricket Association IS Bindra Stadium, Mohali, Chandigarh",,5,99.6,1494,1.2666666666666657,2023-05-03,2023
1359521,2,5,6,Sunrisers Hyderabad,Kolkata Knight Riders,38,2,8,134,90.0,15.0,7.6,8.933333333333334,172,0,"Rajiv Gandhi International Stadium, Uppal, Hyderabad",Sunrisers Hyderabad,5,71.46666666666667,1072,1.333333333333334,2023-05-04,2023
1359522,2,5,6,Gujarat Titans,Rajasthan Royals,39,0,10,80,90.0,15.0,7.8,5.333333333333333,119,1,"Sawai Mansingh Stadium, Jaipur",Rajasthan Royals,5,53.33333333333333,800,-2.466666666666667,2023-05-05,2023
1359523,2,5,6,Chennai Super Kings,Mumbai Indians,50,1,9,90,90.0,15.0,10.0,6.0,140,1,"MA Chidambaram Stadium, Chepauk, Chennai",Chennai Super Kings,5,54.0,810,-4.0,2023-05-06,2023
1359524,2,5,7,Delhi Capitals,Royal Challengers Bangalore,60,0,10,122,90.0,15.0,12.0,8.133333333333333,182,1,"Arun Jaitley Stadium, Delhi",Delhi Capitals,5,81.33333333333333,1220,-3.866666666666667,2023-05-06,2023
1359525,2,5,6,Lucknow Super Giants,Gujarat Titans,64,0,10,164,90.0,15.0,12.8,10.933333333333334,228,0,"Narendra Modi Stadium, Ahmedabad",Gujarat Titans,5,109.33333333333334,1640,-1.8666666666666671,2023-05-07,2023
1359526,2,5,6,Sunrisers Hyderabad,Rajasthan Royals,45,0,10,170,90.0,15.0,9.0,11.333333333333334,215,1,"Sawai Mansingh Stadium, Jaipur",Rajasthan Royals,5,113.33333333333334,1700,2.333333333333334,2023-05-07,2023
1359527,2,5,6,Kolkata Knight Riders,Punjab Kings,39,1,9,141,90.0,15.0,7.8,9.4,180,1,"Eden Gardens, Kolkata",Kolkata Knight Riders,5,84.60000000000001,1269,1.6000000000000005,2023-05-08,2023
1359528,2,5,6,Mumbai Indians,Royal Challengers Bangalore,52,2,8,148,90.0,15.0,10.4,9.866666666666667,200,1,"Wankhede Stadium, Mumbai",Mumbai Indians,5,78.93333333333334,1184,-0.5333333333333332,2023-05-09,2023
1359529,2,5,6,Delhi Capitals,Chennai Super Kings,42,3,7,126,90.0,15.0,8.4,8.4,168,0,"MA Chidambaram Stadium, Chepauk, Chennai",Chennai Super Kings,5,58.800000000000004,882,0.0,2023-05-10,2023
1359530,2,5,6,Rajasthan Royals,Kolkata Knight Riders,68,1,9,82,90.0,15.0,13.6,5.466666666666667,150,1,"Eden Gardens, Kolkata",Kolkata Knight Riders,5,49.2,738,-8.133333333333333,2023-05-11,2023
1359531,2,5,6,Gujarat Titans,Mumbai Indians,39,3,7,180,90.0,15.0,7.8,12.0,219,0,"Wankhede Stadium, Mumbai",Mumbai Indians,5,84.0,1260,4.2,2023-05-12,2023
1359532,2,5,6,Lucknow Super Giants,Sunrisers Hyderabad,20,1,9,163,90.0,15.0,4.0,10.866666666666667,183,1,"Rajiv Gandhi International Stadium, Uppal, Hyderabad",Sunrisers Hyderabad,5,97.80000000000001,1467,6.866666666666667,2023-05-13,2023
1359533,2,5,6,Delhi Capitals,Punjab Kings,53,0,10,115,90.0,15.0,10.6,7.666666666666667,168,0,"Arun Jaitley Stadium, Delhi",Delhi Capitals,5,76.66666666666667,1150,-2.9333333333333327,2023-05-13,2023
1359534,2,5,6,Rajasthan Royals,Royal Challengers Bangalore,26,4,6,146,90.0,15.0,5.2,9.733333333333333,172,0,"Sawai Mansingh Stadium, Jaipur",Rajasthan Royals,5,58.39999999999999,876,4.533333333333332,2023-05-14,2023
1359535,2,5,6,Kolkata Knight Riders,Chennai Super Kings,38,3,7,107,90.0,15.0,7.6,7.133333333333334,145,1,"MA Chidambaram Stadium, Chepauk, Chennai",Chennai Super Kings,5,49.93333333333334,749,-0.4666666666666659,2023-05-14,2023
1359536,2,5,6,Sunrisers Hyderabad,Gujarat Titans,35,4,6,154,90.0,15.0,7.0,10.266666666666667,189,0,"Narendra Modi Stadium, Ahmedabad",Gujarat Titans,5,61.60000000000001,924,3.2666666666666675,2023-05-15,2023
1359537,2,5,6,Mumbai Indians,Lucknow Super Giants,47,0,10,131,90.0,15.0,9.4,8.733333333333333,178,0,"Bharat Ratna Shri Atal Bihari Vajpayee Ekana Cricket Stadium, Lucknow",Lucknow Super Giants,5,87.33333333333333,1310,-0.6666666666666679,2023-05-16,2023
1359538,2,5,6,Punjab Kings,Delhi Capitals,36,1,9,178,90.0,15.0,7.2,11.866666666666667,214,0,"Himachal Pradesh Cricket Association Stadium, Dharamsala",Punjab Kings,5,106.80000000000001,1602,4.666666666666667,2023-05-17,2023
1359539,2,5,6,Royal Challengers Bangalore,Sunrisers Hyderabad,59,0,10,128,90.0,15.0,11.8,8.533333333333333,187,1,"Rajiv Gandhi International Stadium, Uppal, Hyderabad",Sunrisers Hyderabad,5,85.33333333333333,1280,-3.2666666666666675,2023-05-18,2023
1359540,2,5,6,Rajasthan Royals,Punjab Kings,46,1,9,142,90.0,15.0,9.2,9.466666666666669,188,1,"Himachal Pradesh Cricket Association Stadium, Dharamsala",Punjab Kings,5,85.20000000000002,1278,0.26666666666666927,2023-05-19,2023
1359541,2,5,6,Delhi Capitals,Chennai Super Kings,26,3,7,198,90.0,15.0,5.2,13.2,224,0,"Arun Jaitley Stadium, Delhi",Delhi Capitals,5,92.39999999999999,1386,7.999999999999999,2023-05-20,2023
1359542,2,5,6,Kolkata Knight Riders,Lucknow Super Giants,59,0,10,118,90.0,15.0,11.8,7.866666666666666,177,0,"Eden Gardens, Kolkata",Kolkata Knight Riders,5,78.66666666666666,1180,-3.9333333333333345,2023-05-20,2023
1359543,2,5,6,Mumbai Indians,Sunrisers Hyderabad,42,1,9,159,90.0,15.0,8.4,10.6,201,1,"Wankhede Stadium, Mumbai",Mumbai Indians,5,95.39999999999999,1431,2.1999999999999993,2023-05-21,2023
1359544,2,5,6,Gujarat Titans,Royal Challengers Bangalore,35,1,9,163,90.0,15.0,7.0,10.866666666666667,198,1,"M Chinnaswamy Stadium, Bengaluru",Royal Challengers Bangalore,5,97.80000000000001,1467,3.866666666666667,2023-05-21,2023
1370350,2,5,6,Gujarat Titans,Chennai Super Kings,39,1,9,134,90.0,15.0,7.8,8.933333333333334,173,0,"MA Chidambaram Stadium, Chepauk, Chennai",Chennai Super Kings,5,80.4,1206,1.1333333333333337,2023-05-23,2023
1370351,2,5,6,Lucknow Super Giants,Mumbai Indians,36,2,8,147,90.0,15.0,7.2,9.8,183,0,"MA Chidambaram Stadium, Chepauk, Chennai",,5,78.4,1176,2.6000000000000005,2023-05-24,2023
1370352,2,5,6,Mumbai Indians,Gujarat Titans,65,2,8,169,90.0,15.0,13.0,11.266666666666667,234,0,"Narendra Modi Stadium, Ahmedabad",Gujarat Titans,5,90.13333333333334,1352,-1.7333333333333325,2023-05-26,2023
1370353,2,5,7,Chennai Super Kings,Gujarat Titans,58,0,10,157,90.0,15.0,11.6,10.466666666666669,215,1,"Narendra Modi Stadium, Ahmedabad",Gujarat Titans,5,104.66666666666669,1570,-1.133333333333331,2023-05-29,2023
1422119,2,5,7,Chennai Super Kings,Royal Challengers Bangalore,49,1,9,125,90.0,15.0,9.8,8.333333333333334,174,1,"MA Chidambaram Stadium, Chepauk, Chennai",Chennai Super Kings,5,75.0,1125,-1.4666666666666668,2024-03-22,2024
1422120,2,5,6,Punjab Kings,Delhi Capitals,53,2,8,122,90.0,15.0,10.6,8.133333333333333,175,1,"Maharaja Yadavindra Singh International Cricket Stadium, Mullanpur",,5,65.06666666666666,976,-2.466666666666667,2024-03-23,2024
1422121,2,5,6,Sunrisers Hyderabad,Kolkata Knight Riders,58,0,10,151,90.0,15.0,11.6,10.066666666666666,209,0,"Eden Gardens, Kolkata",Kolkata Knight Riders,5,100.66666666666666,1510,-1.5333333333333332,2024-03-23,2024
1422122,2,5,6,Lucknow Super Giants,Rajasthan Royals,32,3,7,162,90.0,15.0,6.4,10.8,194,0,"Sawai Mansingh Stadium, Jaipur",Rajasthan Royals,5,75.60000000000001,1134,4.4,2024-03-24,2024
1422123,2,5,6,Mumbai Indians,Gujarat Titans,46,2,8,123,90.0,15.0,9.2,8.2,169,0,"Narendra Modi Stadium, Ahmedabad",Gujarat Titans,5,65.6,984,-1.0,2024-03-24,2024
1422124,2,5,6,Royal Challengers Bangalore,Punjab Kings,47,2,8,130,90.0,15.0,9.4,8.666666666666666,177,1,"M Chinnaswamy Stadium, Bengaluru",Royal Challengers Bangalore,5,69.33333333333333,1040,-0.7333333333333343,2024-03-25,2024
1422125,2,5,7,Gujarat Titans,Chennai Super Kings,35,2,8,172,90.0,15.0,7.0,11.466666666666669,207,0,"MA Chidambaram Stadium, Chepauk, Chennai",Chennai Super Kings,5,91.73333333333335,1376,4.466666666666669,2024-03-26,2024
1422126,2,5,6,Mumbai Indians,Sunrisers Hyderabad,67,2,8,211,90.0,15.0,13.4,14.066666666666666,278,0,"Rajiv Gandhi International Stadium, Uppal, Hyderabad",Sunrisers Hyderabad,5,112.53333333333333,1688,0.6666666666666661,2024-03-27,2024
1422127,2,5,6,Delhi Capitals,Rajasthan Royals,47,2,8,139,90.0,15.0,9.4,9.266666666666667,186,0,"Sawai Mansingh Stadium, Jaipur",Rajasthan Royals,5,74.13333333333334,1112,-0.13333333333333286,2024-03-28,2024
1422128,2,5,6,Kolkata Knight Riders,Royal Challengers Bangalore,64,0,10,119,90.0,15.0,12.8,7.933333333333334,183,1,"M Chinnaswamy Stadium, Bengaluru",Royal Challengers Bangalore,5,79.33333333333334,1190,-4.866666666666667,2024-03-29,2024
1422129,2,5,6,Punjab Kings,Lucknow Super Giants,45,0,10,155,90.0,15.0,9.0,10.333333333333334,200,0,"Bharat Ratna Shri Atal Bihari Vajpayee Ekana Cricket Stadium, Lucknow",Lucknow Super Giants,5,103.33333333333334,1550,1.333333333333334,2024-03-30,2024
1422130,2,5,6,Gujarat Titans,Sunrisers Hyderabad,45,1,9,118,90.0,15.0,9.0,7.866666666666666,163,1,"Narendra Modi Stadium, Ahmedabad",Gujarat Titans,5,70.8,1062,-1.1333333333333337,2024-03-31,2024
1422131,2,5,6,Chennai Super Kings,Delhi Capitals,23,2,8,169,90.0,15.0,4.6,11.266666666666667,192,0,"Dr. Y.S. Rajasekhara Reddy ACA-VDCA Cricket Stadium, Visakhapatnam",,5,90.13333333333334,1352,6.666666666666668,2024-03-31,2024
1422132,2,5,7,Rajasthan Royals,Mumbai Indians,44,2,8,82,90.0,15.0,8.8,5.466666666666667,126,1,"Wankhede Stadium, Mumbai",Mumbai Indians,5,43.733333333333334,656,-3.333333333333334,2024-04-01,2024
1422133,2,5,6,Royal Challengers Bangalore,Lucknow Super Giants,42,1,9,140,90.0,15.0,8.4,9.333333333333334,182,0,"M Chinnaswamy Stadium, Bengaluru",Royal Challengers Bangalore,5,84.0,1260,0.9333333333333336,2024-04-02,2024
1422134,2,5,6,Delhi Capitals,Kolkata Knight Riders,40,4,6,233,90.0,15.0,8.0,15.533333333333331,273,0,"Dr. Y.S. Rajasekhara Reddy ACA-VDCA Cricket Stadium, Visakhapatnam",,5,93.19999999999999,1398,7.533333333333331,2024-04-03,2024
1422135,2,5,6,Punjab Kings,Gujarat Titans,48,1,9,152,90.0,15.0,9.6,10.133333333333333,200,1,"Narendra Modi Stadium, Ahmedabad",Gujarat Titans,5,91.19999999999999,1368,0.5333333333333332,2024-04-04,2024
1422136,2,5,6,Sunrisers Hyderabad,Chennai Super Kings,64,1,9,102,90.0,15.0,12.8,6.8,166,1,"Rajiv Gandhi International Stadium, Uppal, Hyderabad",Sunrisers Hyderabad,5,61.199999999999996,918,-6.000000000000001,2024-04-05,2024
1422137,2,5,6,Rajasthan Royals,Royal Challengers Bangalore,34,1,9,150,90.0,15.0,6.8,10.0,184,1,"Sawai Mansingh Stadium, Jaipur",Rajasthan Royals,5,90.0,1350,3.2,2024-04-06,2024
1422138,2,5,6,Delhi Capitals,Mumbai Indians,33,1,9,202,90.0,15.0,6.6,13.466666666666669,235,0,"Wankhede Stadium, Mumbai",Mumbai Indians,5,121.20000000000002,1818,6.866666666666669,2024-04-07,2024
1422139,2,5,9,Gujarat Titans,Lucknow Super Giants,47,0,10,117,90.0,15.0,9.4,7.8,164,0,"Bharat Ratna Shri Atal Bihari Vajpayee Ekana Cricket Stadium, Lucknow",Lucknow Super Giants,5,78.0,1170,-1.6000000000000005,2024-04-07,2024
1426260,2,5,6,Chennai Super Kings,Kolkata Knight Riders,41,1,9,97,90.0,15.0,8.2,6.466666666666667,138,1,"MA Chidambaram Stadium, Chepauk, Chennai",Chennai Super Kings,5,58.2,873,-1.7333333333333325,2024-04-08,2024
1426261,2,5,6,Punjab Kings,Sunrisers Hyderabad,20,3,7,163,90.0,15.0,4.0,10.866666666666667,183,0,"Maharaja Yadavindra Singh International Cricket Stadium, Mullanpur",,5,76.06666666666666,1141,6.866666666666667,2024-04-09,2024
1426262,2,5,6,Gujarat Titans,Rajasthan Royals,30,0,10,167,90.0,15.0,6.0,11.133333333333333,197,1,"Sawai Mansingh Stadium, Jaipur",Rajasthan Royals,5,111.33333333333333,1670,5.133333333333333,2024-04-10,2024
1426263,2,5,6,Mumbai Indians,Royal Challengers Bangalore,55,0,10,142,90.0,15.0,11.0,9.466666666666669,197,1,"Wankhede Stadium, Mumbai",Mumbai Indians,5,94.66666666666669,1420,-1.5333333333333314,2024-04-11,2024
1426264,2,5,6,Delhi Capitals,Lucknow Super Giants,45,1,9,123,90.0,15.0,9.0,8.2,168,1,"Bharat Ratna Shri Atal Bihari Vajpayee Ekana Cricket Stadium, Lucknow",Lucknow Super Giants,5,73.8,1107,-0.8000000000000007,2024-04-12,2024
1426265,2,5,7,Rajasthan Royals,Punjab Kings,36,0,10,112,90.0,15.0,7.2,7.466666666666667,148,1,"Maharaja Yadavindra Singh International Cricket Stadium, Mullanpur",,5,74.66666666666667,1120,0.2666666666666666,2024-04-13,2024
1426266,2,5,6,Kolkata Knight Riders,Lucknow Super Giants,49,2,8,113,90.0,15.0,9.8,7.533333333333333,162,1,"Eden Gardens, Kolkata",Kolkata Knight Riders,5,60.266666666666666,904,-2.2666666666666675,2024-04-14,2024
1426267,2,5,6,Mumbai Indians,Chennai Super Kings,53,0,10,154,90.0,15.0,10.6,10.266666666666667,207,0,"Wankhede Stadium, Mumbai",Mumbai Indians,5,102.66666666666667,1540,-0.33333333333333215,2024-04-14,2024
1426268,2,5,6,Royal Challengers Bangalore,Sunrisers Hyderabad,70,0,10,218,90.0,15.0,14.0,14.533333333333331,288,0,"M Chinnaswamy Stadium, Bengaluru",Royal Challengers Bangalore,5,145.33333333333331,2180,0.5333333333333314,2024-04-15,2024
1426269,2,5,7,Rajasthan Royals,Kolkata Knight Riders,53,2,8,171,90.0,15.0,10.6,11.4,224,1,"Eden Gardens, Kolkata",Kolkata Knight Riders,5,91.2,1368,0.8000000000000007,2024-04-16,2024
1426270,2,5,6,Delhi Capitals,Gujarat Titans,65,3,7,25,90.0,15.0,13.0,1.6666666666666667,90,1,"Narendra Modi Stadium, Ahmedabad",Gujarat Titans,5,11.666666666666668,175,-11.333333333333334,2024-04-17,2024
1426271,2,5,6,Punjab Kings,Mumbai Indians,39,4,6,154,90.0,15.0,7.8,10.266666666666667,193,0,"Maharaja Yadavindra Singh International Cricket Stadium, Mullanpur",,5,61.60000000000001,924,2.4666666666666677,2024-04-18,2024
1426272,2,5,6,Lucknow Super Giants,Chennai Super Kings,43,0,10,134,90.0,15.0,8.6,8.933333333333334,177,1,"Bharat Ratna Shri Atal Bihari Vajpayee Ekana Cricket Stadium, Lucknow",Lucknow Super Giants,5,89.33333333333334,1340,0.3333333333333339,2024-04-19,2024
1426273,2,5,6,Delhi Capitals,Sunrisers Hyderabad,81,2,8,186,90.0,15.0,16.2,12.4,267,0,"Arun Jaitley Stadium, Delhi",Delhi Capitals,5,99.2,1488,-3.799999999999999,2024-04-20,2024
1426274,2,5,6,Royal Challengers Bangalore,Kolkata Knight Riders,52,2,8,171,90.0,15.0,10.4,11.4,223,0,"Eden Gardens, Kolkata",Kolkata Knight Riders,5,91.2,1368,1.0,2024-04-21,2024
1426275,2,5,6,Gujarat Titans,Punjab Kings,36,1,9,107,90.0,15.0,7.2,7.133333333333334,143,1,"Maharaja Yadavindra Singh International Cricket Stadium, Mullanpur",,5,64.2,963,-0.06666666666666643,2024-04-21,2024
1426276,2,5,6,Rajasthan Royals,Mumbai Indians,44,0,10,136,90.0,15.0,8.8,9.066666666666666,180,1,"Sawai Mansingh Stadium, Jaipur",Rajasthan Royals,5,90.66666666666666,1360,0.2666666666666657,2024-04-22,2024
1426277,2,5,6,Lucknow Super Giants,Chennai Super Kings,33,2,8,178,90.0,15.0,6.6,11.866666666666667,211,1,"MA Chidambaram Stadium, Chepauk, Chennai",Chennai Super Kings,5,94.93333333333334,1424,5.2666666666666675,2024-04-23,2024
1426278,2,5,6,Gujarat Titans,Delhi Capitals,60,1,9,165,90.0,15.0,12.0,11.0,225,0,"Arun Jaitley Stadium, Delhi",Delhi Capitals,5,99.0,1485,-1.0,2024-04-24,2024
1426279,2,5,7,Sunrisers Hyderabad,Royal Challengers Bangalore,56,4,6,151,90.0,15.0,11.2,10.066666666666666,207,0,"Rajiv Gandhi International Stadium, Uppal, Hyderabad",Sunrisers Hyderabad,5,60.4,906,-1.1333333333333329,2024-04-25,2024
1426280,2,5,6,Punjab Kings,Kolkata Knight Riders,69,0,10,193,90.0,15.0,13.8,12.866666666666667,262,1,"Eden Gardens, Kolkata",Kolkata Knight Riders,5,128.66666666666669,1930,-0.9333333333333336,2024-04-26,2024
1426281,2,5,6,Mumbai Indians,Delhi Capitals,54,2,8,204,90.0,15.0,10.8,13.6,258,0,"Arun Jaitley Stadium, Delhi",Delhi Capitals,5,108.8,1632,2.799999999999999,2024-04-27,2024
1426282,2,5,6,Rajasthan Royals,Lucknow Super Giants,50,0,10,147,90.0,15.0,10.0,9.8,197,1,"Bharat Ratna Shri Atal Bihari Vajpayee Ekana Cricket Stadium, Lucknow",Lucknow Super Giants,5,98.0,1470,-0.1999999999999993,2024-04-27,2024
1426283,2,5,6,Royal Challengers Bangalore,Gujarat Titans,48,1,9,153,90.0,15.0,9.6,10.2,201,1,"Narendra Modi Stadium, Ahmedabad",Gujarat Titans,5,91.8,1377,0.5999999999999996,2024-04-28,2024
1426284,2,5,6,Sunrisers Hyderabad,Chennai Super Kings,45,3,7,168,90.0,15.0,9.0,11.2,213,0,"MA Chidambaram Stadium, Chepauk, Chennai",Chennai Super Kings,5,78.39999999999999,1176,2.1999999999999993,2024-04-28,2024
1426285,2,5,6,Kolkata Knight Riders,Delhi Capitals,61,0,10,93,90.0,15.0,12.2,6.2,154,1,"Eden Gardens, Kolkata",Kolkata Knight Riders,5,62.0,930,-5.999999999999999,2024-04-29,2024
1426286,2,5,6,Lucknow Super Giants,Mumbai Indians,46,1,9,99,90.0,15.0,9.2,6.6,145,1,"Bharat Ratna Shri Atal Bihari Vajpayee Ekana Cricket Stadium, Lucknow",Lucknow Super Giants,5,59.4,891,-2.5999999999999996,2024-04-30,2024
1426287,2,5,7,Punjab Kings,Chennai Super Kings,39,1,9,124,90.0,15.0,7.8,8.266666666666667,163,1,"MA Chidambaram Stadium, Chepauk, Chennai",Chennai Super Kings,5,74.4,1116,0.4666666666666677,2024-05-01,2024
1426288,2,5,6,Rajasthan Royals,Sunrisers Hyderabad,50,2,8,152,90.0,15.0,10.0,10.133333333333333,202,0,"Rajiv Gandhi International Stadium, Uppal, Hyderabad",Sunrisers Hyderabad,5,81.06666666666666,1216,0.13333333333333286,2024-05-02,2024
1426289,2,5,6,Mumbai Indians,Kolkata Knight Riders,41,2,8,129,90.0,15.0,8.2,8.6,170,0,"Wankhede Stadium, Mumbai",Mumbai Indians,5,68.8,1032,0.40000000000000036,2024-05-03,2024
1426290,2,5,6,Royal Challengers Bangalore,Gujarat Titans,78,0,10,70,90.0,15.0,15.6,4.666666666666667,148,1,"M Chinnaswamy Stadium, Bengaluru",Royal Challengers Bangalore,5,46.66666666666667,700,-10.933333333333334,2024-05-04,2024
1426291,2,5,7,Punjab Kings,Chennai Super Kings,31,2,8,137,90.0,15.0,6.2,9.133333333333333,168,0,"Himachal Pradesh Cricket Association Stadium, Dharamsala",Punjab Kings,5,73.06666666666666,1096,2.9333333333333327,2024-05-05,2024
1426292,2,5,7,Lucknow Super Giants,Kolkata Knight Riders,47,1,9,189,90.0,15.0,9.4,12.6,236,0,"Bharat Ratna Shri Atal Bihari Vajpayee Ekana Cricket Stadium, Lucknow",Lucknow Super Giants,5,113.39999999999999,1701,3.1999999999999993,2024-05-05,2024
1426293,2,5,6,Mumbai Indians,Sunrisers Hyderabad,36,3,7,138,90.0,15.0,7.2,9.2,174,1,"Wankhede Stadium, Mumbai",Mumbai Indians,5,64.39999999999999,966,1.9999999999999991,2024-05-06,2024
1426294,2,5,6,Rajasthan Royals,Delhi Capitals,57,1,9,165,90.0,15.0,11.4,11.0,222,0,"Arun Jaitley Stadium, Delhi",Delhi Capitals,5,99.0,1485,-0.40000000000000036,2024-05-07,2024
1426295,2,5,6,Sunrisers Hyderabad,Lucknow Super Giants,87,0,10,79,90.0,15.0,17.4,5.266666666666667,166,1,"Rajiv Gandhi International Stadium, Uppal, Hyderabad",Sunrisers Hyderabad,5,52.666666666666664,790,-12.133333333333333,2024-05-08,2024
1426296,2,5,7,Punjab Kings,Royal Challengers Bangalore,61,1,9,181,90.0,15.0,12.2,12.066666666666666,242,0,"Himachal Pradesh Cricket Association Stadium, Dharamsala",Punjab Kings,5,108.6,1629,-0.13333333333333286,2024-05-09,2024
1426297,2,5,6,Chennai Super Kings,Gujarat Titans,33,3,7,199,90.0,15.0,6.6,13.266666666666667,232,0,"Narendra Modi Stadium, Ahmedabad",Gujarat Titans,5,92.86666666666667,1393,6.666666666666668,2024-05-10,2024
1426298,2,5,6,Mumbai Indians,Kolkata Knight Riders,59,0,10,99,90.0,15.0,11.8,6.6,158,0,"Eden Gardens, Kolkata",Kolkata Knight Riders,5,66.0,990,-5.200000000000001,2024-05-11,2024
1426299,2,5,7,Chennai Super Kings,Rajasthan Royals,45,1,9,97,90.0,15.0,9.0,6.466666666666667,142,1,"MA Chidambaram Stadium, Chepauk, Chennai",Chennai Super Kings,5,58.2,873,-2.533333333333333,2024-05-12,2024
1426300,2,5,6,Delhi Capitals,Royal Challengers Bangalore,43,4,6,145,90.0,15.0,8.6,9.666666666666666,188,0,"M Chinnaswamy Stadium, Bengaluru",Royal Challengers Bangalore,5,58.0,870,1.0666666666666664,2024-05-12,2024
1426302,2,5,6,Lucknow Super Giants,Delhi Capitals,48,4,6,161,90.0,15.0,9.6,10.733333333333333,209,0,"Arun Jaitley Stadium, Delhi",Delhi Capitals,5,64.39999999999999,966,1.1333333333333329,2024-05-14,2024
1426303,2,5,6,Punjab Kings,Rajasthan Royals,37,3,7,108,90.0,15.0,7.4,7.2,145,1,"Barsapara Cricket Stadium, Guwahati",,5,50.4,756,-0.20000000000000018,2024-05-15,2024
1426305,2,5,6,Mumbai Indians,Lucknow Super Giants,42,0,10,173,90.0,15.0,8.4,11.533333333333331,215,0,"Wankhede Stadium, Mumbai",Mumbai Indians,5,115.33333333333331,1730,3.133333333333331,2024-05-17,2024
1426306,2,5,6,Chennai Super Kings,Royal Challengers Bangalore,43,2,8,176,90.0,15.0,8.6,11.733333333333333,219,0,"M Chinnaswamy Stadium, Bengaluru",Royal Challengers Bangalore,5,93.86666666666666,1408,3.133333333333333,2024-05-18,2024
1426307,2,5,8,Sunrisers Hyderabad,Punjab Kings,72,2,8,143,90.0,15.0,14.4,9.533333333333331,215,1,"Rajiv Gandhi International Stadium, Uppal, Hyderabad",Sunrisers Hyderabad,5,76.26666666666665,1144,-4.866666666666669,2024-05-19,2024
1426309,2,5,6,Kolkata Knight Riders,Sunrisers Hyderabad,57,1,9,103,90.0,15.0,11.4,6.866666666666666,160,1,"Narendra Modi Stadium, Ahmedabad",,5,61.8,927,-4.533333333333334,2024-05-21,2024
1426310,2,5,6,Rajasthan Royals,Royal Challengers Bangalore,45,0,10,128,90.0,15.0,9.0,8.533333333333333,173,1,"Narendra Modi Stadium, Ahmedabad",,5,85.33333333333333,1280,-0.4666666666666668,2024-05-22,2024
1426311,2,5,7,Rajasthan Royals,Sunrisers Hyderabad,32,1,9,144,90.0,15.0,6.4,9.6,176,0,"MA Chidambaram Stadium, Chepauk, Chennai",,5,86.39999999999999,1296,3.1999999999999993,2024-05-24,2024
1426312,2,5,6,Kolkata Knight Riders,Sunrisers Hyderabad,52,1,9,62,90.0,15.0,10.4,4.133333333333334,114,1,"MA Chidambaram Stadium, Chepauk, Chennai",,5,37.2,558,-6.266666666666667,2024-05-26,2024
1473438,2,5,6,Royal Challengers Bangalore,Kolkata Knight Riders,75,0,10,100,90.0,15.0,15.0,6.666666666666667,175,1,"Eden Gardens, Kolkata",Kolkata Knight Riders,5,66.66666666666667,1000,-8.333333333333332,2025-03-22,2025
1473439,2,5,6,Rajasthan Royals,Sunrisers Hyderabad,57,3,7,230,90.0,15.0,11.4,15.333333333333334,287,0,"Rajiv Gandhi International Stadium, Uppal, Hyderabad",Sunrisers Hyderabad,5,107.33333333333334,1610,3.9333333333333336,2025-03-23,2025
1473440,2,5,7,Chennai Super Kings,Mumbai Indians,48,1,9,108,90.0,15.0,9.6,7.2,156,1,"MA Chidambaram Stadium, Chepauk, Chennai",Chennai Super Kings,5,64.8,972,-2.3999999999999995,2025-03-23,2025
1473441,2,5,7,Delhi Capitals,Lucknow Super Giants,45,3,7,165,90.0,15.0,9.0,11.0,210,1,"Dr. Y.S. Rajasekhara Reddy ACA-VDCA Cricket Stadium, Visakhapatnam",,5,77.0,1155,2.0,2025-03-24,2025
1473442,2,5,6,Gujarat Titans,Punjab Kings,51,0,10,193,90.0,15.0,10.2,12.866666666666667,244,0,"Narendra Modi Stadium, Ahmedabad",Gujarat Titans,5,128.66666666666669,1930,2.666666666666668,2025-03-25,2025
1473443,2,5,6,Kolkata Knight Riders,Rajasthan Royals,35,0,10,117,90.0,15.0,7.0,7.8,152,1,"Barsapara Cricket Stadium, Guwahati",,5,78.0,1170,0.7999999999999998,2025-03-26,2025
1473444,2,5,6,Lucknow Super Giants,Sunrisers Hyderabad,66,1,9,125,90.0,15.0,13.2,8.333333333333334,191,1,"Rajiv Gandhi International Stadium, Uppal, Hyderabad",Sunrisers Hyderabad,5,75.0,1125,-4.866666666666665,2025-03-27,2025
1473445,2,5,7,Chennai Super Kings,Royal Challengers Bangalore,26,3,7,171,90.0,15.0,5.2,11.4,197,0,"MA Chidambaram Stadium, Chepauk, Chennai",Chennai Super Kings,5,79.8,1197,6.2,2025-03-28,2025
1473446,2,5,8,Mumbai Indians,Gujarat Titans,44,2,8,153,90.0,15.0,8.8,10.2,197,0,"Narendra Modi Stadium, Ahmedabad",Gujarat Titans,5,81.6,1224,1.3999999999999986,2025-03-29,2025
1473447,2,5,6,Delhi Capitals,Sunrisers Hyderabad,48,0,10,116,90.0,15.0,9.6,7.733333333333333,164,1,"Dr. Y.S. Rajasekhara Reddy ACA-VDCA Cricket Stadium, Visakhapatnam",,5,77.33333333333333,1160,-1.8666666666666663,2025-03-30,2025
1473448,2,5,6,Chennai Super Kings,Rajasthan Royals,28,1,9,155,90.0,15.0,5.6,10.333333333333334,183,0,"Barsapara Cricket Stadium, Guwahati",,5,93.0,1395,4.733333333333334,2025-03-30,2025
1473449,2,5,6,Mumbai Indians,Kolkata Knight Riders,44,0,10,73,90.0,15.0,8.8,4.866666666666666,117,1,"Wankhede Stadium, Mumbai",Mumbai Indians,5,48.666666666666664,730,-3.9333333333333345,2025-03-31,2025
1473450,2,5,6,Punjab Kings,Lucknow Super Giants,47,1,9,125,90.0,15.0,9.4,8.333333333333334,172,1,"Bharat Ratna Shri Atal Bihari Vajpayee Ekana Cricket Stadium, Lucknow",Lucknow Super Giants,5,75.0,1125,-1.0666666666666664,2025-04-01,2025
1473451,2,5,6,Gujarat Titans,Royal Challengers Bangalore,33,1,9,137,90.0,15.0,6.6,9.133333333333333,170,1,"M Chinnaswamy Stadium, Bengaluru",Royal Challengers Bangalore,5,82.19999999999999,1233,2.533333333333333,2025-04-02,2025
1473452,2,5,6,Sunrisers Hyderabad,Kolkata Knight Riders,29,3,7,172,90.0,15.0,5.8,11.466666666666669,201,0,"Eden Gardens, Kolkata",Kolkata Knight Riders,5,80.26666666666668,1204,5.666666666666669,2025-04-03,2025
1473453,2,5,6,Mumbai Indians,Lucknow Super Giants,55,2,8,149,90.0,15.0,11.0,9.933333333333334,204,0,"Bharat Ratna Shri Atal Bihari Vajpayee Ekana Cricket Stadium, Lucknow",Lucknow Super Giants,5,79.46666666666667,1192,-1.0666666666666664,2025-04-04,2025
1473454,2,5,7,Chennai Super Kings,Delhi Capitals,36,2,8,148,90.0,15.0,7.2,9.866666666666667,184,0,"MA Chidambaram Stadium, Chepauk, Chennai",Chennai Super Kings,5,78.93333333333334,1184,2.666666666666667,2025-04-05,2025
1473455,2,5,7,Punjab Kings,Rajasthan Royals,39,3,7,167,90.0,15.0,7.8,11.133333333333333,206,0,"Maharaja Yadavindra Singh International Cricket Stadium, Mullanpur",,5,77.93333333333334,1169,3.333333333333333,2025-04-05,2025
1473456,2,5,6,Kolkata Knight Riders,Lucknow Super Giants,73,1,9,166,90.0,15.0,14.6,11.066666666666666,239,0,"Eden Gardens, Kolkata",Kolkata Knight Riders,5,99.6,1494,-3.533333333333333,2025-04-08,2025
1473457,2,5,6,Gujarat Titans,Sunrisers Hyderabad,28,2,8,125,90.0,15.0,5.6,8.333333333333334,153,1,"Rajiv Gandhi International Stadium, Uppal, Hyderabad",Sunrisers Hyderabad,5,66.66666666666667,1000,2.7333333333333343,2025-04-06,2025
1473458,2,5,6,Mumbai Indians,Royal Challengers Bangalore,52,2,8,170,90.0,15.0,10.4,11.333333333333334,222,0,"Wankhede Stadium, Mumbai",Mumbai Indians,5,90.66666666666667,1360,0.9333333333333336,2025-04-07,2025
1473459,2,5,6,Chennai Super Kings,Punjab Kings,47,0,10,173,90.0,15.0,9.4,11.533333333333331,220,0,"Maharaja Yadavindra Singh International Cricket Stadium, Mullanpur",,5,115.33333333333331,1730,2.133333333333331,2025-04-08,2025
1473460,2,5,6,Rajasthan Royals,Gujarat Titans,45,2,8,173,90.0,15.0,9.0,11.533333333333331,218,0,"Narendra Modi Stadium, Ahmedabad",Gujarat Titans,5,92.26666666666665,1384,2.5333333333333314,2025-04-09,2025
1473461,2,5,6,Delhi Capitals,Royal Challengers Bangalore,31,3,7,133,90.0,15.0,6.2,8.866666666666667,164,1,"M Chinnaswamy Stadium, Bengaluru",Royal Challengers Bangalore,5,62.06666666666667,931,2.666666666666667,2025-04-10,2025
1473462,2,5,6,Kolkata Knight Riders,Chennai Super Kings,53,1,9,51,90.0,15.0,10.6,3.4,104,1,"MA Chidambaram Stadium, Chepauk, Chennai",Chennai Super Kings,5,30.599999999999998,459,-7.199999999999999,2025-04-11,2025
1473463,2,5,6,Lucknow Super Giants,Gujarat Titans,49,0,10,132,90.0,15.0,9.8,8.8,181,1,"Bharat Ratna Shri Atal Bihari Vajpayee Ekana Cricket Stadium, Lucknow",Lucknow Super Giants,5,88.0,1320,-1.0,2025-04-12,2025
1473464,2,5,8,Sunrisers Hyderabad,Punjab Kings,76,0,10,170,90.0,15.0,15.2,11.333333333333334,246,1,"Rajiv Gandhi International Stadium, Uppal, Hyderabad",Sunrisers Hyderabad,5,113.33333333333334,1700,-3.8666666666666654,2025-04-12,2025
1473465,2,5,6,Royal Challengers Bangalore,Rajasthan Royals,50,0,10,124,90.0,15.0,10.0,8.266666666666667,174,1,"Sawai Mansingh Stadium, Jaipur",Rajasthan Royals,5,82.66666666666667,1240,-1.7333333333333325,2025-04-13,2025
1473466,2,5,6,Delhi Capitals,Mumbai Indians,54,1,9,152,90.0,15.0,10.8,10.133333333333333,206,0,"Arun Jaitley Stadium, Delhi",Delhi Capitals,5,91.19999999999999,1368,-0.6666666666666679,2025-04-13,2025
1473467,2,5,6,Chennai Super Kings,Lucknow Super Giants,52,1,9,115,90.0,15.0,10.4,7.666666666666667,167,1,"Bharat Ratna Shri Atal Bihari Vajpayee Ekana Cricket Stadium, Lucknow",Lucknow Super Giants,5,69.0,1035,-2.7333333333333334,2025-04-14,2025
1473468,2,5,6,Kolkata Knight Riders,Punjab Kings,36,2,8,76,90.0,15.0,7.2,5.066666666666666,112,0,"Maharaja Yadavindra Singh International Cricket Stadium, Mullanpur",,5,40.53333333333333,608,-2.1333333333333337,2025-04-15,2025
1473469,2,5,6,Rajasthan Royals,Delhi Capitals,50,0,10,139,90.0,15.0,10.0,9.266666666666667,189,0,"Arun Jaitley Stadium, Delhi",Delhi Capitals,5,92.66666666666667,1390,-0.7333333333333325,2025-04-16,2025
1473470,2,5,6,Mumbai Indians,Sunrisers Hyderabad,40,1,9,123,90.0,15.0,8.0,8.2,163,1,"Wankhede Stadium, Mumbai",Mumbai Indians,5,73.8,1107,0.1999999999999993,2025-04-17,2025
1473471,2,5,7,Punjab Kings,Royal Challengers Bangalore,36,2,8,60,90.0,15.0,7.2,4.0,96,1,"M Chinnaswamy Stadium, Bengaluru",Royal Challengers Bangalore,5,32.0,480,-3.2,2025-04-18,2025
1473472,2,5,6,Gujarat Titans,Delhi Capitals,55,1,9,149,90.0,15.0,11.0,9.933333333333334,204,1,"Narendra Modi Stadium, Ahmedabad",Gujarat Titans,5,89.4,1341,-1.0666666666666664,2025-04-19,2025
1473473,2,5,6,Rajasthan Royals,Lucknow Super Giants,55,0,10,126,90.0,15.0,11.0,8.4,181,0,"Sawai Mansingh Stadium, Jaipur",Rajasthan Royals,5,84.0,1260,-2.5999999999999996,2025-04-19,2025
1473474,2,5,6,Royal Challengers Bangalore,Punjab Kings,42,1,9,116,90.0,15.0,8.4,7.733333333333333,158,1,"Maharaja Yadavindra Singh International Cricket Stadium, Mullanpur",,5,69.6,1044,-0.666666666666667,2025-04-20,2025
1473475,2,5,9,Mumbai Indians,Chennai Super Kings,56,0,10,121,90.0,15.0,11.2,8.066666666666666,177,1,"Wankhede Stadium, Mumbai",Mumbai Indians,5,80.66666666666666,1210,-3.133333333333333,2025-04-20,2025
1473476,2,5,7,Kolkata Knight Riders,Gujarat Titans,42,1,9,157,90.0,15.0,8.4,10.466666666666669,199,0,"Eden Gardens, Kolkata",Kolkata Knight Riders,5,94.20000000000002,1413,2.066666666666668,2025-04-21,2025
1473477,2,5,6,Delhi Capitals,Lucknow Super Giants,44,1,9,116,90.0,15.0,8.8,7.733333333333333,160,1,"Bharat Ratna Shri Atal Bihari Vajpayee Ekana Cricket Stadium, Lucknow",Lucknow Super Giants,5,69.6,1044,-1.0666666666666673,2025-04-22,2025
1473478,2,5,6,Mumbai Indians,Sunrisers Hyderabad,45,1,9,99,90.0,15.0,9.0,6.6,144,1,"Rajiv Gandhi International Stadium, Uppal, Hyderabad",Sunrisers Hyderabad,5,59.4,891,-2.4000000000000004,2025-04-23,2025
1473479,2,5,6,Rajasthan Royals,Royal Challengers Bangalore,58,1,9,148,90.0,15.0,11.6,9.866666666666667,206,0,"M Chinnaswamy Stadium, Bengaluru",Royal Challengers Bangalore,5,88.80000000000001,1332,-1.7333333333333325,2025-04-24,2025
1473480,2,5,6,Sunrisers Hyderabad,Chennai Super Kings,36,1,9,119,90.0,15.0,7.2,7.933333333333334,155,1,"MA Chidambaram Stadium, Chepauk, Chennai",Chennai Super Kings,5,71.4,1071,0.7333333333333334,2025-04-25,2025
1473482,2,5,7,Lucknow Super Giants,Mumbai Indians,40,1,9,176,90.0,15.0,8.0,11.733333333333333,216,0,"Wankhede Stadium, Mumbai",Mumbai Indians,5,105.6,1584,3.7333333333333325,2025-04-27,2025
1473483,2,5,6,Royal Challengers Bangalore,Delhi Capitals,30,3,7,133,90.0,15.0,6.0,8.866666666666667,163,1,"Arun Jaitley Stadium, Delhi",Delhi Capitals,5,62.06666666666667,931,2.866666666666667,2025-04-27,2025
1473484,2,5,6,Rajasthan Royals,Gujarat Titans,81,0,10,129,90.0,15.0,16.2,8.6,210,1,"Sawai Mansingh Stadium, Jaipur",Rajasthan Royals,5,86.0,1290,-7.6,2025-04-28,2025
1473485,2,5,6,Delhi Capitals,Kolkata Knight Riders,48,2,8,157,90.0,15.0,9.6,10.466666666666669,205,0,"Arun Jaitley Stadium, Delhi",Delhi Capitals,5,83.73333333333335,1256,0.8666666666666689,2025-04-29,2025
1473486,2,5,6,Punjab Kings,Chennai Super Kings,45,1,9,146,90.0,15.0,9.0,9.733333333333333,191,1,"MA Chidambaram Stadium, Chepauk, Chennai",Chennai Super Kings,5,87.6,1314,0.7333333333333325,2025-04-30,2025
1473487,2,5,6,Rajasthan Royals,Mumbai Indians,51,5,5,167,90.0,15.0,10.2,11.133333333333333,218,0,"Sawai Mansingh Stadium, Jaipur",Rajasthan Royals,5,55.666666666666664,835,0.9333333333333336,2025-05-01,2025
1473488,2,5,6,Sunrisers Hyderabad,Gujarat Titans,50,1,9,175,90.0,15.0,10.0,11.666666666666666,225,0,"Narendra Modi Stadium, Ahmedabad",Gujarat Titans,5,105.0,1575,1.666666666666666,2025-05-02,2025
1473489,2,5,6,Chennai Super Kings,Royal Challengers Bangalore,57,1,9,157,90.0,15.0,11.4,10.466666666666669,214,0,"M Chinnaswamy Stadium, Bengaluru",Royal Challengers Bangalore,5,94.20000000000002,1413,-0.9333333333333318,2025-05-03,2025
1473490,2,5,6,Rajasthan Royals,Kolkata Knight Riders,46,2,8,161,90.0,15.0,9.2,10.733333333333333,207,0,"Eden Gardens, Kolkata",Kolkata Knight Riders,5,85.86666666666666,1288,1.5333333333333332,2025-05-04,2025
1473491,2,5,7,Lucknow Super Giants,Punjab Kings,29,3,7,208,90.0,15.0,5.8,13.866666666666667,237,0,"Himachal Pradesh Cricket Association Stadium, Dharamsala",Punjab Kings,5,97.06666666666666,1456,8.066666666666666,2025-05-04,2025
1473493,2,5,6,Gujarat Titans,Mumbai Indians,21,1,9,135,90.0,15.0,4.2,9.0,156,1,"Wankhede Stadium, Mumbai",Mumbai Indians,5,81.0,1215,4.8,2025-05-06,2025
1473494,2,5,6,Chennai Super Kings,Kolkata Knight Riders,56,4,6,124,90.0,15.0,11.2,8.266666666666667,180,1,"Eden Gardens, Kolkata",Kolkata Knight Riders,5,49.60000000000001,744,-2.933333333333332,2025-05-07,2025
1473497,2,5,6,Rajasthan Royals,Punjab Kings,76,1,9,144,90.0,15.0,15.2,9.6,220,0,"Sawai Mansingh Stadium, Jaipur",Rajasthan Royals,5,86.39999999999999,1296,-5.6,2025-05-18,2025
1473498,2,5,6,Gujarat Titans,Delhi Capitals,52,0,10,148,90.0,15.0,10.4,9.866666666666667,200,1,"Arun Jaitley Stadium, Delhi",Delhi Capitals,5,98.66666666666667,1480,-0.5333333333333332,2025-05-18,2025
1473499,2,5,6,Sunrisers Hyderabad,Lucknow Super Giants,58,1,9,148,90.0,15.0,11.6,9.866666666666667,206,1,"Bharat Ratna Shri Atal Bihari Vajpayee Ekana Cricket Stadium, Lucknow",Lucknow Super Giants,5,88.80000000000001,1332,-1.7333333333333325,2025-05-19,2025
1473500,2,5,6,Rajasthan Royals,Chennai Super Kings,49,1,9,139,90.0,15.0,9.8,9.266666666666667,188,1,"Arun Jaitley Stadium, Delhi",,5,83.4,1251,-0.5333333333333332,2025-05-20,2025
1473501,2,5,7,Delhi Capitals,Mumbai Indians,43,3,7,138,90.0,15.0,8.6,9.2,181,0,"Wankhede Stadium, Mumbai",Mumbai Indians,5,64.39999999999999,966,0.5999999999999996,2025-05-21,2025
1473502,2,5,6,Gujarat Titans,Lucknow Super Giants,46,1,9,190,90.0,15.0,9.2,12.666666666666666,236,0,"Narendra Modi Stadium, Ahmedabad",Gujarat Titans,5,114.0,1710,3.466666666666667,2025-05-22,2025
1473503,2,5,7,Royal Challengers Bangalore,Sunrisers Hyderabad,55,0,10,177,90.0,15.0,11.0,11.8,232,0,"Bharat Ratna Shri Atal Bihari Vajpayee Ekana Cricket Stadium, Lucknow",,5,118.0,1770,0.8000000000000007,2025-05-23,2025
1473504,2,5,6,Gujarat Titans,Chennai Super Kings,30,3,7,201,90.0,15.0,6.0,13.4,231,0,"Narendra Modi Stadium, Ahmedabad",Gujarat Titans,5,93.8,1407,7.4,2025-05-25,2025
1473505,2,5,6,Kolkata Knight Riders,Sunrisers Hyderabad,50,1,9,229,90.0,15.0,10.0,15.266666666666667,279,0,"Arun Jaitley Stadium, Delhi",,5,137.4,2061,5.2666666666666675,2025-05-25,2025
1473506,2,5,6,Punjab Kings,Mumbai Indians,35,1,9,150,90.0,15.0,7.0,10.0,185,1,"Sawai Mansingh Stadium, Jaipur",,5,90.0,1350,3.0,2025-05-26,2025
1473507,2,5,7,Royal Challengers Bangalore,Lucknow Super Giants,60,0,10,168,90.0,15.0,12.0,11.2,228,1,"Bharat Ratna Shri Atal Bihari Vajpayee Ekana Cricket Stadium, Lucknow",Lucknow Super Giants,5,112.0,1680,-0.8000000000000007,2025-05-27,2025
1473508,2,5,6,Royal Challengers Bangalore,Punjab Kings,40,1,9,62,90.0,15.0,8.0,4.133333333333334,102,1,"Maharaja Yadavindra Singh International Cricket Stadium, Mullanpur",,5,37.2,558,-3.8666666666666663,2025-05-29,2025
1473509,2,5,6,Gujarat Titans,Mumbai Indians,55,1,9,174,90.0,15.0,11.0,11.6,229,0,"Maharaja Yadavindra Singh International Cricket Stadium, New Chandigarh",,5,104.39999999999999,1566,0.5999999999999996,2025-05-30,2025
1473510,2,5,6,Punjab Kings,Mumbai Indians,55,1,9,149,90.0,15.0,11.0,9.933333333333334,204,1,"Narendra Modi Stadium, Ahmedabad",,5,89.4,1341,-1.0666666666666664,2025-06-01,2025
1473511,2,5,7,Punjab Kings,Royal Challengers Bangalore,43,1,9,148,90.0,15.0,8.6,9.866666666666667,191,0,"Narendra Modi Stadium, Ahmedabad",,5,88.80000000000001,1332,1.2666666666666675,2025-06-03,2025
1485779,2,5,6,Delhi Capitals,Punjab Kings,50,0,10,157,90.0,15.0,10.0,10.466666666666669,207,1,"Sawai Mansingh Stadium, Jaipur",,5,104.66666666666669,1570,0.46666666666666856,2025-05-24,2025
