match_id,innings,over,ball_in_over,batting_team,bowling_team,current_score,wickets_lost,wickets_in_hand,runs_to_go,balls_remaining,overs_remaining,current_run_rate,required_run_rate,target_runs,win_flag,venue_canon,home_team,checkpoint_over,rrr_x_wickets_in_hand,runs_to_go_x_wickets_in_hand,rrr_minus_crr,date,season
335982,2,10,7,Royal Challengers Bangalore,Kolkata Knight Riders,51,7,3,172,60.0,10.0,5.1,17.2,223,0,"M Chinnaswamy Stadium, Bengaluru",Royal Challengers Bangalore,10,51.599999999999994,516,12.1,2008-04-18,2007/08
335983,2,10,6,Punjab Kings,Chennai Super Kings,110,1,9,131,60.0,10.0,11.0,13.1,241,0,"IS Bindra Stadium, Mohali",Punjab Kings,10,117.89999999999999,1179,2.0999999999999996,2008-04-19,2007/08
335984,2,10,7,Delhi Capitals,Rajasthan Royals,86,1,9,44,60.0,10.0,8.6,4.4,130,1,"Arun Jaitley Stadium, Delhi",Delhi Capitals,10,39.6,396,-4.199999999999999,2008-04-19,2007/08
335985,2,10,6,Royal Challengers Bangalore,Mumbai Indians,76,3,7,90,60.0,10.0,7.6,9.0,166,1,"Wankhede Stadium, Mumbai",Mumbai Indians,10,63.0,630,1.4000000000000004,2008-04-20,2007/08
335986,2,10,7,Kolkata Knight Riders,Sunrisers Hyderabad,38,3,7,73,60.0,10.0,3.8,7.3,111,1,"Eden Gardens, Kolkata",Kolkata Knight Riders,10,51.1,511,3.5,2008-04-20,2007/08
335987,2,10,6,Rajasthan Royals,Punjab Kings,87,3,7,80,60.0,10.0,8.7,8.0,167,1,"Sawai Mansingh Stadium, Jaipur",Rajasthan Royals,10,56.0,560,-0.6999999999999993,2008-04-21,2007/08
335988,2,10,6,Delhi Capitals,Sunrisers Hyderabad,95,1,9,48,60.0,10.0,9.5,4.8,143,1,"Rajiv Gandhi International Stadium, Hyderabad",Sunrisers Hyderabad,10,43.199999999999996,432,-4.7,2008-04-22,2007/08
335989,2,10,6,Mumbai Indians,Chennai Super Kings,83,3,7,126,60.0,10.0,8.3,12.6,209,0,"MA Chidambaram Stadium, Chennai",Chennai Super Kings,10,88.2,882,4.299999999999999,2008-04-23,2007/08
335990,2,10,6,Rajasthan Royals,Sunrisers Hyderabad,114,2,8,101,60.0,10.0,11.4,10.1,215,1,"Rajiv Gandhi International Stadium, Hyderabad",Sunrisers Hyderabad,10,80.8,808,-1.3000000000000007,2008-04-24,2007/08
335991,2,10,6,Mumbai Indians,Punjab Kings,67,4,6,116,60.0,10.0,6.7,11.6,183,0,"IS Bindra Stadium, Mohali",Punjab Kings,10,69.6,696,4.8999999999999995,2008-04-25,2007/08
335992,2,10,7,Rajasthan Royals,Royal Challengers Bangalore,73,2,8,63,60.0,10.0,7.3,6.3,136,1,"M Chinnaswamy Stadium, Bengaluru",Royal Challengers Bangalore,10,50.4,504,-1.0,2008-04-26,2007/08
335993,2,10,6,Chennai Super Kings,Kolkata Knight Riders,77,1,9,71,60.0,10.0,7.7,7.1,148,1,"MA Chidambaram Stadium, Chennai",Chennai Super Kings,10,63.9,639,-0.6000000000000005,2008-04-26,2007/08
335994,2,10,7,Sunrisers Hyderabad,Mumbai Indians,130,0,10,25,60.0,10.0,13.0,2.5,155,1,"Dr DY Patil Sports Academy, Navi Mumbai",Mumbai Indians,10,25.0,250,-10.5,2008-04-27,2007/08
335995,2,10,6,Punjab Kings,Delhi Capitals,81,3,7,78,60.0,10.0,8.1,7.8,159,1,"IS Bindra Stadium, Mohali",Punjab Kings,10,54.6,546,-0.2999999999999998,2008-04-27,2007/08
335996,2,10,6,Royal Challengers Bangalore,Chennai Super Kings,93,1,9,86,60.0,10.0,9.3,8.6,179,0,"M Chinnaswamy Stadium, Bengaluru",Royal Challengers Bangalore,10,77.39999999999999,774,-0.7000000000000011,2008-04-28,2007/08
335997,2,10,7,Mumbai Indians,Kolkata Knight Riders,69,3,7,69,60.0,10.0,6.9,6.9,138,1,"Eden Gardens, Kolkata",Kolkata Knight Riders,10,48.300000000000004,483,0.0,2008-04-29,2007/08
335998,2,10,6,Royal Challengers Bangalore,Delhi Capitals,83,3,7,109,60.0,10.0,8.3,10.9,192,0,"Arun Jaitley Stadium, Delhi",Delhi Capitals,10,76.3,763,2.5999999999999996,2008-04-30,2007/08
335999,2,10,6,Punjab Kings,Sunrisers Hyderabad,77,2,8,88,60.0,10.0,7.7,8.8,165,1,"Rajiv Gandhi International Stadium, Hyderabad",Sunrisers Hyderabad,10,70.4,704,1.1000000000000005,2008-05-01,2007/08
336000,2,10,6,Kolkata Knight Riders,Rajasthan Royals,78,3,7,119,60.0,10.0,7.8,11.9,197,0,"Sawai Mansingh Stadium, Jaipur",Rajasthan Royals,10,83.3,833,4.1000000000000005,2008-05-01,2007/08
336001,2,10,6,Delhi Capitals,Chennai Super Kings,106,0,10,64,60.0,10.0,10.6,6.4,170,1,"MA Chidambaram Stadium, Chennai",Chennai Super Kings,10,64.0,640,-4.199999999999999,2008-05-02,2007/08
336002,2,10,6,Royal Challengers Bangalore,Sunrisers Hyderabad,61,2,8,105,60.0,10.0,6.1,10.5,166,1,"Rajiv Gandhi International Stadium, Hyderabad",Sunrisers Hyderabad,10,84.0,840,4.4,2008-05-25,2007/08
336003,2,10,6,Kolkata Knight Riders,Punjab Kings,52,5,5,127,60.0,10.0,5.2,12.7,179,0,"IS Bindra Stadium, Mohali",Punjab Kings,10,63.5,635,7.499999999999999,2008-05-03,2007/08
336004,2,10,6,Delhi Capitals,Mumbai Indians,81,3,7,82,60.0,10.0,8.1,8.2,163,0,"Dr DY Patil Sports Academy, Navi Mumbai",Mumbai Indians,10,57.39999999999999,574,0.09999999999999964,2008-05-04,2007/08
336005,2,10,6,Rajasthan Royals,Chennai Super Kings,78,0,10,32,60.0,10.0,7.8,3.2,110,1,"Sawai Mansingh Stadium, Jaipur",Rajasthan Royals,10,32.0,320,-4.6,2008-05-04,2007/08
336006,2,10,6,Punjab Kings,Royal Challengers Bangalore,81,2,8,46,60.0,10.0,8.1,4.6,127,1,"M Chinnaswamy Stadium, Bengaluru",Royal Challengers Bangalore,10,36.8,368,-3.5,2008-05-05,2007/08
336007,2,10,6,Sunrisers Hyderabad,Chennai Super Kings,78,2,8,67,60.0,10.0,7.8,6.7,145,1,"MA Chidambaram Stadium, Chennai",Chennai Super Kings,10,53.6,536,-1.0999999999999996,2008-05-06,2007/08
336008,2,10,7,Mumbai Indians,Rajasthan Royals,64,1,9,40,60.0,10.0,6.4,4.0,104,1,"Dr DY Patil Sports Academy, Navi Mumbai",Mumbai Indians,10,36.0,360,-2.4000000000000004,2008-05-07,2007/08
336009,2,10,6,Chennai Super Kings,Delhi Capitals,98,2,8,90,60.0,10.0,9.8,9.0,188,1,"Arun Jaitley Stadium, Delhi",Delhi Capitals,10,72.0,720,-0.8000000000000007,2008-05-08,2007/08
336010,2,10,6,Royal Challengers Bangalore,Kolkata Knight Riders,53,3,7,77,60.0,10.0,5.3,7.7,130,0,"Eden Gardens, Kolkata",Kolkata Knight Riders,10,53.9,539,2.4000000000000004,2008-05-08,2007/08
336011,2,10,6,Rajasthan Royals,Sunrisers Hyderabad,81,0,10,60,60.0,10.0,8.1,6.0,141,1,"Sawai Mansingh Stadium, Jaipur",Rajasthan Royals,10,60.0,600,-2.0999999999999996,2008-05-09,2007/08
336012,2,10,6,Mumbai Indians,Royal Challengers Bangalore,79,0,10,44,60.0,10.0,7.9,4.4,123,1,"M Chinnaswamy Stadium, Bengaluru",Royal Challengers Bangalore,10,44.0,440,-3.5,2008-05-28,2007/08
336013,2,10,7,Punjab Kings,Chennai Super Kings,76,2,8,106,60.0,10.0,7.6,10.6,182,0,"MA Chidambaram Stadium, Chennai",Chennai Super Kings,10,84.8,848,3.0,2008-05-10,2007/08
336014,2,10,6,Sunrisers Hyderabad,Kolkata Knight Riders,74,4,6,131,60.0,10.0,7.4,13.1,205,0,"Rajiv Gandhi International Stadium, Hyderabad",Sunrisers Hyderabad,10,78.6,786,5.699999999999999,2008-05-11,2007/08
336015,2,10,6,Rajasthan Royals,Delhi Capitals,80,2,8,77,60.0,10.0,8.0,7.7,157,1,"Sawai Mansingh Stadium, Jaipur",Rajasthan Royals,10,61.6,616,-0.2999999999999998,2008-05-11,2007/08
336016,2,10,6,Punjab Kings,Royal Challengers Bangalore,70,1,9,74,60.0,10.0,7.0,7.4,144,1,"IS Bindra Stadium, Mohali",Punjab Kings,10,66.60000000000001,666,0.40000000000000036,2008-05-12,2007/08
336017,2,10,6,Delhi Capitals,Kolkata Knight Riders,64,5,5,70,60.0,10.0,6.4,7.0,134,0,"Eden Gardens, Kolkata",Kolkata Knight Riders,10,35.0,350,0.5999999999999996,2008-05-13,2007/08
336018,2,10,7,Mumbai Indians,Chennai Super Kings,107,1,9,50,60.0,10.0,10.7,5.0,157,1,"Wankhede Stadium, Mumbai",Mumbai Indians,10,45.0,450,-5.699999999999999,2008-05-14,2007/08
336019,2,10,6,Rajasthan Royals,Punjab Kings,67,2,8,155,60.0,10.0,6.7,15.5,222,0,"IS Bindra Stadium, Mohali",Punjab Kings,10,124.0,1240,8.8,2008-05-28,2007/08
336020,2,10,6,Sunrisers Hyderabad,Delhi Capitals,84,3,7,111,60.0,10.0,8.4,11.1,195,0,"Arun Jaitley Stadium, Delhi",Delhi Capitals,10,77.7,777,2.6999999999999993,2008-05-15,2007/08
336023,2,10,6,Royal Challengers Bangalore,Rajasthan Royals,38,4,6,160,60.0,10.0,3.8,16.0,198,0,"Sawai Mansingh Stadium, Jaipur",Rajasthan Royals,10,96.0,960,12.2,2008-05-17,2007/08
336024,2,10,6,Sunrisers Hyderabad,Mumbai Indians,59,4,6,120,60.0,10.0,5.9,12.0,179,0,"Rajiv Gandhi International Stadium, Hyderabad",Sunrisers Hyderabad,10,72.0,720,6.1,2008-05-18,2007/08
336026,2,10,6,Delhi Capitals,Royal Challengers Bangalore,105,2,8,50,60.0,10.0,10.5,5.0,155,1,"M Chinnaswamy Stadium, Bengaluru",Royal Challengers Bangalore,10,40.0,400,-5.5,2008-05-19,2007/08
336027,2,10,6,Rajasthan Royals,Kolkata Knight Riders,69,4,6,79,60.0,10.0,6.9,7.9,148,1,"Eden Gardens, Kolkata",Kolkata Knight Riders,10,47.400000000000006,474,1.0,2008-05-20,2007/08
336028,2,10,6,Mumbai Indians,Punjab Kings,90,2,8,100,60.0,10.0,9.0,10.0,190,0,"Wankhede Stadium, Mumbai",Mumbai Indians,10,80.0,800,1.0,2008-05-21,2007/08
336029,2,10,6,Chennai Super Kings,Royal Challengers Bangalore,61,1,9,66,60.0,10.0,6.1,6.6,127,0,"MA Chidambaram Stadium, Chennai",Chennai Super Kings,10,59.4,594,0.5,2008-05-21,2007/08
336031,2,10,6,Punjab Kings,Sunrisers Hyderabad,101,1,9,75,60.0,10.0,10.1,7.5,176,1,"IS Bindra Stadium, Mohali",Punjab Kings,10,67.5,675,-2.5999999999999996,2008-05-23,2007/08
336032,2,10,6,Delhi Capitals,Mumbai Indians,88,2,8,89,60.0,10.0,8.8,8.9,177,1,"Arun Jaitley Stadium, Delhi",Delhi Capitals,10,71.2,712,0.09999999999999964,2008-05-24,2007/08
336033,2,10,7,Chennai Super Kings,Rajasthan Royals,99,2,8,113,60.0,10.0,9.9,11.3,212,0,"MA Chidambaram Stadium, Chennai",Chennai Super Kings,10,90.4,904,1.4000000000000004,2008-05-24,2007/08
336034,2,10,7,Sunrisers Hyderabad,Royal Challengers Bangalore,63,2,8,94,60.0,10.0,6.3,9.4,157,0,"M Chinnaswamy Stadium, Bengaluru",Royal Challengers Bangalore,10,75.2,752,3.1000000000000005,2008-05-03,2007/08
336035,2,10,7,Kolkata Knight Riders,Punjab Kings,74,4,6,101,60.0,10.0,7.4,10.1,175,1,"Eden Gardens, Kolkata",Kolkata Knight Riders,10,60.599999999999994,606,2.6999999999999993,2008-05-25,2007/08
336036,2,10,6,Rajasthan Royals,Mumbai Indians,67,3,7,79,60.0,10.0,6.7,7.9,146,1,"Sawai Mansingh Stadium, Jaipur",Rajasthan Royals,10,55.300000000000004,553,1.2000000000000002,2008-05-26,2007/08
336037,2,10,6,Chennai Super Kings,Sunrisers Hyderabad,72,2,8,76,60.0,10.0,7.2,7.6,148,1,"Rajiv Gandhi International Stadium, Hyderabad",Sunrisers Hyderabad,10,60.8,608,0.39999999999999947,2008-05-27,2007/08
336038,2,10,6,Delhi Capitals,Rajasthan Royals,56,5,5,137,60.0,10.0,5.6,13.7,193,0,"Wankhede Stadium, Mumbai",,10,68.5,685,8.1,2008-05-30,2007/08
336039,2,10,6,Chennai Super Kings,Punjab Kings,62,1,9,51,60.0,10.0,6.2,5.1,113,1,"Wankhede Stadium, Mumbai",,10,45.9,459,-1.1000000000000005,2008-05-31,2007/08
336040,2,10,6,Rajasthan Royals,Chennai Super Kings,75,3,7,89,60.0,10.0,7.5,8.9,164,1,"Dr DY Patil Sports Academy, Navi Mumbai",,10,62.300000000000004,623,1.4000000000000004,2008-06-01,2007/08
392181,2,10,6,Chennai Super Kings,Mumbai Indians,70,3,7,96,60.0,10.0,7.0,9.6,166,0,"Newlands, Cape Town",,10,67.2,672,2.5999999999999996,2009-04-18,2009
392182,2,10,6,Rajasthan Royals,Royal Challengers Bangalore,32,5,5,102,60.0,10.0,3.2,10.2,134,0,"Newlands, Cape Town",,10,51.0,510,6.999999999999999,2009-04-18,2009
392184,2,10,7,Sunrisers Hyderabad,Kolkata Knight Riders,69,2,8,33,60.0,10.0,6.9,3.3,102,1,"Newlands, Cape Town",,10,26.4,264,-3.6000000000000005,2009-04-19,2009
392185,2,10,6,Royal Challengers Bangalore,Chennai Super Kings,56,5,5,124,60.0,10.0,5.6,12.4,180,0,"St George's Park, Gqeberha",,10,62.0,620,6.800000000000001,2009-04-20,2009
392186,2,10,2,Kolkata Knight Riders,Punjab Kings,79,1,9,80,64.0,10.666666666666666,8.464285714285714,7.5,159,1,"Kingsmead, Durban",,10,67.5,720,-0.9642857142857135,2009-04-21,2009
392188,2,10,6,Royal Challengers Bangalore,Sunrisers Hyderabad,57,3,7,128,60.0,10.0,5.7,12.8,185,0,"Newlands, Cape Town",,10,89.60000000000001,896,7.1000000000000005,2009-04-22,2009
392189,2,10,6,Chennai Super Kings,Delhi Capitals,106,2,8,84,60.0,10.0,10.6,8.4,190,0,"Kingsmead, Durban",,10,67.2,672,-2.1999999999999993,2009-04-23,2009
392190,2,10,6,Kolkata Knight Riders,Rajasthan Royals,67,3,7,84,60.0,10.0,6.7,8.4,151,0,"Newlands, Cape Town",,10,58.800000000000004,588,1.7000000000000002,2009-04-23,2009
392191,2,10,6,Punjab Kings,Royal Challengers Bangalore,80,1,9,89,60.0,10.0,8.0,8.9,169,1,"Kingsmead, Durban",,10,80.10000000000001,801,0.9000000000000004,2009-04-24,2009
392192,2,10,6,Mumbai Indians,Sunrisers Hyderabad,84,1,9,85,60.0,10.0,8.4,8.5,169,0,"Kingsmead, Durban",,10,76.5,765,0.09999999999999964,2009-04-25,2009
392194,2,10,6,Delhi Capitals,Royal Challengers Bangalore,64,2,8,86,60.0,10.0,6.4,8.6,150,1,"St George's Park, Gqeberha",,10,68.8,688,2.1999999999999993,2009-04-26,2009
392195,2,10,6,Rajasthan Royals,Punjab Kings,48,6,4,92,60.0,10.0,4.8,9.2,140,0,"Newlands, Cape Town",,10,36.8,368,4.3999999999999995,2009-04-26,2009
392196,2,10,6,Sunrisers Hyderabad,Chennai Super Kings,85,2,8,81,60.0,10.0,8.5,8.1,166,1,"Kingsmead, Durban",,10,64.8,648,-0.40000000000000036,2009-04-27,2009
392197,2,10,6,Kolkata Knight Riders,Mumbai Indians,70,2,8,118,60.0,10.0,7.0,11.8,188,0,"St George's Park, Gqeberha",,10,94.4,944,4.800000000000001,2009-04-27,2009
392198,2,10,6,Rajasthan Royals,Delhi Capitals,60,3,7,84,60.0,10.0,6.0,8.4,144,1,"SuperSport Park, Centurion",,10,58.800000000000004,588,2.4000000000000004,2009-04-28,2009
392199,2,10,6,Royal Challengers Bangalore,Kolkata Knight Riders,65,0,10,75,60.0,10.0,6.5,7.5,140,1,"Kingsmead, Durban",,10,75.0,750,1.0,2009-04-29,2009
392200,2,10,6,Mumbai Indians,Punjab Kings,47,4,6,73,60.0,10.0,4.7,7.3,120,0,"Kingsmead, Durban",,10,43.8,438,2.5999999999999996,2009-04-29,2009
392201,2,10,6,Delhi Capitals,Sunrisers Hyderabad,70,3,7,79,60.0,10.0,7.0,7.9,149,1,"SuperSport Park, Centurion",,10,55.300000000000004,553,0.9000000000000004,2009-04-30,2009
392202,2,10,6,Rajasthan Royals,Chennai Super Kings,61,3,7,104,60.0,10.0,6.1,10.4,165,0,"SuperSport Park, Centurion",,10,72.8,728,4.300000000000001,2009-04-30,2009
392203,2,10,7,Kolkata Knight Riders,Mumbai Indians,60,2,8,89,60.0,10.0,6.0,8.9,149,0,"Buffalo Park, East London",,10,71.2,712,2.9000000000000004,2009-05-01,2009
392204,2,10,6,Punjab Kings,Royal Challengers Bangalore,70,1,9,76,60.0,10.0,7.0,7.6,146,0,"Kingsmead, Durban",,10,68.39999999999999,684,0.5999999999999996,2009-05-01,2009
392205,2,10,6,Rajasthan Royals,Sunrisers Hyderabad,60,5,5,82,60.0,10.0,6.0,8.2,142,1,"St George's Park, Gqeberha",,10,41.0,410,2.1999999999999993,2009-05-02,2009
392206,2,10,6,Delhi Capitals,Chennai Super Kings,72,3,7,92,60.0,10.0,7.2,9.2,164,0,"Wanderers Stadium, Johannesburg",,10,64.39999999999999,644,1.9999999999999991,2009-05-02,2009
392207,2,10,7,Punjab Kings,Kolkata Knight Riders,81,3,7,73,60.0,10.0,8.1,7.3,154,1,"St George's Park, Gqeberha",,10,51.1,511,-0.7999999999999998,2009-05-03,2009
392208,2,10,6,Royal Challengers Bangalore,Mumbai Indians,74,1,9,76,60.0,10.0,7.4,7.6,150,1,"Wanderers Stadium, Johannesburg",,10,68.39999999999999,684,0.1999999999999993,2009-05-03,2009
392209,2,10,7,Sunrisers Hyderabad,Chennai Super Kings,79,5,5,100,60.0,10.0,7.9,10.0,179,0,"Buffalo Park, East London",,10,50.0,500,2.0999999999999996,2009-05-04,2009
392210,2,10,8,Punjab Kings,Rajasthan Royals,53,5,5,159,60.0,10.0,5.3,15.9,212,0,"Kingsmead, Durban",,10,79.5,795,10.600000000000001,2009-05-05,2009
392211,2,10,6,Delhi Capitals,Kolkata Knight Riders,76,1,9,79,60.0,10.0,7.6,7.9,155,1,"Kingsmead, Durban",,10,71.10000000000001,711,0.3000000000000007,2009-05-05,2009
392212,2,10,6,Mumbai Indians,Sunrisers Hyderabad,71,3,7,75,60.0,10.0,7.1,7.5,146,0,"SuperSport Park, Centurion",,10,52.5,525,0.40000000000000036,2009-05-06,2009
392213,2,10,6,Rajasthan Royals,Royal Challengers Bangalore,62,2,8,44,60.0,10.0,6.2,4.4,106,1,"SuperSport Park, Centurion",,10,35.2,352,-1.7999999999999998,2009-05-07,2009
392214,2,10,7,Punjab Kings,Chennai Super Kings,90,3,7,96,60.0,10.0,9.0,9.6,186,0,"SuperSport Park, Centurion",,10,67.2,672,0.5999999999999996,2009-05-07,2009
392215,2,10,6,Delhi Capitals,Mumbai Indians,52,2,8,65,60.0,10.0,5.2,6.5,117,1,"Buffalo Park, East London",,10,52.0,520,1.2999999999999998,2009-05-08,2009
392216,2,10,6,Punjab Kings,Sunrisers Hyderabad,86,4,6,83,60.0,10.0,8.6,8.3,169,1,"De Beers Diamond Oval, Kimberley",,10,49.800000000000004,498,-0.29999999999999893,2009-05-09,2009
392217,2,10,7,Chennai Super Kings,Rajasthan Royals,67,2,8,74,60.0,10.0,6.7,7.4,141,1,"De Beers Diamond Oval, Kimberley",,10,59.2,592,0.7000000000000002,2009-05-09,2009
392218,2,10,6,Royal Challengers Bangalore,Mumbai Indians,58,4,6,100,60.0,10.0,5.8,10.0,158,0,"St George's Park, Gqeberha",,10,60.0,600,4.2,2009-05-10,2009
392219,2,10,6,Delhi Capitals,Kolkata Knight Riders,72,3,7,52,60.0,10.0,7.2,5.2,124,1,"Wanderers Stadium, Johannesburg",,10,36.4,364,-2.0,2009-05-10,2009
392220,2,10,6,Rajasthan Royals,Sunrisers Hyderabad,59,3,7,108,60.0,10.0,5.9,10.8,167,0,"De Beers Diamond Oval, Kimberley",,10,75.60000000000001,756,4.9,2009-05-11,2009
392221,2,10,6,Royal Challengers Bangalore,Kolkata Knight Riders,70,2,8,104,60.0,10.0,7.0,10.4,174,1,"SuperSport Park, Centurion",,10,83.2,832,3.4000000000000004,2009-05-12,2009
392222,2,10,6,Mumbai Indians,Punjab Kings,74,2,8,46,60.0,10.0,7.4,4.6,120,1,"SuperSport Park, Centurion",,10,36.8,368,-2.8000000000000007,2009-05-12,2009
392223,2,10,6,Sunrisers Hyderabad,Delhi Capitals,83,2,8,91,60.0,10.0,8.3,9.1,174,0,"Kingsmead, Durban",,10,72.8,728,0.7999999999999989,2009-05-13,2009
392224,2,10,6,Royal Challengers Bangalore,Chennai Super Kings,57,3,7,73,60.0,10.0,5.7,7.3,130,1,"Kingsmead, Durban",,10,51.1,511,1.5999999999999996,2009-05-14,2009
392225,2,10,6,Mumbai Indians,Rajasthan Royals,54,3,7,92,60.0,10.0,5.4,9.2,146,0,"Kingsmead, Durban",,10,64.39999999999999,644,3.799999999999999,2009-05-14,2009
392226,2,10,6,Punjab Kings,Delhi Capitals,50,3,7,71,60.0,10.0,5.0,7.1,121,1,"OUTsurance Oval, Bloemfontein",,10,49.699999999999996,497,2.0999999999999996,2009-05-15,2009
392227,2,10,6,Chennai Super Kings,Mumbai Indians,56,2,8,92,60.0,10.0,5.6,9.2,148,1,"St George's Park, Gqeberha",,10,73.6,736,3.5999999999999996,2009-05-16,2009
392228,2,10,6,Sunrisers Hyderabad,Kolkata Knight Riders,71,1,9,90,60.0,10.0,7.1,9.0,161,1,"Wanderers Stadium, Johannesburg",,10,81.0,810,1.9000000000000004,2009-05-16,2009
392229,2,10,6,Sunrisers Hyderabad,Punjab Kings,65,2,8,70,60.0,10.0,6.5,7.0,135,0,"Wanderers Stadium, Johannesburg",,10,56.0,560,0.5,2009-05-17,2009
392230,2,10,7,Rajasthan Royals,Delhi Capitals,60,3,7,91,60.0,10.0,6.0,9.1,151,0,"OUTsurance Oval, Bloemfontein",,10,63.699999999999996,637,3.0999999999999996,2009-05-17,2009
392231,2,10,6,Kolkata Knight Riders,Chennai Super Kings,83,1,9,106,60.0,10.0,8.3,10.6,189,1,"SuperSport Park, Centurion",,10,95.39999999999999,954,2.299999999999999,2009-05-18,2009
392232,2,10,6,Royal Challengers Bangalore,Delhi Capitals,54,1,9,81,60.0,10.0,5.4,8.1,135,1,"Wanderers Stadium, Johannesburg",,10,72.89999999999999,729,2.6999999999999993,2009-05-19,2009
392233,2,10,6,Kolkata Knight Riders,Rajasthan Royals,38,5,5,64,60.0,10.0,3.8,6.4,102,1,"Kingsmead, Durban",,10,32.0,320,2.6000000000000005,2009-05-20,2009
392234,2,10,6,Punjab Kings,Chennai Super Kings,42,2,8,75,60.0,10.0,4.2,7.5,117,0,"Kingsmead, Durban",,10,60.0,600,3.3,2009-05-20,2009
392235,2,10,6,Delhi Capitals,Mumbai Indians,93,1,9,73,60.0,10.0,9.3,7.3,166,1,"SuperSport Park, Centurion",,10,65.7,657,-2.000000000000001,2009-05-21,2009
392236,2,10,7,Sunrisers Hyderabad,Royal Challengers Bangalore,85,1,9,86,60.0,10.0,8.5,8.6,171,0,"SuperSport Park, Centurion",,10,77.39999999999999,774,0.09999999999999964,2009-05-21,2009
392237,2,10,6,Sunrisers Hyderabad,Delhi Capitals,102,3,7,52,60.0,10.0,10.2,5.2,154,1,"SuperSport Park, Centurion",,10,36.4,364,-4.999999999999999,2009-05-22,2009
392238,2,10,6,Royal Challengers Bangalore,Chennai Super Kings,82,2,8,65,60.0,10.0,8.2,6.5,147,1,"Wanderers Stadium, Johannesburg",,10,52.0,520,-1.6999999999999993,2009-05-23,2009
392239,2,10,6,Royal Challengers Bangalore,Sunrisers Hyderabad,69,3,7,75,60.0,10.0,6.9,7.5,144,0,"Wanderers Stadium, Johannesburg",,10,52.5,525,0.5999999999999996,2009-05-24,2009
419106,2,10,6,Sunrisers Hyderabad,Kolkata Knight Riders,88,1,9,74,60.0,10.0,8.8,7.4,162,0,"Dr DY Patil Sports Academy, Navi Mumbai",,10,66.60000000000001,666,-1.4000000000000004,2010-03-12,2009/10
419107,2,10,6,Rajasthan Royals,Mumbai Indians,69,4,6,144,60.0,10.0,6.9,14.4,213,0,"Brabourne Stadium, Mumbai",Mumbai Indians,10,86.4,864,7.5,2010-03-13,2009/10
419108,2,10,6,Delhi Capitals,Punjab Kings,61,3,7,82,60.0,10.0,6.1,8.2,143,1,"IS Bindra Stadium, Mohali",Punjab Kings,10,57.39999999999999,574,2.0999999999999996,2010-03-13,2009/10
419109,2,10,6,Kolkata Knight Riders,Royal Challengers Bangalore,85,0,10,51,60.0,10.0,8.5,5.1,136,1,"Eden Gardens, Kolkata",Kolkata Knight Riders,10,51.0,510,-3.4000000000000004,2010-03-14,2009/10
419110,2,10,6,Chennai Super Kings,Sunrisers Hyderabad,70,5,5,121,60.0,10.0,7.0,12.1,191,0,"MA Chidambaram Stadium, Chennai",Chennai Super Kings,10,60.5,605,5.1,2010-03-14,2009/10
419111,2,10,6,Delhi Capitals,Rajasthan Royals,99,3,7,43,60.0,10.0,9.9,4.3,142,1,"Narendra Modi Stadium, Ahmedabad",,10,30.099999999999998,301,-5.6000000000000005,2010-03-15,2009/10
419112,2,10,6,Royal Challengers Bangalore,Punjab Kings,89,1,9,115,60.0,10.0,8.9,11.5,204,1,"M Chinnaswamy Stadium, Bengaluru",Royal Challengers Bangalore,10,103.5,1035,2.5999999999999996,2010-03-16,2009/10
419113,2,10,6,Kolkata Knight Riders,Chennai Super Kings,67,5,5,98,60.0,10.0,6.7,9.8,165,0,"Eden Gardens, Kolkata",Kolkata Knight Riders,10,49.0,490,3.1000000000000005,2010-03-16,2009/10
419114,2,10,6,Delhi Capitals,Mumbai Indians,84,5,5,135,60.0,10.0,8.4,13.5,219,0,"Arun Jaitley Stadium, Delhi",Delhi Capitals,10,67.5,675,5.1,2010-03-17,2009/10
419115,2,10,6,Royal Challengers Bangalore,Rajasthan Royals,90,0,10,3,60.0,10.0,9.0,0.3,93,1,"M Chinnaswamy Stadium, Bengaluru",Royal Challengers Bangalore,10,3.0,30,-8.7,2010-03-18,2009/10
419116,2,10,6,Chennai Super Kings,Delhi Capitals,102,2,8,84,60.0,10.0,10.2,8.4,186,1,"Arun Jaitley Stadium, Delhi",Delhi Capitals,10,67.2,672,-1.799999999999999,2010-03-19,2009/10
419117,2,10,6,Punjab Kings,Sunrisers Hyderabad,57,4,6,114,60.0,10.0,5.7,11.4,171,0,Barabati Stadium,,10,68.4,684,5.7,2010-03-19,2009/10
419118,2,10,6,Kolkata Knight Riders,Rajasthan Royals,65,1,9,104,60.0,10.0,6.5,10.4,169,0,"Narendra Modi Stadium, Ahmedabad",,10,93.60000000000001,936,3.9000000000000004,2010-03-20,2009/10
419119,2,10,6,Royal Challengers Bangalore,Mumbai Indians,85,1,9,67,60.0,10.0,8.5,6.7,152,1,"Brabourne Stadium, Mumbai",Mumbai Indians,10,60.300000000000004,603,-1.7999999999999998,2010-03-20,2009/10
419120,2,10,6,Delhi Capitals,Sunrisers Hyderabad,85,1,9,87,60.0,10.0,8.5,8.7,172,0,Barabati Stadium,,10,78.3,783,0.1999999999999993,2010-03-21,2009/10
419121,2,10,6,Chennai Super Kings,Punjab Kings,73,1,9,64,60.0,10.0,7.3,6.4,137,0,"MA Chidambaram Stadium, Chennai",Chennai Super Kings,10,57.6,576,-0.8999999999999995,2010-03-21,2009/10
419122,2,10,6,Mumbai Indians,Kolkata Knight Riders,76,1,9,80,60.0,10.0,7.6,8.0,156,1,"Brabourne Stadium, Mumbai",Mumbai Indians,10,72.0,720,0.40000000000000036,2010-03-22,2009/10
419123,2,10,6,Chennai Super Kings,Royal Challengers Bangalore,61,3,7,111,60.0,10.0,6.1,11.1,172,0,"M Chinnaswamy Stadium, Bengaluru",Royal Challengers Bangalore,10,77.7,777,5.0,2010-03-23,2009/10
419124,2,10,6,Punjab Kings,Rajasthan Royals,102,2,8,82,60.0,10.0,10.2,8.2,184,0,"IS Bindra Stadium, Mohali",Punjab Kings,10,65.6,656,-2.0,2010-03-24,2009/10
419125,2,10,6,Mumbai Indians,Chennai Super Kings,98,2,8,83,60.0,10.0,9.8,8.3,181,1,"Brabourne Stadium, Mumbai",Mumbai Indians,10,66.4,664,-1.5,2010-03-25,2009/10
419126,2,10,6,Rajasthan Royals,Sunrisers Hyderabad,95,1,9,54,60.0,10.0,9.5,5.4,149,1,"Narendra Modi Stadium, Ahmedabad",,10,48.6,486,-4.1,2010-03-26,2009/10
419127,2,10,6,Punjab Kings,Kolkata Knight Riders,74,3,7,110,60.0,10.0,7.4,11.0,184,0,"IS Bindra Stadium, Mohali",Punjab Kings,10,77.0,770,3.5999999999999996,2010-03-27,2009/10
419128,2,10,6,Royal Challengers Bangalore,Delhi Capitals,78,1,9,106,60.0,10.0,7.8,10.6,184,0,"M Chinnaswamy Stadium, Bengaluru",Royal Challengers Bangalore,10,95.39999999999999,954,2.8,2010-03-25,2009/10
419129,2,10,6,Chennai Super Kings,Rajasthan Royals,80,3,7,98,60.0,10.0,8.0,9.8,178,0,"Narendra Modi Stadium, Ahmedabad",,10,68.60000000000001,686,1.8000000000000007,2010-03-28,2009/10
419130,2,10,6,Sunrisers Hyderabad,Mumbai Indians,78,4,6,95,60.0,10.0,7.8,9.5,173,0,"Dr DY Patil Sports Academy, Navi Mumbai",Mumbai Indians,10,57.0,570,1.7000000000000002,2010-03-28,2009/10
419131,2,10,7,Kolkata Knight Riders,Delhi Capitals,55,4,6,123,60.0,10.0,5.5,12.3,178,0,"Arun Jaitley Stadium, Delhi",Delhi Capitals,10,73.80000000000001,738,6.800000000000001,2010-03-29,2009/10
419132,2,10,6,Mumbai Indians,Punjab Kings,82,2,8,82,60.0,10.0,8.2,8.2,164,1,"Brabourne Stadium, Mumbai",Mumbai Indians,10,65.6,656,0.0,2010-03-30,2009/10
419133,2,10,6,Chennai Super Kings,Royal Challengers Bangalore,89,1,9,73,60.0,10.0,8.9,7.3,162,1,"MA Chidambaram Stadium, Chennai",Chennai Super Kings,10,65.7,657,-1.6000000000000005,2010-03-31,2009/10
419134,2,10,6,Rajasthan Royals,Delhi Capitals,69,5,5,120,60.0,10.0,6.9,12.0,189,0,"Arun Jaitley Stadium, Delhi",Delhi Capitals,10,60.0,600,5.1,2010-03-31,2009/10
419135,2,10,6,Sunrisers Hyderabad,Kolkata Knight Riders,87,2,8,95,60.0,10.0,8.7,9.5,182,0,"Eden Gardens, Kolkata",Kolkata Knight Riders,10,76.0,760,0.8000000000000007,2010-04-01,2009/10
419136,2,10,6,Royal Challengers Bangalore,Punjab Kings,77,2,8,105,60.0,10.0,7.7,10.5,182,1,"IS Bindra Stadium, Mohali",Punjab Kings,10,84.0,840,2.8,2010-04-02,2009/10
419137,2,10,6,Rajasthan Royals,Chennai Super Kings,105,2,8,142,60.0,10.0,10.5,14.2,247,0,"MA Chidambaram Stadium, Chennai",Chennai Super Kings,10,113.6,1136,3.6999999999999993,2010-04-03,2009/10
419138,2,10,6,Sunrisers Hyderabad,Mumbai Indians,68,3,7,111,60.0,10.0,6.8,11.1,179,0,"Brabourne Stadium, Mumbai",Mumbai Indians,10,77.7,777,4.3,2010-04-03,2009/10
419139,2,10,6,Punjab Kings,Kolkata Knight Riders,107,1,9,94,60.0,10.0,10.7,9.4,201,1,"Eden Gardens, Kolkata",Kolkata Knight Riders,10,84.60000000000001,846,-1.299999999999999,2010-04-04,2009/10
419140,2,10,6,Royal Challengers Bangalore,Delhi Capitals,56,2,8,129,60.0,10.0,5.6,12.9,185,0,"Arun Jaitley Stadium, Delhi",Delhi Capitals,10,103.2,1032,7.300000000000001,2010-04-04,2009/10
419141,2,10,6,Sunrisers Hyderabad,Rajasthan Royals,86,2,8,74,60.0,10.0,8.6,7.4,160,0,"Vidarbha Cricket Association Stadium, Jamtha",,10,59.2,592,-1.1999999999999993,2010-04-05,2009/10
419142,2,10,6,Mumbai Indians,Chennai Super Kings,67,2,8,99,60.0,10.0,6.7,9.9,166,0,"MA Chidambaram Stadium, Chennai",Chennai Super Kings,10,79.2,792,3.2,2010-04-06,2009/10
419143,2,10,6,Rajasthan Royals,Punjab Kings,111,1,9,43,60.0,10.0,11.1,4.3,154,1,"Sawai Mansingh Stadium, Jaipur",Rajasthan Royals,10,38.699999999999996,387,-6.8,2010-04-07,2009/10
419144,2,10,6,Delhi Capitals,Kolkata Knight Riders,91,1,9,91,60.0,10.0,9.1,9.1,182,0,"Eden Gardens, Kolkata",Kolkata Knight Riders,10,81.89999999999999,819,0.0,2010-04-07,2009/10
419145,2,10,8,Sunrisers Hyderabad,Royal Challengers Bangalore,80,1,9,105,60.0,10.0,8.0,10.5,185,1,"M Chinnaswamy Stadium, Bengaluru",Royal Challengers Bangalore,10,94.5,945,2.5,2010-04-08,2009/10
419146,2,10,6,Punjab Kings,Mumbai Indians,87,1,9,68,60.0,10.0,8.7,6.8,155,1,"IS Bindra Stadium, Mohali",Punjab Kings,10,61.199999999999996,612,-1.8999999999999995,2010-04-09,2009/10
419147,2,10,6,Sunrisers Hyderabad,Chennai Super Kings,56,2,8,83,60.0,10.0,5.6,8.3,139,1,"Vidarbha Cricket Association Stadium, Jamtha",,10,66.4,664,2.700000000000001,2010-04-10,2009/10
419148,2,10,6,Royal Challengers Bangalore,Kolkata Knight Riders,76,1,9,85,60.0,10.0,7.6,8.5,161,1,"M Chinnaswamy Stadium, Bengaluru",Royal Challengers Bangalore,10,76.5,765,0.9000000000000004,2010-04-10,2009/10
419149,2,10,7,Punjab Kings,Delhi Capitals,59,1,9,53,60.0,10.0,5.9,5.3,112,1,"Arun Jaitley Stadium, Delhi",Delhi Capitals,10,47.699999999999996,477,-0.6000000000000005,2010-04-11,2009/10
419150,2,10,6,Rajasthan Royals,Mumbai Indians,60,4,6,115,60.0,10.0,6.0,11.5,175,0,"Sawai Mansingh Stadium, Jaipur",Rajasthan Royals,10,69.0,690,5.5,2010-04-11,2009/10
419151,2,10,6,Royal Challengers Bangalore,Sunrisers Hyderabad,72,1,9,80,60.0,10.0,7.2,8.0,152,0,"Vidarbha Cricket Association Stadium, Jamtha",,10,72.0,720,0.7999999999999998,2010-04-12,2009/10
419152,2,10,6,Delhi Capitals,Mumbai Indians,87,4,6,97,60.0,10.0,8.7,9.7,184,0,"Brabourne Stadium, Mumbai",Mumbai Indians,10,58.199999999999996,582,1.0,2010-04-13,2009/10
419153,2,10,7,Chennai Super Kings,Kolkata Knight Riders,103,1,9,37,60.0,10.0,10.3,3.7,140,1,"MA Chidambaram Stadium, Chennai",Chennai Super Kings,10,33.300000000000004,333,-6.6000000000000005,2010-04-13,2009/10
419154,2,10,6,Royal Challengers Bangalore,Rajasthan Royals,91,2,8,40,60.0,10.0,9.1,4.0,131,1,"Sawai Mansingh Stadium, Jaipur",Rajasthan Royals,10,32.0,320,-5.1,2010-04-14,2009/10
419155,2,10,7,Delhi Capitals,Chennai Super Kings,56,4,6,57,60.0,10.0,5.6,5.7,113,1,"MA Chidambaram Stadium, Chennai",Chennai Super Kings,10,34.2,342,0.10000000000000053,2010-04-15,2009/10
419156,2,10,6,Sunrisers Hyderabad,Punjab Kings,82,2,8,93,60.0,10.0,8.2,9.3,175,1,"HPCA Stadium, Dharamsala",Punjab Kings,10,74.4,744,1.1000000000000014,2010-04-16,2009/10
419157,2,10,7,Royal Challengers Bangalore,Mumbai Indians,64,3,7,128,60.0,10.0,6.4,12.8,192,0,"M Chinnaswamy Stadium, Bengaluru",Royal Challengers Bangalore,10,89.60000000000001,896,6.4,2010-04-17,2009/10
419158,2,10,6,Kolkata Knight Riders,Rajasthan Royals,69,2,8,64,60.0,10.0,6.9,6.4,133,1,"Eden Gardens, Kolkata",Kolkata Knight Riders,10,51.2,512,-0.5,2010-04-17,2009/10
419159,2,10,6,Chennai Super Kings,Punjab Kings,94,3,7,99,60.0,10.0,9.4,9.9,193,1,"HPCA Stadium, Dharamsala",Punjab Kings,10,69.3,693,0.5,2010-04-18,2009/10
419160,2,10,6,Delhi Capitals,Sunrisers Hyderabad,59,4,6,87,60.0,10.0,5.9,8.7,146,0,"Arun Jaitley Stadium, Delhi",Delhi Capitals,10,52.199999999999996,522,2.799999999999999,2010-04-18,2009/10
419161,2,10,6,Kolkata Knight Riders,Mumbai Indians,72,0,10,62,60.0,10.0,7.2,6.2,134,1,"Eden Gardens, Kolkata",Kolkata Knight Riders,10,62.0,620,-1.0,2010-04-19,2009/10
419162,2,10,7,Royal Challengers Bangalore,Mumbai Indians,83,4,6,102,60.0,10.0,8.3,10.2,185,0,"Dr DY Patil Sports Academy, Navi Mumbai",Mumbai Indians,10,61.199999999999996,612,1.8999999999999986,2010-04-21,2009/10
419163,2,10,6,Sunrisers Hyderabad,Chennai Super Kings,43,3,7,100,60.0,10.0,4.3,10.0,143,0,"Dr DY Patil Sports Academy, Navi Mumbai",,10,70.0,700,5.7,2010-04-22,2009/10
419164,2,10,6,Royal Challengers Bangalore,Sunrisers Hyderabad,53,1,9,30,60.0,10.0,5.3,3.0,83,1,"Dr DY Patil Sports Academy, Navi Mumbai",,10,27.0,270,-2.3,2010-04-24,2009/10
419165,2,10,6,Mumbai Indians,Chennai Super Kings,58,1,9,111,60.0,10.0,5.8,11.1,169,0,"Dr DY Patil Sports Academy, Navi Mumbai",Mumbai Indians,10,99.89999999999999,999,5.3,2010-04-25,2009/10
501198,2,10,6,Kolkata Knight Riders,Chennai Super Kings,76,1,9,78,60.0,10.0,7.6,7.8,154,0,"MA Chidambaram Stadium, Chennai",Chennai Super Kings,10,70.2,702,0.20000000000000018,2011-04-08,2011
501199,2,10,6,Rajasthan Royals,Sunrisers Hyderabad,60,1,9,78,60.0,10.0,6.0,7.8,138,1,"Rajiv Gandhi International Stadium, Hyderabad",Sunrisers Hyderabad,10,70.2,702,1.7999999999999998,2011-04-09,2011
501200,2,10,6,Royal Challengers Bangalore,Kochi Tuskers Kerala,85,3,7,77,60.0,10.0,8.5,7.7,162,1,Nehru Stadium,,10,53.9,539,-0.7999999999999998,2011-04-09,2011
501201,2,10,6,Mumbai Indians,Delhi Capitals,48,2,8,48,60.0,10.0,4.8,4.8,96,1,"Arun Jaitley Stadium, Delhi",Delhi Capitals,10,38.4,384,0.0,2011-04-10,2011
501202,2,10,7,Pune Warriors,Punjab Kings,74,3,7,39,60.0,10.0,7.4,3.9,113,1,"Dr DY Patil Sports Academy, Navi Mumbai",,10,27.3,273,-3.5000000000000004,2011-04-10,2011
501203,2,10,6,Sunrisers Hyderabad,Kolkata Knight Riders,62,3,7,102,60.0,10.0,6.2,10.2,164,0,"Eden Gardens, Kolkata",Kolkata Knight Riders,10,71.39999999999999,714,3.999999999999999,2011-04-11,2011
501204,2,10,6,Rajasthan Royals,Delhi Capitals,86,2,8,66,60.0,10.0,8.6,6.6,152,1,"Sawai Mansingh Stadium, Jaipur",Rajasthan Royals,10,52.8,528,-2.0,2011-04-12,2011
501205,2,10,6,Mumbai Indians,Royal Challengers Bangalore,78,1,9,63,60.0,10.0,7.8,6.3,141,1,"M Chinnaswamy Stadium, Bengaluru",Royal Challengers Bangalore,10,56.699999999999996,567,-1.5,2011-04-12,2011
501206,2,10,6,Punjab Kings,Chennai Super Kings,99,1,9,90,60.0,10.0,9.9,9.0,189,1,"IS Bindra Stadium, Mohali",Punjab Kings,10,81.0,810,-0.9000000000000004,2011-04-13,2011
501207,2,10,6,Pune Warriors,Kochi Tuskers Kerala,61,3,7,88,60.0,10.0,6.1,8.8,149,1,"Dr DY Patil Sports Academy, Navi Mumbai",,10,61.60000000000001,616,2.700000000000001,2011-04-13,2011
501208,2,10,6,Royal Challengers Bangalore,Sunrisers Hyderabad,53,4,6,123,60.0,10.0,5.3,12.3,176,0,"Rajiv Gandhi International Stadium, Hyderabad",Sunrisers Hyderabad,10,73.80000000000001,738,7.000000000000001,2011-04-14,2011
501209,2,10,6,Kolkata Knight Riders,Rajasthan Royals,90,1,9,70,60.0,10.0,9.0,7.0,160,1,"Sawai Mansingh Stadium, Jaipur",Rajasthan Royals,10,63.0,630,-2.0,2011-04-15,2011
501210,2,10,6,Kochi Tuskers Kerala,Mumbai Indians,84,0,10,99,60.0,10.0,8.4,9.9,183,1,"Wankhede Stadium, Mumbai",Mumbai Indians,10,99.0,990,1.5,2011-04-15,2011
501211,2,10,6,Royal Challengers Bangalore,Chennai Super Kings,67,3,7,117,60.0,10.0,6.7,11.7,184,0,"MA Chidambaram Stadium, Chennai",Chennai Super Kings,10,81.89999999999999,819,4.999999999999999,2011-04-16,2011
501212,2,10,6,Punjab Kings,Sunrisers Hyderabad,104,0,10,62,60.0,10.0,10.4,6.2,166,1,"Rajiv Gandhi International Stadium, Hyderabad",Sunrisers Hyderabad,10,62.0,620,-4.2,2011-04-16,2011
501213,2,10,6,Delhi Capitals,Pune Warriors,98,2,8,90,60.0,10.0,9.8,9.0,188,1,"Dr DY Patil Sports Academy, Navi Mumbai",,10,72.0,720,-0.8000000000000007,2011-04-17,2011
501214,2,10,6,Kolkata Knight Riders,Rajasthan Royals,45,2,8,37,60.0,10.0,4.5,3.7,82,1,"Eden Gardens, Kolkata",Kolkata Knight Riders,10,29.6,296,-0.7999999999999998,2011-04-17,2011
501215,2,10,6,Kochi Tuskers Kerala,Chennai Super Kings,90,1,9,42,60.0,10.0,9.0,4.2,132,1,Nehru Stadium,,10,37.800000000000004,378,-4.8,2011-04-18,2011
501216,2,10,6,Delhi Capitals,Sunrisers Hyderabad,78,3,7,91,60.0,10.0,7.8,9.1,169,0,"Arun Jaitley Stadium, Delhi",Delhi Capitals,10,63.699999999999996,637,1.2999999999999998,2011-04-19,2011
501218,2,10,6,Mumbai Indians,Pune Warriors,63,1,9,56,60.0,10.0,6.3,5.6,119,1,"Wankhede Stadium, Mumbai",Mumbai Indians,10,50.4,504,-0.7000000000000002,2011-04-20,2011
501219,2,10,6,Kolkata Knight Riders,Kochi Tuskers Kerala,59,3,7,74,60.0,10.0,5.9,7.4,133,0,"Eden Gardens, Kolkata",Kolkata Knight Riders,10,51.800000000000004,518,1.5,2011-04-20,2011
501220,2,10,6,Rajasthan Royals,Punjab Kings,61,4,6,135,60.0,10.0,6.1,13.5,196,0,"IS Bindra Stadium, Mohali",Punjab Kings,10,81.0,810,7.4,2011-04-21,2011
501221,2,10,6,Chennai Super Kings,Mumbai Indians,84,2,8,81,60.0,10.0,8.4,8.1,165,0,"Wankhede Stadium, Mumbai",Mumbai Indians,10,64.8,648,-0.3000000000000007,2011-04-22,2011
501222,2,10,6,Royal Challengers Bangalore,Kolkata Knight Riders,92,0,10,80,60.0,10.0,9.2,8.0,172,1,"Eden Gardens, Kolkata",Kolkata Knight Riders,10,80.0,800,-1.1999999999999993,2011-04-22,2011
501223,2,10,6,Punjab Kings,Delhi Capitals,96,1,9,136,60.0,10.0,9.6,13.6,232,0,"Arun Jaitley Stadium, Delhi",Delhi Capitals,10,122.39999999999999,1224,4.0,2011-04-23,2011
501224,2,10,6,Sunrisers Hyderabad,Mumbai Indians,72,4,6,101,60.0,10.0,7.2,10.1,173,0,"Rajiv Gandhi International Stadium, Hyderabad",Sunrisers Hyderabad,10,60.599999999999994,606,2.8999999999999995,2011-04-24,2011
501225,2,10,6,Rajasthan Royals,Kochi Tuskers Kerala,68,0,10,42,60.0,10.0,6.8,4.2,110,1,"Sawai Mansingh Stadium, Jaipur",Rajasthan Royals,10,42.0,420,-2.5999999999999996,2011-04-24,2011
501226,2,10,6,Pune Warriors,Chennai Super Kings,58,4,6,85,60.0,10.0,5.8,8.5,143,0,"MA Chidambaram Stadium, Chennai",Chennai Super Kings,10,51.0,510,2.7,2011-04-25,2011
501227,2,10,6,Royal Challengers Bangalore,Delhi Capitals,97,4,6,64,60.0,10.0,9.7,6.4,161,1,"Arun Jaitley Stadium, Delhi",Delhi Capitals,10,38.400000000000006,384,-3.299999999999999,2011-04-26,2011
501228,2,10,6,Chennai Super Kings,Pune Warriors,65,1,9,77,60.0,10.0,6.5,7.7,142,1,"Dr DY Patil Sports Academy, Navi Mumbai",,10,69.3,693,1.2000000000000002,2011-04-27,2011
501229,2,10,6,Kochi Tuskers Kerala,Sunrisers Hyderabad,45,6,4,85,60.0,10.0,4.5,8.5,130,0,Nehru Stadium,,10,34.0,340,4.0,2011-04-27,2011
501230,2,10,6,Delhi Capitals,Kolkata Knight Riders,60,2,8,89,60.0,10.0,6.0,8.9,149,0,"Arun Jaitley Stadium, Delhi",Delhi Capitals,10,71.2,712,2.9000000000000004,2011-04-28,2011
501231,2,10,6,Rajasthan Royals,Mumbai Indians,46,1,9,49,60.0,10.0,4.6,4.9,95,1,"Sawai Mansingh Stadium, Jaipur",Rajasthan Royals,10,44.1,441,0.3000000000000007,2011-04-29,2011
501232,2,10,6,Pune Warriors,Royal Challengers Bangalore,63,1,9,119,60.0,10.0,6.3,11.9,182,0,"M Chinnaswamy Stadium, Bengaluru",Royal Challengers Bangalore,10,107.10000000000001,1071,5.6000000000000005,2011-04-29,2011
501233,2,10,6,Kochi Tuskers Kerala,Delhi Capitals,51,4,6,107,60.0,10.0,5.1,10.7,158,0,Nehru Stadium,,10,64.19999999999999,642,5.6,2011-04-30,2011
501234,2,10,6,Kolkata Knight Riders,Punjab Kings,71,2,8,49,60.0,10.0,7.1,4.9,120,1,"Eden Gardens, Kolkata",Kolkata Knight Riders,10,39.2,392,-2.1999999999999993,2011-04-30,2011
501235,2,10,6,Rajasthan Royals,Pune Warriors,59,2,8,85,60.0,10.0,5.9,8.5,144,1,"Sawai Mansingh Stadium, Jaipur",Rajasthan Royals,10,68.0,680,2.5999999999999996,2011-05-01,2011
501236,2,10,6,Sunrisers Hyderabad,Chennai Super Kings,88,1,9,78,60.0,10.0,8.8,7.8,166,0,"MA Chidambaram Stadium, Chennai",Chennai Super Kings,10,70.2,702,-1.0000000000000009,2011-05-01,2011
501237,2,10,7,Punjab Kings,Mumbai Indians,62,1,9,98,60.0,10.0,6.2,9.8,160,0,"Wankhede Stadium, Mumbai",Mumbai Indians,10,88.2,882,3.6000000000000005,2011-05-02,2011
501238,2,10,6,Kochi Tuskers Kerala,Delhi Capitals,89,3,7,52,60.0,10.0,8.9,5.2,141,1,"Arun Jaitley Stadium, Delhi",Delhi Capitals,10,36.4,364,-3.7,2011-05-02,2011
501239,2,10,6,Sunrisers Hyderabad,Kolkata Knight Riders,68,2,8,102,60.0,10.0,6.8,10.2,170,0,"Rajiv Gandhi International Stadium, Hyderabad",Sunrisers Hyderabad,10,81.6,816,3.3999999999999995,2011-05-03,2011
501240,2,10,6,Chennai Super Kings,Rajasthan Royals,73,1,9,75,60.0,10.0,7.3,7.5,148,1,"MA Chidambaram Stadium, Chennai",Chennai Super Kings,10,67.5,675,0.20000000000000018,2011-05-04,2011
501241,2,10,6,Pune Warriors,Mumbai Indians,48,3,7,113,60.0,10.0,4.8,11.3,161,0,"Dr DY Patil Sports Academy, Navi Mumbai",Mumbai Indians,10,79.10000000000001,791,6.500000000000001,2011-05-04,2011
501242,2,10,6,Kolkata Knight Riders,Kochi Tuskers Kerala,69,0,10,88,60.0,10.0,6.9,8.8,157,0,Nehru Stadium,,10,88.0,880,1.9000000000000004,2011-05-05,2011
501243,2,10,6,Delhi Capitals,Sunrisers Hyderabad,85,3,7,91,60.0,10.0,8.5,9.1,176,1,"Rajiv Gandhi International Stadium, Hyderabad",Sunrisers Hyderabad,10,63.699999999999996,637,0.5999999999999996,2011-05-05,2011
501244,2,10,6,Punjab Kings,Royal Challengers Bangalore,62,6,4,144,60.0,10.0,6.2,14.4,206,0,"M Chinnaswamy Stadium, Bengaluru",Royal Challengers Bangalore,10,57.6,576,8.2,2011-05-06,2011
501245,2,10,7,Kolkata Knight Riders,Chennai Super Kings,61,2,8,54,60.0,10.0,6.1,5.4,115,1,"Eden Gardens, Kolkata",Kolkata Knight Riders,10,43.2,432,-0.6999999999999993,2011-05-07,2011
501246,2,10,6,Delhi Capitals,Mumbai Indians,56,4,6,123,60.0,10.0,5.6,12.3,179,0,"Wankhede Stadium, Mumbai",Mumbai Indians,10,73.80000000000001,738,6.700000000000001,2011-05-07,2011
501247,2,10,6,Royal Challengers Bangalore,Kochi Tuskers Kerala,109,1,9,17,60.0,10.0,10.9,1.7,126,1,"M Chinnaswamy Stadium, Bengaluru",Royal Challengers Bangalore,10,15.299999999999999,153,-9.200000000000001,2011-05-08,2011
501248,2,10,6,Pune Warriors,Punjab Kings,69,2,8,51,60.0,10.0,6.9,5.1,120,1,"IS Bindra Stadium, Mohali",Punjab Kings,10,40.8,408,-1.8000000000000007,2011-05-08,2011
501249,2,10,6,Rajasthan Royals,Chennai Super Kings,70,4,6,127,60.0,10.0,7.0,12.7,197,0,"Sawai Mansingh Stadium, Jaipur",Rajasthan Royals,10,76.19999999999999,762,5.699999999999999,2011-05-09,2011
501250,2,10,6,Pune Warriors,Sunrisers Hyderabad,82,1,9,55,60.0,10.0,8.2,5.5,137,1,"Rajiv Gandhi International Stadium, Hyderabad",Sunrisers Hyderabad,10,49.5,495,-2.6999999999999993,2011-05-10,2011
501251,2,10,6,Mumbai Indians,Punjab Kings,63,6,4,101,60.0,10.0,6.3,10.1,164,0,"IS Bindra Stadium, Mohali",Punjab Kings,10,40.4,404,3.8,2011-05-10,2011
501252,2,10,6,Royal Challengers Bangalore,Rajasthan Royals,90,1,9,57,60.0,10.0,9.0,5.7,147,1,"Sawai Mansingh Stadium, Jaipur",Rajasthan Royals,10,51.300000000000004,513,-3.3,2011-05-11,2011
501253,2,10,7,Delhi Capitals,Chennai Super Kings,65,3,7,112,60.0,10.0,6.5,11.2,177,0,"MA Chidambaram Stadium, Chennai",Chennai Super Kings,10,78.39999999999999,784,4.699999999999999,2011-05-12,2011
501254,2,10,7,Punjab Kings,Kochi Tuskers Kerala,84,2,8,95,60.0,10.0,8.4,9.5,179,1,"Holkar Cricket Stadium, Indore",Punjab Kings,10,76.0,760,1.0999999999999996,2011-05-13,2011
501255,2,10,7,Royal Challengers Bangalore,Kolkata Knight Riders,89,3,7,1,60.0,10.0,8.9,0.1,90,1,"M Chinnaswamy Stadium, Bengaluru",Royal Challengers Bangalore,10,0.7000000000000001,7,-8.8,2011-05-14,2011
501256,2,10,6,Mumbai Indians,Sunrisers Hyderabad,49,3,7,87,60.0,10.0,4.9,8.7,136,0,"Wankhede Stadium, Mumbai",Mumbai Indians,10,60.89999999999999,609,3.799999999999999,2011-05-14,2011
501257,2,10,6,Delhi Capitals,Punjab Kings,67,2,8,104,60.0,10.0,6.7,10.4,171,0,"HPCA Stadium, Dharamsala",Punjab Kings,10,83.2,832,3.7,2011-05-15,2011
501259,2,10,6,Sunrisers Hyderabad,Pune Warriors,78,2,8,59,60.0,10.0,7.8,5.9,137,1,"Dr DY Patil Sports Academy, Navi Mumbai",,10,47.2,472,-1.8999999999999995,2011-05-16,2011
501260,2,10,6,Royal Challengers Bangalore,Punjab Kings,69,4,6,164,60.0,10.0,6.9,16.4,233,0,"HPCA Stadium, Dharamsala",Punjab Kings,10,98.39999999999999,984,9.499999999999998,2011-05-17,2011
501261,2,10,6,Kochi Tuskers Kerala,Chennai Super Kings,63,2,8,90,60.0,10.0,6.3,9.0,153,0,"MA Chidambaram Stadium, Chennai",Chennai Super Kings,10,72.0,720,2.7,2011-05-18,2011
501262,2,10,6,Kolkata Knight Riders,Pune Warriors,74,2,8,45,60.0,10.0,7.4,4.5,119,1,"Dr DY Patil Sports Academy, Navi Mumbai",,10,36.0,360,-2.9000000000000004,2011-05-19,2011
501263,2,10,6,Rajasthan Royals,Mumbai Indians,97,0,10,37,60.0,10.0,9.7,3.7,134,1,"Wankhede Stadium, Mumbai",Mumbai Indians,10,37.0,370,-5.999999999999999,2011-05-20,2011
501264,2,10,6,Punjab Kings,Sunrisers Hyderabad,77,2,8,122,60.0,10.0,7.7,12.2,199,0,"HPCA Stadium, Dharamsala",Punjab Kings,10,97.6,976,4.499999999999999,2011-05-21,2011
501266,2,10,6,Royal Challengers Bangalore,Chennai Super Kings,80,2,8,49,60.0,10.0,8.0,4.9,129,1,"M Chinnaswamy Stadium, Bengaluru",Royal Challengers Bangalore,10,39.2,392,-3.0999999999999996,2011-05-22,2011
501267,2,10,7,Mumbai Indians,Kolkata Knight Riders,84,2,8,92,60.0,10.0,8.4,9.2,176,1,"Eden Gardens, Kolkata",Kolkata Knight Riders,10,73.6,736,0.7999999999999989,2011-05-22,2011
501268,2,10,6,Chennai Super Kings,Royal Challengers Bangalore,62,2,8,114,60.0,10.0,6.2,11.4,176,1,"Wankhede Stadium, Mumbai",,10,91.2,912,5.2,2011-05-24,2011
501269,2,10,6,Mumbai Indians,Kolkata Knight Riders,87,2,8,61,60.0,10.0,8.7,6.1,148,1,"Wankhede Stadium, Mumbai",Mumbai Indians,10,48.8,488,-2.5999999999999996,2011-05-25,2011
501270,2,10,6,Mumbai Indians,Royal Challengers Bangalore,80,3,7,106,60.0,10.0,8.0,10.6,186,0,"MA Chidambaram Stadium, Chennai",,10,74.2,742,2.5999999999999996,2011-05-27,2011
501271,2,10,6,Royal Challengers Bangalore,Chennai Super Kings,69,5,5,137,60.0,10.0,6.9,13.7,206,0,"MA Chidambaram Stadium, Chennai",Chennai Super Kings,10,68.5,685,6.799999999999999,2011-05-28,2011
548306,2,10,6,Mumbai Indians,Chennai Super Kings,76,3,7,37,60.0,10.0,7.6,3.7,113,1,"MA Chidambaram Stadium, Chennai",Chennai Super Kings,10,25.900000000000002,259,-3.8999999999999995,2012-04-04,2012
548307,2,10,6,Delhi Capitals,Kolkata Knight Riders,87,2,8,11,60.0,10.0,8.7,1.1,98,1,"Eden Gardens, Kolkata",Kolkata Knight Riders,10,8.8,88,-7.6,2012-04-05,2012
548308,2,10,6,Mumbai Indians,Pune Warriors,48,3,7,82,60.0,10.0,4.8,8.2,130,0,"Wankhede Stadium, Mumbai",Mumbai Indians,10,57.39999999999999,574,3.3999999999999995,2012-04-06,2012
548309,2,10,6,Punjab Kings,Rajasthan Royals,73,4,6,119,60.0,10.0,7.3,11.9,192,0,"Sawai Mansingh Stadium, Jaipur",Rajasthan Royals,10,71.4,714,4.6000000000000005,2012-04-06,2012
548310,2,10,6,Delhi Capitals,Royal Challengers Bangalore,68,3,7,90,60.0,10.0,6.8,9.0,158,0,"M Chinnaswamy Stadium, Bengaluru",Royal Challengers Bangalore,10,63.0,630,2.2,2012-04-07,2012
548311,2,10,6,Sunrisers Hyderabad,Chennai Super Kings,73,2,8,121,60.0,10.0,7.3,12.1,194,0,Dr. Y.S. Rajasekhara Reddy ACA-VDCA Cricket Stadium,,10,96.8,968,4.8,2012-04-07,2012
548312,2,10,7,Kolkata Knight Riders,Rajasthan Royals,65,4,6,100,60.0,10.0,6.5,10.0,165,0,"Sawai Mansingh Stadium, Jaipur",Rajasthan Royals,10,60.0,600,3.5,2012-04-08,2012
548313,2,10,6,Punjab Kings,Pune Warriors,53,3,7,114,60.0,10.0,5.3,11.4,167,0,Subrata Roy Sahara Stadium,Pune Warriors,10,79.8,798,6.1000000000000005,2012-04-08,2012
548314,2,10,6,Mumbai Indians,Sunrisers Hyderabad,49,2,8,90,60.0,10.0,4.9,9.0,139,1,Dr. Y.S. Rajasekhara Reddy ACA-VDCA Cricket Stadium,,10,72.0,720,4.1,2012-04-09,2012
548315,2,10,6,Royal Challengers Bangalore,Kolkata Knight Riders,43,5,5,123,60.0,10.0,4.3,12.3,166,0,"M Chinnaswamy Stadium, Bengaluru",Royal Challengers Bangalore,10,61.5,615,8.0,2012-04-10,2012
548316,2,10,6,Delhi Capitals,Chennai Super Kings,79,2,8,32,60.0,10.0,7.9,3.2,111,1,"Arun Jaitley Stadium, Delhi",Delhi Capitals,10,25.6,256,-4.7,2012-04-10,2012
548317,2,10,6,Rajasthan Royals,Mumbai Indians,79,2,8,119,60.0,10.0,7.9,11.9,198,0,"Wankhede Stadium, Mumbai",Mumbai Indians,10,95.2,952,4.0,2012-04-11,2012
548318,2,10,6,Chennai Super Kings,Royal Challengers Bangalore,85,1,9,121,60.0,10.0,8.5,12.1,206,1,"MA Chidambaram Stadium, Chennai",Chennai Super Kings,10,108.89999999999999,1089,3.5999999999999996,2012-04-12,2012
548319,2,10,6,Punjab Kings,Pune Warriors,60,2,8,56,60.0,10.0,6.0,5.6,116,1,"IS Bindra Stadium, Mohali",Punjab Kings,10,44.8,448,-0.40000000000000036,2012-04-12,2012
548320,2,10,6,Kolkata Knight Riders,Rajasthan Royals,68,1,9,64,60.0,10.0,6.8,6.4,132,1,"Eden Gardens, Kolkata",Kolkata Knight Riders,10,57.6,576,-0.39999999999999947,2012-04-13,2012
548321,2,10,7,Delhi Capitals,Sunrisers Hyderabad,71,4,6,87,60.0,10.0,7.1,8.7,158,1,"Arun Jaitley Stadium, Delhi",Delhi Capitals,10,52.199999999999996,522,1.5999999999999996,2012-04-19,2012
548322,2,10,6,Pune Warriors,Chennai Super Kings,72,2,8,84,60.0,10.0,7.2,8.4,156,1,Subrata Roy Sahara Stadium,Pune Warriors,10,67.2,672,1.2000000000000002,2012-04-14,2012
548323,2,10,6,Kolkata Knight Riders,Punjab Kings,70,2,8,65,60.0,10.0,7.0,6.5,135,0,"Eden Gardens, Kolkata",Kolkata Knight Riders,10,52.0,520,-0.5,2012-04-15,2012
548324,2,10,6,Royal Challengers Bangalore,Rajasthan Royals,76,3,7,120,60.0,10.0,7.6,12.0,196,0,"M Chinnaswamy Stadium, Bengaluru",Royal Challengers Bangalore,10,84.0,840,4.4,2012-04-15,2012
548325,2,10,6,Delhi Capitals,Mumbai Indians,58,2,8,35,60.0,10.0,5.8,3.5,93,1,"Wankhede Stadium, Mumbai",Mumbai Indians,10,28.0,280,-2.3,2012-04-16,2012
548326,2,10,6,Rajasthan Royals,Sunrisers Hyderabad,89,1,9,108,60.0,10.0,8.9,10.8,197,1,"Sawai Mansingh Stadium, Jaipur",Rajasthan Royals,10,97.2,972,1.9000000000000004,2012-04-17,2012
548327,2,10,6,Royal Challengers Bangalore,Pune Warriors,63,2,8,120,60.0,10.0,6.3,12.0,183,1,"M Chinnaswamy Stadium, Bengaluru",Royal Challengers Bangalore,10,96.0,960,5.7,2012-04-17,2012
548328,2,10,6,Kolkata Knight Riders,Punjab Kings,75,2,8,50,60.0,10.0,7.5,5.0,125,1,"IS Bindra Stadium, Mohali",Punjab Kings,10,40.0,400,-2.5,2012-04-18,2012
548329,2,10,6,Delhi Capitals,Sunrisers Hyderabad,112,1,9,76,60.0,10.0,11.2,7.6,188,1,"Rajiv Gandhi International Stadium, Hyderabad",Sunrisers Hyderabad,10,68.39999999999999,684,-3.5999999999999996,2012-05-10,2012
548330,2,10,6,Pune Warriors,Chennai Super Kings,65,4,6,100,60.0,10.0,6.5,10.0,165,0,"MA Chidambaram Stadium, Chennai",Chennai Super Kings,10,60.0,600,3.5,2012-04-19,2012
548331,2,10,6,Royal Challengers Bangalore,Punjab Kings,72,3,7,92,60.0,10.0,7.2,9.2,164,1,"IS Bindra Stadium, Mohali",Punjab Kings,10,64.39999999999999,644,1.9999999999999991,2012-04-20,2012
548332,2,10,6,Chennai Super Kings,Rajasthan Royals,70,1,9,77,60.0,10.0,7.0,7.7,147,1,"MA Chidambaram Stadium, Chennai",Chennai Super Kings,10,69.3,693,0.7000000000000002,2012-04-21,2012
548333,2,10,6,Delhi Capitals,Pune Warriors,92,2,8,101,60.0,10.0,9.2,10.1,193,0,"Arun Jaitley Stadium, Delhi",Delhi Capitals,10,80.8,808,0.9000000000000004,2012-04-21,2012
548334,2,10,6,Punjab Kings,Mumbai Indians,75,2,8,89,60.0,10.0,7.5,8.9,164,1,"Wankhede Stadium, Mumbai",Mumbai Indians,10,71.2,712,1.4000000000000004,2012-04-22,2012
548335,2,10,7,Kolkata Knight Riders,Sunrisers Hyderabad,65,3,7,62,60.0,10.0,6.5,6.2,127,1,Barabati Stadium,,10,43.4,434,-0.2999999999999998,2012-04-22,2012
548336,2,10,6,Rajasthan Royals,Royal Challengers Bangalore,67,1,9,123,60.0,10.0,6.7,12.3,190,0,"Sawai Mansingh Stadium, Jaipur",Rajasthan Royals,10,110.7,1107,5.6000000000000005,2012-04-23,2012
548337,2,10,6,Delhi Capitals,Pune Warriors,99,1,9,48,60.0,10.0,9.9,4.8,147,1,Subrata Roy Sahara Stadium,Pune Warriors,10,43.199999999999996,432,-5.1000000000000005,2012-04-24,2012
548339,2,10,6,Mumbai Indians,Punjab Kings,64,2,8,105,60.0,10.0,6.4,10.5,169,1,"IS Bindra Stadium, Mohali",Punjab Kings,10,84.0,840,4.1,2012-04-25,2012
548341,2,10,6,Pune Warriors,Sunrisers Hyderabad,73,3,7,105,60.0,10.0,7.3,10.5,178,0,Subrata Roy Sahara Stadium,Pune Warriors,10,73.5,735,3.2,2012-04-26,2012
548342,2,10,7,Mumbai Indians,Delhi Capitals,88,3,7,120,60.0,10.0,8.8,12.0,208,0,"Arun Jaitley Stadium, Delhi",Delhi Capitals,10,84.0,840,3.1999999999999993,2012-04-27,2012
548343,2,10,6,Chennai Super Kings,Punjab Kings,69,2,8,88,60.0,10.0,6.9,8.8,157,0,"MA Chidambaram Stadium, Chennai",Chennai Super Kings,10,70.4,704,1.9000000000000004,2012-04-28,2012
548344,2,10,8,Royal Challengers Bangalore,Kolkata Knight Riders,56,3,7,135,60.0,10.0,5.6,13.5,191,0,"Eden Gardens, Kolkata",Kolkata Knight Riders,10,94.5,945,7.9,2012-04-28,2012
548345,2,10,6,Rajasthan Royals,Delhi Capitals,67,0,10,86,60.0,10.0,6.7,8.6,153,0,"Arun Jaitley Stadium, Delhi",Delhi Capitals,10,86.0,860,1.8999999999999995,2012-04-29,2012
548346,2,10,6,Mumbai Indians,Sunrisers Hyderabad,52,3,7,49,60.0,10.0,5.2,4.9,101,1,"Wankhede Stadium, Mumbai",Mumbai Indians,10,34.300000000000004,343,-0.2999999999999998,2012-04-29,2012
548347,2,10,6,Kolkata Knight Riders,Chennai Super Kings,68,1,9,72,60.0,10.0,6.8,7.2,140,1,"MA Chidambaram Stadium, Chennai",Chennai Super Kings,10,64.8,648,0.40000000000000036,2012-04-30,2012
548348,2,10,6,Pune Warriors,Sunrisers Hyderabad,75,1,9,112,60.0,10.0,7.5,11.2,187,0,Barabati Stadium,,10,100.8,1008,3.6999999999999993,2012-05-01,2012
548349,2,10,6,Delhi Capitals,Rajasthan Royals,96,1,9,46,60.0,10.0,9.6,4.6,142,1,"Sawai Mansingh Stadium, Jaipur",Rajasthan Royals,10,41.4,414,-5.0,2012-05-01,2012
548350,2,10,6,Punjab Kings,Royal Challengers Bangalore,80,2,8,79,60.0,10.0,8.0,7.9,159,1,"M Chinnaswamy Stadium, Bengaluru",Royal Challengers Bangalore,10,63.2,632,-0.09999999999999964,2012-05-02,2012
548351,2,10,6,Pune Warriors,Mumbai Indians,47,4,6,74,60.0,10.0,4.7,7.4,121,0,Subrata Roy Sahara Stadium,Pune Warriors,10,44.400000000000006,444,2.7,2012-05-03,2012
548352,2,10,7,Sunrisers Hyderabad,Chennai Super Kings,76,1,9,85,60.0,10.0,7.6,8.5,161,0,"MA Chidambaram Stadium, Chennai",Chennai Super Kings,10,76.5,765,0.9000000000000004,2012-05-04,2012
548353,2,10,7,Pune Warriors,Kolkata Knight Riders,66,5,5,85,60.0,10.0,6.6,8.5,151,0,"Eden Gardens, Kolkata",Kolkata Knight Riders,10,42.5,425,1.9000000000000004,2012-05-05,2012
548354,2,10,6,Punjab Kings,Rajasthan Royals,65,4,6,113,60.0,10.0,6.5,11.3,178,0,"IS Bindra Stadium, Mohali",Punjab Kings,10,67.80000000000001,678,4.800000000000001,2012-05-05,2012
548355,2,10,6,Mumbai Indians,Chennai Super Kings,74,1,9,100,60.0,10.0,7.4,10.0,174,1,"Wankhede Stadium, Mumbai",Mumbai Indians,10,90.0,900,2.5999999999999996,2012-05-06,2012
548356,2,10,6,Royal Challengers Bangalore,Sunrisers Hyderabad,83,0,10,99,60.0,10.0,8.3,9.9,182,1,"M Chinnaswamy Stadium, Bengaluru",Royal Challengers Bangalore,10,99.0,990,1.5999999999999996,2012-05-06,2012
548357,2,10,6,Kolkata Knight Riders,Delhi Capitals,80,1,9,74,60.0,10.0,8.0,7.4,154,1,"Arun Jaitley Stadium, Delhi",Delhi Capitals,10,66.60000000000001,666,-0.5999999999999996,2012-05-07,2012
548358,2,10,6,Rajasthan Royals,Pune Warriors,79,2,8,47,60.0,10.0,7.9,4.7,126,1,Subrata Roy Sahara Stadium,Pune Warriors,10,37.6,376,-3.2,2012-05-08,2012
548359,2,10,6,Sunrisers Hyderabad,Punjab Kings,70,2,8,101,60.0,10.0,7.0,10.1,171,0,"Rajiv Gandhi International Stadium, Hyderabad",Sunrisers Hyderabad,10,80.8,808,3.0999999999999996,2012-05-08,2012
548360,2,10,6,Royal Challengers Bangalore,Mumbai Indians,54,1,9,88,60.0,10.0,5.4,8.8,142,1,"Wankhede Stadium, Mumbai",Mumbai Indians,10,79.2,792,3.4000000000000004,2012-05-09,2012
548361,2,10,6,Chennai Super Kings,Rajasthan Royals,53,2,8,74,60.0,10.0,5.3,7.4,127,1,"Sawai Mansingh Stadium, Jaipur",Rajasthan Royals,10,59.2,592,2.1000000000000005,2012-05-10,2012
548362,2,10,7,Pune Warriors,Royal Challengers Bangalore,80,4,6,94,60.0,10.0,8.0,9.4,174,0,Subrata Roy Sahara Stadium,Pune Warriors,10,56.400000000000006,564,1.4000000000000004,2012-05-11,2012
548363,2,10,6,Kolkata Knight Riders,Mumbai Indians,61,3,7,122,60.0,10.0,6.1,12.2,183,0,"Eden Gardens, Kolkata",Kolkata Knight Riders,10,85.39999999999999,854,6.1,2012-05-12,2012
548364,2,10,6,Chennai Super Kings,Delhi Capitals,75,0,10,40,60.0,10.0,7.5,4.0,115,1,"MA Chidambaram Stadium, Chennai",Chennai Super Kings,10,40.0,400,-3.5,2012-05-12,2012
548365,2,10,6,Pune Warriors,Rajasthan Royals,60,4,6,111,60.0,10.0,6.0,11.1,171,0,"Sawai Mansingh Stadium, Jaipur",Rajasthan Royals,10,66.6,666,5.1,2012-05-13,2012
548366,2,10,6,Punjab Kings,Sunrisers Hyderabad,76,3,7,115,60.0,10.0,7.6,11.5,191,1,"IS Bindra Stadium, Mohali",Punjab Kings,10,80.5,805,3.9000000000000004,2012-05-13,2012
548367,2,10,6,Mumbai Indians,Royal Challengers Bangalore,56,5,5,116,60.0,10.0,5.6,11.6,172,1,"M Chinnaswamy Stadium, Bengaluru",Royal Challengers Bangalore,10,58.0,580,6.0,2012-05-14,2012
548368,2,10,6,Chennai Super Kings,Kolkata Knight Riders,96,0,10,63,60.0,10.0,9.6,6.3,159,1,"Eden Gardens, Kolkata",Kolkata Knight Riders,10,63.0,630,-3.3,2012-05-14,2012
548369,2,10,6,Delhi Capitals,Punjab Kings,55,4,6,82,60.0,10.0,5.5,8.2,137,1,"Arun Jaitley Stadium, Delhi",Delhi Capitals,10,49.199999999999996,492,2.6999999999999993,2012-05-15,2012
548370,2,10,6,Mumbai Indians,Kolkata Knight Riders,59,1,9,82,60.0,10.0,5.9,8.2,141,0,"Wankhede Stadium, Mumbai",Mumbai Indians,10,73.8,738,2.299999999999999,2012-05-16,2012
548371,2,10,6,Punjab Kings,Chennai Super Kings,65,2,8,56,60.0,10.0,6.5,5.6,121,1,"HPCA Stadium, Dharamsala",Punjab Kings,10,44.8,448,-0.9000000000000004,2012-05-17,2012
548372,2,10,6,Delhi Capitals,Royal Challengers Bangalore,96,3,7,120,60.0,10.0,9.6,12.0,216,0,"Arun Jaitley Stadium, Delhi",Delhi Capitals,10,84.0,840,2.4000000000000004,2012-05-17,2012
548373,2,10,7,Sunrisers Hyderabad,Rajasthan Royals,69,1,9,58,60.0,10.0,6.9,5.8,127,1,"Rajiv Gandhi International Stadium, Hyderabad",Sunrisers Hyderabad,10,52.199999999999996,522,-1.1000000000000005,2012-05-18,2012
548374,2,10,7,Delhi Capitals,Punjab Kings,87,1,9,55,60.0,10.0,8.7,5.5,142,1,"HPCA Stadium, Dharamsala",Punjab Kings,10,49.5,495,-3.1999999999999993,2012-05-19,2012
548375,2,10,6,Pune Warriors,Kolkata Knight Riders,61,3,7,76,60.0,10.0,6.1,7.6,137,0,Subrata Roy Sahara Stadium,Pune Warriors,10,53.199999999999996,532,1.5,2012-05-19,2012
548376,2,10,6,Royal Challengers Bangalore,Sunrisers Hyderabad,57,4,6,76,60.0,10.0,5.7,7.6,133,0,"Rajiv Gandhi International Stadium, Hyderabad",Sunrisers Hyderabad,10,45.599999999999994,456,1.8999999999999995,2012-05-20,2012
548377,2,10,6,Mumbai Indians,Rajasthan Royals,79,0,10,84,60.0,10.0,7.9,8.4,163,1,"Sawai Mansingh Stadium, Jaipur",Rajasthan Royals,10,84.0,840,0.5,2012-05-20,2012
548378,2,10,6,Delhi Capitals,Kolkata Knight Riders,83,2,8,80,60.0,10.0,8.3,8.0,163,0,Subrata Roy Sahara Stadium,,10,64.0,640,-0.3000000000000007,2012-05-22,2012
548379,2,10,6,Mumbai Indians,Chennai Super Kings,77,3,7,111,60.0,10.0,7.7,11.1,188,0,"M Chinnaswamy Stadium, Bengaluru",,10,77.7,777,3.3999999999999995,2012-05-23,2012
548380,2,10,6,Delhi Capitals,Chennai Super Kings,89,3,7,134,60.0,10.0,8.9,13.4,223,0,"MA Chidambaram Stadium, Chennai",Chennai Super Kings,10,93.8,938,4.5,2012-05-25,2012
548381,2,10,6,Kolkata Knight Riders,Chennai Super Kings,100,1,9,91,60.0,10.0,10.0,9.1,191,1,"MA Chidambaram Stadium, Chennai",Chennai Super Kings,10,81.89999999999999,819,-0.9000000000000004,2012-05-27,2012
597998,2,10,6,Kolkata Knight Riders,Delhi Capitals,75,2,8,54,60.0,10.0,7.5,5.4,129,1,"Eden Gardens, Kolkata",Kolkata Knight Riders,10,43.2,432,-2.0999999999999996,2013-04-03,2013
597999,2,10,7,Mumbai Indians,Royal Challengers Bangalore,62,2,8,95,60.0,10.0,6.2,9.5,157,0,"M Chinnaswamy Stadium, Bengaluru",Royal Challengers Bangalore,10,76.0,760,3.3,2013-04-04,2013
598000,2,10,6,Pune Warriors,Sunrisers Hyderabad,48,3,7,79,60.0,10.0,4.8,7.9,127,0,"Rajiv Gandhi International Stadium, Hyderabad",Sunrisers Hyderabad,10,55.300000000000004,553,3.1000000000000005,2013-04-05,2013
598001,2,10,6,Delhi Capitals,Rajasthan Royals,73,1,9,93,60.0,10.0,7.3,9.3,166,0,"Arun Jaitley Stadium, Delhi",Delhi Capitals,10,83.7,837,2.000000000000001,2013-04-06,2013
598002,2,10,6,Chennai Super Kings,Mumbai Indians,58,3,7,91,60.0,10.0,5.8,9.1,149,0,"MA Chidambaram Stadium, Chennai",Chennai Super Kings,10,63.699999999999996,637,3.3,2013-04-06,2013
598003,2,10,6,Punjab Kings,Pune Warriors,84,2,8,16,60.0,10.0,8.4,1.6,100,1,Subrata Roy Sahara Stadium,Pune Warriors,10,12.8,128,-6.800000000000001,2013-04-07,2013
598004,2,10,6,Sunrisers Hyderabad,Royal Challengers Bangalore,56,3,7,75,60.0,10.0,5.6,7.5,131,0,"Rajiv Gandhi International Stadium, Hyderabad",Sunrisers Hyderabad,10,52.5,525,1.9000000000000004,2013-04-07,2013
598005,2,10,6,Kolkata Knight Riders,Rajasthan Royals,55,5,5,90,60.0,10.0,5.5,9.0,145,0,"Sawai Mansingh Stadium, Jaipur",Rajasthan Royals,10,45.0,450,3.5,2013-04-08,2013
598006,2,10,7,Delhi Capitals,Mumbai Indians,84,2,8,126,60.0,10.0,8.4,12.6,210,0,"Wankhede Stadium, Mumbai",Mumbai Indians,10,100.8,1008,4.199999999999999,2013-04-09,2013
598007,2,10,6,Chennai Super Kings,Punjab Kings,65,0,10,74,60.0,10.0,6.5,7.4,139,1,"IS Bindra Stadium, Mohali",Punjab Kings,10,74.0,740,0.9000000000000004,2013-04-10,2013
598008,2,10,6,Royal Challengers Bangalore,Kolkata Knight Riders,80,2,8,75,60.0,10.0,8.0,7.5,155,1,"M Chinnaswamy Stadium, Bengaluru",Royal Challengers Bangalore,10,60.0,600,-0.5,2013-04-11,2013
598009,2,10,6,Pune Warriors,Rajasthan Royals,87,1,9,59,60.0,10.0,8.7,5.9,146,1,Subrata Roy Sahara Stadium,Pune Warriors,10,53.1,531,-2.799999999999999,2013-04-11,2013
598010,2,10,6,Sunrisers Hyderabad,Delhi Capitals,51,2,8,64,60.0,10.0,5.1,6.4,115,1,"Arun Jaitley Stadium, Delhi",Delhi Capitals,10,51.2,512,1.3000000000000007,2013-04-12,2013
598011,2,10,6,Pune Warriors,Mumbai Indians,72,5,5,112,60.0,10.0,7.2,11.2,184,0,"Wankhede Stadium, Mumbai",Mumbai Indians,10,56.0,560,3.999999999999999,2013-04-13,2013
598012,2,10,6,Chennai Super Kings,Royal Challengers Bangalore,64,2,8,102,60.0,10.0,6.4,10.2,166,1,"MA Chidambaram Stadium, Chennai",Chennai Super Kings,10,81.6,816,3.799999999999999,2013-04-13,2013
598013,2,10,6,Sunrisers Hyderabad,Kolkata Knight Riders,68,1,9,113,60.0,10.0,6.8,11.3,181,0,"Eden Gardens, Kolkata",Kolkata Knight Riders,10,101.7,1017,4.500000000000001,2013-04-14,2013
598014,2,10,6,Rajasthan Royals,Punjab Kings,68,3,7,57,60.0,10.0,6.8,5.7,125,1,"Sawai Mansingh Stadium, Jaipur",Rajasthan Royals,10,39.9,399,-1.0999999999999996,2013-04-14,2013
598015,2,10,6,Chennai Super Kings,Pune Warriors,63,3,7,97,60.0,10.0,6.3,9.7,160,0,"MA Chidambaram Stadium, Chennai",Chennai Super Kings,10,67.89999999999999,679,3.3999999999999995,2013-04-15,2013
598016,2,10,6,Kolkata Knight Riders,Punjab Kings,82,2,8,76,60.0,10.0,8.2,7.6,158,0,"IS Bindra Stadium, Mohali",Punjab Kings,10,60.8,608,-0.5999999999999996,2013-04-16,2013
598017,2,10,6,Royal Challengers Bangalore,Delhi Capitals,84,2,8,69,60.0,10.0,8.4,6.9,153,0,"M Chinnaswamy Stadium, Bengaluru",Royal Challengers Bangalore,10,55.2,552,-1.5,2013-04-16,2013
598018,2,10,6,Pune Warriors,Sunrisers Hyderabad,65,3,7,55,60.0,10.0,6.5,5.5,120,0,"MCA Stadium, Pune",Pune Warriors,10,38.5,385,-1.0,2013-04-17,2013
598019,2,10,6,Mumbai Indians,Rajasthan Royals,42,4,6,138,60.0,10.0,4.2,13.8,180,0,"Sawai Mansingh Stadium, Jaipur",Rajasthan Royals,10,82.80000000000001,828,9.600000000000001,2013-04-17,2013
598020,2,10,6,Delhi Capitals,Chennai Super Kings,58,4,6,112,60.0,10.0,5.8,11.2,170,0,"Arun Jaitley Stadium, Delhi",Delhi Capitals,10,67.19999999999999,672,5.3999999999999995,2013-04-18,2013
598021,2,10,6,Sunrisers Hyderabad,Punjab Kings,56,2,8,68,60.0,10.0,5.6,6.8,124,1,"Rajiv Gandhi International Stadium, Hyderabad",Sunrisers Hyderabad,10,54.4,544,1.2000000000000002,2013-04-19,2013
598022,2,10,6,Chennai Super Kings,Kolkata Knight Riders,48,3,7,72,60.0,10.0,4.8,7.2,120,1,"Eden Gardens, Kolkata",Kolkata Knight Riders,10,50.4,504,2.4000000000000004,2013-04-20,2013
598023,2,10,8,Royal Challengers Bangalore,Rajasthan Royals,67,3,7,51,60.0,10.0,6.7,5.1,118,1,"M Chinnaswamy Stadium, Bengaluru",Royal Challengers Bangalore,10,35.699999999999996,357,-1.6000000000000005,2013-04-20,2013
598024,2,10,6,Delhi Capitals,Mumbai Indians,102,0,10,60,60.0,10.0,10.2,6.0,162,1,"Arun Jaitley Stadium, Delhi",Delhi Capitals,10,60.0,600,-4.199999999999999,2013-04-21,2013
598025,2,10,6,Punjab Kings,Pune Warriors,83,3,7,103,60.0,10.0,8.3,10.3,186,1,"IS Bindra Stadium, Mohali",Punjab Kings,10,72.10000000000001,721,2.0,2013-04-21,2013
598026,2,10,6,Chennai Super Kings,Rajasthan Royals,92,1,9,94,60.0,10.0,9.2,9.4,186,1,"MA Chidambaram Stadium, Chennai",Chennai Super Kings,10,84.60000000000001,846,0.20000000000000107,2013-04-22,2013
598027,2,10,6,Pune Warriors,Royal Challengers Bangalore,76,4,6,188,60.0,10.0,7.6,18.8,264,0,"M Chinnaswamy Stadium, Bengaluru",Royal Challengers Bangalore,10,112.80000000000001,1128,11.200000000000001,2013-04-23,2013
598028,2,10,6,Delhi Capitals,Punjab Kings,57,3,7,115,60.0,10.0,5.7,11.5,172,0,"HPCA Stadium, Dharamsala",Punjab Kings,10,80.5,805,5.8,2013-05-16,2013
598029,2,10,6,Mumbai Indians,Kolkata Knight Riders,79,2,8,81,60.0,10.0,7.9,8.1,160,1,"Eden Gardens, Kolkata",Kolkata Knight Riders,10,64.8,648,0.1999999999999993,2013-04-24,2013
598030,2,10,6,Chennai Super Kings,Sunrisers Hyderabad,76,2,8,84,60.0,10.0,7.6,8.4,160,1,"MA Chidambaram Stadium, Chennai",Chennai Super Kings,10,67.2,672,0.8000000000000007,2013-04-25,2013
598031,2,10,7,Kolkata Knight Riders,Punjab Kings,75,2,8,75,60.0,10.0,7.5,7.5,150,1,"Eden Gardens, Kolkata",Kolkata Knight Riders,10,60.0,600,0.0,2013-04-26,2013
598032,2,10,6,Rajasthan Royals,Sunrisers Hyderabad,53,1,9,92,60.0,10.0,5.3,9.2,145,1,"Sawai Mansingh Stadium, Jaipur",Rajasthan Royals,10,82.8,828,3.8999999999999995,2013-04-27,2013
598033,2,10,7,Royal Challengers Bangalore,Mumbai Indians,66,4,6,129,60.0,10.0,6.6,12.9,195,0,"Wankhede Stadium, Mumbai",Mumbai Indians,10,77.4,774,6.300000000000001,2013-04-27,2013
598034,2,10,6,Kolkata Knight Riders,Chennai Super Kings,85,2,8,116,60.0,10.0,8.5,11.6,201,0,"MA Chidambaram Stadium, Chennai",Chennai Super Kings,10,92.8,928,3.0999999999999996,2013-04-28,2013
598035,2,10,6,Pune Warriors,Delhi Capitals,75,0,10,90,60.0,10.0,7.5,9.0,165,0,"SVNS Intl Stadium, Raipur",Delhi Capitals,10,90.0,900,1.5,2013-04-28,2013
598036,2,10,6,Rajasthan Royals,Royal Challengers Bangalore,80,2,8,92,60.0,10.0,8.0,9.2,172,1,"Sawai Mansingh Stadium, Jaipur",Rajasthan Royals,10,73.6,736,1.1999999999999993,2013-04-29,2013
598037,2,10,6,Punjab Kings,Mumbai Indians,80,5,5,95,60.0,10.0,8.0,9.5,175,0,"Wankhede Stadium, Mumbai",Mumbai Indians,10,47.5,475,1.5,2013-04-29,2013
598038,2,10,6,Pune Warriors,Chennai Super Kings,68,6,4,97,60.0,10.0,6.8,9.7,165,0,Subrata Roy Sahara Stadium,Pune Warriors,10,38.8,388,2.8999999999999995,2013-04-30,2013
598039,2,10,7,Sunrisers Hyderabad,Mumbai Indians,61,2,8,69,60.0,10.0,6.1,6.9,130,1,"Rajiv Gandhi International Stadium, Hyderabad",Sunrisers Hyderabad,10,55.2,552,0.8000000000000007,2013-05-01,2013
598040,2,10,6,Delhi Capitals,Kolkata Knight Riders,56,2,8,81,60.0,10.0,5.6,8.1,137,1,"SVNS Intl Stadium, Raipur",Delhi Capitals,10,64.8,648,2.5,2013-05-01,2013
598041,2,10,6,Punjab Kings,Chennai Super Kings,65,2,8,122,60.0,10.0,6.5,12.2,187,0,"MA Chidambaram Stadium, Chennai",Chennai Super Kings,10,97.6,976,5.699999999999999,2013-05-02,2013
598042,2,10,7,Pune Warriors,Royal Challengers Bangalore,77,2,8,111,60.0,10.0,7.7,11.1,188,0,Subrata Roy Sahara Stadium,Pune Warriors,10,88.8,888,3.3999999999999995,2013-05-02,2013
598043,2,10,6,Kolkata Knight Riders,Rajasthan Royals,82,2,8,51,60.0,10.0,8.2,5.1,133,1,"Eden Gardens, Kolkata",Kolkata Knight Riders,10,40.8,408,-3.0999999999999996,2013-05-03,2013
598044,2,10,6,Sunrisers Hyderabad,Delhi Capitals,55,3,7,26,60.0,10.0,5.5,2.6,81,1,"Rajiv Gandhi International Stadium, Hyderabad",Sunrisers Hyderabad,10,18.2,182,-2.9,2013-05-04,2013
598045,2,10,6,Punjab Kings,Royal Challengers Bangalore,79,1,9,96,60.0,10.0,7.9,9.6,175,1,"M Chinnaswamy Stadium, Bengaluru",Royal Challengers Bangalore,10,86.39999999999999,864,1.6999999999999993,2013-05-14,2013
598046,2,10,6,Chennai Super Kings,Mumbai Indians,48,6,4,92,60.0,10.0,4.8,9.2,140,0,"Wankhede Stadium, Mumbai",Mumbai Indians,10,36.8,368,4.3999999999999995,2013-05-05,2013
598047,2,10,6,Rajasthan Royals,Pune Warriors,84,0,10,95,60.0,10.0,8.4,9.5,179,1,"Sawai Mansingh Stadium, Jaipur",Rajasthan Royals,10,95.0,950,1.0999999999999996,2013-05-05,2013
598048,2,10,6,Royal Challengers Bangalore,Sunrisers Hyderabad,69,2,8,93,60.0,10.0,6.9,9.3,162,1,"M Chinnaswamy Stadium, Bengaluru",Royal Challengers Bangalore,10,74.4,744,2.4000000000000004,2013-04-09,2013
598049,2,10,6,Rajasthan Royals,Delhi Capitals,77,0,10,78,60.0,10.0,7.7,7.8,155,1,"Sawai Mansingh Stadium, Jaipur",Rajasthan Royals,10,78.0,780,0.09999999999999964,2013-05-07,2013
598050,2,10,6,Kolkata Knight Riders,Mumbai Indians,62,4,6,109,60.0,10.0,6.2,10.9,171,0,"Wankhede Stadium, Mumbai",Mumbai Indians,10,65.4,654,4.7,2013-05-07,2013
598051,2,10,6,Sunrisers Hyderabad,Chennai Super Kings,75,5,5,149,60.0,10.0,7.5,14.9,224,0,"Rajiv Gandhi International Stadium, Hyderabad",Sunrisers Hyderabad,10,74.5,745,7.4,2013-05-08,2013
598052,2,10,6,Rajasthan Royals,Punjab Kings,73,2,8,73,60.0,10.0,7.3,7.3,146,1,"IS Bindra Stadium, Mohali",Punjab Kings,10,58.4,584,0.0,2013-05-09,2013
598053,2,10,6,Pune Warriors,Kolkata Knight Riders,49,3,7,104,60.0,10.0,4.9,10.4,153,0,Subrata Roy Sahara Stadium,Pune Warriors,10,72.8,728,5.5,2013-05-09,2013
598054,2,10,6,Delhi Capitals,Royal Challengers Bangalore,88,3,7,96,60.0,10.0,8.8,9.6,184,0,"Arun Jaitley Stadium, Delhi",Delhi Capitals,10,67.2,672,0.7999999999999989,2013-05-10,2013
598055,2,10,6,Mumbai Indians,Pune Warriors,50,3,7,63,60.0,10.0,5.0,6.3,113,1,Subrata Roy Sahara Stadium,Pune Warriors,10,44.1,441,1.2999999999999998,2013-05-11,2013
598056,2,10,6,Punjab Kings,Sunrisers Hyderabad,54,4,6,97,60.0,10.0,5.4,9.7,151,0,"IS Bindra Stadium, Mohali",Punjab Kings,10,58.199999999999996,582,4.299999999999999,2013-05-11,2013
598057,2,10,6,Kolkata Knight Riders,Royal Challengers Bangalore,61,2,8,55,60.0,10.0,6.1,5.5,116,1,JSCA International Stadium Complex,,10,44.0,440,-0.5999999999999996,2013-05-12,2013
598058,2,10,6,Rajasthan Royals,Chennai Super Kings,49,4,6,93,60.0,10.0,4.9,9.3,142,1,"Sawai Mansingh Stadium, Jaipur",Rajasthan Royals,10,55.800000000000004,558,4.4,2013-05-12,2013
598059,2,10,6,Punjab Kings,Delhi Capitals,77,4,6,44,60.0,10.0,7.7,4.4,121,1,"Arun Jaitley Stadium, Delhi",Delhi Capitals,10,26.400000000000002,264,-3.3,2013-04-23,2013
598060,2,10,6,Mumbai Indians,Sunrisers Hyderabad,73,1,9,106,60.0,10.0,7.3,10.6,179,1,"Wankhede Stadium, Mumbai",Mumbai Indians,10,95.39999999999999,954,3.3,2013-05-13,2013
598061,2,10,6,Kolkata Knight Riders,Pune Warriors,74,3,7,97,60.0,10.0,7.4,9.7,171,0,JSCA International Stadium Complex,,10,67.89999999999999,679,2.299999999999999,2013-05-15,2013
598062,2,10,7,Delhi Capitals,Chennai Super Kings,65,5,5,104,60.0,10.0,6.5,10.4,169,0,"MA Chidambaram Stadium, Chennai",Chennai Super Kings,10,52.0,520,3.9000000000000004,2013-05-14,2013
598063,2,10,6,Rajasthan Royals,Mumbai Indians,60,5,5,107,60.0,10.0,6.0,10.7,167,0,"Wankhede Stadium, Mumbai",Mumbai Indians,10,53.5,535,4.699999999999999,2013-05-15,2013
598064,2,10,6,Punjab Kings,Royal Challengers Bangalore,68,4,6,123,60.0,10.0,6.8,12.3,191,1,"IS Bindra Stadium, Mohali",Punjab Kings,10,73.80000000000001,738,5.500000000000001,2013-05-06,2013
598065,2,10,6,Rajasthan Royals,Sunrisers Hyderabad,44,2,8,93,60.0,10.0,4.4,9.3,137,0,"Rajiv Gandhi International Stadium, Hyderabad",Sunrisers Hyderabad,10,74.4,744,4.9,2013-05-17,2013
598066,2,10,6,Mumbai Indians,Punjab Kings,69,4,6,115,60.0,10.0,6.9,11.5,184,0,"HPCA Stadium, Dharamsala",Punjab Kings,10,69.0,690,4.6,2013-05-18,2013
598067,2,10,6,Delhi Capitals,Pune Warriors,65,5,5,108,60.0,10.0,6.5,10.8,173,0,Subrata Roy Sahara Stadium,Pune Warriors,10,54.0,540,4.300000000000001,2013-05-19,2013
598069,2,10,6,Sunrisers Hyderabad,Kolkata Knight Riders,77,0,10,54,60.0,10.0,7.7,5.4,131,1,"Rajiv Gandhi International Stadium, Hyderabad",Sunrisers Hyderabad,10,54.0,540,-2.3,2013-05-19,2013
598070,2,10,6,Mumbai Indians,Chennai Super Kings,92,2,8,101,60.0,10.0,9.2,10.1,193,0,"Arun Jaitley Stadium, Delhi",,10,80.8,808,0.9000000000000004,2013-05-21,2013
598071,2,10,6,Rajasthan Royals,Sunrisers Hyderabad,57,5,5,76,60.0,10.0,5.7,7.6,133,1,"Arun Jaitley Stadium, Delhi",,10,38.0,380,1.8999999999999995,2013-05-22,2013
598072,2,10,6,Mumbai Indians,Rajasthan Royals,73,1,9,93,60.0,10.0,7.3,9.3,166,1,"Eden Gardens, Kolkata",,10,83.7,837,2.000000000000001,2013-05-24,2013
598073,2,10,7,Chennai Super Kings,Mumbai Indians,54,6,4,95,60.0,10.0,5.4,9.5,149,0,"Eden Gardens, Kolkata",,10,38.0,380,4.1,2013-05-26,2013
729279,2,10,6,Mumbai Indians,Kolkata Knight Riders,54,2,8,110,60.0,10.0,5.4,11.0,164,0,"Sheikh Zayed Stadium, Abu Dhabi",,10,88.0,880,5.6,2014-04-16,2014
729281,2,10,7,Royal Challengers Bangalore,Delhi Capitals,69,2,8,77,60.0,10.0,6.9,7.7,146,1,"Sharjah Cricket Stadium, Sharjah",,10,61.6,616,0.7999999999999998,2014-04-17,2014
729283,2,10,6,Punjab Kings,Chennai Super Kings,93,3,7,113,60.0,10.0,9.3,11.3,206,1,"Sheikh Zayed Stadium, Abu Dhabi",,10,79.10000000000001,791,2.0,2014-04-18,2014
729285,2,10,6,Rajasthan Royals,Sunrisers Hyderabad,61,3,7,73,60.0,10.0,6.1,7.3,134,1,"Sheikh Zayed Stadium, Abu Dhabi",,10,51.1,511,1.2000000000000002,2014-04-18,2014
729287,2,10,6,Royal Challengers Bangalore,Mumbai Indians,50,3,7,66,60.0,10.0,5.0,6.6,116,1,"Dubai International Cricket Stadium, Dubai",,10,46.199999999999996,462,1.5999999999999996,2014-04-19,2014
729289,2,10,6,Delhi Capitals,Kolkata Knight Riders,84,3,7,83,60.0,10.0,8.4,8.3,167,1,"Dubai International Cricket Stadium, Dubai",,10,58.10000000000001,581,-0.09999999999999964,2014-04-19,2014
729291,2,10,6,Punjab Kings,Rajasthan Royals,69,2,8,123,60.0,10.0,6.9,12.3,192,1,"Sharjah Cricket Stadium, Sharjah",,10,98.4,984,5.4,2014-04-20,2014
729293,2,10,6,Delhi Capitals,Chennai Super Kings,53,5,5,125,60.0,10.0,5.3,12.5,178,0,"Sheikh Zayed Stadium, Abu Dhabi",,10,62.5,625,7.2,2014-04-21,2014
729295,2,10,6,Sunrisers Hyderabad,Punjab Kings,74,4,6,120,60.0,10.0,7.4,12.0,194,0,"Sharjah Cricket Stadium, Sharjah",,10,72.0,720,4.6,2014-04-22,2014
729297,2,10,6,Rajasthan Royals,Chennai Super Kings,56,4,6,85,60.0,10.0,5.6,8.5,141,0,"Dubai International Cricket Stadium, Dubai",,10,51.0,510,2.9000000000000004,2014-04-23,2014
729299,2,10,6,Royal Challengers Bangalore,Kolkata Knight Riders,77,2,8,74,60.0,10.0,7.7,7.4,151,0,"Sharjah Cricket Stadium, Sharjah",,10,59.2,592,-0.2999999999999998,2014-04-24,2014
729301,2,10,6,Delhi Capitals,Sunrisers Hyderabad,86,0,10,99,60.0,10.0,8.6,9.9,185,0,"Dubai International Cricket Stadium, Dubai",,10,99.0,990,1.3000000000000007,2014-04-25,2014
729303,2,10,7,Chennai Super Kings,Mumbai Indians,76,2,8,66,60.0,10.0,7.6,6.6,142,1,"Dubai International Cricket Stadium, Dubai",,10,52.8,528,-1.0,2014-04-25,2014
729305,2,10,6,Rajasthan Royals,Royal Challengers Bangalore,48,3,7,23,60.0,10.0,4.8,2.3,71,1,"Sheikh Zayed Stadium, Abu Dhabi",,10,16.099999999999998,161,-2.5,2014-04-26,2014
729307,2,10,6,Kolkata Knight Riders,Punjab Kings,43,3,7,90,60.0,10.0,4.3,9.0,133,0,"Sheikh Zayed Stadium, Abu Dhabi",,10,63.0,630,4.7,2014-04-26,2014
729309,2,10,6,Delhi Capitals,Mumbai Indians,55,1,9,71,60.0,10.0,5.5,7.1,126,1,"Sharjah Cricket Stadium, Sharjah",,10,63.9,639,1.5999999999999996,2014-04-27,2014
729311,2,10,6,Chennai Super Kings,Sunrisers Hyderabad,75,0,10,71,60.0,10.0,7.5,7.1,146,1,"Sharjah Cricket Stadium, Sharjah",,10,71.0,710,-0.40000000000000036,2014-04-27,2014
729313,2,10,8,Punjab Kings,Royal Challengers Bangalore,63,3,7,62,60.0,10.0,6.3,6.2,125,1,"Dubai International Cricket Stadium, Dubai",,10,43.4,434,-0.09999999999999964,2014-04-28,2014
729315,2,10,6,Kolkata Knight Riders,Rajasthan Royals,59,2,8,94,60.0,10.0,5.9,9.4,153,0,"Sheikh Zayed Stadium, Abu Dhabi",,10,75.2,752,3.5,2014-04-29,2014
729317,2,10,6,Mumbai Indians,Sunrisers Hyderabad,60,3,7,113,60.0,10.0,6.0,11.3,173,0,"Dubai International Cricket Stadium, Dubai",,10,79.10000000000001,791,5.300000000000001,2014-04-30,2014
733971,2,10,6,Kolkata Knight Riders,Chennai Super Kings,66,5,5,83,60.0,10.0,6.6,8.3,149,0,JSCA International Stadium Complex,,10,41.5,415,1.700000000000001,2014-05-02,2014
733973,2,10,6,Mumbai Indians,Punjab Kings,70,3,7,99,60.0,10.0,7.0,9.9,169,1,"Wankhede Stadium, Mumbai",Mumbai Indians,10,69.3,693,2.9000000000000004,2014-05-03,2014
733975,2,10,6,Rajasthan Royals,Delhi Capitals,71,2,8,82,60.0,10.0,7.1,8.2,153,1,"Arun Jaitley Stadium, Delhi",Delhi Capitals,10,65.6,656,1.0999999999999996,2014-05-03,2014
733977,2,10,7,Royal Challengers Bangalore,Sunrisers Hyderabad,59,3,7,97,60.0,10.0,5.9,9.7,156,1,"M Chinnaswamy Stadium, Bengaluru",Royal Challengers Bangalore,10,67.89999999999999,679,3.799999999999999,2014-05-04,2014
733979,2,10,6,Kolkata Knight Riders,Rajasthan Royals,80,0,10,91,60.0,10.0,8.0,9.1,171,0,"Narendra Modi Stadium, Ahmedabad",,10,91.0,910,1.0999999999999996,2014-05-05,2014
733981,2,10,6,Chennai Super Kings,Delhi Capitals,69,0,10,110,60.0,10.0,6.9,11.0,179,1,"Arun Jaitley Stadium, Delhi",Delhi Capitals,10,110.0,1100,4.1,2014-05-05,2014
733983,2,10,6,Royal Challengers Bangalore,Mumbai Indians,98,2,8,90,60.0,10.0,9.8,9.0,188,0,"Wankhede Stadium, Mumbai",Mumbai Indians,10,72.0,720,-0.8000000000000007,2014-05-06,2014
733985,2,10,6,Kolkata Knight Riders,Delhi Capitals,90,0,10,71,60.0,10.0,9.0,7.1,161,1,"Arun Jaitley Stadium, Delhi",Delhi Capitals,10,71.0,710,-1.9000000000000004,2014-05-07,2014
733987,2,10,6,Chennai Super Kings,Punjab Kings,85,2,8,147,60.0,10.0,8.5,14.7,232,0,Barabati Stadium,,10,117.6,1176,6.199999999999999,2014-05-07,2014
733989,2,10,6,Rajasthan Royals,Sunrisers Hyderabad,60,4,6,75,60.0,10.0,6.0,7.5,135,0,"Narendra Modi Stadium, Ahmedabad",,10,45.0,450,1.5,2014-05-08,2014
733991,2,10,6,Royal Challengers Bangalore,Punjab Kings,52,5,5,147,60.0,10.0,5.2,14.7,199,0,"M Chinnaswamy Stadium, Bengaluru",Royal Challengers Bangalore,10,73.5,735,9.5,2014-05-09,2014
733995,2,10,6,Chennai Super Kings,Mumbai Indians,75,2,8,83,60.0,10.0,7.5,8.3,158,1,"Wankhede Stadium, Mumbai",Mumbai Indians,10,66.4,664,0.8000000000000007,2014-05-10,2014
733997,2,10,6,Kolkata Knight Riders,Punjab Kings,89,1,9,61,60.0,10.0,8.9,6.1,150,1,Barabati Stadium,,10,54.9,549,-2.8000000000000007,2014-05-11,2014
733999,2,10,6,Rajasthan Royals,Royal Challengers Bangalore,68,3,7,123,60.0,10.0,6.8,12.3,191,1,"M Chinnaswamy Stadium, Bengaluru",Royal Challengers Bangalore,10,86.10000000000001,861,5.500000000000001,2014-05-11,2014
734001,2,10,6,Mumbai Indians,Sunrisers Hyderabad,75,1,9,83,60.0,10.0,7.5,8.3,158,1,"Rajiv Gandhi International Stadium, Hyderabad",Sunrisers Hyderabad,10,74.7,747,0.8000000000000007,2014-05-12,2014
734003,2,10,6,Chennai Super Kings,Rajasthan Royals,76,3,7,73,60.0,10.0,7.6,7.3,149,1,JSCA International Stadium Complex,,10,51.1,511,-0.2999999999999998,2014-05-13,2014
734005,2,10,6,Delhi Capitals,Royal Challengers Bangalore,76,3,7,111,60.0,10.0,7.6,11.1,187,0,"M Chinnaswamy Stadium, Bengaluru",Royal Challengers Bangalore,10,77.7,777,3.5,2014-05-13,2014
734007,2,10,6,Punjab Kings,Sunrisers Hyderabad,131,3,7,75,60.0,10.0,13.1,7.5,206,1,"Rajiv Gandhi International Stadium, Hyderabad",Sunrisers Hyderabad,10,52.5,525,-5.6,2014-05-14,2014
734009,2,10,6,Kolkata Knight Riders,Mumbai Indians,68,1,9,74,60.0,10.0,6.8,7.4,142,1,Barabati Stadium,,10,66.60000000000001,666,0.6000000000000005,2014-05-14,2014
734011,2,10,6,Delhi Capitals,Rajasthan Royals,62,5,5,140,60.0,10.0,6.2,14.0,202,0,"Narendra Modi Stadium, Ahmedabad",,10,70.0,700,7.8,2014-05-15,2014
734013,2,10,6,Royal Challengers Bangalore,Chennai Super Kings,45,1,9,94,60.0,10.0,4.5,9.4,139,1,JSCA International Stadium Complex,,10,84.60000000000001,846,4.9,2014-05-18,2014
734015,2,10,6,Kolkata Knight Riders,Sunrisers Hyderabad,60,2,8,83,60.0,10.0,6.0,8.3,143,1,"Rajiv Gandhi International Stadium, Hyderabad",Sunrisers Hyderabad,10,66.4,664,2.3000000000000007,2014-05-18,2014
734017,2,10,6,Rajasthan Royals,Mumbai Indians,69,5,5,110,60.0,10.0,6.9,11.0,179,0,"Narendra Modi Stadium, Ahmedabad",,10,55.0,550,4.1,2014-05-19,2014
734019,2,10,6,Punjab Kings,Delhi Capitals,95,4,6,70,60.0,10.0,9.5,7.0,165,1,"Arun Jaitley Stadium, Delhi",Delhi Capitals,10,42.0,420,-2.5,2014-05-19,2014
734021,2,10,6,Sunrisers Hyderabad,Royal Challengers Bangalore,72,0,10,89,60.0,10.0,7.2,8.9,161,1,"Rajiv Gandhi International Stadium, Hyderabad",Sunrisers Hyderabad,10,89.0,890,1.7000000000000002,2014-05-20,2014
734023,2,10,6,Kolkata Knight Riders,Chennai Super Kings,88,1,9,67,60.0,10.0,8.8,6.7,155,1,"Eden Gardens, Kolkata",Kolkata Knight Riders,10,60.300000000000004,603,-2.1000000000000005,2014-05-20,2014
734025,2,10,6,Mumbai Indians,Punjab Kings,96,1,9,61,60.0,10.0,9.6,6.1,157,1,"IS Bindra Stadium, Mohali",Punjab Kings,10,54.9,549,-3.5,2014-05-21,2014
734027,2,10,6,Royal Challengers Bangalore,Kolkata Knight Riders,72,1,9,124,60.0,10.0,7.2,12.4,196,0,"Eden Gardens, Kolkata",Kolkata Knight Riders,10,111.60000000000001,1116,5.2,2014-05-22,2014
734029,2,10,6,Sunrisers Hyderabad,Chennai Super Kings,100,0,10,86,60.0,10.0,10.0,8.6,186,1,JSCA International Stadium Complex,,10,86.0,860,-1.4000000000000004,2014-05-22,2014
734031,2,10,6,Delhi Capitals,Mumbai Indians,62,3,7,112,60.0,10.0,6.2,11.2,174,0,"Wankhede Stadium, Mumbai",Mumbai Indians,10,78.39999999999999,784,4.999999999999999,2014-05-23,2014
734033,2,10,7,Rajasthan Royals,Punjab Kings,64,3,7,116,60.0,10.0,6.4,11.6,180,0,"IS Bindra Stadium, Mohali",Punjab Kings,10,81.2,812,5.199999999999999,2014-05-23,2014
734035,2,10,6,Chennai Super Kings,Royal Challengers Bangalore,87,2,8,68,60.0,10.0,8.7,6.8,155,1,"M Chinnaswamy Stadium, Bengaluru",Royal Challengers Bangalore,10,54.4,544,-1.8999999999999995,2014-05-24,2014
734037,2,10,6,Kolkata Knight Riders,Sunrisers Hyderabad,78,4,6,83,60.0,10.0,7.8,8.3,161,1,"Eden Gardens, Kolkata",Kolkata Knight Riders,10,49.800000000000004,498,0.5000000000000009,2014-05-24,2014
734039,2,10,7,Punjab Kings,Delhi Capitals,78,2,8,38,60.0,10.0,7.8,3.8,116,1,"IS Bindra Stadium, Mohali",Punjab Kings,10,30.4,304,-4.0,2014-05-25,2014
734041,2,10,7,Mumbai Indians,Rajasthan Royals,120,4,6,70,60.0,10.0,12.0,7.0,190,1,"Wankhede Stadium, Mumbai",Mumbai Indians,10,42.0,420,-5.0,2014-05-25,2014
734043,2,10,6,Punjab Kings,Kolkata Knight Riders,68,3,7,96,60.0,10.0,6.8,9.6,164,0,"Eden Gardens, Kolkata",Kolkata Knight Riders,10,67.2,672,2.8,2014-05-27,2014
734045,2,10,6,Chennai Super Kings,Mumbai Indians,89,3,7,85,60.0,10.0,8.9,8.5,174,1,"Brabourne Stadium, Mumbai",Mumbai Indians,10,59.5,595,-0.40000000000000036,2014-05-28,2014
734047,2,10,7,Chennai Super Kings,Punjab Kings,122,3,7,105,60.0,10.0,12.2,10.5,227,0,"Wankhede Stadium, Mumbai",,10,73.5,735,-1.6999999999999993,2014-05-30,2014
734049,2,10,6,Kolkata Knight Riders,Punjab Kings,89,2,8,111,60.0,10.0,8.9,11.1,200,1,"M Chinnaswamy Stadium, Bengaluru",,10,88.8,888,2.1999999999999993,2014-06-01,2014
829705,2,10,6,Kolkata Knight Riders,Mumbai Indians,85,1,9,84,60.0,10.0,8.5,8.4,169,1,"Eden Gardens, Kolkata",Kolkata Knight Riders,10,75.60000000000001,756,-0.09999999999999964,2015-04-08,2015
829707,2,10,6,Delhi Capitals,Chennai Super Kings,67,3,7,84,60.0,10.0,6.7,8.4,151,0,"MA Chidambaram Stadium, Chennai",Chennai Super Kings,10,58.800000000000004,588,1.7000000000000002,2015-04-09,2015
829709,2,10,6,Punjab Kings,Rajasthan Royals,66,4,6,97,60.0,10.0,6.6,9.7,163,0,"MCA Stadium, Pune",,10,58.199999999999996,582,3.0999999999999996,2015-04-10,2015
829711,2,10,6,Sunrisers Hyderabad,Chennai Super Kings,80,2,8,130,60.0,10.0,8.0,13.0,210,0,"MA Chidambaram Stadium, Chennai",Chennai Super Kings,10,104.0,1040,5.0,2015-04-11,2015
829713,2,10,6,Royal Challengers Bangalore,Kolkata Knight Riders,77,3,7,101,60.0,10.0,7.7,10.1,178,1,"Eden Gardens, Kolkata",Kolkata Knight Riders,10,70.7,707,2.3999999999999995,2015-04-11,2015
829715,2,10,6,Rajasthan Royals,Delhi Capitals,74,3,7,111,60.0,10.0,7.4,11.1,185,1,"Arun Jaitley Stadium, Delhi",Delhi Capitals,10,77.7,777,3.6999999999999993,2015-04-12,2015
829717,2,10,6,Mumbai Indians,Punjab Kings,32,4,6,146,60.0,10.0,3.2,14.6,178,0,"Wankhede Stadium, Mumbai",Mumbai Indians,10,87.6,876,11.399999999999999,2015-04-12,2015
829719,2,10,6,Sunrisers Hyderabad,Royal Challengers Bangalore,95,2,8,72,60.0,10.0,9.5,7.2,167,1,"M Chinnaswamy Stadium, Bengaluru",Royal Challengers Bangalore,10,57.6,576,-2.3,2015-04-13,2015
829721,2,10,6,Rajasthan Royals,Mumbai Indians,69,1,9,96,60.0,10.0,6.9,9.6,165,1,"Narendra Modi Stadium, Ahmedabad",,10,86.39999999999999,864,2.6999999999999993,2015-04-14,2015
829723,2,10,7,Kolkata Knight Riders,Chennai Super Kings,66,3,7,100,60.0,10.0,6.6,10.0,166,1,"Eden Gardens, Kolkata",Kolkata Knight Riders,10,70.0,700,3.4000000000000004,2015-04-30,2015
829725,2,10,6,Delhi Capitals,Punjab Kings,69,2,8,97,60.0,10.0,6.9,9.7,166,1,"MCA Stadium, Pune",,10,77.6,776,2.799999999999999,2015-04-15,2015
829727,2,10,6,Rajasthan Royals,Sunrisers Hyderabad,63,0,10,65,60.0,10.0,6.3,6.5,128,1,Dr. Y.S. Rajasekhara Reddy ACA-VDCA Cricket Stadium,,10,65.0,650,0.20000000000000018,2015-04-16,2015
829729,2,10,6,Chennai Super Kings,Mumbai Indians,128,2,8,56,60.0,10.0,12.8,5.6,184,1,"Wankhede Stadium, Mumbai",Mumbai Indians,10,44.8,448,-7.200000000000001,2015-04-17,2015
829731,2,10,6,Sunrisers Hyderabad,Delhi Capitals,69,2,8,99,60.0,10.0,6.9,9.9,168,0,Dr. Y.S. Rajasekhara Reddy ACA-VDCA Cricket Stadium,,10,79.2,792,3.0,2015-04-18,2015
829733,2,10,6,Kolkata Knight Riders,Punjab Kings,68,5,5,88,60.0,10.0,6.8,8.8,156,1,"MCA Stadium, Pune",,10,44.0,440,2.000000000000001,2015-04-18,2015
829735,2,10,6,Rajasthan Royals,Chennai Super Kings,88,0,10,69,60.0,10.0,8.8,6.9,157,1,"Narendra Modi Stadium, Ahmedabad",,10,69.0,690,-1.9000000000000004,2015-04-19,2015
829737,2,10,6,Royal Challengers Bangalore,Mumbai Indians,60,2,8,150,60.0,10.0,6.0,15.0,210,0,"M Chinnaswamy Stadium, Bengaluru",Royal Challengers Bangalore,10,120.0,1200,9.0,2015-04-19,2015
829739,2,10,7,Kolkata Knight Riders,Delhi Capitals,79,3,7,68,60.0,10.0,7.9,6.8,147,1,"Arun Jaitley Stadium, Delhi",Delhi Capitals,10,47.6,476,-1.1000000000000005,2015-04-20,2015
829741,2,10,6,Punjab Kings,Rajasthan Royals,67,3,7,125,60.0,10.0,6.7,12.5,192,0,"Narendra Modi Stadium, Ahmedabad",,10,87.5,875,5.8,2015-04-21,2015
829743,2,10,6,Kolkata Knight Riders,Sunrisers Hyderabad,86,3,7,91,60.0,10.0,8.6,9.1,177,0,Dr. Y.S. Rajasekhara Reddy ACA-VDCA Cricket Stadium,,10,63.699999999999996,637,0.5,2015-04-22,2015
829745,2,10,6,Royal Challengers Bangalore,Chennai Super Kings,75,3,7,107,60.0,10.0,7.5,10.7,182,0,"M Chinnaswamy Stadium, Bengaluru",Royal Challengers Bangalore,10,74.89999999999999,749,3.1999999999999993,2015-04-22,2015
829747,2,10,6,Mumbai Indians,Delhi Capitals,81,3,7,110,60.0,10.0,8.1,11.0,191,0,"Arun Jaitley Stadium, Delhi",Delhi Capitals,10,77.0,770,2.9000000000000004,2015-04-23,2015
829749,2,10,6,Royal Challengers Bangalore,Rajasthan Royals,83,1,9,48,60.0,10.0,8.3,4.8,131,1,"Narendra Modi Stadium, Ahmedabad",,10,43.199999999999996,432,-3.500000000000001,2015-04-24,2015
829751,2,10,6,Sunrisers Hyderabad,Mumbai Indians,74,3,7,84,60.0,10.0,7.4,8.4,158,0,"Wankhede Stadium, Mumbai",Mumbai Indians,10,58.800000000000004,588,1.0,2015-04-25,2015
829753,2,10,6,Punjab Kings,Chennai Super Kings,57,5,5,136,60.0,10.0,5.7,13.6,193,0,"MA Chidambaram Stadium, Chennai",Chennai Super Kings,10,68.0,680,7.8999999999999995,2015-04-25,2015
829757,2,10,6,Royal Challengers Bangalore,Delhi Capitals,90,0,10,6,60.0,10.0,9.0,0.6,96,1,"Arun Jaitley Stadium, Delhi",Delhi Capitals,10,6.0,60,-8.4,2015-04-26,2015
829759,2,10,6,Punjab Kings,Sunrisers Hyderabad,61,4,6,90,60.0,10.0,6.1,9.0,151,0,"IS Bindra Stadium, Mohali",Punjab Kings,10,54.0,540,2.9000000000000004,2015-04-27,2015
829761,2,10,6,Delhi Capitals,Kolkata Knight Riders,64,1,9,108,60.0,10.0,6.4,10.8,172,0,"Eden Gardens, Kolkata",Kolkata Knight Riders,10,97.2,972,4.4,2015-05-07,2015
829765,2,10,6,Kolkata Knight Riders,Chennai Super Kings,70,3,7,65,60.0,10.0,7.0,6.5,135,0,"MA Chidambaram Stadium, Chennai",Chennai Super Kings,10,45.5,455,-0.5,2015-04-28,2015
829767,2,10,6,Delhi Capitals,Punjab Kings,75,0,10,44,60.0,10.0,7.5,4.4,119,1,"Arun Jaitley Stadium, Delhi",Delhi Capitals,10,44.0,440,-3.0999999999999996,2015-05-01,2015
829769,2,10,6,Rajasthan Royals,Mumbai Indians,87,2,8,101,60.0,10.0,8.7,10.1,188,0,"Wankhede Stadium, Mumbai",Mumbai Indians,10,80.8,808,1.4000000000000004,2015-05-01,2015
829771,2,10,4,Royal Challengers Bangalore,Kolkata Knight Riders,115,3,7,0,62.0,10.333333333333334,11.896551724137932,0.0,112,1,"M Chinnaswamy Stadium, Bengaluru",Royal Challengers Bangalore,10,0.0,0,-11.896551724137932,2015-05-02,2015
829773,2,10,6,Chennai Super Kings,Sunrisers Hyderabad,87,3,7,106,60.0,10.0,8.7,10.6,193,0,"Rajiv Gandhi International Stadium, Hyderabad",Sunrisers Hyderabad,10,74.2,742,1.9000000000000004,2015-05-02,2015
829775,2,10,6,Punjab Kings,Mumbai Indians,73,2,8,100,60.0,10.0,7.3,10.0,173,0,"IS Bindra Stadium, Mohali",Punjab Kings,10,80.0,800,2.7,2015-05-03,2015
829777,2,10,6,Delhi Capitals,Rajasthan Royals,67,3,7,123,60.0,10.0,6.7,12.3,190,0,"Brabourne Stadium, Mumbai",,10,86.10000000000001,861,5.6000000000000005,2015-05-03,2015
829779,2,10,6,Royal Challengers Bangalore,Chennai Super Kings,71,3,7,78,60.0,10.0,7.1,7.8,149,0,"MA Chidambaram Stadium, Chennai",Chennai Super Kings,10,54.6,546,0.7000000000000002,2015-05-04,2015
829781,2,10,6,Sunrisers Hyderabad,Kolkata Knight Riders,63,4,6,105,60.0,10.0,6.3,10.5,168,0,"Eden Gardens, Kolkata",Kolkata Knight Riders,10,63.0,630,4.2,2015-05-04,2015
829783,2,10,6,Mumbai Indians,Delhi Capitals,61,4,6,92,60.0,10.0,6.1,9.2,153,1,"Wankhede Stadium, Mumbai",Mumbai Indians,10,55.199999999999996,552,3.0999999999999996,2015-05-05,2015
829785,2,10,6,Punjab Kings,Royal Challengers Bangalore,63,8,2,164,60.0,10.0,6.3,16.4,227,0,"M Chinnaswamy Stadium, Bengaluru",Royal Challengers Bangalore,10,32.8,328,10.099999999999998,2015-05-06,2015
829787,2,10,6,Rajasthan Royals,Sunrisers Hyderabad,68,3,7,134,60.0,10.0,6.8,13.4,202,0,"Brabourne Stadium, Mumbai",,10,93.8,938,6.6000000000000005,2015-05-07,2015
829789,2,10,6,Mumbai Indians,Chennai Super Kings,84,0,10,75,60.0,10.0,8.4,7.5,159,1,"MA Chidambaram Stadium, Chennai",Chennai Super Kings,10,75.0,750,-0.9000000000000004,2015-05-08,2015
829791,2,10,6,Kolkata Knight Riders,Punjab Kings,74,3,7,110,60.0,10.0,7.4,11.0,184,1,"Eden Gardens, Kolkata",Kolkata Knight Riders,10,77.0,770,3.5999999999999996,2015-05-09,2015
829793,2,10,6,Delhi Capitals,Sunrisers Hyderabad,65,3,7,99,60.0,10.0,6.5,9.9,164,0,"SVNS Intl Stadium, Raipur",Delhi Capitals,10,69.3,693,3.4000000000000004,2015-05-09,2015
829795,2,10,6,Mumbai Indians,Royal Challengers Bangalore,83,2,8,153,60.0,10.0,8.3,15.3,236,0,"Wankhede Stadium, Mumbai",Mumbai Indians,10,122.4,1224,7.0,2015-05-10,2015
829797,2,10,6,Rajasthan Royals,Chennai Super Kings,63,3,7,95,60.0,10.0,6.3,9.5,158,0,"MA Chidambaram Stadium, Chennai",Chennai Super Kings,10,66.5,665,3.2,2015-05-10,2015
829799,2,10,6,Punjab Kings,Sunrisers Hyderabad,70,4,6,116,60.0,10.0,7.0,11.6,186,0,"Rajiv Gandhi International Stadium, Hyderabad",Sunrisers Hyderabad,10,69.6,696,4.6,2015-05-11,2015
829801,2,10,6,Delhi Capitals,Chennai Super Kings,66,2,8,54,60.0,10.0,6.6,5.4,120,1,"SVNS Intl Stadium, Raipur",Delhi Capitals,10,43.2,432,-1.1999999999999993,2015-05-12,2015
829803,2,10,7,Royal Challengers Bangalore,Punjab Kings,84,6,4,23,60.0,10.0,8.4,2.3,107,0,"IS Bindra Stadium, Mohali",Punjab Kings,10,9.2,92,-6.1000000000000005,2015-05-13,2015
829805,2,10,6,Kolkata Knight Riders,Mumbai Indians,74,2,8,98,60.0,10.0,7.4,9.8,172,0,"Wankhede Stadium, Mumbai",Mumbai Indians,10,78.4,784,2.4000000000000004,2015-05-14,2015
829809,2,10,6,Chennai Super Kings,Punjab Kings,76,2,8,55,60.0,10.0,7.6,5.5,131,1,"IS Bindra Stadium, Mohali",Punjab Kings,10,44.0,440,-2.0999999999999996,2015-05-16,2015
829811,2,10,6,Kolkata Knight Riders,Rajasthan Royals,97,3,7,103,60.0,10.0,9.7,10.3,200,0,"Brabourne Stadium, Mumbai",,10,72.10000000000001,721,0.6000000000000014,2015-05-16,2015
829815,2,10,6,Mumbai Indians,Sunrisers Hyderabad,73,0,10,41,60.0,10.0,7.3,4.1,114,1,"Rajiv Gandhi International Stadium, Hyderabad",Sunrisers Hyderabad,10,41.0,410,-3.2,2015-05-17,2015
829817,2,10,6,Chennai Super Kings,Mumbai Indians,86,2,8,102,60.0,10.0,8.6,10.2,188,0,"Wankhede Stadium, Mumbai",Mumbai Indians,10,81.6,816,1.5999999999999996,2015-05-19,2015
829819,2,10,6,Rajasthan Royals,Royal Challengers Bangalore,68,3,7,113,60.0,10.0,6.8,11.3,181,0,"MCA Stadium, Pune",,10,79.10000000000001,791,4.500000000000001,2015-05-20,2015
829821,2,10,6,Chennai Super Kings,Royal Challengers Bangalore,62,3,7,78,60.0,10.0,6.2,7.8,140,1,JSCA International Stadium Complex,,10,54.6,546,1.5999999999999996,2015-05-22,2015
829823,2,10,7,Chennai Super Kings,Mumbai Indians,67,1,9,136,60.0,10.0,6.7,13.6,203,0,"Eden Gardens, Kolkata",,10,122.39999999999999,1224,6.8999999999999995,2015-05-24,2015
980901,2,10,6,Rising Pune Supergiant,Mumbai Indians,79,1,9,43,60.0,10.0,7.9,4.3,122,1,"Wankhede Stadium, Mumbai",Mumbai Indians,10,38.699999999999996,387,-3.6000000000000005,2016-04-09,2016
980903,2,10,7,Kolkata Knight Riders,Delhi Capitals,69,1,9,30,60.0,10.0,6.9,3.0,99,1,"Eden Gardens, Kolkata",Kolkata Knight Riders,10,27.0,270,-3.9000000000000004,2016-04-10,2016
980905,2,10,6,Gujarat Lions,Punjab Kings,98,2,8,64,60.0,10.0,9.8,6.4,162,1,"IS Bindra Stadium, Mohali",Punjab Kings,10,51.2,512,-3.4000000000000004,2016-04-11,2016
980907,2,10,7,Sunrisers Hyderabad,Royal Challengers Bangalore,92,3,7,136,60.0,10.0,9.2,13.6,228,0,"M Chinnaswamy Stadium, Bengaluru",Royal Challengers Bangalore,10,95.2,952,4.4,2016-04-12,2016
980909,2,10,7,Mumbai Indians,Kolkata Knight Riders,87,1,9,101,60.0,10.0,8.7,10.1,188,1,"Eden Gardens, Kolkata",Kolkata Knight Riders,10,90.89999999999999,909,1.4000000000000004,2016-04-13,2016
980911,2,10,7,Gujarat Lions,Rising Pune Supergiant,93,1,9,71,60.0,10.0,9.3,7.1,164,1,Saurashtra Cricket Association Stadium,,10,63.9,639,-2.200000000000001,2016-04-14,2016
980913,2,10,7,Delhi Capitals,Punjab Kings,68,1,9,44,60.0,10.0,6.8,4.4,112,1,"Arun Jaitley Stadium, Delhi",Delhi Capitals,10,39.6,396,-2.3999999999999995,2016-04-15,2016
980915,2,10,7,Kolkata Knight Riders,Sunrisers Hyderabad,72,0,10,71,60.0,10.0,7.2,7.1,143,1,"Rajiv Gandhi International Stadium, Hyderabad",Sunrisers Hyderabad,10,71.0,710,-0.10000000000000053,2016-04-16,2016
980917,2,10,6,Gujarat Lions,Mumbai Indians,74,2,8,70,60.0,10.0,7.4,7.0,144,1,"Wankhede Stadium, Mumbai",Mumbai Indians,10,56.0,560,-0.40000000000000036,2016-04-16,2016
980919,2,10,6,Punjab Kings,Rising Pune Supergiant,71,0,10,82,60.0,10.0,7.1,8.2,153,1,"IS Bindra Stadium, Mohali",Punjab Kings,10,82.0,820,1.0999999999999996,2016-04-17,2016
980921,2,10,6,Delhi Capitals,Royal Challengers Bangalore,93,2,8,99,60.0,10.0,9.3,9.9,192,1,"M Chinnaswamy Stadium, Bengaluru",Royal Challengers Bangalore,10,79.2,792,0.5999999999999996,2016-04-17,2016
980923,2,10,6,Sunrisers Hyderabad,Mumbai Indians,66,1,9,77,60.0,10.0,6.6,7.7,143,1,"Rajiv Gandhi International Stadium, Hyderabad",Sunrisers Hyderabad,10,69.3,693,1.1000000000000005,2016-04-18,2016
980925,2,10,6,Kolkata Knight Riders,Punjab Kings,93,1,9,46,60.0,10.0,9.3,4.6,139,1,"IS Bindra Stadium, Mohali",Punjab Kings,10,41.4,414,-4.700000000000001,2016-04-19,2016
980927,2,10,6,Mumbai Indians,Royal Challengers Bangalore,81,1,9,90,60.0,10.0,8.1,9.0,171,1,"Wankhede Stadium, Mumbai",Mumbai Indians,10,81.0,810,0.9000000000000004,2016-04-20,2016
980929,2,10,7,Sunrisers Hyderabad,Gujarat Lions,96,0,10,40,60.0,10.0,9.6,4.0,136,1,Saurashtra Cricket Association Stadium,,10,40.0,400,-5.6,2016-04-21,2016
980931,2,10,6,Rising Pune Supergiant,Royal Challengers Bangalore,73,3,7,113,60.0,10.0,7.3,11.3,186,0,"MCA Stadium, Pune",Rising Pune Supergiant,10,79.10000000000001,791,4.000000000000001,2016-04-22,2016
980933,2,10,6,Mumbai Indians,Delhi Capitals,78,2,8,87,60.0,10.0,7.8,8.7,165,0,"Arun Jaitley Stadium, Delhi",Delhi Capitals,10,69.6,696,0.8999999999999995,2016-04-23,2016
980935,2,10,6,Sunrisers Hyderabad,Punjab Kings,90,2,8,54,60.0,10.0,9.0,5.4,144,1,"Rajiv Gandhi International Stadium, Hyderabad",Sunrisers Hyderabad,10,43.2,432,-3.5999999999999996,2016-04-23,2016
980937,2,10,6,Gujarat Lions,Royal Challengers Bangalore,95,2,8,86,60.0,10.0,9.5,8.6,181,1,Saurashtra Cricket Association Stadium,,10,68.8,688,-0.9000000000000004,2016-04-24,2016
980939,2,10,6,Kolkata Knight Riders,Rising Pune Supergiant,78,3,7,83,60.0,10.0,7.8,8.3,161,1,"MCA Stadium, Pune",Rising Pune Supergiant,10,58.10000000000001,581,0.5000000000000009,2016-04-24,2016
980941,2,10,6,Punjab Kings,Mumbai Indians,75,2,8,115,60.0,10.0,7.5,11.5,190,0,"IS Bindra Stadium, Mohali",Punjab Kings,10,92.0,920,4.0,2016-04-25,2016
980943,2,10,6,Rising Pune Supergiant,Sunrisers Hyderabad,88,2,8,31,60.0,10.0,8.8,3.1,119,1,"Rajiv Gandhi International Stadium, Hyderabad",Sunrisers Hyderabad,10,24.8,248,-5.700000000000001,2016-04-26,2016
980945,2,10,6,Delhi Capitals,Gujarat Lions,51,3,7,122,60.0,10.0,5.1,12.2,173,0,"Arun Jaitley Stadium, Delhi",Delhi Capitals,10,85.39999999999999,854,7.1,2016-04-27,2016
980947,2,10,6,Mumbai Indians,Kolkata Knight Riders,85,3,7,90,60.0,10.0,8.5,9.0,175,1,"Wankhede Stadium, Mumbai",Mumbai Indians,10,63.0,630,0.5,2016-04-28,2016
980949,2,10,6,Gujarat Lions,Rising Pune Supergiant,112,1,9,84,60.0,10.0,11.2,8.4,196,1,"MCA Stadium, Pune",Rising Pune Supergiant,10,75.60000000000001,756,-2.799999999999999,2016-04-29,2016
980951,2,10,8,Kolkata Knight Riders,Delhi Capitals,88,3,7,99,60.0,10.0,8.8,9.9,187,0,"Arun Jaitley Stadium, Delhi",Delhi Capitals,10,69.3,693,1.0999999999999996,2016-04-30,2016
980953,2,10,6,Royal Challengers Bangalore,Sunrisers Hyderabad,83,2,8,112,60.0,10.0,8.3,11.2,195,0,"Rajiv Gandhi International Stadium, Hyderabad",Sunrisers Hyderabad,10,89.6,896,2.8999999999999986,2016-04-30,2016
980955,2,10,7,Gujarat Lions,Punjab Kings,57,5,5,98,60.0,10.0,5.7,9.8,155,0,Saurashtra Cricket Association Stadium,,10,49.0,490,4.1000000000000005,2016-05-01,2016
980957,2,10,6,Mumbai Indians,Rising Pune Supergiant,76,1,9,84,60.0,10.0,7.6,8.4,160,1,"MCA Stadium, Pune",Rising Pune Supergiant,10,75.60000000000001,756,0.8000000000000007,2016-05-01,2016
980959,2,10,6,Kolkata Knight Riders,Royal Challengers Bangalore,69,3,7,117,60.0,10.0,6.9,11.7,186,1,"M Chinnaswamy Stadium, Bengaluru",Royal Challengers Bangalore,10,81.89999999999999,819,4.799999999999999,2016-05-02,2016
980961,2,10,6,Delhi Capitals,Gujarat Lions,93,0,10,57,60.0,10.0,9.3,5.7,150,1,Saurashtra Cricket Association Stadium,,10,57.0,570,-3.6000000000000005,2016-05-03,2016
980963,2,10,6,Punjab Kings,Kolkata Knight Riders,64,4,6,101,60.0,10.0,6.4,10.1,165,0,"Eden Gardens, Kolkata",Kolkata Knight Riders,10,60.599999999999994,606,3.6999999999999993,2016-05-04,2016
980965,2,10,6,Rising Pune Supergiant,Delhi Capitals,74,1,9,89,60.0,10.0,7.4,8.9,163,1,"Arun Jaitley Stadium, Delhi",Delhi Capitals,10,80.10000000000001,801,1.5,2016-05-05,2016
980967,2,10,6,Sunrisers Hyderabad,Gujarat Lions,57,3,7,70,60.0,10.0,5.7,7.0,127,1,"Rajiv Gandhi International Stadium, Hyderabad",Sunrisers Hyderabad,10,49.0,490,1.2999999999999998,2016-05-06,2016
980969,2,10,6,Royal Challengers Bangalore,Rising Pune Supergiant,81,0,10,111,60.0,10.0,8.1,11.1,192,1,"M Chinnaswamy Stadium, Bengaluru",Royal Challengers Bangalore,10,111.0,1110,3.0,2016-05-07,2016
980971,2,10,6,Delhi Capitals,Punjab Kings,91,1,9,91,60.0,10.0,9.1,9.1,182,0,"IS Bindra Stadium, Mohali",Punjab Kings,10,81.89999999999999,819,0.0,2016-05-07,2016
980973,2,10,6,Mumbai Indians,Sunrisers Hyderabad,54,7,3,124,60.0,10.0,5.4,12.4,178,0,Dr. Y.S. Rajasekhara Reddy ACA-VDCA Cricket Stadium,,10,37.2,372,7.0,2016-05-08,2016
980975,2,10,6,Gujarat Lions,Kolkata Knight Riders,89,2,8,70,60.0,10.0,8.9,7.0,159,1,"Eden Gardens, Kolkata",Kolkata Knight Riders,10,56.0,560,-1.9000000000000004,2016-05-08,2016
980977,2,10,6,Punjab Kings,Royal Challengers Bangalore,83,1,9,93,60.0,10.0,8.3,9.3,176,0,"IS Bindra Stadium, Mohali",Punjab Kings,10,83.7,837,1.0,2016-05-09,2016
980979,2,10,6,Rising Pune Supergiant,Sunrisers Hyderabad,52,2,8,86,60.0,10.0,5.2,8.6,138,0,Dr. Y.S. Rajasekhara Reddy ACA-VDCA Cricket Stadium,,10,68.8,688,3.3999999999999995,2016-05-10,2016
980981,2,10,6,Mumbai Indians,Royal Challengers Bangalore,60,2,8,92,60.0,10.0,6.0,9.2,152,1,"M Chinnaswamy Stadium, Bengaluru",Royal Challengers Bangalore,10,73.6,736,3.1999999999999993,2016-05-11,2016
980983,2,10,6,Delhi Capitals,Sunrisers Hyderabad,78,3,7,69,60.0,10.0,7.8,6.9,147,1,"Rajiv Gandhi International Stadium, Hyderabad",Sunrisers Hyderabad,10,48.300000000000004,483,-0.8999999999999995,2016-05-12,2016
980985,2,10,6,Punjab Kings,Mumbai Indians,61,1,9,64,60.0,10.0,6.1,6.4,125,1,Dr. Y.S. Rajasekhara Reddy ACA-VDCA Cricket Stadium,,10,57.6,576,0.3000000000000007,2016-05-13,2016
980987,2,10,6,Gujarat Lions,Royal Challengers Bangalore,54,5,5,195,60.0,10.0,5.4,19.5,249,0,"M Chinnaswamy Stadium, Bengaluru",Royal Challengers Bangalore,10,97.5,975,14.1,2016-05-14,2016
980991,2,10,7,Sunrisers Hyderabad,Punjab Kings,78,1,9,102,60.0,10.0,7.8,10.2,180,1,"IS Bindra Stadium, Mohali",Punjab Kings,10,91.8,918,2.3999999999999995,2016-05-15,2016
980993,2,10,7,Delhi Capitals,Mumbai Indians,81,4,6,126,60.0,10.0,8.1,12.6,207,0,Dr. Y.S. Rajasekhara Reddy ACA-VDCA Cricket Stadium,,10,75.6,756,4.5,2016-05-15,2016
980995,2,10,6,Royal Challengers Bangalore,Kolkata Knight Riders,91,1,9,93,60.0,10.0,9.1,9.3,184,1,"Eden Gardens, Kolkata",Kolkata Knight Riders,10,83.7,837,0.20000000000000107,2016-05-16,2016
980997,2,10,6,Rising Pune Supergiant,Delhi Capitals,63,1,9,59,60.0,10.0,6.3,5.9,122,1,Dr. Y.S. Rajasekhara Reddy ACA-VDCA Cricket Stadium,,10,53.1,531,-0.39999999999999947,2016-05-17,2016
980999,2,10,6,Punjab Kings,Royal Challengers Bangalore,90,7,3,122,60.0,10.0,9.0,12.2,212,0,"M Chinnaswamy Stadium, Bengaluru",Royal Challengers Bangalore,10,36.599999999999994,366,3.1999999999999993,2016-05-18,2016
981001,2,10,7,Gujarat Lions,Kolkata Knight Riders,97,4,6,28,60.0,10.0,9.7,2.8,125,1,Green Park,,10,16.799999999999997,168,-6.8999999999999995,2016-05-19,2016
981003,2,10,6,Delhi Capitals,Sunrisers Hyderabad,68,1,9,91,60.0,10.0,6.8,9.1,159,1,"SVNS Intl Stadium, Raipur",Delhi Capitals,10,81.89999999999999,819,2.3,2016-05-20,2016
981005,2,10,6,Rising Pune Supergiant,Punjab Kings,62,2,8,111,60.0,10.0,6.2,11.1,173,1,Dr. Y.S. Rajasekhara Reddy ACA-VDCA Cricket Stadium,,10,88.8,888,4.8999999999999995,2016-05-21,2016
981007,2,10,6,Gujarat Lions,Mumbai Indians,100,2,8,73,60.0,10.0,10.0,7.3,173,1,Green Park,,10,58.4,584,-2.7,2016-05-21,2016
981009,2,10,6,Sunrisers Hyderabad,Kolkata Knight Riders,73,1,9,99,60.0,10.0,7.3,9.9,172,0,"Eden Gardens, Kolkata",Kolkata Knight Riders,10,89.10000000000001,891,2.6000000000000005,2016-05-22,2016
981011,2,10,6,Royal Challengers Bangalore,Delhi Capitals,83,2,8,56,60.0,10.0,8.3,5.6,139,1,"SVNS Intl Stadium, Raipur",Delhi Capitals,10,44.8,448,-2.700000000000001,2016-05-22,2016
981013,2,10,6,Royal Challengers Bangalore,Gujarat Lions,70,6,4,89,60.0,10.0,7.0,8.9,159,1,"M Chinnaswamy Stadium, Bengaluru",Royal Challengers Bangalore,10,35.6,356,1.9000000000000004,2016-05-24,2016
981015,2,10,6,Kolkata Knight Riders,Sunrisers Hyderabad,66,3,7,97,60.0,10.0,6.6,9.7,163,0,"Arun Jaitley Stadium, Delhi",,10,67.89999999999999,679,3.0999999999999996,2016-05-25,2016
981017,2,10,6,Sunrisers Hyderabad,Gujarat Lions,66,3,7,97,60.0,10.0,6.6,9.7,163,1,"Arun Jaitley Stadium, Delhi",,10,67.89999999999999,679,3.0999999999999996,2016-05-27,2016
981019,2,10,6,Royal Challengers Bangalore,Sunrisers Hyderabad,112,0,10,97,60.0,10.0,11.2,9.7,209,0,"M Chinnaswamy Stadium, Bengaluru",Royal Challengers Bangalore,10,97.0,970,-1.5,2016-05-29,2016
1082591,2,10,7,Royal Challengers Bangalore,Sunrisers Hyderabad,98,2,8,110,60.0,10.0,9.8,11.0,208,0,"Rajiv Gandhi International Stadium, Hyderabad",Sunrisers Hyderabad,10,88.0,880,1.1999999999999993,2017-04-05,2017
1082592,2,10,6,Rising Pune Supergiant,Mumbai Indians,93,1,9,92,60.0,10.0,9.3,9.2,185,1,"MCA Stadium, Pune",Rising Pune Supergiant,10,82.8,828,-0.10000000000000142,2017-04-06,2017
1082593,2,10,6,Kolkata Knight Riders,Gujarat Lions,116,0,10,68,60.0,10.0,11.6,6.8,184,1,Saurashtra Cricket Association Stadium,,10,68.0,680,-4.8,2017-04-07,2017
1082594,2,10,6,Punjab Kings,Rising Pune Supergiant,73,2,8,91,60.0,10.0,7.3,9.1,164,1,"Holkar Cricket Stadium, Indore",Punjab Kings,10,72.8,728,1.7999999999999998,2017-04-08,2017
1082595,2,10,6,Delhi Capitals,Royal Challengers Bangalore,79,3,7,79,60.0,10.0,7.9,7.9,158,0,M.Chinnaswamy Stadium,Royal Challengers Bangalore,10,55.300000000000004,553,0.0,2017-04-08,2017
1082596,2,10,7,Sunrisers Hyderabad,Gujarat Lions,89,1,9,47,60.0,10.0,8.9,4.7,136,1,"Rajiv Gandhi International Stadium, Hyderabad",Sunrisers Hyderabad,10,42.300000000000004,423,-4.2,2017-04-09,2017
1082597,2,10,6,Mumbai Indians,Kolkata Knight Riders,74,3,7,105,60.0,10.0,7.4,10.5,179,1,"Wankhede Stadium, Mumbai",Mumbai Indians,10,73.5,735,3.0999999999999996,2017-04-09,2017
1082598,2,10,6,Punjab Kings,Royal Challengers Bangalore,97,2,8,52,60.0,10.0,9.7,5.2,149,1,"Holkar Cricket Stadium, Indore",Punjab Kings,10,41.6,416,-4.499999999999999,2017-04-10,2017
1082599,2,10,6,Rising Pune Supergiant,Delhi Capitals,68,5,5,138,60.0,10.0,6.8,13.8,206,0,"MCA Stadium, Pune",Rising Pune Supergiant,10,69.0,690,7.000000000000001,2017-04-11,2017
1082600,2,10,6,Mumbai Indians,Sunrisers Hyderabad,85,3,7,74,60.0,10.0,8.5,7.4,159,1,"Wankhede Stadium, Mumbai",Mumbai Indians,10,51.800000000000004,518,-1.0999999999999996,2017-04-12,2017
1082601,2,10,6,Kolkata Knight Riders,Punjab Kings,116,2,8,55,60.0,10.0,11.6,5.5,171,1,"Eden Gardens, Kolkata",Kolkata Knight Riders,10,44.0,440,-6.1,2017-04-13,2017
1082602,2,10,6,Mumbai Indians,Royal Challengers Bangalore,48,5,5,95,60.0,10.0,4.8,9.5,143,1,"M Chinnaswamy Stadium, Bengaluru",Royal Challengers Bangalore,10,47.5,475,4.7,2017-04-14,2017
1082603,2,10,6,Gujarat Lions,Rising Pune Supergiant,96,1,9,76,60.0,10.0,9.6,7.6,172,1,Saurashtra Cricket Association Stadium,,10,68.39999999999999,684,-2.0,2017-04-14,2017
1082604,2,10,6,Sunrisers Hyderabad,Kolkata Knight Riders,59,2,8,114,60.0,10.0,5.9,11.4,173,0,"Eden Gardens, Kolkata",Kolkata Knight Riders,10,91.2,912,5.5,2017-04-15,2017
1082605,2,10,6,Punjab Kings,Delhi Capitals,64,4,6,125,60.0,10.0,6.4,12.5,189,0,"Arun Jaitley Stadium, Delhi",Delhi Capitals,10,75.0,750,6.1,2017-04-15,2017
1082606,2,10,6,Mumbai Indians,Gujarat Lions,89,2,8,88,60.0,10.0,8.9,8.8,177,1,"Wankhede Stadium, Mumbai",Mumbai Indians,10,70.4,704,-0.09999999999999964,2017-04-16,2017
1082607,2,10,6,Royal Challengers Bangalore,Rising Pune Supergiant,67,2,8,95,60.0,10.0,6.7,9.5,162,0,"M Chinnaswamy Stadium, Bengaluru",Royal Challengers Bangalore,10,76.0,760,2.8,2017-04-16,2017
1082608,2,10,7,Kolkata Knight Riders,Delhi Capitals,88,3,7,81,60.0,10.0,8.8,8.1,169,1,"Arun Jaitley Stadium, Delhi",Delhi Capitals,10,56.699999999999996,567,-0.7000000000000011,2017-04-17,2017
1082609,2,10,6,Punjab Kings,Sunrisers Hyderabad,62,5,5,98,60.0,10.0,6.2,9.8,160,0,"Rajiv Gandhi International Stadium, Hyderabad",Sunrisers Hyderabad,10,49.0,490,3.6000000000000005,2017-04-17,2017
1082610,2,10,7,Gujarat Lions,Royal Challengers Bangalore,103,3,7,111,60.0,10.0,10.3,11.1,214,0,Saurashtra Cricket Association Stadium,,10,77.7,777,0.7999999999999989,2017-04-18,2017
1082611,2,10,6,Delhi Capitals,Sunrisers Hyderabad,87,3,7,105,60.0,10.0,8.7,10.5,192,0,"Rajiv Gandhi International Stadium, Hyderabad",Sunrisers Hyderabad,10,73.5,735,1.8000000000000007,2017-04-19,2017
1082612,2,10,6,Mumbai Indians,Punjab Kings,123,1,9,76,60.0,10.0,12.3,7.6,199,1,"Holkar Cricket Stadium, Indore",Punjab Kings,10,68.39999999999999,684,-4.700000000000001,2017-04-20,2017
1082613,2,10,6,Gujarat Lions,Kolkata Knight Riders,99,3,7,89,60.0,10.0,9.9,8.9,188,1,"Eden Gardens, Kolkata",Kolkata Knight Riders,10,62.300000000000004,623,-1.0,2017-04-21,2017
1082614,2,10,6,Delhi Capitals,Mumbai Indians,57,6,4,86,60.0,10.0,5.7,8.6,143,0,"Wankhede Stadium, Mumbai",Mumbai Indians,10,34.4,344,2.8999999999999995,2017-04-22,2017
1082615,2,10,6,Rising Pune Supergiant,Sunrisers Hyderabad,83,1,9,94,60.0,10.0,8.3,9.4,177,1,"MCA Stadium, Pune",Rising Pune Supergiant,10,84.60000000000001,846,1.0999999999999996,2017-04-22,2017
1082616,2,10,7,Gujarat Lions,Punjab Kings,82,3,7,107,60.0,10.0,8.2,10.7,189,0,Saurashtra Cricket Association Stadium,,10,74.89999999999999,749,2.5,2017-04-23,2017
1082617,2,10,4,Royal Challengers Bangalore,Kolkata Knight Riders,49,10,0,83,62.0,10.333333333333334,5.06896551724138,8.032258064516128,132,0,"Eden Gardens, Kolkata",Kolkata Knight Riders,10,0.0,0,2.9632925472747482,2017-04-23,2017
1082618,2,10,6,Mumbai Indians,Rising Pune Supergiant,68,3,7,93,60.0,10.0,6.8,9.3,161,0,"Wankhede Stadium, Mumbai",Mumbai Indians,10,65.10000000000001,651,2.500000000000001,2017-04-24,2017
1082620,2,10,6,Kolkata Knight Riders,Rising Pune Supergiant,101,1,9,82,60.0,10.0,10.1,8.2,183,1,"MCA Stadium, Pune",Rising Pune Supergiant,10,73.8,738,-1.9000000000000004,2017-04-26,2017
1082621,2,10,7,Gujarat Lions,Royal Challengers Bangalore,89,2,8,46,60.0,10.0,8.9,4.6,135,1,"M Chinnaswamy Stadium, Bengaluru",Royal Challengers Bangalore,10,36.8,368,-4.300000000000001,2017-04-27,2017
1082622,2,10,6,Kolkata Knight Riders,Delhi Capitals,101,1,9,60,60.0,10.0,10.1,6.0,161,1,"Eden Gardens, Kolkata",Kolkata Knight Riders,10,54.0,540,-4.1,2017-04-28,2017
1082623,2,10,6,Punjab Kings,Sunrisers Hyderabad,76,3,7,132,60.0,10.0,7.6,13.2,208,0,"IS Bindra Stadium, Mohali",Punjab Kings,10,92.39999999999999,924,5.6,2017-04-28,2017
1082624,2,10,6,Royal Challengers Bangalore,Rising Pune Supergiant,49,5,5,109,60.0,10.0,4.9,10.9,158,0,"MCA Stadium, Pune",Rising Pune Supergiant,10,54.5,545,6.0,2017-04-29,2017
1082625,2,10,6,Mumbai Indians,Gujarat Lions,82,2,8,72,60.0,10.0,8.2,7.2,154,0,Saurashtra Cricket Association Stadium,,10,57.6,576,-0.9999999999999991,2017-04-29,2017
1082627,2,10,7,Kolkata Knight Riders,Sunrisers Hyderabad,82,2,8,128,60.0,10.0,8.2,12.8,210,0,"Rajiv Gandhi International Stadium, Hyderabad",Sunrisers Hyderabad,10,102.4,1024,4.600000000000001,2017-04-30,2017
1082628,2,10,6,Mumbai Indians,Royal Challengers Bangalore,74,3,7,89,60.0,10.0,7.4,8.9,163,1,"Wankhede Stadium, Mumbai",Mumbai Indians,10,62.300000000000004,623,1.5,2017-05-01,2017
1082629,2,10,6,Rising Pune Supergiant,Gujarat Lions,67,4,6,95,60.0,10.0,6.7,9.5,162,1,"MCA Stadium, Pune",Rising Pune Supergiant,10,57.0,570,2.8,2017-05-01,2017
1082630,2,10,7,Delhi Capitals,Sunrisers Hyderabad,96,2,8,90,60.0,10.0,9.6,9.0,186,1,"Arun Jaitley Stadium, Delhi",Delhi Capitals,10,72.0,720,-0.5999999999999996,2017-05-02,2017
1082631,2,10,6,Rising Pune Supergiant,Kolkata Knight Riders,96,3,7,60,60.0,10.0,9.6,6.0,156,1,"Eden Gardens, Kolkata",Kolkata Knight Riders,10,42.0,420,-3.5999999999999996,2017-05-03,2017
1082632,2,10,6,Delhi Capitals,Gujarat Lions,113,1,9,96,60.0,10.0,11.3,9.6,209,1,"Arun Jaitley Stadium, Delhi",Delhi Capitals,10,86.39999999999999,864,-1.700000000000001,2017-05-04,2017
1082633,2,10,6,Royal Challengers Bangalore,Punjab Kings,68,4,6,71,60.0,10.0,6.8,7.1,139,0,"M Chinnaswamy Stadium, Bengaluru",Royal Challengers Bangalore,10,42.599999999999994,426,0.2999999999999998,2017-05-05,2017
1082634,2,10,7,Sunrisers Hyderabad,Rising Pune Supergiant,74,2,8,75,60.0,10.0,7.4,7.5,149,0,"Rajiv Gandhi International Stadium, Hyderabad",Sunrisers Hyderabad,10,60.0,600,0.09999999999999964,2017-05-06,2017
1082635,2,10,6,Delhi Capitals,Mumbai Indians,50,8,2,163,60.0,10.0,5.0,16.3,213,0,"Arun Jaitley Stadium, Delhi",Delhi Capitals,10,32.6,326,11.3,2017-05-06,2017
1082636,2,10,6,Kolkata Knight Riders,Royal Challengers Bangalore,126,2,8,33,60.0,10.0,12.6,3.3,159,1,"M Chinnaswamy Stadium, Bengaluru",Royal Challengers Bangalore,10,26.4,264,-9.3,2017-05-07,2017
1082637,2,10,6,Gujarat Lions,Punjab Kings,103,1,9,87,60.0,10.0,10.3,8.7,190,1,"IS Bindra Stadium, Mohali",Punjab Kings,10,78.3,783,-1.6000000000000014,2017-05-07,2017
1082638,2,10,6,Sunrisers Hyderabad,Mumbai Indians,83,1,9,56,60.0,10.0,8.3,5.6,139,1,"Rajiv Gandhi International Stadium, Hyderabad",Sunrisers Hyderabad,10,50.4,504,-2.700000000000001,2017-05-08,2017
1082639,2,10,6,Kolkata Knight Riders,Punjab Kings,79,3,7,89,60.0,10.0,7.9,8.9,168,0,"IS Bindra Stadium, Mohali",Punjab Kings,10,62.300000000000004,623,1.0,2017-05-09,2017
1082640,2,10,6,Delhi Capitals,Gujarat Lions,92,4,6,104,60.0,10.0,9.2,10.4,196,1,Green Park,,10,62.400000000000006,624,1.200000000000001,2017-05-10,2017
1082641,2,10,6,Mumbai Indians,Punjab Kings,108,2,8,123,60.0,10.0,10.8,12.3,231,0,"Wankhede Stadium, Mumbai",Mumbai Indians,10,98.4,984,1.5,2017-05-11,2017
1082642,2,10,6,Rising Pune Supergiant,Delhi Capitals,78,3,7,91,60.0,10.0,7.8,9.1,169,0,"Arun Jaitley Stadium, Delhi",Delhi Capitals,10,63.699999999999996,637,1.2999999999999998,2017-05-12,2017
1082643,2,10,6,Sunrisers Hyderabad,Gujarat Lions,82,2,8,73,60.0,10.0,8.2,7.3,155,1,Green Park,,10,58.4,584,-0.8999999999999995,2017-05-13,2017
1082644,2,10,6,Kolkata Knight Riders,Mumbai Indians,92,5,5,82,60.0,10.0,9.2,8.2,174,0,"Eden Gardens, Kolkata",Kolkata Knight Riders,10,41.0,410,-1.0,2017-05-13,2017
1082645,2,10,6,Rising Pune Supergiant,Punjab Kings,62,1,9,12,60.0,10.0,6.2,1.2,74,1,"MCA Stadium, Pune",Rising Pune Supergiant,10,10.799999999999999,108,-5.0,2017-05-14,2017
1082646,2,10,7,Delhi Capitals,Royal Challengers Bangalore,76,2,8,86,60.0,10.0,7.6,8.6,162,0,"Arun Jaitley Stadium, Delhi",Delhi Capitals,10,68.8,688,1.0,2017-05-14,2017
1082647,2,10,6,Mumbai Indians,Rising Pune Supergiant,71,4,6,92,60.0,10.0,7.1,9.2,163,0,"Wankhede Stadium, Mumbai",Mumbai Indians,10,55.199999999999996,552,2.0999999999999996,2017-05-16,2017
1082649,2,10,6,Mumbai Indians,Kolkata Knight Riders,64,3,7,44,60.0,10.0,6.4,4.4,108,1,"M Chinnaswamy Stadium, Bengaluru",,10,30.800000000000004,308,-2.0,2017-05-19,2017
1082650,2,10,6,Rising Pune Supergiant,Mumbai Indians,58,1,9,72,60.0,10.0,5.8,7.2,130,0,"Rajiv Gandhi International Stadium, Hyderabad",,10,64.8,648,1.4000000000000004,2017-05-21,2017
1136561,2,10,7,Chennai Super Kings,Mumbai Indians,56,4,6,110,60.0,10.0,5.6,11.0,166,1,"Wankhede Stadium, Mumbai",Mumbai Indians,10,66.0,660,5.4,2018-04-07,2018
1136562,2,10,6,Punjab Kings,Delhi Capitals,99,3,7,68,60.0,10.0,9.9,6.8,167,1,Punjab Cricket Association IS Bindra Stadium,,10,47.6,476,-3.1000000000000005,2018-04-08,2018
1136563,2,10,6,Kolkata Knight Riders,Royal Challengers Bangalore,98,3,7,79,60.0,10.0,9.8,7.9,177,1,"Eden Gardens, Kolkata",Kolkata Knight Riders,10,55.300000000000004,553,-1.9000000000000004,2018-04-08,2018
1136564,2,10,6,Sunrisers Hyderabad,Rajasthan Royals,89,1,9,37,60.0,10.0,8.9,3.7,126,1,Rajiv Gandhi International Stadium,Sunrisers Hyderabad,10,33.300000000000004,333,-5.2,2018-04-09,2018
1136565,2,10,6,Chennai Super Kings,Kolkata Knight Riders,90,2,8,113,60.0,10.0,9.0,11.3,203,1,"MA Chidambaram Stadium, Chennai",Chennai Super Kings,10,90.4,904,2.3000000000000007,2018-04-10,2018
1136567,2,10,6,Sunrisers Hyderabad,Mumbai Indians,87,3,7,61,60.0,10.0,8.7,6.1,148,1,Rajiv Gandhi International Stadium,Sunrisers Hyderabad,10,42.699999999999996,427,-2.5999999999999996,2018-04-12,2018
1136568,2,10,6,Royal Challengers Bangalore,Punjab Kings,79,2,8,77,60.0,10.0,7.9,7.7,156,1,M.Chinnaswamy Stadium,Royal Challengers Bangalore,10,61.6,616,-0.20000000000000018,2018-04-13,2018
1136569,2,10,6,Delhi Capitals,Mumbai Indians,104,1,9,91,60.0,10.0,10.4,9.1,195,1,"Wankhede Stadium, Mumbai",Mumbai Indians,10,81.89999999999999,819,-1.3000000000000007,2018-04-14,2018
1136570,2,10,6,Sunrisers Hyderabad,Kolkata Knight Riders,62,3,7,77,60.0,10.0,6.2,7.7,139,1,"Eden Gardens, Kolkata",Kolkata Knight Riders,10,53.9,539,1.5,2018-04-14,2018
1136571,2,10,6,Royal Challengers Bangalore,Rajasthan Royals,100,2,8,118,60.0,10.0,10.0,11.8,218,0,M.Chinnaswamy Stadium,Royal Challengers Bangalore,10,94.4,944,1.8000000000000007,2018-04-15,2018
1136572,2,10,6,Chennai Super Kings,Punjab Kings,85,3,7,113,60.0,10.0,8.5,11.3,198,0,Punjab Cricket Association IS Bindra Stadium,,10,79.10000000000001,791,2.8000000000000007,2018-04-15,2018
1136573,2,10,6,Delhi Capitals,Kolkata Knight Riders,99,5,5,102,60.0,10.0,9.9,10.2,201,0,"Eden Gardens, Kolkata",Kolkata Knight Riders,10,51.0,510,0.29999999999999893,2018-04-16,2018
1136574,2,10,7,Royal Challengers Bangalore,Mumbai Indians,76,4,6,138,60.0,10.0,7.6,13.8,214,0,"Wankhede Stadium, Mumbai",Mumbai Indians,10,82.80000000000001,828,6.200000000000001,2018-04-17,2018
1136575,2,10,7,Kolkata Knight Riders,Rajasthan Royals,87,2,8,74,60.0,10.0,8.7,7.4,161,1,"Sawai Mansingh Stadium, Jaipur",Rajasthan Royals,10,59.2,592,-1.299999999999999,2018-04-18,2018
1136576,2,10,6,Sunrisers Hyderabad,Punjab Kings,72,3,7,122,60.0,10.0,7.2,12.2,194,0,Punjab Cricket Association IS Bindra Stadium,,10,85.39999999999999,854,4.999999999999999,2018-04-19,2018
1136577,2,10,6,Rajasthan Royals,Chennai Super Kings,77,3,7,128,60.0,10.0,7.7,12.8,205,0,"MCA Stadium, Pune",,10,89.60000000000001,896,5.1000000000000005,2018-04-20,2018
1136578,2,10,6,Punjab Kings,Kolkata Knight Riders,117,1,9,75,60.0,10.0,11.7,7.5,192,1,"Eden Gardens, Kolkata",Kolkata Knight Riders,10,67.5,675,-4.199999999999999,2018-04-21,2018
1136579,2,10,6,Royal Challengers Bangalore,Delhi Capitals,82,2,8,93,60.0,10.0,8.2,9.3,175,1,M.Chinnaswamy Stadium,Royal Challengers Bangalore,10,74.4,744,1.1000000000000014,2018-04-21,2018
1136580,2,10,6,Sunrisers Hyderabad,Chennai Super Kings,71,3,7,112,60.0,10.0,7.1,11.2,183,0,Rajiv Gandhi International Stadium,Sunrisers Hyderabad,10,78.39999999999999,784,4.1,2018-04-22,2018
1136581,2,10,7,Rajasthan Royals,Mumbai Indians,70,2,8,98,60.0,10.0,7.0,9.8,168,1,"Sawai Mansingh Stadium, Jaipur",Rajasthan Royals,10,78.4,784,2.8000000000000007,2018-04-22,2018
1136582,2,10,6,Delhi Capitals,Punjab Kings,65,4,6,79,60.0,10.0,6.5,7.9,144,0,"Arun Jaitley Stadium, Delhi",Delhi Capitals,10,47.400000000000006,474,1.4000000000000004,2018-04-23,2018
1136583,2,10,6,Mumbai Indians,Sunrisers Hyderabad,52,3,7,67,60.0,10.0,5.2,6.7,119,0,"Wankhede Stadium, Mumbai",Mumbai Indians,10,46.9,469,1.5,2018-04-24,2018
1136584,2,10,6,Chennai Super Kings,Royal Challengers Bangalore,83,4,6,123,60.0,10.0,8.3,12.3,206,1,M.Chinnaswamy Stadium,Royal Challengers Bangalore,10,73.80000000000001,738,4.0,2018-04-25,2018
1136585,2,10,6,Punjab Kings,Sunrisers Hyderabad,67,2,8,66,60.0,10.0,6.7,6.6,133,0,Rajiv Gandhi International Stadium,Sunrisers Hyderabad,10,52.8,528,-0.10000000000000053,2018-04-26,2018
1136586,2,10,6,Kolkata Knight Riders,Delhi Capitals,83,5,5,137,60.0,10.0,8.3,13.7,220,0,"Arun Jaitley Stadium, Delhi",Delhi Capitals,10,68.5,685,5.399999999999999,2018-04-27,2018
1136587,2,10,6,Mumbai Indians,Chennai Super Kings,71,1,9,99,60.0,10.0,7.1,9.9,170,1,"MCA Stadium, Pune",,10,89.10000000000001,891,2.8000000000000007,2018-04-28,2018
1136588,2,10,6,Rajasthan Royals,Sunrisers Hyderabad,72,2,8,80,60.0,10.0,7.2,8.0,152,0,"Sawai Mansingh Stadium, Jaipur",Rajasthan Royals,10,64.0,640,0.7999999999999998,2018-04-29,2018
1136589,2,10,6,Kolkata Knight Riders,Royal Challengers Bangalore,88,1,9,88,60.0,10.0,8.8,8.8,176,1,M.Chinnaswamy Stadium,Royal Challengers Bangalore,10,79.2,792,0.0,2018-04-29,2018
1136590,2,10,7,Delhi Capitals,Chennai Super Kings,78,4,6,134,60.0,10.0,7.8,13.4,212,0,"MCA Stadium, Pune",,10,80.4,804,5.6000000000000005,2018-04-30,2018
1136591,2,10,6,Mumbai Indians,Royal Challengers Bangalore,77,4,6,91,60.0,10.0,7.7,9.1,168,0,M.Chinnaswamy Stadium,Royal Challengers Bangalore,10,54.599999999999994,546,1.3999999999999995,2018-05-01,2018
1136592,2,10,6,Rajasthan Royals,Delhi Capitals,121,4,6,76,60.0,10.0,12.1,7.6,197,0,"Arun Jaitley Stadium, Delhi",Delhi Capitals,10,45.599999999999994,456,-4.5,2018-05-02,2018
1136593,2,10,6,Kolkata Knight Riders,Chennai Super Kings,90,3,7,88,60.0,10.0,9.0,8.8,178,1,"Eden Gardens, Kolkata",Kolkata Knight Riders,10,61.60000000000001,616,-0.1999999999999993,2018-05-03,2018
1136594,2,10,6,Mumbai Indians,Punjab Kings,67,1,9,108,60.0,10.0,6.7,10.8,175,1,"Holkar Cricket Stadium, Indore",Punjab Kings,10,97.2,972,4.1000000000000005,2018-05-04,2018
1136595,2,10,6,Chennai Super Kings,Royal Challengers Bangalore,71,2,8,57,60.0,10.0,7.1,5.7,128,1,"MCA Stadium, Pune",,10,45.6,456,-1.3999999999999995,2018-05-05,2018
1136596,2,10,6,Sunrisers Hyderabad,Delhi Capitals,82,1,9,82,60.0,10.0,8.2,8.2,164,1,Rajiv Gandhi International Stadium,Sunrisers Hyderabad,10,73.8,738,0.0,2018-05-05,2018
1136597,2,10,6,Kolkata Knight Riders,Mumbai Indians,91,2,8,91,60.0,10.0,9.1,9.1,182,0,"Wankhede Stadium, Mumbai",Mumbai Indians,10,72.8,728,0.0,2018-05-06,2018
1136598,2,10,6,Punjab Kings,Rajasthan Royals,68,2,8,85,60.0,10.0,6.8,8.5,153,1,"Holkar Cricket Stadium, Indore",Punjab Kings,10,68.0,680,1.7000000000000002,2018-05-06,2018
1136599,2,10,6,Royal Challengers Bangalore,Sunrisers Hyderabad,75,3,7,72,60.0,10.0,7.5,7.2,147,0,Rajiv Gandhi International Stadium,Sunrisers Hyderabad,10,50.4,504,-0.2999999999999998,2018-05-07,2018
1136600,2,10,6,Punjab Kings,Rajasthan Royals,55,4,6,104,60.0,10.0,5.5,10.4,159,0,"Sawai Mansingh Stadium, Jaipur",Rajasthan Royals,10,62.400000000000006,624,4.9,2018-05-08,2018
1136601,2,10,6,Kolkata Knight Riders,Mumbai Indians,72,6,4,139,60.0,10.0,7.2,13.9,211,0,"Eden Gardens, Kolkata",Kolkata Knight Riders,10,55.6,556,6.7,2018-05-09,2018
1136602,2,10,6,Sunrisers Hyderabad,Delhi Capitals,91,1,9,97,60.0,10.0,9.1,9.7,188,1,"Arun Jaitley Stadium, Delhi",Delhi Capitals,10,87.3,873,0.5999999999999996,2018-05-10,2018
1136603,2,10,6,Rajasthan Royals,Chennai Super Kings,88,2,8,89,60.0,10.0,8.8,8.9,177,1,"Sawai Mansingh Stadium, Jaipur",Rajasthan Royals,10,71.2,712,0.09999999999999964,2018-05-11,2018
1136604,2,10,6,Punjab Kings,Kolkata Knight Riders,101,4,6,145,60.0,10.0,10.1,14.5,246,0,"Holkar Cricket Stadium, Indore",Punjab Kings,10,87.0,870,4.4,2018-05-12,2018
1136605,2,10,7,Royal Challengers Bangalore,Delhi Capitals,95,2,8,87,60.0,10.0,9.5,8.7,182,1,"Arun Jaitley Stadium, Delhi",Delhi Capitals,10,69.6,696,-0.8000000000000007,2018-05-12,2018
1136606,2,10,6,Chennai Super Kings,Sunrisers Hyderabad,93,0,10,87,60.0,10.0,9.3,8.7,180,1,"MCA Stadium, Pune",,10,87.0,870,-0.6000000000000014,2018-05-13,2018
1136607,2,10,6,Rajasthan Royals,Mumbai Indians,83,1,9,86,60.0,10.0,8.3,8.6,169,1,"Wankhede Stadium, Mumbai",Mumbai Indians,10,77.39999999999999,774,0.29999999999999893,2018-05-13,2018
1136609,2,10,6,Kolkata Knight Riders,Rajasthan Royals,80,3,7,63,60.0,10.0,8.0,6.3,143,1,"Eden Gardens, Kolkata",Kolkata Knight Riders,10,44.1,441,-1.7000000000000002,2018-05-15,2018
1136610,2,10,6,Punjab Kings,Mumbai Indians,86,1,9,101,60.0,10.0,8.6,10.1,187,0,"Wankhede Stadium, Mumbai",Mumbai Indians,10,90.89999999999999,909,1.5,2018-05-16,2018
1136611,2,10,6,Sunrisers Hyderabad,Royal Challengers Bangalore,91,2,8,128,60.0,10.0,9.1,12.8,219,0,M.Chinnaswamy Stadium,Royal Challengers Bangalore,10,102.4,1024,3.700000000000001,2018-05-17,2018
1136612,2,10,6,Chennai Super Kings,Delhi Capitals,70,2,8,93,60.0,10.0,7.0,9.3,163,0,"Arun Jaitley Stadium, Delhi",Delhi Capitals,10,74.4,744,2.3000000000000007,2018-05-18,2018
1136613,2,10,6,Royal Challengers Bangalore,Rajasthan Royals,84,3,7,81,60.0,10.0,8.4,8.1,165,0,"Sawai Mansingh Stadium, Jaipur",Rajasthan Royals,10,56.699999999999996,567,-0.3000000000000007,2018-05-19,2018
1136614,2,10,6,Kolkata Knight Riders,Sunrisers Hyderabad,90,1,9,83,60.0,10.0,9.0,8.3,173,1,Rajiv Gandhi International Stadium,Sunrisers Hyderabad,10,74.7,747,-0.6999999999999993,2018-05-19,2018
1136615,2,10,6,Mumbai Indians,Delhi Capitals,80,5,5,95,60.0,10.0,8.0,9.5,175,0,"Arun Jaitley Stadium, Delhi",Delhi Capitals,10,47.5,475,1.5,2018-05-20,2018
1136616,2,10,6,Chennai Super Kings,Punjab Kings,58,3,7,96,60.0,10.0,5.8,9.6,154,1,"MCA Stadium, Pune",,10,67.2,672,3.8,2018-05-20,2018
1136617,2,10,6,Chennai Super Kings,Sunrisers Hyderabad,50,4,6,90,60.0,10.0,5.0,9.0,140,1,"Wankhede Stadium, Mumbai",,10,54.0,540,4.0,2018-05-22,2018
1136618,2,10,6,Rajasthan Royals,Kolkata Knight Riders,87,1,9,83,60.0,10.0,8.7,8.3,170,0,"Eden Gardens, Kolkata",Kolkata Knight Riders,10,74.7,747,-0.3999999999999986,2018-05-23,2018
1136619,2,10,6,Kolkata Knight Riders,Sunrisers Hyderabad,93,2,8,82,60.0,10.0,9.3,8.2,175,0,"Eden Gardens, Kolkata",Kolkata Knight Riders,10,65.6,656,-1.1000000000000014,2018-05-25,2018
1136620,2,10,6,Chennai Super Kings,Sunrisers Hyderabad,80,1,9,99,60.0,10.0,8.0,9.9,179,1,"Wankhede Stadium, Mumbai",,10,89.10000000000001,891,1.9000000000000004,2018-05-27,2018
1175356,2,10,6,Chennai Super Kings,Royal Challengers Bangalore,42,2,8,29,60.0,10.0,4.2,2.9,71,1,"MA Chidambaram Stadium, Chennai",Chennai Super Kings,10,23.2,232,-1.3000000000000003,2019-03-23,2019
1175357,2,10,6,Kolkata Knight Riders,Sunrisers Hyderabad,70,1,9,112,60.0,10.0,7.0,11.2,182,1,"Eden Gardens, Kolkata",Kolkata Knight Riders,10,100.8,1008,4.199999999999999,2019-03-24,2019
1175358,2,10,6,Mumbai Indians,Delhi Capitals,89,3,7,125,60.0,10.0,8.9,12.5,214,0,"Wankhede Stadium, Mumbai",Mumbai Indians,10,87.5,875,3.5999999999999996,2019-03-24,2019
1175359,2,10,6,Rajasthan Royals,Punjab Kings,96,1,9,89,60.0,10.0,9.6,8.9,185,0,"Sawai Mansingh Stadium, Jaipur",Rajasthan Royals,10,80.10000000000001,801,-0.6999999999999993,2019-03-25,2019
1175360,2,10,6,Chennai Super Kings,Delhi Capitals,97,2,8,51,60.0,10.0,9.7,5.1,148,1,"Arun Jaitley Stadium, Delhi",Delhi Capitals,10,40.8,408,-4.6,2019-03-26,2019
1175361,2,10,6,Punjab Kings,Kolkata Knight Riders,77,3,7,142,60.0,10.0,7.7,14.2,219,0,"Eden Gardens, Kolkata",Kolkata Knight Riders,10,99.39999999999999,994,6.499999999999999,2019-03-27,2019
1175362,2,10,6,Royal Challengers Bangalore,Mumbai Indians,82,2,8,106,60.0,10.0,8.2,10.6,188,0,M.Chinnaswamy Stadium,Royal Challengers Bangalore,10,84.8,848,2.4000000000000004,2019-03-28,2019
1175363,2,10,6,Sunrisers Hyderabad,Rajasthan Royals,115,1,9,84,60.0,10.0,11.5,8.4,199,1,Rajiv Gandhi International Stadium,Sunrisers Hyderabad,10,75.60000000000001,756,-3.0999999999999996,2019-03-29,2019
1175364,2,10,7,Punjab Kings,Mumbai Indians,84,1,9,93,60.0,10.0,8.4,9.3,177,1,Punjab Cricket Association IS Bindra Stadium,,10,83.7,837,0.9000000000000004,2019-03-30,2019
1175365,2,10,7,Delhi Capitals,Kolkata Knight Riders,82,1,9,104,60.0,10.0,8.2,10.4,186,0,"Arun Jaitley Stadium, Delhi",Delhi Capitals,10,93.60000000000001,936,2.200000000000001,2019-03-30,2019
1175366,2,10,6,Royal Challengers Bangalore,Sunrisers Hyderabad,44,6,4,188,60.0,10.0,4.4,18.8,232,0,Rajiv Gandhi International Stadium,Sunrisers Hyderabad,10,75.2,752,14.4,2019-03-31,2019
1175367,2,10,6,Rajasthan Royals,Chennai Super Kings,75,4,6,101,60.0,10.0,7.5,10.1,176,0,"MA Chidambaram Stadium, Chennai",Chennai Super Kings,10,60.599999999999994,606,2.5999999999999996,2019-03-31,2019
1175368,2,10,6,Delhi Capitals,Punjab Kings,83,3,7,84,60.0,10.0,8.3,8.4,167,0,Punjab Cricket Association IS Bindra Stadium,,10,58.800000000000004,588,0.09999999999999964,2019-04-01,2019
1175369,2,10,7,Rajasthan Royals,Royal Challengers Bangalore,80,1,9,79,60.0,10.0,8.0,7.9,159,1,"Sawai Mansingh Stadium, Jaipur",Rajasthan Royals,10,71.10000000000001,711,-0.09999999999999964,2019-04-02,2019
1175370,2,10,6,Chennai Super Kings,Mumbai Indians,66,3,7,105,60.0,10.0,6.6,10.5,171,0,"Wankhede Stadium, Mumbai",Mumbai Indians,10,73.5,735,3.9000000000000004,2019-04-03,2019
1175371,2,10,6,Sunrisers Hyderabad,Delhi Capitals,81,2,8,49,60.0,10.0,8.1,4.9,130,1,"Arun Jaitley Stadium, Delhi",Delhi Capitals,10,39.2,392,-3.1999999999999993,2019-04-04,2019
1175372,2,10,6,Kolkata Knight Riders,Royal Challengers Bangalore,94,2,8,112,60.0,10.0,9.4,11.2,206,1,M.Chinnaswamy Stadium,Royal Challengers Bangalore,10,89.6,896,1.799999999999999,2019-04-05,2019
1178393,2,10,6,Punjab Kings,Chennai Super Kings,71,2,8,90,60.0,10.0,7.1,9.0,161,0,"MA Chidambaram Stadium, Chennai",Chennai Super Kings,10,72.0,720,1.9000000000000004,2019-04-06,2019
1178394,2,10,6,Sunrisers Hyderabad,Mumbai Indians,59,3,7,78,60.0,10.0,5.9,7.8,137,0,Rajiv Gandhi International Stadium,Sunrisers Hyderabad,10,54.6,546,1.8999999999999995,2019-04-06,2019
1178395,2,10,6,Delhi Capitals,Royal Challengers Bangalore,80,2,8,70,60.0,10.0,8.0,7.0,150,1,M.Chinnaswamy Stadium,Royal Challengers Bangalore,10,56.0,560,-1.0,2019-04-07,2019
1178396,2,10,6,Kolkata Knight Riders,Rajasthan Royals,105,1,9,35,60.0,10.0,10.5,3.5,140,1,"Sawai Mansingh Stadium, Jaipur",Rajasthan Royals,10,31.5,315,-7.0,2019-04-07,2019
1178397,2,10,6,Punjab Kings,Sunrisers Hyderabad,69,1,9,82,60.0,10.0,6.9,8.2,151,1,Punjab Cricket Association IS Bindra Stadium,,10,73.8,738,1.299999999999999,2019-04-08,2019
1178398,2,10,6,Chennai Super Kings,Kolkata Knight Riders,57,2,8,52,60.0,10.0,5.7,5.2,109,1,"MA Chidambaram Stadium, Chennai",Chennai Super Kings,10,41.6,416,-0.5,2019-04-09,2019
1178399,2,10,7,Mumbai Indians,Punjab Kings,65,3,7,133,60.0,10.0,6.5,13.3,198,1,"Wankhede Stadium, Mumbai",Mumbai Indians,10,93.10000000000001,931,6.800000000000001,2019-04-10,2019
1178400,2,10,6,Chennai Super Kings,Rajasthan Royals,50,4,6,102,60.0,10.0,5.0,10.2,152,1,"Sawai Mansingh Stadium, Jaipur",Rajasthan Royals,10,61.199999999999996,612,5.199999999999999,2019-04-11,2019
1178401,2,10,6,Delhi Capitals,Kolkata Knight Riders,88,2,8,91,60.0,10.0,8.8,9.1,179,1,"Eden Gardens, Kolkata",Kolkata Knight Riders,10,72.8,728,0.29999999999999893,2019-04-12,2019
1178402,2,10,7,Rajasthan Royals,Mumbai Indians,100,1,9,88,60.0,10.0,10.0,8.8,188,1,"Wankhede Stadium, Mumbai",Mumbai Indians,10,79.2,792,-1.1999999999999993,2019-04-13,2019
1178403,2,10,6,Royal Challengers Bangalore,Punjab Kings,88,1,9,86,60.0,10.0,8.8,8.6,174,1,Punjab Cricket Association IS Bindra Stadium,,10,77.39999999999999,774,-0.20000000000000107,2019-04-13,2019
1178404,2,10,6,Chennai Super Kings,Kolkata Knight Riders,70,3,7,92,60.0,10.0,7.0,9.2,162,1,"Eden Gardens, Kolkata",Kolkata Knight Riders,10,64.39999999999999,644,2.1999999999999993,2019-04-14,2019
1178405,2,10,7,Sunrisers Hyderabad,Delhi Capitals,73,1,9,83,60.0,10.0,7.3,8.3,156,0,Rajiv Gandhi International Stadium,Sunrisers Hyderabad,10,74.7,747,1.0000000000000009,2019-04-14,2019
1178406,2,10,6,Mumbai Indians,Royal Challengers Bangalore,97,2,8,75,60.0,10.0,9.7,7.5,172,1,"Wankhede Stadium, Mumbai",Mumbai Indians,10,60.0,600,-2.1999999999999993,2019-04-15,2019
1178407,2,10,6,Rajasthan Royals,Punjab Kings,89,1,9,94,60.0,10.0,8.9,9.4,183,0,Punjab Cricket Association IS Bindra Stadium,,10,84.60000000000001,846,0.5,2019-04-16,2019
1178408,2,10,6,Sunrisers Hyderabad,Chennai Super Kings,85,2,8,48,60.0,10.0,8.5,4.8,133,1,Rajiv Gandhi International Stadium,Sunrisers Hyderabad,10,38.4,384,-3.7,2019-04-17,2019
1178409,2,10,6,Delhi Capitals,Mumbai Indians,63,3,7,106,60.0,10.0,6.3,10.6,169,0,"Arun Jaitley Stadium, Delhi",Delhi Capitals,10,74.2,742,4.3,2019-04-18,2019
1178410,2,10,7,Kolkata Knight Riders,Royal Challengers Bangalore,60,3,7,154,60.0,10.0,6.0,15.4,214,0,"Eden Gardens, Kolkata",Kolkata Knight Riders,10,107.8,1078,9.4,2019-04-19,2019
1178411,2,10,6,Rajasthan Royals,Mumbai Indians,90,3,7,72,60.0,10.0,9.0,7.2,162,1,"Sawai Mansingh Stadium, Jaipur",Rajasthan Royals,10,50.4,504,-1.7999999999999998,2019-04-20,2019
1178412,2,10,8,Delhi Capitals,Punjab Kings,90,1,9,74,60.0,10.0,9.0,7.4,164,1,"Arun Jaitley Stadium, Delhi",Delhi Capitals,10,66.60000000000001,666,-1.5999999999999996,2019-04-20,2019
1178413,2,10,6,Sunrisers Hyderabad,Kolkata Knight Riders,109,0,10,51,60.0,10.0,10.9,5.1,160,1,Rajiv Gandhi International Stadium,Sunrisers Hyderabad,10,51.0,510,-5.800000000000001,2019-04-21,2019
1178414,2,10,6,Chennai Super Kings,Royal Challengers Bangalore,57,4,6,105,60.0,10.0,5.7,10.5,162,0,M.Chinnaswamy Stadium,Royal Challengers Bangalore,10,63.0,630,4.8,2019-04-21,2019
1178415,2,10,6,Delhi Capitals,Rajasthan Royals,81,2,8,111,60.0,10.0,8.1,11.1,192,1,"Sawai Mansingh Stadium, Jaipur",Rajasthan Royals,10,88.8,888,3.0,2019-04-22,2019
1178416,2,10,7,Chennai Super Kings,Sunrisers Hyderabad,80,2,8,96,60.0,10.0,8.0,9.6,176,1,"MA Chidambaram Stadium, Chennai",Chennai Super Kings,10,76.8,768,1.5999999999999996,2019-04-23,2019
1178417,2,10,6,Punjab Kings,Royal Challengers Bangalore,105,2,8,98,60.0,10.0,10.5,9.8,203,0,M.Chinnaswamy Stadium,Royal Challengers Bangalore,10,78.4,784,-0.6999999999999993,2019-04-24,2019
1178418,2,10,7,Rajasthan Royals,Kolkata Knight Riders,78,3,7,98,60.0,10.0,7.8,9.8,176,1,"Eden Gardens, Kolkata",Kolkata Knight Riders,10,68.60000000000001,686,2.000000000000001,2019-04-25,2019
1178419,2,10,9,Chennai Super Kings,Mumbai Indians,60,5,5,96,60.0,10.0,6.0,9.6,156,0,"MA Chidambaram Stadium, Chennai",Chennai Super Kings,10,48.0,480,3.5999999999999996,2019-04-26,2019
1178420,2,10,6,Rajasthan Royals,Sunrisers Hyderabad,79,1,9,82,60.0,10.0,7.9,8.2,161,1,"Sawai Mansingh Stadium, Jaipur",Rajasthan Royals,10,73.8,738,0.29999999999999893,2019-04-27,2019
1178421,2,10,6,Royal Challengers Bangalore,Delhi Capitals,90,2,8,98,60.0,10.0,9.0,9.8,188,0,"Arun Jaitley Stadium, Delhi",Delhi Capitals,10,78.4,784,0.8000000000000007,2019-04-28,2019
1178422,2,10,6,Mumbai Indians,Kolkata Knight Riders,78,4,6,155,60.0,10.0,7.8,15.5,233,0,"Eden Gardens, Kolkata",Kolkata Knight Riders,10,93.0,930,7.7,2019-04-28,2019
1178423,2,10,6,Punjab Kings,Sunrisers Hyderabad,81,2,8,132,60.0,10.0,8.1,13.2,213,0,Rajiv Gandhi International Stadium,Sunrisers Hyderabad,10,105.6,1056,5.1,2019-04-29,2019
1178425,2,10,6,Delhi Capitals,Chennai Super Kings,80,4,6,100,60.0,10.0,8.0,10.0,180,0,"MA Chidambaram Stadium, Chennai",Chennai Super Kings,10,60.0,600,2.0,2019-05-01,2019
1178426,2,10,7,Sunrisers Hyderabad,Mumbai Indians,80,3,7,83,60.0,10.0,8.0,8.3,163,0,"Wankhede Stadium, Mumbai",Mumbai Indians,10,58.10000000000001,581,0.3000000000000007,2019-05-02,2019
1178427,2,10,6,Kolkata Knight Riders,Punjab Kings,98,1,9,86,60.0,10.0,9.8,8.6,184,1,Punjab Cricket Association IS Bindra Stadium,,10,77.39999999999999,774,-1.200000000000001,2019-05-03,2019
1178428,2,10,6,Delhi Capitals,Rajasthan Royals,70,3,7,46,60.0,10.0,7.0,4.6,116,1,"Arun Jaitley Stadium, Delhi",Delhi Capitals,10,32.199999999999996,322,-2.4000000000000004,2019-05-04,2019
1178429,2,10,6,Royal Challengers Bangalore,Sunrisers Hyderabad,77,3,7,99,60.0,10.0,7.7,9.9,176,1,M.Chinnaswamy Stadium,Royal Challengers Bangalore,10,69.3,693,2.2,2019-05-04,2019
1178430,2,10,8,Punjab Kings,Chennai Super Kings,106,0,10,65,60.0,10.0,10.6,6.5,171,1,Punjab Cricket Association IS Bindra Stadium,,10,65.0,650,-4.1,2019-05-05,2019
1178431,2,10,6,Mumbai Indians,Kolkata Knight Riders,76,1,9,58,60.0,10.0,7.6,5.8,134,1,"Wankhede Stadium, Mumbai",Mumbai Indians,10,52.199999999999996,522,-1.7999999999999998,2019-05-05,2019
1181764,2,10,6,Mumbai Indians,Chennai Super Kings,69,2,8,63,60.0,10.0,6.9,6.3,132,1,"MA Chidambaram Stadium, Chennai",Chennai Super Kings,10,50.4,504,-0.6000000000000005,2019-05-07,2019
1181766,2,10,6,Delhi Capitals,Sunrisers Hyderabad,83,1,9,80,60.0,10.0,8.3,8.0,163,1,Dr. Y.S. Rajasekhara Reddy ACA-VDCA Cricket Stadium,,10,72.0,720,-0.3000000000000007,2019-05-08,2019
1181767,2,10,6,Chennai Super Kings,Delhi Capitals,81,0,10,67,60.0,10.0,8.1,6.7,148,1,Dr. Y.S. Rajasekhara Reddy ACA-VDCA Cricket Stadium,,10,67.0,670,-1.3999999999999995,2019-05-10,2019
1181768,2,10,6,Chennai Super Kings,Mumbai Indians,72,2,8,78,60.0,10.0,7.2,7.8,150,0,Rajiv Gandhi International Stadium,,10,62.4,624,0.5999999999999996,2019-05-12,2019
1216492,2,10,6,Chennai Super Kings,Mumbai Indians,70,2,8,93,60.0,10.0,7.0,9.3,163,1,"Sheikh Zayed Stadium, Abu Dhabi",,10,74.4,744,2.3000000000000007,2020-09-19,2020/21
1216493,2,10,6,Punjab Kings,Delhi Capitals,55,5,5,103,60.0,10.0,5.5,10.3,158,0,"Dubai International Cricket Stadium, Dubai",,10,51.5,515,4.800000000000001,2020-09-20,2020/21
1216494,2,10,6,Royal Challengers Bangalore,Kolkata Knight Riders,63,2,8,22,60.0,10.0,6.3,2.2,85,1,"Sheikh Zayed Stadium, Abu Dhabi",,10,17.6,176,-4.1,2020-10-21,2020/21
1216495,2,10,6,Sunrisers Hyderabad,Mumbai Indians,89,0,10,61,60.0,10.0,8.9,6.1,150,1,"Sharjah Cricket Stadium, Sharjah",,10,61.0,610,-2.8000000000000007,2020-11-03,2020/21
1216496,2,10,6,Chennai Super Kings,Rajasthan Royals,82,4,6,135,60.0,10.0,8.2,13.5,217,0,"Sharjah Cricket Stadium, Sharjah",,10,81.0,810,5.300000000000001,2020-09-22,2020/21
1216497,2,10,6,Delhi Capitals,Kolkata Knight Riders,64,2,8,131,60.0,10.0,6.4,13.1,195,0,"Sheikh Zayed Stadium, Abu Dhabi",,10,104.8,1048,6.699999999999999,2020-10-24,2020/21
1216498,2,10,6,Sunrisers Hyderabad,Punjab Kings,70,3,7,57,60.0,10.0,7.0,5.7,127,0,"Dubai International Cricket Stadium, Dubai",,10,39.9,399,-1.2999999999999998,2020-10-24,2020/21
1216499,2,10,6,Mumbai Indians,Royal Challengers Bangalore,70,2,8,95,60.0,10.0,7.0,9.5,165,1,"Sheikh Zayed Stadium, Abu Dhabi",,10,76.0,760,2.5,2020-10-28,2020/21
1216500,2,10,6,Rajasthan Royals,Delhi Capitals,65,2,8,120,60.0,10.0,6.5,12.0,185,0,"Sharjah Cricket Stadium, Sharjah",,10,96.0,960,5.5,2020-10-09,2020/21
1216501,2,10,6,Chennai Super Kings,Kolkata Knight Riders,90,1,9,78,60.0,10.0,9.0,7.8,168,0,"Sheikh Zayed Stadium, Abu Dhabi",,10,70.2,702,-1.2000000000000002,2020-10-07,2020/21
1216502,2,10,6,Sunrisers Hyderabad,Royal Challengers Bangalore,74,2,8,47,60.0,10.0,7.4,4.7,121,1,"Sharjah Cricket Stadium, Sharjah",,10,37.6,376,-2.7,2020-10-31,2020/21
1216503,2,10,6,Punjab Kings,Mumbai Indians,72,3,7,120,60.0,10.0,7.2,12.0,192,0,"Sheikh Zayed Stadium, Abu Dhabi",,10,84.0,840,4.8,2020-10-01,2020/21
1216504,2,10,6,Rajasthan Royals,Kolkata Knight Riders,61,5,5,114,60.0,10.0,6.1,11.4,175,0,"Dubai International Cricket Stadium, Dubai",,10,57.0,570,5.300000000000001,2020-09-30,2020/21
1216505,2,10,6,Delhi Capitals,Royal Challengers Bangalore,81,1,9,72,60.0,10.0,8.1,7.2,153,1,"Sheikh Zayed Stadium, Abu Dhabi",,10,64.8,648,-0.8999999999999995,2020-11-02,2020/21
1216506,2,10,6,Chennai Super Kings,Punjab Kings,84,1,9,70,60.0,10.0,8.4,7.0,154,1,"Sheikh Zayed Stadium, Abu Dhabi",,10,63.0,630,-1.4000000000000004,2020-11-01,2020/21
1216507,2,10,6,Rajasthan Royals,Sunrisers Hyderabad,67,4,6,92,60.0,10.0,6.7,9.2,159,1,"Dubai International Cricket Stadium, Dubai",,10,55.199999999999996,552,2.499999999999999,2020-10-11,2020/21
1216508,2,10,7,Kolkata Knight Riders,Mumbai Indians,71,2,8,125,60.0,10.0,7.1,12.5,196,0,"Sheikh Zayed Stadium, Abu Dhabi",,10,100.0,1000,5.4,2020-09-23,2020/21
1216509,2,10,7,Delhi Capitals,Chennai Super Kings,76,2,8,104,60.0,10.0,7.6,10.4,180,1,"Sharjah Cricket Stadium, Sharjah",,10,83.2,832,2.8000000000000007,2020-10-17,2020/21
1216510,2,10,6,Royal Challengers Bangalore,Punjab Kings,63,5,5,144,60.0,10.0,6.3,14.4,207,0,"Dubai International Cricket Stadium, Dubai",,10,72.0,720,8.100000000000001,2020-09-24,2020/21
1216511,2,10,6,Rajasthan Royals,Mumbai Indians,63,4,6,131,60.0,10.0,6.3,13.1,194,0,"Sheikh Zayed Stadium, Abu Dhabi",,10,78.6,786,6.8,2020-10-06,2020/21
1216512,2,10,6,Sunrisers Hyderabad,Kolkata Knight Riders,74,3,7,90,60.0,10.0,7.4,9.0,164,0,"Sheikh Zayed Stadium, Abu Dhabi",,10,63.0,630,1.5999999999999996,2020-10-18,2020/21
1216513,2,10,6,Chennai Super Kings,Punjab Kings,101,0,10,78,60.0,10.0,10.1,7.8,179,1,"Dubai International Cricket Stadium, Dubai",,10,78.0,780,-2.3,2020-10-04,2020/21
1216514,2,10,6,Royal Challengers Bangalore,Rajasthan Royals,77,1,9,78,60.0,10.0,7.7,7.8,155,1,"Sheikh Zayed Stadium, Abu Dhabi",,10,70.2,702,0.09999999999999964,2020-10-03,2020/21
1216515,2,10,6,Kolkata Knight Riders,Delhi Capitals,94,3,7,135,60.0,10.0,9.4,13.5,229,0,"Sharjah Cricket Stadium, Sharjah",,10,94.5,945,4.1,2020-10-03,2020/21
1216516,2,10,6,Chennai Super Kings,Sunrisers Hyderabad,44,4,6,121,60.0,10.0,4.4,12.1,165,0,"Dubai International Cricket Stadium, Dubai",,10,72.6,726,7.699999999999999,2020-10-02,2020/21
1216517,2,10,6,Punjab Kings,Mumbai Indians,87,2,8,90,60.0,10.0,8.7,9.0,177,0,"Dubai International Cricket Stadium, Dubai",,10,72.0,720,0.3000000000000007,2020-10-18,2020/21
1216518,2,10,6,Sunrisers Hyderabad,Rajasthan Royals,79,2,8,76,60.0,10.0,7.9,7.6,155,1,"Dubai International Cricket Stadium, Dubai",,10,60.8,608,-0.3000000000000007,2020-10-22,2020/21
1216519,2,10,6,Royal Challengers Bangalore,Delhi Capitals,63,3,7,134,60.0,10.0,6.3,13.4,197,0,"Dubai International Cricket Stadium, Dubai",,10,93.8,938,7.1000000000000005,2020-10-05,2020/21
1216520,2,10,6,Punjab Kings,Kolkata Knight Riders,67,1,9,83,60.0,10.0,6.7,8.3,150,1,"Sharjah Cricket Stadium, Sharjah",,10,74.7,747,1.6000000000000005,2020-10-26,2020/21
1216521,2,10,6,Mumbai Indians,Chennai Super Kings,98,0,10,17,60.0,10.0,9.8,1.7,115,1,"Sharjah Cricket Stadium, Sharjah",,10,17.0,170,-8.100000000000001,2020-10-23,2020/21
1216522,2,10,6,Royal Challengers Bangalore,Rajasthan Royals,77,1,9,101,60.0,10.0,7.7,10.1,178,1,"Dubai International Cricket Stadium, Dubai",,10,90.89999999999999,909,2.3999999999999995,2020-10-17,2020/21
1216523,2,10,6,Punjab Kings,Kolkata Knight Riders,76,0,10,89,60.0,10.0,7.6,8.9,165,0,"Sheikh Zayed Stadium, Abu Dhabi",,10,89.0,890,1.3000000000000007,2020-10-10,2020/21
1216524,2,10,6,Delhi Capitals,Sunrisers Hyderabad,73,4,6,147,60.0,10.0,7.3,14.7,220,0,"Dubai International Cricket Stadium, Dubai",,10,88.19999999999999,882,7.3999999999999995,2020-10-27,2020/21
1216525,2,10,6,Chennai Super Kings,Royal Challengers Bangalore,47,2,8,123,60.0,10.0,4.7,12.3,170,0,"Dubai International Cricket Stadium, Dubai",,10,98.4,984,7.6000000000000005,2020-10-10,2020/21
1216526,2,10,6,Mumbai Indians,Kolkata Knight Riders,90,0,10,59,60.0,10.0,9.0,5.9,149,1,"Sheikh Zayed Stadium, Abu Dhabi",,10,59.0,590,-3.0999999999999996,2020-10-16,2020/21
1216527,2,10,6,Rajasthan Royals,Punjab Kings,104,2,8,120,60.0,10.0,10.4,12.0,224,1,"Sharjah Cricket Stadium, Sharjah",,10,96.0,960,1.5999999999999996,2020-09-27,2020/21
1216528,2,10,6,Sunrisers Hyderabad,Chennai Super Kings,60,3,7,108,60.0,10.0,6.0,10.8,168,0,"Dubai International Cricket Stadium, Dubai",,10,75.60000000000001,756,4.800000000000001,2020-10-13,2020/21
1216529,2,10,6,Mumbai Indians,Delhi Capitals,78,2,8,85,60.0,10.0,7.8,8.5,163,1,"Sheikh Zayed Stadium, Abu Dhabi",,10,68.0,680,0.7000000000000002,2020-10-11,2020/21
1216530,2,10,6,Rajasthan Royals,Kolkata Knight Riders,74,5,5,118,60.0,10.0,7.4,11.8,192,0,"Dubai International Cricket Stadium, Dubai",,10,59.0,590,4.4,2020-11-01,2020/21
1216531,2,10,6,Punjab Kings,Royal Challengers Bangalore,84,1,9,88,60.0,10.0,8.4,8.8,172,1,"Sharjah Cricket Stadium, Sharjah",,10,79.2,792,0.40000000000000036,2020-10-15,2020/21
1216532,2,10,6,Delhi Capitals,Sunrisers Hyderabad,54,2,8,109,60.0,10.0,5.4,10.9,163,0,"Sheikh Zayed Stadium, Abu Dhabi",,10,87.2,872,5.5,2020-09-29,2020/21
1216533,2,10,7,Rajasthan Royals,Chennai Super Kings,59,3,7,67,60.0,10.0,5.9,6.7,126,1,"Sheikh Zayed Stadium, Abu Dhabi",,10,46.9,469,0.7999999999999998,2020-10-19,2020/21
1216534,2,10,6,Sunrisers Hyderabad,Royal Challengers Bangalore,78,1,9,86,60.0,10.0,7.8,8.6,164,0,"Dubai International Cricket Stadium, Dubai",,10,77.39999999999999,774,0.7999999999999998,2020-09-21,2020/21
1216535,2,10,6,Mumbai Indians,Delhi Capitals,68,0,10,43,60.0,10.0,6.8,4.3,111,1,"Dubai International Cricket Stadium, Dubai",,10,43.0,430,-2.5,2020-10-31,2020/21
1216536,2,10,7,Chennai Super Kings,Kolkata Knight Riders,74,1,9,99,60.0,10.0,7.4,9.9,173,1,"Dubai International Cricket Stadium, Dubai",,10,89.10000000000001,891,2.5,2020-10-29,2020/21
1216537,2,10,7,Rajasthan Royals,Punjab Kings,103,1,9,83,60.0,10.0,10.3,8.3,186,1,"Sheikh Zayed Stadium, Abu Dhabi",,10,74.7,747,-2.0,2020-10-30,2020/21
1216538,2,10,7,Sunrisers Hyderabad,Mumbai Indians,94,2,8,115,60.0,10.0,9.4,11.5,209,0,"Sharjah Cricket Stadium, Sharjah",,10,92.0,920,2.0999999999999996,2020-10-04,2020/21
1216539,2,10,6,Chennai Super Kings,Delhi Capitals,47,3,7,129,60.0,10.0,4.7,12.9,176,0,"Dubai International Cricket Stadium, Dubai",,10,90.3,903,8.2,2020-09-25,2020/21
1216540,2,10,6,Kolkata Knight Riders,Royal Challengers Bangalore,61,3,7,134,60.0,10.0,6.1,13.4,195,0,"Sharjah Cricket Stadium, Sharjah",,10,93.8,938,7.300000000000001,2020-10-12,2020/21
1216541,2,10,6,Rajasthan Royals,Mumbai Indians,99,2,8,97,60.0,10.0,9.9,9.7,196,1,"Sheikh Zayed Stadium, Abu Dhabi",,10,77.6,776,-0.20000000000000107,2020-10-25,2020/21
1216542,2,10,6,Punjab Kings,Sunrisers Hyderabad,96,3,7,106,60.0,10.0,9.6,10.6,202,0,"Dubai International Cricket Stadium, Dubai",,10,74.2,742,1.0,2020-10-08,2020/21
1216543,2,10,6,Rajasthan Royals,Delhi Capitals,85,2,8,77,60.0,10.0,8.5,7.7,162,0,"Dubai International Cricket Stadium, Dubai",,10,61.6,616,-0.7999999999999998,2020-10-14,2020/21
1216544,2,10,6,Chennai Super Kings,Royal Challengers Bangalore,82,1,9,64,60.0,10.0,8.2,6.4,146,1,"Dubai International Cricket Stadium, Dubai",,10,57.6,576,-1.799999999999999,2020-10-25,2020/21
1216545,2,10,6,Kolkata Knight Riders,Sunrisers Hyderabad,72,3,7,71,60.0,10.0,7.2,7.1,143,1,"Sheikh Zayed Stadium, Abu Dhabi",,10,49.699999999999996,497,-0.10000000000000053,2020-09-26,2020/21
1216546,2,10,7,Punjab Kings,Delhi Capitals,101,3,7,64,60.0,10.0,10.1,6.4,165,1,"Dubai International Cricket Stadium, Dubai",,10,44.800000000000004,448,-3.6999999999999993,2020-10-20,2020/21
1216547,2,10,6,Mumbai Indians,Royal Challengers Bangalore,63,3,7,139,60.0,10.0,6.3,13.9,202,0,"Dubai International Cricket Stadium, Dubai",,10,97.3,973,7.6000000000000005,2020-09-28,2020/21
1237177,2,10,6,Delhi Capitals,Mumbai Indians,65,5,5,136,60.0,10.0,6.5,13.6,201,0,"Dubai International Cricket Stadium, Dubai",,10,68.0,680,7.1,2020-11-05,2020/21
1237178,2,10,6,Sunrisers Hyderabad,Royal Challengers Bangalore,60,3,7,72,60.0,10.0,6.0,7.2,132,1,"Sheikh Zayed Stadium, Abu Dhabi",,10,50.4,504,1.2000000000000002,2020-11-06,2020/21
1237180,2,10,6,Sunrisers Hyderabad,Delhi Capitals,75,3,7,115,60.0,10.0,7.5,11.5,190,0,"Sheikh Zayed Stadium, Abu Dhabi",,10,80.5,805,4.0,2020-11-08,2020/21
1237181,2,10,6,Mumbai Indians,Delhi Capitals,88,1,9,69,60.0,10.0,8.8,6.9,157,1,"Dubai International Cricket Stadium, Dubai",,10,62.1,621,-1.9000000000000004,2020-11-10,2020/21
1254058,2,10,8,Royal Challengers Bangalore,Mumbai Indians,75,2,8,85,60.0,10.0,7.5,8.5,160,1,"MA Chidambaram Stadium, Chepauk, Chennai",,10,68.0,680,1.0,2021-04-09,2021
1254059,2,10,6,Delhi Capitals,Chennai Super Kings,99,0,10,90,60.0,10.0,9.9,9.0,189,1,"Wankhede Stadium, Mumbai",,10,90.0,900,-0.9000000000000004,2021-04-10,2021
1254060,2,10,6,Sunrisers Hyderabad,Kolkata Knight Riders,77,2,8,111,60.0,10.0,7.7,11.1,188,0,"MA Chidambaram Stadium, Chepauk, Chennai",,10,88.8,888,3.3999999999999995,2021-04-11,2021
1254061,2,10,8,Rajasthan Royals,Punjab Kings,95,3,7,127,60.0,10.0,9.5,12.7,222,0,"Wankhede Stadium, Mumbai",,10,88.89999999999999,889,3.1999999999999993,2021-04-12,2021
1254062,2,10,6,Kolkata Knight Riders,Mumbai Indians,81,1,9,72,60.0,10.0,8.1,7.2,153,0,"MA Chidambaram Stadium, Chepauk, Chennai",,10,64.8,648,-0.8999999999999995,2021-04-13,2021
1254063,2,10,6,Sunrisers Hyderabad,Royal Challengers Bangalore,77,1,9,73,60.0,10.0,7.7,7.3,150,0,"MA Chidambaram Stadium, Chepauk, Chennai",,10,65.7,657,-0.40000000000000036,2021-04-14,2021
1254064,2,10,6,Rajasthan Royals,Delhi Capitals,52,5,5,96,60.0,10.0,5.2,9.6,148,1,"Wankhede Stadium, Mumbai",,10,48.0,480,4.3999999999999995,2021-04-15,2021
1254065,2,10,7,Chennai Super Kings,Punjab Kings,64,1,9,43,60.0,10.0,6.4,4.3,107,1,"Wankhede Stadium, Mumbai",,10,38.699999999999996,387,-2.1000000000000005,2021-04-16,2021
1254066,2,10,6,Sunrisers Hyderabad,Mumbai Indians,74,2,8,77,60.0,10.0,7.4,7.7,151,0,"MA Chidambaram Stadium, Chepauk, Chennai",,10,61.6,616,0.2999999999999998,2021-04-17,2021
1254067,2,10,6,Kolkata Knight Riders,Royal Challengers Bangalore,83,4,6,122,60.0,10.0,8.3,12.2,205,0,"MA Chidambaram Stadium, Chepauk, Chennai",,10,73.19999999999999,732,3.8999999999999986,2021-04-18,2021
1254068,2,10,6,Delhi Capitals,Punjab Kings,99,1,9,97,60.0,10.0,9.9,9.7,196,1,"Wankhede Stadium, Mumbai",,10,87.3,873,-0.20000000000000107,2021-04-18,2021
1254069,2,10,7,Rajasthan Royals,Chennai Super Kings,81,2,8,108,60.0,10.0,8.1,10.8,189,0,"Wankhede Stadium, Mumbai",,10,86.4,864,2.700000000000001,2021-04-19,2021
1254070,2,10,6,Delhi Capitals,Mumbai Indians,68,2,8,70,60.0,10.0,6.8,7.0,138,1,"MA Chidambaram Stadium, Chepauk, Chennai",,10,56.0,560,0.20000000000000018,2021-04-20,2021
1254071,2,10,6,Sunrisers Hyderabad,Punjab Kings,73,0,10,48,60.0,10.0,7.3,4.8,121,1,"MA Chidambaram Stadium, Chepauk, Chennai",,10,48.0,480,-2.5,2021-04-21,2021
1254072,2,10,8,Kolkata Knight Riders,Chennai Super Kings,97,5,5,124,60.0,10.0,9.7,12.4,221,0,"Wankhede Stadium, Mumbai",,10,62.0,620,2.700000000000001,2021-04-21,2021
1254073,2,10,6,Royal Challengers Bangalore,Rajasthan Royals,107,0,10,71,60.0,10.0,10.7,7.1,178,1,"Wankhede Stadium, Mumbai",,10,71.0,710,-3.5999999999999996,2021-04-22,2021
1254074,2,10,6,Punjab Kings,Mumbai Indians,62,1,9,70,60.0,10.0,6.2,7.0,132,1,"MA Chidambaram Stadium, Chepauk, Chennai",,10,63.0,630,0.7999999999999998,2021-04-23,2021
1254075,2,10,6,Rajasthan Royals,Kolkata Knight Riders,80,2,8,54,60.0,10.0,8.0,5.4,134,1,"Wankhede Stadium, Mumbai",,10,43.2,432,-2.5999999999999996,2021-04-24,2021
1254076,2,10,6,Royal Challengers Bangalore,Chennai Super Kings,83,5,5,109,60.0,10.0,8.3,10.9,192,0,"Wankhede Stadium, Mumbai",,10,54.5,545,2.5999999999999996,2021-04-25,2021
1254077,2,10,6,Sunrisers Hyderabad,Delhi Capitals,80,2,8,80,60.0,10.0,8.0,8.0,160,0,"MA Chidambaram Stadium, Chepauk, Chennai",,10,64.0,640,0.0,2021-04-25,2021
1254078,2,10,6,Kolkata Knight Riders,Punjab Kings,76,3,7,48,60.0,10.0,7.6,4.8,124,1,"Narendra Modi Stadium, Ahmedabad",,10,33.6,336,-2.8,2021-04-26,2021
1254079,2,10,6,Delhi Capitals,Royal Challengers Bangalore,62,3,7,110,60.0,10.0,6.2,11.0,172,0,"Narendra Modi Stadium, Ahmedabad",,10,77.0,770,4.8,2021-04-27,2021
1254080,2,10,6,Chennai Super Kings,Sunrisers Hyderabad,91,0,10,81,60.0,10.0,9.1,8.1,172,1,"Arun Jaitley Stadium, Delhi",,10,81.0,810,-1.0,2021-04-28,2021
1254081,2,10,6,Mumbai Indians,Rajasthan Royals,87,2,8,85,60.0,10.0,8.7,8.5,172,1,"Arun Jaitley Stadium, Delhi",,10,68.0,680,-0.1999999999999993,2021-04-29,2021
1254082,2,10,6,Delhi Capitals,Kolkata Knight Riders,95,0,10,60,60.0,10.0,9.5,6.0,155,1,"Narendra Modi Stadium, Ahmedabad",,10,60.0,600,-3.5,2021-04-29,2021
1254083,2,10,6,Royal Challengers Bangalore,Punjab Kings,62,1,9,118,60.0,10.0,6.2,11.8,180,0,"Narendra Modi Stadium, Ahmedabad",,10,106.2,1062,5.6000000000000005,2021-04-30,2021
1254084,2,10,6,Mumbai Indians,Chennai Super Kings,81,3,7,138,60.0,10.0,8.1,13.8,219,1,"Arun Jaitley Stadium, Delhi",,10,96.60000000000001,966,5.700000000000001,2021-05-01,2021
1254085,2,10,6,Sunrisers Hyderabad,Rajasthan Royals,82,2,8,139,60.0,10.0,8.2,13.9,221,0,"Arun Jaitley Stadium, Delhi",,10,111.2,1112,5.700000000000001,2021-05-02,2021
1254086,2,10,6,Delhi Capitals,Punjab Kings,87,1,9,80,60.0,10.0,8.7,8.0,167,1,"Narendra Modi Stadium, Ahmedabad",,10,72.0,720,-0.6999999999999993,2021-05-02,2021
1254087,2,10,6,Kolkata Knight Riders,Royal Challengers Bangalore,94,1,9,0,60.0,10.0,9.4,0.0,93,1,"Zayed Cricket Stadium, Abu Dhabi",,10,0.0,0,-9.4,2021-09-20,2021
1254088,2,10,6,Sunrisers Hyderabad,Mumbai Indians,105,4,6,131,60.0,10.0,10.5,13.1,236,0,"Zayed Cricket Stadium, Abu Dhabi",,10,78.6,786,2.5999999999999996,2021-10-08,2021
1254089,2,10,6,Rajasthan Royals,Chennai Super Kings,119,2,8,71,60.0,10.0,11.9,7.1,190,1,"Zayed Cricket Stadium, Abu Dhabi",,10,56.8,568,-4.800000000000001,2021-10-02,2021
1254090,2,10,6,Punjab Kings,Royal Challengers Bangalore,81,0,10,84,60.0,10.0,8.1,8.4,165,0,"Sharjah Cricket Stadium, Sharjah",,10,84.0,840,0.3000000000000007,2021-10-03,2021
1254091,2,10,6,Chennai Super Kings,Sunrisers Hyderabad,75,0,10,60,60.0,10.0,7.5,6.0,135,1,"Sharjah Cricket Stadium, Sharjah",,10,60.0,600,-1.5,2021-09-30,2021
1254092,2,10,6,Kolkata Knight Riders,Delhi Capitals,67,2,8,61,60.0,10.0,6.7,6.1,128,1,"Sharjah Cricket Stadium, Sharjah",,10,48.8,488,-0.6000000000000005,2021-09-28,2021
1254094,2,10,6,Punjab Kings,Chennai Super Kings,92,3,7,43,60.0,10.0,9.2,4.3,135,1,"Dubai International Cricket Stadium, Dubai",,10,30.099999999999998,301,-4.8999999999999995,2021-10-07,2021
1254095,2,10,6,Royal Challengers Bangalore,Sunrisers Hyderabad,67,3,7,75,60.0,10.0,6.7,7.5,142,0,"Zayed Cricket Stadium, Abu Dhabi",,10,52.5,525,0.7999999999999998,2021-10-06,2021
1254096,2,10,7,Kolkata Knight Riders,Mumbai Indians,111,1,9,45,60.0,10.0,11.1,4.5,156,1,"Zayed Cricket Stadium, Abu Dhabi",,10,40.5,405,-6.6,2021-09-23,2021
1254097,2,10,6,Rajasthan Royals,Delhi Capitals,48,3,7,107,60.0,10.0,4.8,10.7,155,0,"Zayed Cricket Stadium, Abu Dhabi",,10,74.89999999999999,749,5.8999999999999995,2021-09-25,2021
1254098,2,10,6,Chennai Super Kings,Kolkata Knight Riders,89,1,9,83,60.0,10.0,8.9,8.3,172,1,"Zayed Cricket Stadium, Abu Dhabi",,10,74.7,747,-0.5999999999999996,2021-09-26,2021
1254099,2,10,6,Mumbai Indians,Punjab Kings,62,3,7,74,60.0,10.0,6.2,7.4,136,1,"Zayed Cricket Stadium, Abu Dhabi",,10,51.800000000000004,518,1.2000000000000002,2021-09-28,2021
1254100,2,10,6,Sunrisers Hyderabad,Rajasthan Royals,90,1,9,75,60.0,10.0,9.0,7.5,165,1,"Dubai International Cricket Stadium, Dubai",,10,67.5,675,-1.5,2021-09-27,2021
1254101,2,10,6,Royal Challengers Bangalore,Delhi Capitals,61,3,7,104,60.0,10.0,6.1,10.4,165,1,"Dubai International Cricket Stadium, Dubai",,10,72.8,728,4.300000000000001,2021-10-08,2021
1254102,2,10,6,Punjab Kings,Kolkata Knight Riders,76,1,9,90,60.0,10.0,7.6,9.0,166,1,"Dubai International Cricket Stadium, Dubai",,10,81.0,810,1.4000000000000004,2021-10-01,2021
1254103,2,10,6,Royal Challengers Bangalore,Rajasthan Royals,79,2,8,71,60.0,10.0,7.9,7.1,150,1,"Dubai International Cricket Stadium, Dubai",,10,56.8,568,-0.8000000000000007,2021-09-29,2021
1254104,2,10,6,Mumbai Indians,Chennai Super Kings,62,4,6,95,60.0,10.0,6.2,9.5,157,0,"Dubai International Cricket Stadium, Dubai",,10,57.0,570,3.3,2021-09-19,2021
1254105,2,10,6,Delhi Capitals,Sunrisers Hyderabad,69,1,9,66,60.0,10.0,6.9,6.6,135,1,"Dubai International Cricket Stadium, Dubai",,10,59.4,594,-0.3000000000000007,2021-09-22,2021
1254106,2,10,6,Rajasthan Royals,Kolkata Knight Riders,49,7,3,123,60.0,10.0,4.9,12.3,172,0,"Sharjah Cricket Stadium, Sharjah",,10,36.900000000000006,369,7.4,2021-10-07,2021
1254107,2,10,6,Sunrisers Hyderabad,Punjab Kings,43,3,7,83,60.0,10.0,4.3,8.3,126,0,"Sharjah Cricket Stadium, Sharjah",,10,58.10000000000001,581,4.000000000000001,2021-09-25,2021
1254108,2,10,6,Mumbai Indians,Royal Challengers Bangalore,79,2,8,87,60.0,10.0,7.9,8.7,166,0,"Dubai International Cricket Stadium, Dubai",,10,69.6,696,0.7999999999999989,2021-09-26,2021
1254109,2,10,6,Kolkata Knight Riders,Sunrisers Hyderabad,44,2,8,72,60.0,10.0,4.4,7.2,116,1,"Dubai International Cricket Stadium, Dubai",,10,57.6,576,2.8,2021-10-03,2021
1254110,2,10,6,Delhi Capitals,Chennai Super Kings,75,3,7,62,60.0,10.0,7.5,6.2,137,1,"Dubai International Cricket Stadium, Dubai",,10,43.4,434,-1.2999999999999998,2021-10-04,2021
1254111,2,10,9,Punjab Kings,Rajasthan Royals,106,0,10,80,60.0,10.0,10.6,8.0,186,0,"Dubai International Cricket Stadium, Dubai",,10,80.0,800,-2.5999999999999996,2021-09-21,2021
1254112,2,10,6,Delhi Capitals,Mumbai Indians,65,4,6,65,60.0,10.0,6.5,6.5,130,1,"Sharjah Cricket Stadium, Sharjah",,10,39.0,390,0.0,2021-10-02,2021
1254113,2,10,6,Chennai Super Kings,Royal Challengers Bangalore,78,2,8,79,60.0,10.0,7.8,7.9,157,1,"Sharjah Cricket Stadium, Sharjah",,10,63.2,632,0.10000000000000053,2021-09-24,2021
1254114,2,10,6,Chennai Super Kings,Delhi Capitals,81,1,9,92,60.0,10.0,8.1,9.2,173,1,"Dubai International Cricket Stadium, Dubai",,10,82.8,828,1.0999999999999996,2021-10-10,2021
1254115,2,10,6,Kolkata Knight Riders,Royal Challengers Bangalore,74,2,8,65,60.0,10.0,7.4,6.5,139,1,"Sharjah Cricket Stadium, Sharjah",,10,52.0,520,-0.9000000000000004,2021-10-11,2021
1254116,2,10,7,Kolkata Knight Riders,Delhi Capitals,76,0,10,60,60.0,10.0,7.6,6.0,136,1,"Sharjah Cricket Stadium, Sharjah",,10,60.0,600,-1.5999999999999996,2021-10-13,2021
1254117,2,10,6,Kolkata Knight Riders,Chennai Super Kings,88,0,10,105,60.0,10.0,8.8,10.5,193,0,"Dubai International Cricket Stadium, Dubai",,10,105.0,1050,1.6999999999999993,2021-10-15,2021
1304047,2,10,6,Kolkata Knight Riders,Chennai Super Kings,76,2,8,56,60.0,10.0,7.6,5.6,132,1,"Wankhede Stadium, Mumbai",,10,44.8,448,-2.0,2022-03-26,2022
1304048,2,10,7,Delhi Capitals,Mumbai Indians,77,5,5,101,60.0,10.0,7.7,10.1,178,1,"Brabourne Stadium, Mumbai",Mumbai Indians,10,50.5,505,2.3999999999999995,2022-03-27,2022
1304049,2,10,6,Punjab Kings,Royal Challengers Bangalore,97,1,9,109,60.0,10.0,9.7,10.9,206,1,"Dr DY Patil Sports Academy, Mumbai",,10,98.10000000000001,981,1.200000000000001,2022-03-27,2022
1304050,2,10,6,Gujarat Titans,Lucknow Super Giants,72,2,8,87,60.0,10.0,7.2,8.7,159,1,"Wankhede Stadium, Mumbai",,10,69.6,696,1.4999999999999991,2022-03-28,2022
1304051,2,10,6,Sunrisers Hyderabad,Rajasthan Royals,36,4,6,175,60.0,10.0,3.6,17.5,211,0,"Maharashtra Cricket Association Stadium, Pune",,10,105.0,1050,13.9,2022-03-29,2022
1304052,2,10,7,Royal Challengers Bangalore,Kolkata Knight Riders,59,3,7,70,60.0,10.0,5.9,7.0,129,1,"Dr DY Patil Sports Academy, Mumbai",,10,49.0,490,1.0999999999999996,2022-03-30,2022
1304053,2,10,8,Lucknow Super Giants,Chennai Super Kings,98,0,10,113,60.0,10.0,9.8,11.3,211,1,"Brabourne Stadium, Mumbai",,10,113.0,1130,1.5,2022-03-31,2022
1304054,2,10,7,Kolkata Knight Riders,Punjab Kings,73,4,6,65,60.0,10.0,7.3,6.5,138,1,"Wankhede Stadium, Mumbai",,10,39.0,390,-0.7999999999999998,2022-04-01,2022
1304055,2,10,6,Mumbai Indians,Rajasthan Royals,94,2,8,100,60.0,10.0,9.4,10.0,194,0,"Dr DY Patil Sports Academy, Mumbai",Mumbai Indians,10,80.0,800,0.5999999999999996,2022-04-02,2022
1304056,2,10,6,Delhi Capitals,Gujarat Titans,79,3,7,93,60.0,10.0,7.9,9.3,172,0,"Maharashtra Cricket Association Stadium, Pune",,10,65.10000000000001,651,1.4000000000000004,2022-04-02,2022
1304057,2,10,6,Chennai Super Kings,Punjab Kings,53,5,5,128,60.0,10.0,5.3,12.8,181,0,"Brabourne Stadium, Mumbai",,10,64.0,640,7.500000000000001,2022-04-03,2022
1304058,2,10,6,Sunrisers Hyderabad,Lucknow Super Giants,82,2,8,88,60.0,10.0,8.2,8.8,170,0,"Dr DY Patil Sports Academy, Mumbai",,10,70.4,704,0.6000000000000014,2022-04-04,2022
1304059,2,10,9,Royal Challengers Bangalore,Rajasthan Royals,68,4,6,102,60.0,10.0,6.8,10.2,170,1,"Wankhede Stadium, Mumbai",,10,61.199999999999996,612,3.3999999999999995,2022-04-05,2022
1304060,2,10,6,Kolkata Knight Riders,Mumbai Indians,67,3,7,95,60.0,10.0,6.7,9.5,162,1,"Maharashtra Cricket Association Stadium, Pune",,10,66.5,665,2.8,2022-04-06,2022
1304061,2,10,6,Lucknow Super Giants,Delhi Capitals,74,1,9,76,60.0,10.0,7.4,7.6,150,1,"Dr DY Patil Sports Academy, Mumbai",,10,68.39999999999999,684,0.1999999999999993,2022-04-07,2022
1304062,2,10,6,Gujarat Titans,Punjab Kings,94,1,9,96,60.0,10.0,9.4,9.6,190,1,"Brabourne Stadium, Mumbai",,10,86.39999999999999,864,0.1999999999999993,2022-04-08,2022
1304063,2,10,7,Sunrisers Hyderabad,Chennai Super Kings,69,0,10,86,60.0,10.0,6.9,8.6,155,1,"Dr DY Patil Sports Academy, Mumbai",,10,86.0,860,1.6999999999999993,2022-04-09,2022
1304064,2,10,6,Royal Challengers Bangalore,Mumbai Indians,61,1,9,91,60.0,10.0,6.1,9.1,152,1,"Maharashtra Cricket Association Stadium, Pune",,10,81.89999999999999,819,3.0,2022-04-09,2022
1304065,2,10,7,Kolkata Knight Riders,Delhi Capitals,91,2,8,125,60.0,10.0,9.1,12.5,216,0,"Brabourne Stadium, Mumbai",,10,100.0,1000,3.4000000000000004,2022-04-10,2022
1304066,2,10,6,Lucknow Super Giants,Rajasthan Royals,61,4,6,105,60.0,10.0,6.1,10.5,166,0,"Wankhede Stadium, Mumbai",,10,63.0,630,4.4,2022-04-10,2022
1304067,2,10,7,Sunrisers Hyderabad,Gujarat Titans,75,1,9,88,60.0,10.0,7.5,8.8,163,1,"Dr DY Patil Sports Academy, Mumbai",,10,79.2,792,1.3000000000000007,2022-04-11,2022
1304068,2,10,6,Royal Challengers Bangalore,Chennai Super Kings,86,4,6,131,60.0,10.0,8.6,13.1,217,0,"Dr DY Patil Sports Academy, Mumbai",,10,78.6,786,4.5,2022-04-12,2022
1304069,2,10,6,Mumbai Indians,Punjab Kings,105,2,8,94,60.0,10.0,10.5,9.4,199,0,"Maharashtra Cricket Association Stadium, Pune",,10,75.2,752,-1.0999999999999996,2022-04-13,2022
1304070,2,10,7,Rajasthan Royals,Gujarat Titans,89,4,6,104,60.0,10.0,8.9,10.4,193,0,"Dr DY Patil Sports Academy, Mumbai",,10,62.400000000000006,624,1.5,2022-04-14,2022
1304071,2,10,6,Sunrisers Hyderabad,Kolkata Knight Riders,95,2,8,81,60.0,10.0,9.5,8.1,176,1,"Brabourne Stadium, Mumbai",,10,64.8,648,-1.4000000000000004,2022-04-15,2022
1304072,2,10,6,Mumbai Indians,Lucknow Super Giants,86,3,7,114,60.0,10.0,8.6,11.4,200,0,"Brabourne Stadium, Mumbai",Mumbai Indians,10,79.8,798,2.8000000000000007,2022-04-16,2022
1304073,2,10,6,Delhi Capitals,Royal Challengers Bangalore,79,1,9,111,60.0,10.0,7.9,11.1,190,0,"Wankhede Stadium, Mumbai",,10,99.89999999999999,999,3.1999999999999993,2022-04-16,2022
1304074,2,10,6,Sunrisers Hyderabad,Punjab Kings,74,2,8,78,60.0,10.0,7.4,7.8,152,1,"Dr DY Patil Sports Academy, Mumbai",,10,62.4,624,0.39999999999999947,2022-04-17,2022
1304075,2,10,6,Gujarat Titans,Chennai Super Kings,58,4,6,112,60.0,10.0,5.8,11.2,170,1,"Maharashtra Cricket Association Stadium, Pune",,10,67.19999999999999,672,5.3999999999999995,2022-04-17,2022
1304076,2,10,6,Kolkata Knight Riders,Rajasthan Royals,116,2,8,102,60.0,10.0,11.6,10.2,218,0,"Brabourne Stadium, Mumbai",,10,81.6,816,-1.4000000000000004,2022-04-18,2022
1304077,2,10,6,Lucknow Super Giants,Royal Challengers Bangalore,83,3,7,99,60.0,10.0,8.3,9.9,182,0,"Dr DY Patil Sports Academy, Mumbai",,10,69.3,693,1.5999999999999996,2022-04-19,2022
1304078,2,10,7,Delhi Capitals,Punjab Kings,113,1,9,3,60.0,10.0,11.3,0.3,116,1,"Brabourne Stadium, Mumbai",,10,2.6999999999999997,27,-11.0,2022-04-20,2022
1304079,2,10,6,Chennai Super Kings,Mumbai Indians,68,3,7,88,60.0,10.0,6.8,8.8,156,1,"Dr DY Patil Sports Academy, Mumbai",Mumbai Indians,10,61.60000000000001,616,2.000000000000001,2022-04-21,2022
1304080,2,10,6,Delhi Capitals,Rajasthan Royals,99,3,7,124,60.0,10.0,9.9,12.4,223,0,"Wankhede Stadium, Mumbai",,10,86.8,868,2.5,2022-04-22,2022
1304081,2,10,6,Kolkata Knight Riders,Gujarat Titans,63,4,6,94,60.0,10.0,6.3,9.4,157,0,"Dr DY Patil Sports Academy, Mumbai",,10,56.400000000000006,564,3.1000000000000005,2022-04-23,2022
1304083,2,10,6,Mumbai Indians,Lucknow Super Giants,59,3,7,110,60.0,10.0,5.9,11.0,169,0,"Wankhede Stadium, Mumbai",Mumbai Indians,10,77.0,770,5.1,2022-04-24,2022
1304084,2,10,6,Chennai Super Kings,Punjab Kings,69,3,7,119,60.0,10.0,6.9,11.9,188,0,"Wankhede Stadium, Mumbai",,10,83.3,833,5.0,2022-04-25,2022
1304085,2,10,6,Royal Challengers Bangalore,Rajasthan Royals,58,4,6,87,60.0,10.0,5.8,8.7,145,0,"Maharashtra Cricket Association Stadium, Pune",,10,52.199999999999996,522,2.8999999999999995,2022-04-26,2022
1304086,2,10,6,Gujarat Titans,Sunrisers Hyderabad,91,2,8,105,60.0,10.0,9.1,10.5,196,1,"Wankhede Stadium, Mumbai",,10,84.0,840,1.4000000000000004,2022-04-27,2022
1304087,2,10,6,Delhi Capitals,Kolkata Knight Riders,83,3,7,64,60.0,10.0,8.3,6.4,147,1,"Wankhede Stadium, Mumbai",,10,44.800000000000004,448,-1.9000000000000004,2022-04-28,2022
1304088,2,10,6,Punjab Kings,Lucknow Super Giants,67,3,7,87,60.0,10.0,6.7,8.7,154,0,"Maharashtra Cricket Association Stadium, Pune",,10,60.89999999999999,609,1.9999999999999991,2022-04-29,2022
1304089,2,10,6,Gujarat Titans,Royal Challengers Bangalore,77,2,8,94,60.0,10.0,7.7,9.4,171,1,"Brabourne Stadium, Mumbai",,10,75.2,752,1.7000000000000002,2022-04-30,2022
1304090,2,10,6,Mumbai Indians,Rajasthan Royals,75,2,8,84,60.0,10.0,7.5,8.4,159,1,"Dr DY Patil Sports Academy, Mumbai",Mumbai Indians,10,67.2,672,0.9000000000000004,2022-04-30,2022
1304091,2,10,6,Delhi Capitals,Lucknow Super Giants,94,4,6,102,60.0,10.0,9.4,10.2,196,0,"Wankhede Stadium, Mumbai",,10,61.199999999999996,612,0.7999999999999989,2022-05-01,2022
1304092,2,10,6,Sunrisers Hyderabad,Chennai Super Kings,89,3,7,114,60.0,10.0,8.9,11.4,203,0,"Maharashtra Cricket Association Stadium, Pune",,10,79.8,798,2.5,2022-05-01,2022
1304093,2,10,8,Kolkata Knight Riders,Rajasthan Royals,59,2,8,94,60.0,10.0,5.9,9.4,153,1,"Wankhede Stadium, Mumbai",,10,75.2,752,3.5,2022-05-02,2022
1304094,2,10,6,Punjab Kings,Gujarat Titans,76,1,9,68,60.0,10.0,7.6,6.8,144,1,"Dr DY Patil Sports Academy, Mumbai",,10,61.199999999999996,612,-0.7999999999999998,2022-05-03,2022
1304095,2,10,6,Chennai Super Kings,Royal Challengers Bangalore,77,3,7,97,60.0,10.0,7.7,9.7,174,0,"Maharashtra Cricket Association Stadium, Pune",,10,67.89999999999999,679,1.9999999999999991,2022-05-04,2022
1304096,2,10,6,Sunrisers Hyderabad,Delhi Capitals,63,3,7,145,60.0,10.0,6.3,14.5,208,0,"Brabourne Stadium, Mumbai",,10,101.5,1015,8.2,2022-05-05,2022
1304097,2,10,6,Gujarat Titans,Mumbai Indians,95,0,10,83,60.0,10.0,9.5,8.3,178,0,"Brabourne Stadium, Mumbai",Mumbai Indians,10,83.0,830,-1.1999999999999993,2022-05-06,2022
1304098,2,10,7,Rajasthan Royals,Punjab Kings,95,2,8,95,60.0,10.0,9.5,9.5,190,1,"Wankhede Stadium, Mumbai",,10,76.0,760,0.0,2022-05-07,2022
1304099,2,10,6,Kolkata Knight Riders,Lucknow Super Giants,64,4,6,113,60.0,10.0,6.4,11.3,177,0,"Maharashtra Cricket Association Stadium, Pune",,10,67.80000000000001,678,4.9,2022-05-07,2022
1304100,2,10,8,Sunrisers Hyderabad,Royal Challengers Bangalore,69,3,7,124,60.0,10.0,6.9,12.4,193,0,"Wankhede Stadium, Mumbai",,10,86.8,868,5.5,2022-05-08,2022
1304101,2,10,6,Delhi Capitals,Chennai Super Kings,82,5,5,127,60.0,10.0,8.2,12.7,209,0,"Dr DY Patil Sports Academy, Mumbai",,10,63.5,635,4.5,2022-05-08,2022
1304102,2,10,6,Mumbai Indians,Kolkata Knight Riders,66,2,8,100,60.0,10.0,6.6,10.0,166,0,"Dr DY Patil Sports Academy, Mumbai",Mumbai Indians,10,80.0,800,3.4000000000000004,2022-05-09,2022
1304103,2,10,7,Lucknow Super Giants,Gujarat Titans,58,4,6,87,60.0,10.0,5.8,8.7,145,0,"Maharashtra Cricket Association Stadium, Pune",,10,52.199999999999996,522,2.8999999999999995,2022-05-10,2022
1304104,2,10,6,Delhi Capitals,Rajasthan Royals,74,1,9,87,60.0,10.0,7.4,8.7,161,1,"Dr DY Patil Sports Academy, Mumbai",,10,78.3,783,1.299999999999999,2022-05-11,2022
1304105,2,10,6,Mumbai Indians,Chennai Super Kings,66,4,6,32,60.0,10.0,6.6,3.2,98,1,"Wankhede Stadium, Mumbai",Mumbai Indians,10,19.200000000000003,192,-3.3999999999999995,2022-05-12,2022
1304106,2,10,6,Royal Challengers Bangalore,Punjab Kings,95,3,7,115,60.0,10.0,9.5,11.5,210,0,"Brabourne Stadium, Mumbai",,10,80.5,805,2.0,2022-05-13,2022
1304107,2,10,6,Sunrisers Hyderabad,Kolkata Knight Riders,66,2,8,112,60.0,10.0,6.6,11.2,178,0,"Maharashtra Cricket Association Stadium, Pune",,10,89.6,896,4.6,2022-05-14,2022
1304108,2,10,6,Gujarat Titans,Chennai Super Kings,81,1,9,53,60.0,10.0,8.1,5.3,134,1,"Wankhede Stadium, Mumbai",,10,47.699999999999996,477,-2.8,2022-05-15,2022
1304109,2,10,7,Lucknow Super Giants,Rajasthan Royals,66,3,7,113,60.0,10.0,6.6,11.3,179,0,"Brabourne Stadium, Mumbai",,10,79.10000000000001,791,4.700000000000001,2022-05-15,2022
1304110,2,10,6,Punjab Kings,Delhi Capitals,68,6,4,92,60.0,10.0,6.8,9.2,160,0,"Dr DY Patil Sports Academy, Mumbai",,10,36.8,368,2.3999999999999995,2022-05-16,2022
1304111,2,10,6,Mumbai Indians,Sunrisers Hyderabad,89,0,10,105,60.0,10.0,8.9,10.5,194,0,"Wankhede Stadium, Mumbai",Mumbai Indians,10,105.0,1050,1.5999999999999996,2022-05-17,2022
1304112,2,10,8,Kolkata Knight Riders,Lucknow Super Giants,99,3,7,112,60.0,10.0,9.9,11.2,211,0,"Dr DY Patil Sports Academy, Mumbai",,10,78.39999999999999,784,1.299999999999999,2022-05-18,2022
1304113,2,10,6,Royal Challengers Bangalore,Gujarat Titans,87,0,10,82,60.0,10.0,8.7,8.2,169,1,"Wankhede Stadium, Mumbai",,10,82.0,820,-0.5,2022-05-19,2022
1304114,2,10,6,Rajasthan Royals,Chennai Super Kings,73,2,8,78,60.0,10.0,7.3,7.8,151,1,"Brabourne Stadium, Mumbai",,10,62.4,624,0.5,2022-05-20,2022
1304115,2,10,6,Mumbai Indians,Delhi Capitals,62,1,9,98,60.0,10.0,6.2,9.8,160,1,"Wankhede Stadium, Mumbai",Mumbai Indians,10,88.2,882,3.6000000000000005,2022-05-21,2022
1304116,2,10,7,Punjab Kings,Sunrisers Hyderabad,97,3,7,61,60.0,10.0,9.7,6.1,158,1,"Wankhede Stadium, Mumbai",,10,42.699999999999996,427,-3.5999999999999996,2022-05-22,2022
1312197,2,10,10,Gujarat Titans,Rajasthan Royals,97,3,7,92,60.0,10.0,9.7,9.2,189,1,"Eden Gardens, Kolkata",,10,64.39999999999999,644,-0.5,2022-05-24,2022
1312198,2,10,6,Lucknow Super Giants,Royal Challengers Bangalore,89,2,8,119,60.0,10.0,8.9,11.9,208,0,"Eden Gardens, Kolkata",,10,95.2,952,3.0,2022-05-25,2022
1312199,2,10,6,Rajasthan Royals,Royal Challengers Bangalore,103,1,9,55,60.0,10.0,10.3,5.5,158,1,"Narendra Modi Stadium, Ahmedabad",,10,49.5,495,-4.800000000000001,2022-05-27,2022
1312200,2,10,6,Gujarat Titans,Rajasthan Royals,54,2,8,77,60.0,10.0,5.4,7.7,131,1,"Narendra Modi Stadium, Ahmedabad",Gujarat Titans,10,61.6,616,2.3,2022-05-29,2022
1359475,2,10,6,Gujarat Titans,Chennai Super Kings,93,2,8,86,60.0,10.0,9.3,8.6,179,1,"Narendra Modi Stadium, Ahmedabad",Gujarat Titans,10,68.8,688,-0.7000000000000011,2023-03-31,2023
1359476,2,10,6,Kolkata Knight Riders,Punjab Kings,80,4,6,112,60.0,10.0,8.0,11.2,192,0,"Punjab Cricket Association IS Bindra Stadium, Mohali, Chandigarh",,10,67.19999999999999,672,3.1999999999999993,2023-04-01,2023
1359477,2,10,6,Delhi Capitals,Lucknow Super Giants,75,3,7,119,60.0,10.0,7.5,11.9,194,0,"Bharat Ratna Shri Atal Bihari Vajpayee Ekana Cricket Stadium, Lucknow",Lucknow Super Giants,10,83.3,833,4.4,2023-04-01,2023
1359478,2,10,6,Sunrisers Hyderabad,Rajasthan Royals,48,5,5,156,60.0,10.0,4.8,15.6,204,0,"Rajiv Gandhi International Stadium, Uppal, Hyderabad",Sunrisers Hyderabad,10,78.0,780,10.8,2023-04-02,2023
1359479,2,10,6,Royal Challengers Bangalore,Mumbai Indians,97,0,10,75,60.0,10.0,9.7,7.5,172,1,"M Chinnaswamy Stadium, Bengaluru",Royal Challengers Bangalore,10,75.0,750,-2.1999999999999993,2023-04-02,2023
1359480,2,10,6,Lucknow Super Giants,Chennai Super Kings,105,4,6,113,60.0,10.0,10.5,11.3,218,0,"MA Chidambaram Stadium, Chepauk, Chennai",Chennai Super Kings,10,67.80000000000001,678,0.8000000000000007,2023-04-03,2023
1359481,2,10,6,Gujarat Titans,Delhi Capitals,83,3,7,80,60.0,10.0,8.3,8.0,163,1,"Arun Jaitley Stadium, Delhi",Delhi Capitals,10,56.0,560,-0.3000000000000007,2023-04-04,2023
1359482,2,10,6,Rajasthan Royals,Punjab Kings,89,3,7,109,60.0,10.0,8.9,10.9,198,0,"Barsapara Cricket Stadium, Guwahati",,10,76.3,763,2.0,2023-04-05,2023
1359483,2,10,6,Royal Challengers Bangalore,Kolkata Knight Riders,69,5,5,136,60.0,10.0,6.9,13.6,205,0,"Eden Gardens, Kolkata",Kolkata Knight Riders,10,68.0,680,6.699999999999999,2023-04-06,2023
1359484,2,10,7,Lucknow Super Giants,Sunrisers Hyderabad,82,2,8,40,60.0,10.0,8.2,4.0,122,1,"Bharat Ratna Shri Atal Bihari Vajpayee Ekana Cricket Stadium, Lucknow",Lucknow Super Giants,10,32.0,320,-4.199999999999999,2023-04-07,2023
1359485,2,10,8,Delhi Capitals,Rajasthan Royals,68,3,7,132,60.0,10.0,6.8,13.2,200,0,"Barsapara Cricket Stadium, Guwahati",,10,92.39999999999999,924,6.3999999999999995,2023-04-08,2023
1359486,2,10,6,Chennai Super Kings,Mumbai Indians,97,2,8,61,60.0,10.0,9.7,6.1,158,1,"Wankhede Stadium, Mumbai",Mumbai Indians,10,48.8,488,-3.5999999999999996,2023-04-08,2023
1359487,2,10,6,Kolkata Knight Riders,Gujarat Titans,86,2,8,119,60.0,10.0,8.6,11.9,205,1,"Narendra Modi Stadium, Ahmedabad",Gujarat Titans,10,95.2,952,3.3000000000000007,2023-04-09,2023
1359488,2,10,6,Sunrisers Hyderabad,Punjab Kings,67,2,8,77,60.0,10.0,6.7,7.7,144,1,"Rajiv Gandhi International Stadium, Uppal, Hyderabad",Sunrisers Hyderabad,10,61.6,616,1.0,2023-04-09,2023
1359489,2,10,6,Lucknow Super Giants,Royal Challengers Bangalore,91,3,7,122,60.0,10.0,9.1,12.2,213,1,"M Chinnaswamy Stadium, Bengaluru",Royal Challengers Bangalore,10,85.39999999999999,854,3.0999999999999996,2023-04-10,2023
1359490,2,10,6,Mumbai Indians,Delhi Capitals,91,1,9,82,60.0,10.0,9.1,8.2,173,1,"Arun Jaitley Stadium, Delhi",Delhi Capitals,10,73.8,738,-0.9000000000000004,2023-04-11,2023
1359491,2,10,6,Chennai Super Kings,Rajasthan Royals,80,2,8,96,60.0,10.0,8.0,9.6,176,0,"MA Chidambaram Stadium, Chepauk, Chennai",Chennai Super Kings,10,76.8,768,1.5999999999999996,2023-04-12,2023
1359492,2,10,6,Gujarat Titans,Punjab Kings,80,1,9,74,60.0,10.0,8.0,7.4,154,1,"Punjab Cricket Association IS Bindra Stadium, Mohali, Chandigarh",,10,66.60000000000001,666,-0.5999999999999996,2023-04-13,2023
1359493,2,10,8,Kolkata Knight Riders,Sunrisers Hyderabad,96,4,6,133,60.0,10.0,9.6,13.3,229,0,"Eden Gardens, Kolkata",Kolkata Knight Riders,10,79.80000000000001,798,3.700000000000001,2023-04-14,2023
1359494,2,10,6,Delhi Capitals,Royal Challengers Bangalore,57,5,5,118,60.0,10.0,5.7,11.8,175,0,"M Chinnaswamy Stadium, Bengaluru",Royal Challengers Bangalore,10,59.0,590,6.1000000000000005,2023-04-15,2023
1359495,2,10,6,Punjab Kings,Lucknow Super Giants,68,3,7,92,60.0,10.0,6.8,9.2,160,1,"Bharat Ratna Shri Atal Bihari Vajpayee Ekana Cricket Stadium, Lucknow",Lucknow Super Giants,10,64.39999999999999,644,2.3999999999999995,2023-04-15,2023
1359496,2,10,6,Mumbai Indians,Kolkata Knight Riders,110,2,8,76,60.0,10.0,11.0,7.6,186,1,"Wankhede Stadium, Mumbai",Mumbai Indians,10,60.8,608,-3.4000000000000004,2023-04-16,2023
1359497,2,10,6,Rajasthan Royals,Gujarat Titans,53,3,7,125,60.0,10.0,5.3,12.5,178,1,"Narendra Modi Stadium, Ahmedabad",Gujarat Titans,10,87.5,875,7.2,2023-04-16,2023
1359498,2,10,6,Royal Challengers Bangalore,Chennai Super Kings,121,2,8,106,60.0,10.0,12.1,10.6,227,0,"M Chinnaswamy Stadium, Bengaluru",Royal Challengers Bangalore,10,84.8,848,-1.5,2023-04-17,2023
1359499,2,10,6,Sunrisers Hyderabad,Mumbai Indians,76,4,6,117,60.0,10.0,7.6,11.7,193,0,"Rajiv Gandhi International Stadium, Uppal, Hyderabad",Sunrisers Hyderabad,10,70.19999999999999,702,4.1,2023-04-18,2023
1359500,2,10,6,Rajasthan Royals,Lucknow Super Giants,73,0,10,82,60.0,10.0,7.3,8.2,155,0,"Sawai Mansingh Stadium, Jaipur",Rajasthan Royals,10,82.0,820,0.8999999999999995,2023-04-19,2023
1359501,2,10,6,Punjab Kings,Royal Challengers Bangalore,77,5,5,98,60.0,10.0,7.7,9.8,175,0,"Punjab Cricket Association IS Bindra Stadium, Mohali, Chandigarh",,10,49.0,490,2.1000000000000005,2023-04-20,2023
1359502,2,10,6,Delhi Capitals,Kolkata Knight Riders,73,3,7,55,60.0,10.0,7.3,5.5,128,1,"Arun Jaitley Stadium, Delhi",Delhi Capitals,10,38.5,385,-1.7999999999999998,2023-04-20,2023
1359503,2,10,6,Chennai Super Kings,Sunrisers Hyderabad,86,0,10,49,60.0,10.0,8.6,4.9,135,1,"MA Chidambaram Stadium, Chepauk, Chennai",Chennai Super Kings,10,49.0,490,-3.6999999999999993,2023-04-21,2023
1359504,2,10,6,Lucknow Super Giants,Gujarat Titans,80,1,9,56,60.0,10.0,8.0,5.6,136,0,"Bharat Ratna Shri Atal Bihari Vajpayee Ekana Cricket Stadium, Lucknow",Lucknow Super Giants,10,50.4,504,-2.4000000000000004,2023-04-22,2023
1359505,2,10,6,Mumbai Indians,Punjab Kings,88,2,8,127,60.0,10.0,8.8,12.7,215,0,"Wankhede Stadium, Mumbai",Mumbai Indians,10,101.6,1016,3.8999999999999986,2023-04-22,2023
1359506,2,10,7,Rajasthan Royals,Royal Challengers Bangalore,92,1,9,98,60.0,10.0,9.2,9.8,190,0,"M Chinnaswamy Stadium, Bengaluru",Royal Challengers Bangalore,10,88.2,882,0.6000000000000014,2023-04-23,2023
1359507,2,10,7,Kolkata Knight Riders,Chennai Super Kings,76,4,6,160,60.0,10.0,7.6,16.0,236,0,"Eden Gardens, Kolkata",Kolkata Knight Riders,10,96.0,960,8.4,2023-04-23,2023
1359508,2,10,6,Sunrisers Hyderabad,Delhi Capitals,58,1,9,87,60.0,10.0,5.8,8.7,145,0,"Rajiv Gandhi International Stadium, Uppal, Hyderabad",Sunrisers Hyderabad,10,78.3,783,2.8999999999999995,2023-04-24,2023
1359509,2,10,6,Mumbai Indians,Gujarat Titans,58,3,7,150,60.0,10.0,5.8,15.0,208,0,"Narendra Modi Stadium, Ahmedabad",Gujarat Titans,10,105.0,1050,9.2,2023-04-25,2023
1359510,2,10,6,Royal Challengers Bangalore,Kolkata Knight Riders,96,3,7,105,60.0,10.0,9.6,10.5,201,0,"M Chinnaswamy Stadium, Bengaluru",Royal Challengers Bangalore,10,73.5,735,0.9000000000000004,2023-04-26,2023
1359511,2,10,6,Chennai Super Kings,Rajasthan Royals,72,2,8,131,60.0,10.0,7.2,13.1,203,0,"Sawai Mansingh Stadium, Jaipur",Rajasthan Royals,10,104.8,1048,5.8999999999999995,2023-04-27,2023
1359512,2,10,6,Punjab Kings,Lucknow Super Giants,93,2,8,165,60.0,10.0,9.3,16.5,258,0,"Punjab Cricket Association IS Bindra Stadium, Mohali, Chandigarh",,10,132.0,1320,7.199999999999999,2023-04-28,2023
1359513,2,10,6,Gujarat Titans,Kolkata Knight Riders,89,1,9,91,60.0,10.0,8.9,9.1,180,1,"Eden Gardens, Kolkata",Kolkata Knight Riders,10,81.89999999999999,819,0.1999999999999993,2023-04-29,2023
1359514,2,10,6,Delhi Capitals,Sunrisers Hyderabad,105,1,9,93,60.0,10.0,10.5,9.3,198,0,"Arun Jaitley Stadium, Delhi",Delhi Capitals,10,83.7,837,-1.1999999999999993,2023-04-29,2023
1359515,2,10,6,Punjab Kings,Chennai Super Kings,94,2,8,107,60.0,10.0,9.4,10.7,201,1,"MA Chidambaram Stadium, Chepauk, Chennai",Chennai Super Kings,10,85.6,856,1.299999999999999,2023-04-30,2023
1359516,2,10,6,Mumbai Indians,Rajasthan Royals,98,2,8,115,60.0,10.0,9.8,11.5,213,1,"Wankhede Stadium, Mumbai",Mumbai Indians,10,92.0,920,1.6999999999999993,2023-04-30,2023
1359517,2,10,6,Lucknow Super Giants,Royal Challengers Bangalore,63,5,5,64,60.0,10.0,6.3,6.4,127,0,"Bharat Ratna Shri Atal Bihari Vajpayee Ekana Cricket Stadium, Lucknow",Lucknow Super Giants,10,32.0,320,0.10000000000000053,2023-05-01,2023
1359518,2,10,7,Gujarat Titans,Delhi Capitals,49,4,6,82,60.0,10.0,4.9,8.2,131,0,"Narendra Modi Stadium, Ahmedabad",Gujarat Titans,10,49.199999999999996,492,3.299999999999999,2023-05-02,2023
1359520,2,10,6,Mumbai Indians,Punjab Kings,91,2,8,124,60.0,10.0,9.1,12.4,215,1,"Punjab Cricket Association IS Bindra Stadium, Mohali, Chandigarh",,10,99.2,992,3.3000000000000007,2023-05-03,2023
1359521,2,10,6,Sunrisers Hyderabad,Kolkata Knight Riders,75,4,6,97,60.0,10.0,7.5,9.7,172,0,"Rajiv Gandhi International Stadium, Uppal, Hyderabad",Sunrisers Hyderabad,10,58.199999999999996,582,2.1999999999999993,2023-05-04,2023
1359522,2,10,6,Gujarat Titans,Rajasthan Royals,72,1,9,47,60.0,10.0,7.2,4.7,119,1,"Sawai Mansingh Stadium, Jaipur",Rajasthan Royals,10,42.300000000000004,423,-2.5,2023-05-05,2023
1359523,2,10,6,Chennai Super Kings,Mumbai Indians,84,2,8,56,60.0,10.0,8.4,5.6,140,1,"MA Chidambaram Stadium, Chepauk, Chennai",Chennai Super Kings,10,44.8,448,-2.8000000000000007,2023-05-06,2023
1359524,2,10,6,Delhi Capitals,Royal Challengers Bangalore,115,1,9,67,60.0,10.0,11.5,6.7,182,1,"Arun Jaitley Stadium, Delhi",Delhi Capitals,10,60.300000000000004,603,-4.8,2023-05-06,2023
1359525,2,10,6,Lucknow Super Giants,Gujarat Titans,102,1,9,126,60.0,10.0,10.2,12.6,228,0,"Narendra Modi Stadium, Ahmedabad",Gujarat Titans,10,113.39999999999999,1134,2.4000000000000004,2023-05-07,2023
1359526,2,10,6,Sunrisers Hyderabad,Rajasthan Royals,87,1,9,128,60.0,10.0,8.7,12.8,215,1,"Sawai Mansingh Stadium, Jaipur",Rajasthan Royals,10,115.2,1152,4.100000000000001,2023-05-07,2023
1359527,2,10,6,Kolkata Knight Riders,Punjab Kings,76,2,8,104,60.0,10.0,7.6,10.4,180,1,"Eden Gardens, Kolkata",Kolkata Knight Riders,10,83.2,832,2.8000000000000007,2023-05-08,2023
1359528,2,10,7,Mumbai Indians,Royal Challengers Bangalore,99,2,8,101,60.0,10.0,9.9,10.1,200,1,"Wankhede Stadium, Mumbai",Mumbai Indians,10,80.8,808,0.1999999999999993,2023-05-09,2023
1359529,2,10,6,Delhi Capitals,Chennai Super Kings,65,3,7,103,60.0,10.0,6.5,10.3,168,0,"MA Chidambaram Stadium, Chepauk, Chennai",Chennai Super Kings,10,72.10000000000001,721,3.8000000000000007,2023-05-10,2023
1359530,2,10,6,Rajasthan Royals,Kolkata Knight Riders,107,1,9,43,60.0,10.0,10.7,4.3,150,1,"Eden Gardens, Kolkata",Kolkata Knight Riders,10,38.699999999999996,387,-6.3999999999999995,2023-05-11,2023
1359531,2,10,6,Gujarat Titans,Mumbai Indians,82,5,5,137,60.0,10.0,8.2,13.7,219,0,"Wankhede Stadium, Mumbai",Mumbai Indians,10,68.5,685,5.5,2023-05-12,2023
1359532,2,10,6,Lucknow Super Giants,Sunrisers Hyderabad,68,2,8,115,60.0,10.0,6.8,11.5,183,1,"Rajiv Gandhi International Stadium, Uppal, Hyderabad",Sunrisers Hyderabad,10,92.0,920,4.7,2023-05-13,2023
1359533,2,10,6,Delhi Capitals,Punjab Kings,88,5,5,80,60.0,10.0,8.8,8.0,168,0,"Arun Jaitley Stadium, Delhi",Delhi Capitals,10,40.0,400,-0.8000000000000007,2023-05-13,2023
1359534,2,10,6,Rajasthan Royals,Royal Challengers Bangalore,59,8,2,113,60.0,10.0,5.9,11.3,172,0,"Sawai Mansingh Stadium, Jaipur",Rajasthan Royals,10,22.6,226,5.4,2023-05-14,2023
1359535,2,10,7,Kolkata Knight Riders,Chennai Super Kings,67,3,7,78,60.0,10.0,6.7,7.8,145,1,"MA Chidambaram Stadium, Chepauk, Chennai",Chennai Super Kings,10,54.6,546,1.0999999999999996,2023-05-14,2023
1359536,2,10,6,Sunrisers Hyderabad,Gujarat Titans,66,7,3,123,60.0,10.0,6.6,12.3,189,0,"Narendra Modi Stadium, Ahmedabad",Gujarat Titans,10,36.900000000000006,369,5.700000000000001,2023-05-15,2023
1359537,2,10,7,Mumbai Indians,Lucknow Super Giants,92,1,9,86,60.0,10.0,9.2,8.6,178,0,"Bharat Ratna Shri Atal Bihari Vajpayee Ekana Cricket Stadium, Lucknow",Lucknow Super Giants,10,77.39999999999999,774,-0.5999999999999996,2023-05-16,2023
1359538,2,10,7,Punjab Kings,Delhi Capitals,75,2,8,139,60.0,10.0,7.5,13.9,214,0,"Himachal Pradesh Cricket Association Stadium, Dharamsala",Punjab Kings,10,111.2,1112,6.4,2023-05-17,2023
1359539,2,10,6,Royal Challengers Bangalore,Sunrisers Hyderabad,95,0,10,92,60.0,10.0,9.5,9.2,187,1,"Rajiv Gandhi International Stadium, Uppal, Hyderabad",Sunrisers Hyderabad,10,92.0,920,-0.3000000000000007,2023-05-18,2023
1359540,2,10,6,Rajasthan Royals,Punjab Kings,86,2,8,102,60.0,10.0,8.6,10.2,188,1,"Himachal Pradesh Cricket Association Stadium, Dharamsala",Punjab Kings,10,81.6,816,1.5999999999999996,2023-05-19,2023
1359541,2,10,6,Delhi Capitals,Chennai Super Kings,72,3,7,152,60.0,10.0,7.2,15.2,224,0,"Arun Jaitley Stadium, Delhi",Delhi Capitals,10,106.39999999999999,1064,7.999999999999999,2023-05-20,2023
1359542,2,10,6,Kolkata Knight Riders,Lucknow Super Giants,82,3,7,95,60.0,10.0,8.2,9.5,177,0,"Eden Gardens, Kolkata",Kolkata Knight Riders,10,66.5,665,1.3000000000000007,2023-05-20,2023
1359543,2,10,6,Mumbai Indians,Sunrisers Hyderabad,114,1,9,87,60.0,10.0,11.4,8.7,201,1,"Wankhede Stadium, Mumbai",Mumbai Indians,10,78.3,783,-2.700000000000001,2023-05-21,2023
1359544,2,10,6,Gujarat Titans,Royal Challengers Bangalore,90,1,9,108,60.0,10.0,9.0,10.8,198,1,"M Chinnaswamy Stadium, Bengaluru",Royal Challengers Bangalore,10,97.2,972,1.8000000000000007,2023-05-21,2023
1370350,2,10,6,Gujarat Titans,Chennai Super Kings,72,2,8,101,60.0,10.0,7.2,10.1,173,0,"MA Chidambaram Stadium, Chepauk, Chennai",Chennai Super Kings,10,80.8,808,2.8999999999999995,2023-05-23,2023
1370351,2,10,6,Lucknow Super Giants,Mumbai Indians,75,5,5,108,60.0,10.0,7.5,10.8,183,0,"MA Chidambaram Stadium, Chepauk, Chennai",,10,54.0,540,3.3000000000000007,2023-05-24,2023
1370352,2,10,6,Mumbai Indians,Gujarat Titans,110,3,7,124,60.0,10.0,11.0,12.4,234,0,"Narendra Modi Stadium, Ahmedabad",Gujarat Titans,10,86.8,868,1.4000000000000004,2023-05-26,2023
1370353,2,10,6,Chennai Super Kings,Gujarat Titans,112,2,8,103,60.0,10.0,11.2,10.3,215,1,"Narendra Modi Stadium, Ahmedabad",Gujarat Titans,10,82.4,824,-0.8999999999999986,2023-05-29,2023
1422119,2,10,6,Chennai Super Kings,Royal Challengers Bangalore,92,2,8,82,60.0,10.0,9.2,8.2,174,1,"MA Chidambaram Stadium, Chepauk, Chennai",Chennai Super Kings,10,65.6,656,-1.0,2024-03-22,2024
1422120,2,10,6,Punjab Kings,Delhi Capitals,87,3,7,88,60.0,10.0,8.7,8.8,175,1,"Maharaja Yadavindra Singh International Cricket Stadium, Mullanpur",,10,61.60000000000001,616,0.10000000000000142,2024-03-23,2024
1422121,2,10,6,Sunrisers Hyderabad,Kolkata Knight Riders,99,2,8,110,60.0,10.0,9.9,11.0,209,0,"Eden Gardens, Kolkata",Kolkata Knight Riders,10,88.0,880,1.0999999999999996,2024-03-23,2024
1422122,2,10,6,Lucknow Super Giants,Rajasthan Royals,76,4,6,118,60.0,10.0,7.6,11.8,194,0,"Sawai Mansingh Stadium, Jaipur",Rajasthan Royals,10,70.80000000000001,708,4.200000000000001,2024-03-24,2024
1422123,2,10,6,Mumbai Indians,Gujarat Titans,88,2,8,81,60.0,10.0,8.8,8.1,169,0,"Narendra Modi Stadium, Ahmedabad",Gujarat Titans,10,64.8,648,-0.7000000000000011,2024-03-24,2024
1422124,2,10,7,Royal Challengers Bangalore,Punjab Kings,85,2,8,92,60.0,10.0,8.5,9.2,177,1,"M Chinnaswamy Stadium, Bengaluru",Royal Challengers Bangalore,10,73.6,736,0.6999999999999993,2024-03-25,2024
1422125,2,10,7,Gujarat Titans,Chennai Super Kings,80,3,7,127,60.0,10.0,8.0,12.7,207,0,"MA Chidambaram Stadium, Chepauk, Chennai",Chennai Super Kings,10,88.89999999999999,889,4.699999999999999,2024-03-26,2024
1422126,2,10,6,Mumbai Indians,Sunrisers Hyderabad,141,2,8,137,60.0,10.0,14.1,13.7,278,0,"Rajiv Gandhi International Stadium, Uppal, Hyderabad",Sunrisers Hyderabad,10,109.6,1096,-0.40000000000000036,2024-03-27,2024
1422127,2,10,6,Delhi Capitals,Rajasthan Royals,89,2,8,97,60.0,10.0,8.9,9.7,186,0,"Sawai Mansingh Stadium, Jaipur",Rajasthan Royals,10,77.6,776,0.7999999999999989,2024-03-28,2024
1422128,2,10,6,Kolkata Knight Riders,Royal Challengers Bangalore,112,2,8,71,60.0,10.0,11.2,7.1,183,1,"M Chinnaswamy Stadium, Bengaluru",Royal Challengers Bangalore,10,56.8,568,-4.1,2024-03-29,2024
1422129,2,10,6,Punjab Kings,Lucknow Super Giants,98,0,10,102,60.0,10.0,9.8,10.2,200,0,"Bharat Ratna Shri Atal Bihari Vajpayee Ekana Cricket Stadium, Lucknow",Lucknow Super Giants,10,102.0,1020,0.3999999999999986,2024-03-30,2024
1422130,2,10,6,Gujarat Titans,Sunrisers Hyderabad,78,2,8,85,60.0,10.0,7.8,8.5,163,1,"Narendra Modi Stadium, Ahmedabad",Gujarat Titans,10,68.0,680,0.7000000000000002,2024-03-31,2024
1422131,2,10,6,Chennai Super Kings,Delhi Capitals,75,2,8,117,60.0,10.0,7.5,11.7,192,0,"Dr. Y.S. Rajasekhara Reddy ACA-VDCA Cricket Stadium, Visakhapatnam",,10,93.6,936,4.199999999999999,2024-03-31,2024
1422132,2,10,6,Rajasthan Royals,Mumbai Indians,73,3,7,53,60.0,10.0,7.3,5.3,126,1,"Wankhede Stadium, Mumbai",Mumbai Indians,10,37.1,371,-2.0,2024-04-01,2024
1422133,2,10,6,Royal Challengers Bangalore,Lucknow Super Giants,63,4,6,119,60.0,10.0,6.3,11.9,182,0,"M Chinnaswamy Stadium, Bengaluru",Royal Challengers Bangalore,10,71.4,714,5.6000000000000005,2024-04-02,2024
1422134,2,10,6,Delhi Capitals,Kolkata Knight Riders,87,4,6,186,60.0,10.0,8.7,18.6,273,0,"Dr. Y.S. Rajasekhara Reddy ACA-VDCA Cricket Stadium, Visakhapatnam",,10,111.60000000000001,1116,9.900000000000002,2024-04-03,2024
1422135,2,10,7,Punjab Kings,Gujarat Titans,83,4,6,117,60.0,10.0,8.3,11.7,200,1,"Narendra Modi Stadium, Ahmedabad",Gujarat Titans,10,70.19999999999999,702,3.3999999999999986,2024-04-04,2024
1422136,2,10,6,Sunrisers Hyderabad,Chennai Super Kings,107,2,8,59,60.0,10.0,10.7,5.9,166,1,"Rajiv Gandhi International Stadium, Uppal, Hyderabad",Sunrisers Hyderabad,10,47.2,472,-4.799999999999999,2024-04-05,2024
1422137,2,10,6,Rajasthan Royals,Royal Challengers Bangalore,95,1,9,89,60.0,10.0,9.5,8.9,184,1,"Sawai Mansingh Stadium, Jaipur",Rajasthan Royals,10,80.10000000000001,801,-0.5999999999999996,2024-04-06,2024
1422138,2,10,6,Delhi Capitals,Mumbai Indians,94,1,9,141,60.0,10.0,9.4,14.1,235,0,"Wankhede Stadium, Mumbai",Mumbai Indians,10,126.89999999999999,1269,4.699999999999999,2024-04-07,2024
1422139,2,10,7,Gujarat Titans,Lucknow Super Giants,67,4,6,97,60.0,10.0,6.7,9.7,164,0,"Bharat Ratna Shri Atal Bihari Vajpayee Ekana Cricket Stadium, Lucknow",Lucknow Super Giants,10,58.199999999999996,582,2.999999999999999,2024-04-07,2024
1426260,2,10,6,Chennai Super Kings,Kolkata Knight Riders,81,1,9,57,60.0,10.0,8.1,5.7,138,1,"MA Chidambaram Stadium, Chepauk, Chennai",Chennai Super Kings,10,51.300000000000004,513,-2.3999999999999995,2024-04-08,2024
1426261,2,10,6,Punjab Kings,Sunrisers Hyderabad,66,4,6,117,60.0,10.0,6.6,11.7,183,0,"Maharaja Yadavindra Singh International Cricket Stadium, Mullanpur",,10,70.19999999999999,702,5.1,2024-04-09,2024
1426262,2,10,6,Gujarat Titans,Rajasthan Royals,76,1,9,121,60.0,10.0,7.6,12.1,197,1,"Sawai Mansingh Stadium, Jaipur",Rajasthan Royals,10,108.89999999999999,1089,4.5,2024-04-10,2024
1426263,2,10,6,Mumbai Indians,Royal Challengers Bangalore,111,1,9,86,60.0,10.0,11.1,8.6,197,1,"Wankhede Stadium, Mumbai",Mumbai Indians,10,77.39999999999999,774,-2.5,2024-04-11,2024
1426264,2,10,6,Delhi Capitals,Lucknow Super Giants,75,2,8,93,60.0,10.0,7.5,9.3,168,1,"Bharat Ratna Shri Atal Bihari Vajpayee Ekana Cricket Stadium, Lucknow",Lucknow Super Giants,10,74.4,744,1.8000000000000007,2024-04-12,2024
1426265,2,10,6,Rajasthan Royals,Punjab Kings,66,1,9,82,60.0,10.0,6.6,8.2,148,1,"Maharaja Yadavindra Singh International Cricket Stadium, Mullanpur",,10,73.8,738,1.5999999999999996,2024-04-13,2024
1426266,2,10,6,Kolkata Knight Riders,Lucknow Super Giants,101,2,8,61,60.0,10.0,10.1,6.1,162,1,"Eden Gardens, Kolkata",Kolkata Knight Riders,10,48.8,488,-4.0,2024-04-14,2024
1426267,2,10,6,Mumbai Indians,Chennai Super Kings,90,2,8,117,60.0,10.0,9.0,11.7,207,0,"Wankhede Stadium, Mumbai",Mumbai Indians,10,93.6,936,2.6999999999999993,2024-04-14,2024
1426268,2,10,6,Royal Challengers Bangalore,Sunrisers Hyderabad,122,5,5,166,60.0,10.0,12.2,16.6,288,0,"M Chinnaswamy Stadium, Bengaluru",Royal Challengers Bangalore,10,83.0,830,4.400000000000002,2024-04-15,2024
1426269,2,10,6,Rajasthan Royals,Kolkata Knight Riders,109,4,6,115,60.0,10.0,10.9,11.5,224,1,"Eden Gardens, Kolkata",Kolkata Knight Riders,10,69.0,690,0.5999999999999996,2024-04-16,2024
1426271,2,10,6,Punjab Kings,Mumbai Indians,87,6,4,106,60.0,10.0,8.7,10.6,193,0,"Maharaja Yadavindra Singh International Cricket Stadium, Mullanpur",,10,42.4,424,1.9000000000000004,2024-04-18,2024
1426272,2,10,6,Lucknow Super Giants,Chennai Super Kings,89,0,10,88,60.0,10.0,8.9,8.8,177,1,"Bharat Ratna Shri Atal Bihari Vajpayee Ekana Cricket Stadium, Lucknow",Lucknow Super Giants,10,88.0,880,-0.09999999999999964,2024-04-19,2024
1426273,2,10,6,Delhi Capitals,Sunrisers Hyderabad,138,4,6,129,60.0,10.0,13.8,12.9,267,0,"Arun Jaitley Stadium, Delhi",Delhi Capitals,10,77.4,774,-0.9000000000000004,2024-04-20,2024
1426274,2,10,6,Royal Challengers Bangalore,Kolkata Knight Riders,122,2,8,101,60.0,10.0,12.2,10.1,223,0,"Eden Gardens, Kolkata",Kolkata Knight Riders,10,80.8,808,-2.0999999999999996,2024-04-21,2024
1426275,2,10,6,Gujarat Titans,Punjab Kings,68,2,8,75,60.0,10.0,6.8,7.5,143,1,"Maharaja Yadavindra Singh International Cricket Stadium, Mullanpur",,10,60.0,600,0.7000000000000002,2024-04-21,2024
1426276,2,10,6,Rajasthan Royals,Mumbai Indians,95,1,9,85,60.0,10.0,9.5,8.5,180,1,"Sawai Mansingh Stadium, Jaipur",Rajasthan Royals,10,76.5,765,-1.0,2024-04-22,2024
1426277,2,10,6,Lucknow Super Giants,Chennai Super Kings,83,2,8,128,60.0,10.0,8.3,12.8,211,1,"MA Chidambaram Stadium, Chepauk, Chennai",Chennai Super Kings,10,102.4,1024,4.5,2024-04-23,2024
1426278,2,10,6,Gujarat Titans,Delhi Capitals,98,2,8,127,60.0,10.0,9.8,12.7,225,0,"Arun Jaitley Stadium, Delhi",Delhi Capitals,10,101.6,1016,2.8999999999999986,2024-04-24,2024
1426279,2,10,6,Sunrisers Hyderabad,Royal Challengers Bangalore,89,6,4,118,60.0,10.0,8.9,11.8,207,0,"Rajiv Gandhi International Stadium, Uppal, Hyderabad",Sunrisers Hyderabad,10,47.2,472,2.9000000000000004,2024-04-25,2024
1426280,2,10,6,Punjab Kings,Kolkata Knight Riders,132,1,9,130,60.0,10.0,13.2,13.0,262,1,"Eden Gardens, Kolkata",Kolkata Knight Riders,10,117.0,1170,-0.1999999999999993,2024-04-26,2024
1426281,2,10,6,Mumbai Indians,Delhi Capitals,115,3,7,143,60.0,10.0,11.5,14.3,258,0,"Arun Jaitley Stadium, Delhi",Delhi Capitals,10,100.10000000000001,1001,2.8000000000000007,2024-04-27,2024
1426282,2,10,6,Rajasthan Royals,Lucknow Super Giants,81,3,7,116,60.0,10.0,8.1,11.6,197,1,"Bharat Ratna Shri Atal Bihari Vajpayee Ekana Cricket Stadium, Lucknow",Lucknow Super Giants,10,81.2,812,3.5,2024-04-27,2024
1426283,2,10,6,Royal Challengers Bangalore,Gujarat Titans,98,1,9,103,60.0,10.0,9.8,10.3,201,1,"Narendra Modi Stadium, Ahmedabad",Gujarat Titans,10,92.7,927,0.5,2024-04-28,2024
1426284,2,10,6,Sunrisers Hyderabad,Chennai Super Kings,78,4,6,135,60.0,10.0,7.8,13.5,213,0,"MA Chidambaram Stadium, Chepauk, Chennai",Chennai Super Kings,10,81.0,810,5.7,2024-04-28,2024
1426285,2,10,6,Kolkata Knight Riders,Delhi Capitals,104,3,7,50,60.0,10.0,10.4,5.0,154,1,"Eden Gardens, Kolkata",Kolkata Knight Riders,10,35.0,350,-5.4,2024-04-29,2024
1426286,2,10,6,Lucknow Super Giants,Mumbai Indians,79,2,8,66,60.0,10.0,7.9,6.6,145,1,"Bharat Ratna Shri Atal Bihari Vajpayee Ekana Cricket Stadium, Lucknow",Lucknow Super Giants,10,52.8,528,-1.3000000000000007,2024-04-30,2024
1426287,2,10,6,Punjab Kings,Chennai Super Kings,96,2,8,67,60.0,10.0,9.6,6.7,163,1,"MA Chidambaram Stadium, Chepauk, Chennai",Chennai Super Kings,10,53.6,536,-2.8999999999999995,2024-05-01,2024
1426288,2,10,6,Rajasthan Royals,Sunrisers Hyderabad,100,2,8,102,60.0,10.0,10.0,10.2,202,0,"Rajiv Gandhi International Stadium, Uppal, Hyderabad",Sunrisers Hyderabad,10,81.6,816,0.1999999999999993,2024-05-02,2024
1426289,2,10,6,Mumbai Indians,Kolkata Knight Riders,67,4,6,103,60.0,10.0,6.7,10.3,170,0,"Wankhede Stadium, Mumbai",Mumbai Indians,10,61.800000000000004,618,3.6000000000000005,2024-05-03,2024
1426290,2,10,6,Royal Challengers Bangalore,Gujarat Titans,112,5,5,36,60.0,10.0,11.2,3.6,148,1,"M Chinnaswamy Stadium, Bengaluru",Royal Challengers Bangalore,10,18.0,180,-7.6,2024-05-04,2024
1426291,2,10,6,Punjab Kings,Chennai Super Kings,72,5,5,96,60.0,10.0,7.2,9.6,168,0,"Himachal Pradesh Cricket Association Stadium, Dharamsala",Punjab Kings,10,48.0,480,2.3999999999999995,2024-05-05,2024
1426292,2,10,7,Lucknow Super Giants,Kolkata Knight Riders,96,4,6,140,60.0,10.0,9.6,14.0,236,0,"Bharat Ratna Shri Atal Bihari Vajpayee Ekana Cricket Stadium, Lucknow",Lucknow Super Giants,10,84.0,840,4.4,2024-05-05,2024
1426293,2,10,6,Mumbai Indians,Sunrisers Hyderabad,84,3,7,90,60.0,10.0,8.4,9.0,174,1,"Wankhede Stadium, Mumbai",Mumbai Indians,10,63.0,630,0.5999999999999996,2024-05-06,2024
1426294,2,10,6,Rajasthan Royals,Delhi Capitals,93,2,8,129,60.0,10.0,9.3,12.9,222,0,"Arun Jaitley Stadium, Delhi",Delhi Capitals,10,103.2,1032,3.5999999999999996,2024-05-07,2024
1426295,2,10,4,Sunrisers Hyderabad,Lucknow Super Giants,167,0,10,0,62.0,10.333333333333334,17.27586206896552,0.0,166,1,"Rajiv Gandhi International Stadium, Uppal, Hyderabad",Sunrisers Hyderabad,10,0.0,0,-17.27586206896552,2024-05-08,2024
1426296,2,10,6,Punjab Kings,Royal Challengers Bangalore,114,3,7,128,60.0,10.0,11.4,12.8,242,0,"Himachal Pradesh Cricket Association Stadium, Dharamsala",Punjab Kings,10,89.60000000000001,896,1.4000000000000004,2024-05-09,2024
1426297,2,10,6,Chennai Super Kings,Gujarat Titans,86,3,7,146,60.0,10.0,8.6,14.6,232,0,"Narendra Modi Stadium, Ahmedabad",Gujarat Titans,10,102.2,1022,6.0,2024-05-10,2024
1426298,2,10,6,Mumbai Indians,Kolkata Knight Riders,81,2,8,77,60.0,10.0,8.1,7.7,158,0,"Eden Gardens, Kolkata",Kolkata Knight Riders,10,61.6,616,-0.39999999999999947,2024-05-11,2024
1426299,2,10,6,Chennai Super Kings,Rajasthan Royals,77,2,8,65,60.0,10.0,7.7,6.5,142,1,"MA Chidambaram Stadium, Chepauk, Chennai",Chennai Super Kings,10,52.0,520,-1.2000000000000002,2024-05-12,2024
1426300,2,10,6,Delhi Capitals,Royal Challengers Bangalore,87,5,5,101,60.0,10.0,8.7,10.1,188,0,"M Chinnaswamy Stadium, Bengaluru",Royal Challengers Bangalore,10,50.5,505,1.4000000000000004,2024-05-12,2024
1426302,2,10,7,Lucknow Super Giants,Delhi Capitals,97,5,5,112,60.0,10.0,9.7,11.2,209,0,"Arun Jaitley Stadium, Delhi",Delhi Capitals,10,56.0,560,1.5,2024-05-14,2024
1426303,2,10,6,Punjab Kings,Rajasthan Royals,63,4,6,82,60.0,10.0,6.3,8.2,145,1,"Barsapara Cricket Stadium, Guwahati",,10,49.199999999999996,492,1.8999999999999995,2024-05-15,2024
1426305,2,10,6,Mumbai Indians,Lucknow Super Giants,92,2,8,123,60.0,10.0,9.2,12.3,215,0,"Wankhede Stadium, Mumbai",Mumbai Indians,10,98.4,984,3.1000000000000014,2024-05-17,2024
1426306,2,10,6,Chennai Super Kings,Royal Challengers Bangalore,87,3,7,132,60.0,10.0,8.7,13.2,219,0,"M Chinnaswamy Stadium, Bengaluru",Royal Challengers Bangalore,10,92.39999999999999,924,4.5,2024-05-18,2024
1426307,2,10,7,Sunrisers Hyderabad,Punjab Kings,129,2,8,86,60.0,10.0,12.9,8.6,215,1,"Rajiv Gandhi International Stadium, Uppal, Hyderabad",Sunrisers Hyderabad,10,68.8,688,-4.300000000000001,2024-05-19,2024
1426309,2,10,6,Kolkata Knight Riders,Sunrisers Hyderabad,107,2,8,53,60.0,10.0,10.7,5.3,160,1,"Narendra Modi Stadium, Ahmedabad",,10,42.4,424,-5.3999999999999995,2024-05-21,2024
1426310,2,10,6,Rajasthan Royals,Royal Challengers Bangalore,85,2,8,88,60.0,10.0,8.5,8.8,173,1,"Narendra Modi Stadium, Ahmedabad",,10,70.4,704,0.3000000000000007,2024-05-22,2024
1426311,2,10,6,Rajasthan Royals,Sunrisers Hyderabad,73,3,7,103,60.0,10.0,7.3,10.3,176,0,"MA Chidambaram Stadium, Chepauk, Chennai",,10,72.10000000000001,721,3.000000000000001,2024-05-24,2024
1426312,2,10,6,Kolkata Knight Riders,Sunrisers Hyderabad,111,2,8,3,60.0,10.0,11.1,0.3,114,1,"MA Chidambaram Stadium, Chepauk, Chennai",,10,2.4,24,-10.799999999999999,2024-05-26,2024
1473438,2,10,6,Royal Challengers Bangalore,Kolkata Knight Riders,104,1,9,71,60.0,10.0,10.4,7.1,175,1,"Eden Gardens, Kolkata",Kolkata Knight Riders,10,63.9,639,-3.3000000000000007,2025-03-22,2025
1473439,2,10,6,Rajasthan Royals,Sunrisers Hyderabad,118,3,7,169,60.0,10.0,11.8,16.9,287,0,"Rajiv Gandhi International Stadium, Uppal, Hyderabad",Sunrisers Hyderabad,10,118.29999999999998,1183,5.099999999999998,2025-03-23,2025
1473440,2,10,6,Chennai Super Kings,Mumbai Indians,96,3,7,60,60.0,10.0,9.6,6.0,156,1,"MA Chidambaram Stadium, Chepauk, Chennai",Chennai Super Kings,10,42.0,420,-3.5999999999999996,2025-03-23,2025
1473441,2,10,6,Delhi Capitals,Lucknow Super Giants,88,5,5,122,60.0,10.0,8.8,12.2,210,1,"Dr. Y.S. Rajasekhara Reddy ACA-VDCA Cricket Stadium, Visakhapatnam",,10,61.0,610,3.3999999999999986,2025-03-24,2025
1473442,2,10,6,Gujarat Titans,Punjab Kings,104,1,9,140,60.0,10.0,10.4,14.0,244,0,"Narendra Modi Stadium, Ahmedabad",Gujarat Titans,10,126.0,1260,3.5999999999999996,2025-03-25,2025
1473443,2,10,6,Kolkata Knight Riders,Rajasthan Royals,70,1,9,82,60.0,10.0,7.0,8.2,152,1,"Barsapara Cricket Stadium, Guwahati",,10,73.8,738,1.1999999999999993,2025-03-26,2025
1473444,2,10,6,Lucknow Super Giants,Sunrisers Hyderabad,129,2,8,62,60.0,10.0,12.9,6.2,191,1,"Rajiv Gandhi International Stadium, Uppal, Hyderabad",Sunrisers Hyderabad,10,49.6,496,-6.7,2025-03-27,2025
1473445,2,10,6,Chennai Super Kings,Royal Challengers Bangalore,65,4,6,132,60.0,10.0,6.5,13.2,197,0,"MA Chidambaram Stadium, Chepauk, Chennai",Chennai Super Kings,10,79.19999999999999,792,6.699999999999999,2025-03-28,2025
1473446,2,10,6,Mumbai Indians,Gujarat Titans,86,2,8,111,60.0,10.0,8.6,11.1,197,0,"Narendra Modi Stadium, Ahmedabad",Gujarat Titans,10,88.8,888,2.5,2025-03-29,2025
1473447,2,10,6,Delhi Capitals,Sunrisers Hyderabad,96,2,8,68,60.0,10.0,9.6,6.8,164,1,"Dr. Y.S. Rajasekhara Reddy ACA-VDCA Cricket Stadium, Visakhapatnam",,10,54.4,544,-2.8,2025-03-30,2025
1473448,2,10,6,Chennai Super Kings,Rajasthan Royals,74,3,7,109,60.0,10.0,7.4,10.9,183,0,"Barsapara Cricket Stadium, Guwahati",,10,76.3,763,3.5,2025-03-30,2025
1473449,2,10,6,Mumbai Indians,Kolkata Knight Riders,89,1,9,28,60.0,10.0,8.9,2.8,117,1,"Wankhede Stadium, Mumbai",Mumbai Indians,10,25.2,252,-6.1000000000000005,2025-03-31,2025
1473450,2,10,7,Punjab Kings,Lucknow Super Giants,110,1,9,62,60.0,10.0,11.0,6.2,172,1,"Bharat Ratna Shri Atal Bihari Vajpayee Ekana Cricket Stadium, Lucknow",Lucknow Super Giants,10,55.800000000000004,558,-4.8,2025-04-01,2025
1473451,2,10,6,Gujarat Titans,Royal Challengers Bangalore,82,1,9,88,60.0,10.0,8.2,8.8,170,1,"M Chinnaswamy Stadium, Bengaluru",Royal Challengers Bangalore,10,79.2,792,0.6000000000000014,2025-04-02,2025
1473452,2,10,7,Sunrisers Hyderabad,Kolkata Knight Riders,72,5,5,129,60.0,10.0,7.2,12.9,201,0,"Eden Gardens, Kolkata",Kolkata Knight Riders,10,64.5,645,5.7,2025-04-03,2025
1473453,2,10,6,Mumbai Indians,Lucknow Super Giants,101,3,7,103,60.0,10.0,10.1,10.3,204,0,"Bharat Ratna Shri Atal Bihari Vajpayee Ekana Cricket Stadium, Lucknow",Lucknow Super Giants,10,72.10000000000001,721,0.20000000000000107,2025-04-04,2025
1473454,2,10,6,Chennai Super Kings,Delhi Capitals,69,4,6,115,60.0,10.0,6.9,11.5,184,0,"MA Chidambaram Stadium, Chepauk, Chennai",Chennai Super Kings,10,69.0,690,4.6,2025-04-05,2025
1473455,2,10,6,Punjab Kings,Rajasthan Royals,78,4,6,128,60.0,10.0,7.8,12.8,206,0,"Maharaja Yadavindra Singh International Cricket Stadium, Mullanpur",,10,76.80000000000001,768,5.000000000000001,2025-04-05,2025
1473456,2,10,7,Kolkata Knight Riders,Lucknow Super Giants,129,2,8,110,60.0,10.0,12.9,11.0,239,0,"Eden Gardens, Kolkata",Kolkata Knight Riders,10,88.0,880,-1.9000000000000004,2025-04-08,2025
1473457,2,10,6,Gujarat Titans,Sunrisers Hyderabad,82,2,8,71,60.0,10.0,8.2,7.1,153,1,"Rajiv Gandhi International Stadium, Uppal, Hyderabad",Sunrisers Hyderabad,10,56.8,568,-1.0999999999999996,2025-04-06,2025
1473458,2,10,6,Mumbai Indians,Royal Challengers Bangalore,84,3,7,138,60.0,10.0,8.4,13.8,222,0,"Wankhede Stadium, Mumbai",Mumbai Indians,10,96.60000000000001,966,5.4,2025-04-07,2025
1473459,2,10,8,Chennai Super Kings,Punjab Kings,91,2,8,129,60.0,10.0,9.1,12.9,220,0,"Maharaja Yadavindra Singh International Cricket Stadium, Mullanpur",,10,103.2,1032,3.8000000000000007,2025-04-08,2025
1473460,2,10,7,Rajasthan Royals,Gujarat Titans,85,4,6,133,60.0,10.0,8.5,13.3,218,0,"Narendra Modi Stadium, Ahmedabad",Gujarat Titans,10,79.80000000000001,798,4.800000000000001,2025-04-09,2025
1473461,2,10,6,Delhi Capitals,Royal Challengers Bangalore,66,4,6,98,60.0,10.0,6.6,9.8,164,1,"M Chinnaswamy Stadium, Bengaluru",Royal Challengers Bangalore,10,58.800000000000004,588,3.200000000000001,2025-04-10,2025
1473462,2,10,6,Kolkata Knight Riders,Chennai Super Kings,98,2,8,6,60.0,10.0,9.8,0.6,104,1,"MA Chidambaram Stadium, Chepauk, Chennai",Chennai Super Kings,10,4.8,48,-9.200000000000001,2025-04-11,2025
1473463,2,10,6,Lucknow Super Giants,Gujarat Titans,114,1,9,67,60.0,10.0,11.4,6.7,181,1,"Bharat Ratna Shri Atal Bihari Vajpayee Ekana Cricket Stadium, Lucknow",Lucknow Super Giants,10,60.300000000000004,603,-4.7,2025-04-12,2025
1473464,2,10,6,Sunrisers Hyderabad,Punjab Kings,143,0,10,103,60.0,10.0,14.3,10.3,246,1,"Rajiv Gandhi International Stadium, Uppal, Hyderabad",Sunrisers Hyderabad,10,103.0,1030,-4.0,2025-04-12,2025
1473465,2,10,6,Royal Challengers Bangalore,Rajasthan Royals,101,1,9,73,60.0,10.0,10.1,7.3,174,1,"Sawai Mansingh Stadium, Jaipur",Rajasthan Royals,10,65.7,657,-2.8,2025-04-13,2025
1473466,2,10,6,Delhi Capitals,Mumbai Indians,113,1,9,93,60.0,10.0,11.3,9.3,206,0,"Arun Jaitley Stadium, Delhi",Delhi Capitals,10,83.7,837,-2.0,2025-04-13,2025
1473467,2,10,6,Chennai Super Kings,Lucknow Super Giants,81,3,7,86,60.0,10.0,8.1,8.6,167,1,"Bharat Ratna Shri Atal Bihari Vajpayee Ekana Cricket Stadium, Lucknow",Lucknow Super Giants,10,60.199999999999996,602,0.5,2025-04-14,2025
1473468,2,10,7,Kolkata Knight Riders,Punjab Kings,72,4,6,40,60.0,10.0,7.2,4.0,112,0,"Maharaja Yadavindra Singh International Cricket Stadium, Mullanpur",,10,24.0,240,-3.2,2025-04-15,2025
1473469,2,10,6,Rajasthan Royals,Delhi Capitals,94,2,8,95,60.0,10.0,9.4,9.5,189,0,"Arun Jaitley Stadium, Delhi",Delhi Capitals,10,76.0,760,0.09999999999999964,2025-04-16,2025
1473470,2,10,6,Mumbai Indians,Sunrisers Hyderabad,91,2,8,72,60.0,10.0,9.1,7.2,163,1,"Wankhede Stadium, Mumbai",Mumbai Indians,10,57.6,576,-1.8999999999999995,2025-04-17,2025
1473471,2,10,6,Punjab Kings,Royal Challengers Bangalore,65,4,6,31,60.0,10.0,6.5,3.1,96,1,"M Chinnaswamy Stadium, Bengaluru",Royal Challengers Bangalore,10,18.6,186,-3.4,2025-04-18,2025
1473472,2,10,6,Gujarat Titans,Delhi Capitals,94,2,8,110,60.0,10.0,9.4,11.0,204,1,"Narendra Modi Stadium, Ahmedabad",Gujarat Titans,10,88.0,880,1.5999999999999996,2025-04-19,2025
1473473,2,10,6,Rajasthan Royals,Lucknow Super Giants,94,2,8,87,60.0,10.0,9.4,8.7,181,0,"Sawai Mansingh Stadium, Jaipur",Rajasthan Royals,10,69.6,696,-0.7000000000000011,2025-04-19,2025
1473474,2,10,6,Royal Challengers Bangalore,Punjab Kings,88,1,9,70,60.0,10.0,8.8,7.0,158,1,"Maharaja Yadavindra Singh International Cricket Stadium, Mullanpur",,10,63.0,630,-1.8000000000000007,2025-04-20,2025
1473475,2,10,6,Mumbai Indians,Chennai Super Kings,93,1,9,84,60.0,10.0,9.3,8.4,177,1,"Wankhede Stadium, Mumbai",Mumbai Indians,10,75.60000000000001,756,-0.9000000000000004,2025-04-20,2025
1473476,2,10,6,Kolkata Knight Riders,Gujarat Titans,68,2,8,131,60.0,10.0,6.8,13.1,199,0,"Eden Gardens, Kolkata",Kolkata Knight Riders,10,104.8,1048,6.3,2025-04-21,2025
1473477,2,10,6,Delhi Capitals,Lucknow Super Giants,80,1,9,80,60.0,10.0,8.0,8.0,160,1,"Bharat Ratna Shri Atal Bihari Vajpayee Ekana Cricket Stadium, Lucknow",Lucknow Super Giants,10,72.0,720,0.0,2025-04-22,2025
1473478,2,10,6,Mumbai Indians,Sunrisers Hyderabad,79,2,8,65,60.0,10.0,7.9,6.5,144,1,"Rajiv Gandhi International Stadium, Uppal, Hyderabad",Sunrisers Hyderabad,10,52.0,520,-1.4000000000000004,2025-04-23,2025
1473479,2,10,6,Rajasthan Royals,Royal Challengers Bangalore,113,3,7,93,60.0,10.0,11.3,9.3,206,0,"M Chinnaswamy Stadium, Bengaluru",Royal Challengers Bangalore,10,65.10000000000001,651,-2.0,2025-04-24,2025
1473480,2,10,6,Sunrisers Hyderabad,Chennai Super Kings,69,3,7,86,60.0,10.0,6.9,8.6,155,1,"MA Chidambaram Stadium, Chepauk, Chennai",Chennai Super Kings,10,60.199999999999996,602,1.6999999999999993,2025-04-25,2025
1473482,2,10,6,Lucknow Super Giants,Mumbai Indians,103,3,7,113,60.0,10.0,10.3,11.3,216,0,"Wankhede Stadium, Mumbai",Mumbai Indians,10,79.10000000000001,791,1.0,2025-04-27,2025
1473483,2,10,6,Royal Challengers Bangalore,Delhi Capitals,64,3,7,99,60.0,10.0,6.4,9.9,163,1,"Arun Jaitley Stadium, Delhi",Delhi Capitals,10,69.3,693,3.5,2025-04-27,2025
1473484,2,10,6,Rajasthan Royals,Gujarat Titans,144,0,10,66,60.0,10.0,14.4,6.6,210,1,"Sawai Mansingh Stadium, Jaipur",Rajasthan Royals,10,66.0,660,-7.800000000000001,2025-04-28,2025
1473485,2,10,6,Delhi Capitals,Kolkata Knight Riders,97,3,7,108,60.0,10.0,9.7,10.8,205,0,"Arun Jaitley Stadium, Delhi",Delhi Capitals,10,75.60000000000001,756,1.1000000000000014,2025-04-29,2025
1473486,2,10,6,Punjab Kings,Chennai Super Kings,88,1,9,103,60.0,10.0,8.8,10.3,191,1,"MA Chidambaram Stadium, Chepauk, Chennai",Chennai Super Kings,10,92.7,927,1.5,2025-04-30,2025
1473487,2,10,6,Rajasthan Royals,Mumbai Indians,82,7,3,136,60.0,10.0,8.2,13.6,218,0,"Sawai Mansingh Stadium, Jaipur",Rajasthan Royals,10,40.8,408,5.4,2025-05-01,2025
1473488,2,10,6,Sunrisers Hyderabad,Gujarat Titans,85,2,8,140,60.0,10.0,8.5,14.0,225,0,"Narendra Modi Stadium, Ahmedabad",Gujarat Titans,10,112.0,1120,5.5,2025-05-02,2025
1473489,2,10,6,Chennai Super Kings,Royal Challengers Bangalore,106,2,8,108,60.0,10.0,10.6,10.8,214,0,"M Chinnaswamy Stadium, Bengaluru",Royal Challengers Bangalore,10,86.4,864,0.20000000000000107,2025-05-03,2025
1473490,2,10,6,Rajasthan Royals,Kolkata Knight Riders,82,5,5,125,60.0,10.0,8.2,12.5,207,0,"Eden Gardens, Kolkata",Kolkata Knight Riders,10,62.5,625,4.300000000000001,2025-05-04,2025
1473491,2,10,6,Lucknow Super Giants,Punjab Kings,74,5,5,163,60.0,10.0,7.4,16.3,237,0,"Himachal Pradesh Cricket Association Stadium, Dharamsala",Punjab Kings,10,81.5,815,8.9,2025-05-04,2025
1473493,2,10,6,Gujarat Titans,Mumbai Indians,68,1,9,88,60.0,10.0,6.8,8.8,156,1,"Wankhede Stadium, Mumbai",Mumbai Indians,10,79.2,792,2.000000000000001,2025-05-06,2025
1473494,2,10,7,Chennai Super Kings,Kolkata Knight Riders,93,5,5,87,60.0,10.0,9.3,8.7,180,1,"Eden Gardens, Kolkata",Kolkata Knight Riders,10,43.5,435,-0.6000000000000014,2025-05-07,2025
1473497,2,10,6,Rajasthan Royals,Punjab Kings,114,2,8,106,60.0,10.0,11.4,10.6,220,0,"Sawai Mansingh Stadium, Jaipur",Rajasthan Royals,10,84.8,848,-0.8000000000000007,2025-05-18,2025
1473498,2,10,7,Gujarat Titans,Delhi Capitals,93,0,10,107,60.0,10.0,9.3,10.7,200,1,"Arun Jaitley Stadium, Delhi",Delhi Capitals,10,107.0,1070,1.3999999999999986,2025-05-18,2025
1473499,2,10,6,Sunrisers Hyderabad,Lucknow Super Giants,120,2,8,86,60.0,10.0,12.0,8.6,206,1,"Bharat Ratna Shri Atal Bihari Vajpayee Ekana Cricket Stadium, Lucknow",Lucknow Super Giants,10,68.8,688,-3.4000000000000004,2025-05-19,2025
1473500,2,10,6,Rajasthan Royals,Chennai Super Kings,95,1,9,93,60.0,10.0,9.5,9.3,188,1,"Arun Jaitley Stadium, Delhi",,10,83.7,837,-0.1999999999999993,2025-05-20,2025
1473501,2,10,6,Delhi Capitals,Mumbai Indians,66,5,5,115,60.0,10.0,6.6,11.5,181,0,"Wankhede Stadium, Mumbai",Mumbai Indians,10,57.5,575,4.9,2025-05-21,2025
1473502,2,10,6,Gujarat Titans,Lucknow Super Giants,97,3,7,139,60.0,10.0,9.7,13.9,236,0,"Narendra Modi Stadium, Ahmedabad",Gujarat Titans,10,97.3,973,4.200000000000001,2025-05-22,2025
1473503,2,10,6,Royal Challengers Bangalore,Sunrisers Hyderabad,118,1,9,114,60.0,10.0,11.8,11.4,232,0,"Bharat Ratna Shri Atal Bihari Vajpayee Ekana Cricket Stadium, Lucknow",,10,102.60000000000001,1026,-0.40000000000000036,2025-05-23,2025
1473504,2,10,6,Gujarat Titans,Chennai Super Kings,85,3,7,146,60.0,10.0,8.5,14.6,231,0,"Narendra Modi Stadium, Ahmedabad",Gujarat Titans,10,102.2,1022,6.1,2025-05-25,2025
1473505,2,10,6,Kolkata Knight Riders,Sunrisers Hyderabad,81,5,5,198,60.0,10.0,8.1,19.8,279,0,"Arun Jaitley Stadium, Delhi",,10,99.0,990,11.700000000000001,2025-05-25,2025
1473506,2,10,6,Punjab Kings,Mumbai Indians,89,1,9,96,60.0,10.0,8.9,9.6,185,1,"Sawai Mansingh Stadium, Jaipur",,10,86.39999999999999,864,0.6999999999999993,2025-05-26,2025
1473507,2,10,6,Royal Challengers Bangalore,Lucknow Super Giants,115,3,7,113,60.0,10.0,11.5,11.3,228,1,"Bharat Ratna Shri Atal Bihari Vajpayee Ekana Cricket Stadium, Lucknow",Lucknow Super Giants,10,79.10000000000001,791,-0.1999999999999993,2025-05-27,2025
1473508,2,10,6,Royal Challengers Bangalore,Punjab Kings,106,2,8,0,60.0,10.0,10.6,0.0,102,1,"Maharaja Yadavindra Singh International Cricket Stadium, Mullanpur",,10,0.0,0,-10.6,2025-05-29,2025
1473509,2,10,6,Gujarat Titans,Mumbai Indians,106,2,8,123,60.0,10.0,10.6,12.3,229,0,"Maharaja Yadavindra Singh International Cricket Stadium, New Chandigarh",,10,98.4,984,1.700000000000001,2025-05-30,2025
1473510,2,10,6,Punjab Kings,Mumbai Indians,98,3,7,106,60.0,10.0,9.8,10.6,204,1,"Narendra Modi Stadium, Ahmedabad",,10,74.2,742,0.7999999999999989,2025-06-01,2025
1473511,2,10,6,Punjab Kings,Royal Challengers Bangalore,81,3,7,110,60.0,10.0,8.1,11.0,191,0,"Narendra Modi Stadium, Ahmedabad",,10,77.0,770,2.9000000000000004,2025-06-03,2025
1485779,2,10,6,Delhi Capitals,Punjab Kings,93,2,8,114,60.0,10.0,9.3,11.4,207,1,"Sawai Mansingh Stadium, Jaipur",,10,91.2,912,2.0999999999999996,2025-05-24,2025
