match_id,season,city,venue,team1,team2,toss_winner,toss_decision,bat_first,bowl_first,winner,margin_type,margin,first_innings_runs,first_innings_wkts,second_innings_runs,second_innings_wkts,pp_runs,pp_wkts
1082591,2017,Hyderabad,"Rajiv Gandhi International Stadium, Uppal",Sunrisers Hyderabad,Royal Challengers Bangalore,Royal Challengers Bangalore,field,Sunrisers Hyderabad,Royal Challengers Bangalore,Sunrisers Hyderabad,runs,35.0,207,4,172,10,59,1
1082592,2017,Pune,Maharashtra Cricket Association Stadium,Rising Pune Supergiant,Mumbai Indians,Rising Pune Supergiant,field,Mumbai Indians,Rising Pune Supergiant,Rising Pune Supergiant,wickets,7.0,184,8,187,3,61,1
1082593,2017,Rajkot,Saurashtra Cricket Association Stadium,Gujarat Lions,Kolkata Knight Riders,Kolkata Knight Riders,field,Gujarat Lions,Kolkata Knight Riders,Kolkata Knight Riders,wickets,10.0,183,4,184,0,52,1
1082594,2017,Indore,Holkar Cricket Stadium,Kings XI Punjab,Rising Pune Supergiant,Kings XI Punjab,field,Rising Pune Supergiant,Kings XI Punjab,Kings XI Punjab,wickets,6.0,163,6,164,4,35,1
1082595,2017,Bengaluru,M.Chinnaswamy Stadium,Royal Challengers Bangalore,Delhi Daredevils,Royal Challengers Bangalore,bat,Royal Challengers Bangalore,Delhi Daredevils,Royal Challengers Bangalore,runs,15.0,157,8,142,9,41,2
1082596,2017,Hyderabad,"Rajiv Gandhi International Stadium, Uppal",Sunrisers Hyderabad,Gujarat Lions,Sunrisers Hyderabad,field,Gujarat Lions,Sunrisers Hyderabad,Sunrisers Hyderabad,wickets,9.0,135,7,140,1,40,2
1082597,2017,Mumbai,Wankhede Stadium,Mumbai Indians,Kolkata Knight Riders,Mumbai Indians,field,Kolkata Knight Riders,Mumbai Indians,Mumbai Indians,wickets,4.0,178,7,180,6,59,2
1082598,2017,Indore,Holkar Cricket Stadium,Kings XI Punjab,Royal Challengers Bangalore,Royal Challengers Bangalore,bat,Royal Challengers Bangalore,Kings XI Punjab,Kings XI Punjab,wickets,8.0,148,4,150,2,23,3
1082599,2017,Pune,Maharashtra Cricket Association Stadium,Rising Pune Supergiant,Delhi Daredevils,Rising Pune Supergiant,field,Delhi Daredevils,Rising Pune Supergiant,Delhi Daredevils,runs,97.0,205,4,108,10,62,1
1082600,2017,Mumbai,Wankhede Stadium,Mumbai Indians,Sunrisers Hyderabad,Mumbai Indians,field,Sunrisers Hyderabad,Mumbai Indians,Mumbai Indians,wickets,4.0,158,8,159,6,34,0
1082601,2017,Kolkata,Eden Gardens,Kolkata Knight Riders,Kings XI Punjab,Kolkata Knight Riders,field,Kings XI Punjab,Kolkata Knight Riders,Kolkata Knight Riders,wickets,8.0,170,9,171,2,57,1
1082602,2017,Bangalore,M Chinnaswamy Stadium,Royal Challengers Bangalore,Mumbai Indians,Mumbai Indians,field,Royal Challengers Bangalore,Mumbai Indians,Mumbai Indians,wickets,4.0,142,5,145,6,41,0
1082603,2017,Rajkot,Saurashtra Cricket Association Stadium,Gujarat Lions,Rising Pune Supergiant,Gujarat Lions,field,Rising Pune Supergiant,Gujarat Lions,Gujarat Lions,wickets,7.0,171,8,172,3,64,2
1082604,2017,Kolkata,Eden Gardens,Kolkata Knight Riders,Sunrisers Hyderabad,Sunrisers Hyderabad,field,Kolkata Knight Riders,Sunrisers Hyderabad,Kolkata Knight Riders,runs,17.0,172,6,155,6,40,2
1082605,2017,Delhi,Feroz Shah Kotla,Delhi Daredevils,Kings XI Punjab,Delhi Daredevils,bat,Delhi Daredevils,Kings XI Punjab,Delhi Daredevils,runs,51.0,188,6,137,9,49,0
1082606,2017,Mumbai,Wankhede Stadium,Mumbai Indians,Gujarat Lions,Mumbai Indians,field,Gujarat Lions,Mumbai Indians,Mumbai Indians,wickets,6.0,176,4,177,4,46,1
1082607,2017,Bangalore,M Chinnaswamy Stadium,Royal Challengers Bangalore,Rising Pune Supergiant,Royal Challengers Bangalore,field,Rising Pune Supergiant,Royal Challengers Bangalore,Rising Pune Supergiant,runs,27.0,161,8,134,9,55,0
1082608,2017,Delhi,Feroz Shah Kotla,Delhi Daredevils,Kolkata Knight Riders,Delhi Daredevils,bat,Delhi Daredevils,Kolkata Knight Riders,Kolkata Knight Riders,wickets,4.0,168,7,169,6,53,0
1082609,2017,Hyderabad,"Rajiv Gandhi International Stadium, Uppal",Sunrisers Hyderabad,Kings XI Punjab,Kings XI Punjab,field,Sunrisers Hyderabad,Kings XI Punjab,Sunrisers Hyderabad,runs,5.0,159,6,154,10,29,1
1082610,2017,Rajkot,Saurashtra Cricket Association Stadium,Gujarat Lions,Royal Challengers Bangalore,Gujarat Lions,field,Royal Challengers Bangalore,Gujarat Lions,Royal Challengers Bangalore,runs,21.0,213,2,192,7,45,0
1082611,2017,Hyderabad,"Rajiv Gandhi International Stadium, Uppal",Sunrisers Hyderabad,Delhi Daredevils,Sunrisers Hyderabad,bat,Sunrisers Hyderabad,Delhi Daredevils,Sunrisers Hyderabad,runs,15.0,191,4,176,5,39,1
1082612,2017,Indore,Holkar Cricket Stadium,Kings XI Punjab,Mumbai Indians,Mumbai Indians,field,Kings XI Punjab,Mumbai Indians,Mumbai Indians,wickets,8.0,198,4,199,2,46,1
1082613,2017,Kolkata,Eden Gardens,Kolkata Knight Riders,Gujarat Lions,Gujarat Lions,field,Kolkata Knight Riders,Gujarat Lions,Gujarat Lions,wickets,4.0,187,5,188,6,65,1
1082614,2017,Mumbai,Wankhede Stadium,Mumbai Indians,Delhi Daredevils,Delhi Daredevils,field,Mumbai Indians,Delhi Daredevils,Mumbai Indians,runs,14.0,142,8,128,7,48,2
1082615,2017,Pune,Maharashtra Cricket Association Stadium,Rising Pune Supergiant,Sunrisers Hyderabad,Rising Pune Supergiant,field,Sunrisers Hyderabad,Rising Pune Supergiant,Rising Pune Supergiant,wickets,6.0,176,3,179,4,45,0
1082616,2017,Rajkot,Saurashtra Cricket Association Stadium,Gujarat Lions,Kings XI Punjab,Gujarat Lions,field,Kings XI Punjab,Gujarat Lions,Kings XI Punjab,runs,26.0,188,7,162,7,50,1
1082617,2017,Kolkata,Eden Gardens,Kolkata Knight Riders,Royal Challengers Bangalore,Royal Challengers Bangalore,field,Kolkata Knight Riders,Royal Challengers Bangalore,Kolkata Knight Riders,runs,82.0,131,10,49,10,65,2
1082618,2017,Mumbai,Wankhede Stadium,Mumbai Indians,Rising Pune Supergiant,Mumbai Indians,field,Rising Pune Supergiant,Mumbai Indians,Rising Pune Supergiant,runs,3.0,160,6,157,8,48,0
1082620,2017,Pune,Maharashtra Cricket Association Stadium,Rising Pune Supergiant,Kolkata Knight Riders,Kolkata Knight Riders,field,Rising Pune Supergiant,Kolkata Knight Riders,Kolkata Knight Riders,wickets,7.0,182,5,184,3,57,0
1082621,2017,Bangalore,M Chinnaswamy Stadium,Royal Challengers Bangalore,Gujarat Lions,Gujarat Lions,field,Royal Challengers Bangalore,Gujarat Lions,Gujarat Lions,wickets,7.0,134,10,135,3,35,3
1082622,2017,Kolkata,Eden Gardens,Kolkata Knight Riders,Delhi Daredevils,Kolkata Knight Riders,field,Delhi Daredevils,Kolkata Knight Riders,Kolkata Knight Riders,wickets,7.0,160,6,161,3,53,1
1082623,2017,Chandigarh,"Punjab Cricket Association IS Bindra Stadium, Mohali",Kings XI Punjab,Sunrisers Hyderabad,Kings XI Punjab,field,Sunrisers Hyderabad,Kings XI Punjab,Sunrisers Hyderabad,runs,26.0,207,3,181,9,60,0
1082624,2017,Pune,Maharashtra Cricket Association Stadium,Rising Pune Supergiant,Royal Challengers Bangalore,Royal Challengers Bangalore,field,Rising Pune Supergiant,Royal Challengers Bangalore,Rising Pune Supergiant,runs,61.0,157,3,96,9,43,1
1082625,2017,Rajkot,Saurashtra Cricket Association Stadium,Gujarat Lions,Mumbai Indians,Gujarat Lions,bat,Gujarat Lions,Mumbai Indians,,,,153,9,153,10,48,3
1082626,2017,Chandigarh,"Punjab Cricket Association IS Bindra Stadium, Mohali",Kings XI Punjab,Delhi Daredevils,Kings XI Punjab,field,Delhi Daredevils,Kings XI Punjab,Kings XI Punjab,wickets,10.0,67,10,68,0,25,3
1082627,2017,Hyderabad,"Rajiv Gandhi International Stadium, Uppal",Sunrisers Hyderabad,Kolkata Knight Riders,Kolkata Knight Riders,field,Sunrisers Hyderabad,Kolkata Knight Riders,Sunrisers Hyderabad,runs,48.0,209,3,161,7,79,0
1082628,2017,Mumbai,Wankhede Stadium,Mumbai Indians,Royal Challengers Bangalore,Royal Challengers Bangalore,bat,Royal Challengers Bangalore,Mumbai Indians,Mumbai Indians,wickets,5.0,162,8,165,5,52,2
1082629,2017,Pune,Maharashtra Cricket Association Stadium,Rising Pune Supergiant,Gujarat Lions,Rising Pune Supergiant,field,Gujarat Lions,Rising Pune Supergiant,Rising Pune Supergiant,wickets,5.0,161,10,167,5,55,1
1082630,2017,Delhi,Feroz Shah Kotla,Delhi Daredevils,Sunrisers Hyderabad,Delhi Daredevils,field,Sunrisers Hyderabad,Delhi Daredevils,Delhi Daredevils,wickets,6.0,185,3,189,4,66,1
1082631,2017,Kolkata,Eden Gardens,Kolkata Knight Riders,Rising Pune Supergiant,Rising Pune Supergiant,field,Kolkata Knight Riders,Rising Pune Supergiant,Rising Pune Supergiant,wickets,4.0,155,8,158,6,41,3
1082632,2017,Delhi,Feroz Shah Kotla,Delhi Daredevils,Gujarat Lions,Delhi Daredevils,field,Gujarat Lions,Delhi Daredevils,Delhi Daredevils,wickets,7.0,208,7,214,3,58,2
1082633,2017,Bangalore,M Chinnaswamy Stadium,Royal Challengers Bangalore,Kings XI Punjab,Royal Challengers Bangalore,field,Kings XI Punjab,Royal Challengers Bangalore,Kings XI Punjab,runs,19.0,138,7,119,10,35,2
1082634,2017,Hyderabad,"Rajiv Gandhi International Stadium, Uppal",Sunrisers Hyderabad,Rising Pune Supergiant,Sunrisers Hyderabad,field,Rising Pune Supergiant,Sunrisers Hyderabad,Rising Pune Supergiant,runs,12.0,148,8,136,9,35,1
1082635,2017,Delhi,Feroz Shah Kotla,Delhi Daredevils,Mumbai Indians,Delhi Daredevils,field,Mumbai Indians,Delhi Daredevils,Mumbai Indians,runs,146.0,212,3,66,10,60,0
1082636,2017,Bangalore,M Chinnaswamy Stadium,Royal Challengers Bangalore,Kolkata Knight Riders,Kolkata Knight Riders,field,Royal Challengers Bangalore,Kolkata Knight Riders,Kolkata Knight Riders,wickets,6.0,158,6,159,4,40,3
1082637,2017,Chandigarh,"Punjab Cricket Association IS Bindra Stadium, Mohali",Kings XI Punjab,Gujarat Lions,Gujarat Lions,field,Kings XI Punjab,Gujarat Lions,Gujarat Lions,wickets,6.0,189,3,192,4,44,1
1082638,2017,Hyderabad,"Rajiv Gandhi International Stadium, Uppal",Sunrisers Hyderabad,Mumbai Indians,Mumbai Indians,bat,Mumbai Indians,Sunrisers Hyderabad,Sunrisers Hyderabad,wickets,7.0,138,7,140,3,36,2
1082639,2017,Chandigarh,"Punjab Cricket Association IS Bindra Stadium, Mohali",Kings XI Punjab,Kolkata Knight Riders,Kolkata Knight Riders,field,Kings XI Punjab,Kolkata Knight Riders,Kings XI Punjab,runs,14.0,167,6,153,6,41,2
1082640,2017,Kanpur,Green Park,Gujarat Lions,Delhi Daredevils,Delhi Daredevils,field,Gujarat Lions,Delhi Daredevils,Delhi Daredevils,wickets,2.0,195,5,197,8,50,2
1082641,2017,Mumbai,Wankhede Stadium,Mumbai Indians,Kings XI Punjab,Mumbai Indians,field,Kings XI Punjab,Mumbai Indians,Kings XI Punjab,runs,7.0,230,3,223,6,71,1
1082642,2017,Delhi,Feroz Shah Kotla,Delhi Daredevils,Rising Pune Supergiant,Delhi Daredevils,bat,Delhi Daredevils,Rising Pune Supergiant,Delhi Daredevils,runs,7.0,168,8,161,7,54,2
1082643,2017,Kanpur,Green Park,Gujarat Lions,Sunrisers Hyderabad,Sunrisers Hyderabad,field,Gujarat Lions,Sunrisers Hyderabad,Sunrisers Hyderabad,wickets,8.0,154,10,158,2,61,0
1082644,2017,Kolkata,Eden Gardens,Kolkata Knight Riders,Mumbai Indians,Kolkata Knight Riders,field,Mumbai Indians,Kolkata Knight Riders,Mumbai Indians,runs,9.0,173,5,164,8,51,1
1082645,2017,Pune,Maharashtra Cricket Association Stadium,Rising Pune Supergiant,Kings XI Punjab,Rising Pune Supergiant,field,Kings XI Punjab,Rising Pune Supergiant,Rising Pune Supergiant,wickets,9.0,73,10,78,1,32,5
1082646,2017,Delhi,Feroz Shah Kotla,Delhi Daredevils,Royal Challengers Bangalore,Royal Challengers Bangalore,bat,Royal Challengers Bangalore,Delhi Daredevils,Royal Challengers Bangalore,runs,10.0,161,6,151,10,37,1
1082647,2017,Mumbai,Wankhede Stadium,Mumbai Indians,Rising Pune Supergiant,Mumbai Indians,field,Rising Pune Supergiant,Mumbai Indians,Rising Pune Supergiant,runs,20.0,162,4,142,9,33,2
1082648,2017,Bangalore,M Chinnaswamy Stadium,Sunrisers Hyderabad,Kolkata Knight Riders,Kolkata Knight Riders,field,Sunrisers Hyderabad,Kolkata Knight Riders,Kolkata Knight Riders,wickets,7.0,128,7,48,3,30,1
1082649,2017,Bangalore,M Chinnaswamy Stadium,Mumbai Indians,Kolkata Knight Riders,Mumbai Indians,field,Kolkata Knight Riders,Mumbai Indians,Mumbai Indians,wickets,6.0,107,10,111,4,25,3
1082650,2017,Hyderabad,"Rajiv Gandhi International Stadium, Uppal",Mumbai Indians,Rising Pune Supergiant,Mumbai Indians,bat,Mumbai Indians,Rising Pune Supergiant,Mumbai Indians,runs,1.0,129,8,128,6,32,2
1136561,2018,Mumbai,Wankhede Stadium,Mumbai Indians,Chennai Super Kings,Chennai Super Kings,field,Mumbai Indians,Chennai Super Kings,Chennai Super Kings,wickets,1.0,165,4,169,9,39,2
1136562,2018,Chandigarh,Punjab Cricket Association IS Bindra Stadium,Delhi Daredevils,Kings XI Punjab,Kings XI Punjab,field,Delhi Daredevils,Kings XI Punjab,Kings XI Punjab,wickets,6.0,166,7,167,4,45,1
1136563,2018,Kolkata,Eden Gardens,Royal Challengers Bangalore,Kolkata Knight Riders,Kolkata Knight Riders,field,Royal Challengers Bangalore,Kolkata Knight Riders,Kolkata Knight Riders,wickets,4.0,176,7,177,6,52,1
1136564,2018,Hyderabad,Rajiv Gandhi International Stadium,Rajasthan Royals,Sunrisers Hyderabad,Sunrisers Hyderabad,field,Rajasthan Royals,Sunrisers Hyderabad,Sunrisers Hyderabad,wickets,9.0,125,9,127,1,48,1
1136565,2018,Chennai,MA Chidambaram Stadium,Kolkata Knight Riders,Chennai Super Kings,Chennai Super Kings,field,Kolkata Knight Riders,Chennai Super Kings,Chennai Super Kings,wickets,5.0,202,6,205,5,64,2
1136566,2018,Jaipur,Sawai Mansingh Stadium,Rajasthan Royals,Delhi Daredevils,Delhi Daredevils,field,Rajasthan Royals,Delhi Daredevils,Rajasthan Royals,runs,10.0,153,5,60,4,51,2
1136567,2018,Hyderabad,Rajiv Gandhi International Stadium,Mumbai Indians,Sunrisers Hyderabad,Sunrisers Hyderabad,field,Mumbai Indians,Sunrisers Hyderabad,Sunrisers Hyderabad,wickets,1.0,147,8,151,9,54,3
1136568,2018,Bengaluru,M.Chinnaswamy Stadium,Kings XI Punjab,Royal Challengers Bangalore,Royal Challengers Bangalore,field,Kings XI Punjab,Royal Challengers Bangalore,Royal Challengers Bangalore,wickets,4.0,155,10,159,6,50,3
1136569,2018,Mumbai,Wankhede Stadium,Mumbai Indians,Delhi Daredevils,Delhi Daredevils,field,Mumbai Indians,Delhi Daredevils,Delhi Daredevils,wickets,7.0,194,7,195,3,84,0
1136570,2018,Kolkata,Eden Gardens,Kolkata Knight Riders,Sunrisers Hyderabad,Sunrisers Hyderabad,field,Kolkata Knight Riders,Sunrisers Hyderabad,Sunrisers Hyderabad,wickets,5.0,138,8,139,5,49,1
1136571,2018,Bengaluru,M.Chinnaswamy Stadium,Rajasthan Royals,Royal Challengers Bangalore,Royal Challengers Bangalore,field,Rajasthan Royals,Royal Challengers Bangalore,Rajasthan Royals,runs,19.0,217,4,198,6,52,1
1136572,2018,Chandigarh,Punjab Cricket Association IS Bindra Stadium,Kings XI Punjab,Chennai Super Kings,Chennai Super Kings,field,Kings XI Punjab,Chennai Super Kings,Kings XI Punjab,runs,4.0,197,7,193,5,75,0
1136573,2018,Kolkata,Eden Gardens,Kolkata Knight Riders,Delhi Daredevils,Delhi Daredevils,field,Kolkata Knight Riders,Delhi Daredevils,Kolkata Knight Riders,runs,71.0,200,9,129,10,50,1
1136574,2018,Mumbai,Wankhede Stadium,Mumbai Indians,Royal Challengers Bangalore,Royal Challengers Bangalore,field,Mumbai Indians,Royal Challengers Bangalore,Mumbai Indians,runs,46.0,213,6,167,8,60,2
1136575,2018,Jaipur,Sawai Mansingh Stadium,Rajasthan Royals,Kolkata Knight Riders,Kolkata Knight Riders,field,Rajasthan Royals,Kolkata Knight Riders,Kolkata Knight Riders,wickets,7.0,160,8,163,3,48,0
1136576,2018,Chandigarh,Punjab Cricket Association IS Bindra Stadium,Kings XI Punjab,Sunrisers Hyderabad,Kings XI Punjab,bat,Kings XI Punjab,Sunrisers Hyderabad,Kings XI Punjab,runs,15.0,193,3,178,4,49,0
1136577,2018,Pune,Maharashtra Cricket Association Stadium,Chennai Super Kings,Rajasthan Royals,Rajasthan Royals,field,Chennai Super Kings,Rajasthan Royals,Chennai Super Kings,runs,64.0,204,5,140,10,69,1
1136578,2018,Kolkata,Eden Gardens,Kolkata Knight Riders,Kings XI Punjab,Kings XI Punjab,field,Kolkata Knight Riders,Kings XI Punjab,Kings XI Punjab,wickets,9.0,191,7,126,1,50,1
1136579,2018,Bengaluru,M.Chinnaswamy Stadium,Delhi Daredevils,Royal Challengers Bangalore,Royal Challengers Bangalore,field,Delhi Daredevils,Royal Challengers Bangalore,Royal Challengers Bangalore,wickets,6.0,174,5,176,4,28,2
1136580,2018,Hyderabad,Rajiv Gandhi International Stadium,Chennai Super Kings,Sunrisers Hyderabad,Sunrisers Hyderabad,field,Chennai Super Kings,Sunrisers Hyderabad,Chennai Super Kings,runs,4.0,182,3,178,6,27,1
1136581,2018,Jaipur,Sawai Mansingh Stadium,Mumbai Indians,Rajasthan Royals,Mumbai Indians,bat,Mumbai Indians,Rajasthan Royals,Rajasthan Royals,wickets,3.0,167,7,168,7,43,1
1136582,2018,Delhi,Arun Jaitley Stadium,Kings XI Punjab,Delhi Daredevils,Delhi Daredevils,field,Kings XI Punjab,Delhi Daredevils,Kings XI Punjab,runs,4.0,143,8,139,8,51,2
1136583,2018,Mumbai,Wankhede Stadium,Sunrisers Hyderabad,Mumbai Indians,Mumbai Indians,field,Sunrisers Hyderabad,Mumbai Indians,Sunrisers Hyderabad,runs,31.0,118,10,87,10,51,4
1136584,2018,Bengaluru,M.Chinnaswamy Stadium,Royal Challengers Bangalore,Chennai Super Kings,Chennai Super Kings,field,Royal Challengers Bangalore,Chennai Super Kings,Chennai Super Kings,wickets,5.0,205,8,207,5,52,1
1136585,2018,Hyderabad,Rajiv Gandhi International Stadium,Sunrisers Hyderabad,Kings XI Punjab,Kings XI Punjab,field,Sunrisers Hyderabad,Kings XI Punjab,Sunrisers Hyderabad,runs,13.0,132,6,119,10,37,3
1136586,2018,Delhi,Arun Jaitley Stadium,Delhi Daredevils,Kolkata Knight Riders,Kolkata Knight Riders,field,Delhi Daredevils,Kolkata Knight Riders,Delhi Daredevils,runs,55.0,219,4,164,9,57,0
1136587,2018,Pune,Maharashtra Cricket Association Stadium,Chennai Super Kings,Mumbai Indians,Mumbai Indians,field,Chennai Super Kings,Mumbai Indians,Mumbai Indians,wickets,8.0,169,5,170,2,51,1
1136588,2018,Jaipur,Sawai Mansingh Stadium,Sunrisers Hyderabad,Rajasthan Royals,Sunrisers Hyderabad,bat,Sunrisers Hyderabad,Rajasthan Royals,Sunrisers Hyderabad,runs,11.0,151,7,140,6,39,1
1136589,2018,Bengaluru,M.Chinnaswamy Stadium,Royal Challengers Bangalore,Kolkata Knight Riders,Kolkata Knight Riders,field,Royal Challengers Bangalore,Kolkata Knight Riders,Kolkata Knight Riders,wickets,6.0,175,4,176,4,40,0
1136590,2018,Pune,Maharashtra Cricket Association Stadium,Chennai Super Kings,Delhi Daredevils,Delhi Daredevils,field,Chennai Super Kings,Delhi Daredevils,Chennai Super Kings,runs,13.0,211,4,198,5,56,0
1136591,2018,Bengaluru,M.Chinnaswamy Stadium,Royal Challengers Bangalore,Mumbai Indians,Mumbai Indians,field,Royal Challengers Bangalore,Mumbai Indians,Royal Challengers Bangalore,runs,14.0,167,7,153,7,43,1
1136592,2018,Delhi,Arun Jaitley Stadium,Delhi Daredevils,Rajasthan Royals,Rajasthan Royals,field,Delhi Daredevils,Rajasthan Royals,Delhi Daredevils,runs,4.0,196,6,146,5,62,1
1136593,2018,Kolkata,Eden Gardens,Chennai Super Kings,Kolkata Knight Riders,Kolkata Knight Riders,field,Chennai Super Kings,Kolkata Knight Riders,Kolkata Knight Riders,wickets,6.0,177,5,180,4,57,1
1136594,2018,Indore,Holkar Cricket Stadium,Kings XI Punjab,Mumbai Indians,Mumbai Indians,field,Kings XI Punjab,Mumbai Indians,Mumbai Indians,wickets,6.0,174,6,176,4,49,0
1136595,2018,Pune,Maharashtra Cricket Association Stadium,Royal Challengers Bangalore,Chennai Super Kings,Chennai Super Kings,field,Royal Challengers Bangalore,Chennai Super Kings,Chennai Super Kings,wickets,6.0,127,9,128,4,47,1
1136596,2018,Hyderabad,Rajiv Gandhi International Stadium,Delhi Daredevils,Sunrisers Hyderabad,Delhi Daredevils,bat,Delhi Daredevils,Sunrisers Hyderabad,Sunrisers Hyderabad,wickets,7.0,163,5,164,3,60,1
1136597,2018,Mumbai,Wankhede Stadium,Mumbai Indians,Kolkata Knight Riders,Kolkata Knight Riders,field,Mumbai Indians,Kolkata Knight Riders,Mumbai Indians,runs,13.0,181,4,168,6,56,0
1136598,2018,Indore,Holkar Cricket Stadium,Rajasthan Royals,Kings XI Punjab,Kings XI Punjab,field,Rajasthan Royals,Kings XI Punjab,Kings XI Punjab,wickets,6.0,152,9,155,4,45,2
1136599,2018,Hyderabad,Rajiv Gandhi International Stadium,Sunrisers Hyderabad,Royal Challengers Bangalore,Royal Challengers Bangalore,field,Sunrisers Hyderabad,Royal Challengers Bangalore,Sunrisers Hyderabad,runs,5.0,146,10,141,6,38,2
1136600,2018,Jaipur,Sawai Mansingh Stadium,Rajasthan Royals,Kings XI Punjab,Rajasthan Royals,bat,Rajasthan Royals,Kings XI Punjab,Rajasthan Royals,runs,15.0,158,8,143,7,63,1
1136601,2018,Kolkata,Eden Gardens,Mumbai Indians,Kolkata Knight Riders,Kolkata Knight Riders,field,Mumbai Indians,Kolkata Knight Riders,Mumbai Indians,runs,102.0,210,6,108,10,47,1
1136602,2018,Delhi,Arun Jaitley Stadium,Delhi Daredevils,Sunrisers Hyderabad,Delhi Daredevils,bat,Delhi Daredevils,Sunrisers Hyderabad,Sunrisers Hyderabad,wickets,9.0,187,5,191,1,38,2
1136603,2018,Jaipur,Sawai Mansingh Stadium,Chennai Super Kings,Rajasthan Royals,Chennai Super Kings,bat,Chennai Super Kings,Rajasthan Royals,Rajasthan Royals,wickets,4.0,176,4,177,6,55,1
1136604,2018,Indore,Holkar Cricket Stadium,Kolkata Knight Riders,Kings XI Punjab,Kings XI Punjab,field,Kolkata Knight Riders,Kings XI Punjab,Kolkata Knight Riders,runs,31.0,245,6,214,8,59,1
1136605,2018,Delhi,Arun Jaitley Stadium,Delhi Daredevils,Royal Challengers Bangalore,Royal Challengers Bangalore,field,Delhi Daredevils,Royal Challengers Bangalore,Royal Challengers Bangalore,wickets,5.0,181,4,187,5,44,2
1136606,2018,Pune,Maharashtra Cricket Association Stadium,Sunrisers Hyderabad,Chennai Super Kings,Chennai Super Kings,field,Sunrisers Hyderabad,Chennai Super Kings,Chennai Super Kings,wickets,8.0,179,4,180,2,29,1
1136607,2018,Mumbai,Wankhede Stadium,Mumbai Indians,Rajasthan Royals,Rajasthan Royals,field,Mumbai Indians,Rajasthan Royals,Rajasthan Royals,wickets,7.0,168,6,171,3,51,0
1136608,2018,Indore,Holkar Cricket Stadium,Kings XI Punjab,Royal Challengers Bangalore,Royal Challengers Bangalore,field,Kings XI Punjab,Royal Challengers Bangalore,Royal Challengers Bangalore,wickets,10.0,88,10,92,0,47,3
1136609,2018,Kolkata,Eden Gardens,Rajasthan Royals,Kolkata Knight Riders,Kolkata Knight Riders,field,Rajasthan Royals,Kolkata Knight Riders,Kolkata Knight Riders,wickets,6.0,142,10,145,4,68,1
1136610,2018,Mumbai,Wankhede Stadium,Mumbai Indians,Kings XI Punjab,Kings XI Punjab,field,Mumbai Indians,Kings XI Punjab,Mumbai Indians,runs,3.0,186,8,183,5,60,3
1136611,2018,Bengaluru,M.Chinnaswamy Stadium,Royal Challengers Bangalore,Sunrisers Hyderabad,Sunrisers Hyderabad,field,Royal Challengers Bangalore,Sunrisers Hyderabad,Royal Challengers Bangalore,runs,14.0,218,6,204,3,44,2
1136612,2018,Delhi,Arun Jaitley Stadium,Delhi Daredevils,Chennai Super Kings,Chennai Super Kings,field,Delhi Daredevils,Chennai Super Kings,Delhi Daredevils,runs,34.0,162,5,128,6,39,1
1136613,2018,Jaipur,Sawai Mansingh Stadium,Rajasthan Royals,Royal Challengers Bangalore,Rajasthan Royals,bat,Rajasthan Royals,Royal Challengers Bangalore,Rajasthan Royals,runs,30.0,164,5,134,10,45,1
1136614,2018,Hyderabad,Rajiv Gandhi International Stadium,Sunrisers Hyderabad,Kolkata Knight Riders,Sunrisers Hyderabad,bat,Sunrisers Hyderabad,Kolkata Knight Riders,Kolkata Knight Riders,wickets,5.0,172,9,173,5,60,0
1136615,2018,Delhi,Arun Jaitley Stadium,Delhi Daredevils,Mumbai Indians,Delhi Daredevils,bat,Delhi Daredevils,Mumbai Indians,Delhi Daredevils,runs,11.0,174,4,163,10,46,2
1136616,2018,Pune,Maharashtra Cricket Association Stadium,Kings XI Punjab,Chennai Super Kings,Chennai Super Kings,field,Kings XI Punjab,Chennai Super Kings,Chennai Super Kings,wickets,5.0,153,10,159,5,29,3
1136617,2018,Mumbai,Wankhede Stadium,Sunrisers Hyderabad,Chennai Super Kings,Chennai Super Kings,field,Sunrisers Hyderabad,Chennai Super Kings,Chennai Super Kings,wickets,2.0,139,7,140,8,47,3
1136618,2018,Kolkata,Eden Gardens,Kolkata Knight Riders,Rajasthan Royals,Rajasthan Royals,field,Kolkata Knight Riders,Rajasthan Royals,Kolkata Knight Riders,runs,25.0,169,7,144,4,46,3
1136619,2018,Kolkata,Eden Gardens,Sunrisers Hyderabad,Kolkata Knight Riders,Kolkata Knight Riders,field,Sunrisers Hyderabad,Kolkata Knight Riders,Sunrisers Hyderabad,runs,14.0,174,7,160,9,45,0
1136620,2018,Mumbai,Wankhede Stadium,Sunrisers Hyderabad,Chennai Super Kings,Chennai Super Kings,field,Sunrisers Hyderabad,Chennai Super Kings,Chennai Super Kings,wickets,8.0,178,6,181,2,42,1
1175356,2019,Chennai,MA Chidambaram Stadium,Royal Challengers Bangalore,Chennai Super Kings,Chennai Super Kings,field,Royal Challengers Bangalore,Chennai Super Kings,Chennai Super Kings,wickets,7.0,70,10,71,3,33,2
1175357,2019,Kolkata,Eden Gardens,Sunrisers Hyderabad,Kolkata Knight Riders,Kolkata Knight Riders,field,Sunrisers Hyderabad,Kolkata Knight Riders,Kolkata Knight Riders,wickets,6.0,181,3,183,4,54,0
1175358,2019,Mumbai,Wankhede Stadium,Delhi Capitals,Mumbai Indians,Mumbai Indians,field,Delhi Capitals,Mumbai Indians,Delhi Capitals,runs,37.0,213,6,176,9,45,2
1175359,2019,Jaipur,Sawai Mansingh Stadium,Kings XI Punjab,Rajasthan Royals,Rajasthan Royals,field,Kings XI Punjab,Rajasthan Royals,Kings XI Punjab,runs,14.0,184,4,170,9,32,1
1175360,2019,Delhi,Arun Jaitley Stadium,Delhi Capitals,Chennai Super Kings,Delhi Capitals,bat,Delhi Capitals,Chennai Super Kings,Chennai Super Kings,wickets,6.0,147,6,150,4,43,1
1175361,2019,Kolkata,Eden Gardens,Kolkata Knight Riders,Kings XI Punjab,Kings XI Punjab,field,Kolkata Knight Riders,Kings XI Punjab,Kolkata Knight Riders,runs,28.0,218,4,190,4,53,2
1175362,2019,Bengaluru,M.Chinnaswamy Stadium,Mumbai Indians,Royal Challengers Bangalore,Royal Challengers Bangalore,field,Mumbai Indians,Royal Challengers Bangalore,Mumbai Indians,runs,6.0,187,8,181,5,52,0
1175363,2019,Hyderabad,Rajiv Gandhi International Stadium,Rajasthan Royals,Sunrisers Hyderabad,Rajasthan Royals,bat,Rajasthan Royals,Sunrisers Hyderabad,Sunrisers Hyderabad,wickets,5.0,198,2,201,5,35,1
1175364,2019,Chandigarh,Punjab Cricket Association IS Bindra Stadium,Mumbai Indians,Kings XI Punjab,Kings XI Punjab,field,Mumbai Indians,Kings XI Punjab,Kings XI Punjab,wickets,8.0,176,7,177,2,62,1
1175365,2019,Delhi,Arun Jaitley Stadium,Kolkata Knight Riders,Delhi Capitals,Delhi Capitals,field,Kolkata Knight Riders,Delhi Capitals,,,,185,8,185,6,36,2
1175366,2019,Hyderabad,Rajiv Gandhi International Stadium,Sunrisers Hyderabad,Royal Challengers Bangalore,Royal Challengers Bangalore,field,Sunrisers Hyderabad,Royal Challengers Bangalore,Sunrisers Hyderabad,runs,118.0,231,2,113,10,59,0
1175367,2019,Chennai,MA Chidambaram Stadium,Chennai Super Kings,Rajasthan Royals,Rajasthan Royals,field,Chennai Super Kings,Rajasthan Royals,Chennai Super Kings,runs,8.0,175,5,167,8,29,3
1175368,2019,Chandigarh,Punjab Cricket Association IS Bindra Stadium,Kings XI Punjab,Delhi Capitals,Delhi Capitals,field,Kings XI Punjab,Delhi Capitals,Kings XI Punjab,runs,14.0,166,9,152,10,54,2
1175369,2019,Jaipur,Sawai Mansingh Stadium,Royal Challengers Bangalore,Rajasthan Royals,Rajasthan Royals,field,Royal Challengers Bangalore,Rajasthan Royals,Rajasthan Royals,wickets,7.0,158,4,164,3,48,0
1175370,2019,Mumbai,Wankhede Stadium,Mumbai Indians,Chennai Super Kings,Chennai Super Kings,field,Mumbai Indians,Chennai Super Kings,Mumbai Indians,runs,37.0,170,5,133,8,40,1
1175371,2019,Delhi,Arun Jaitley Stadium,Delhi Capitals,Sunrisers Hyderabad,Sunrisers Hyderabad,field,Delhi Capitals,Sunrisers Hyderabad,Sunrisers Hyderabad,wickets,5.0,129,8,131,5,36,2
1175372,2019,Bengaluru,M.Chinnaswamy Stadium,Royal Challengers Bangalore,Kolkata Knight Riders,Kolkata Knight Riders,field,Royal Challengers Bangalore,Kolkata Knight Riders,Kolkata Knight Riders,wickets,5.0,205,3,206,5,53,0
1178393,2019,Chennai,MA Chidambaram Stadium,Chennai Super Kings,Kings XI Punjab,Chennai Super Kings,bat,Chennai Super Kings,Kings XI Punjab,Chennai Super Kings,runs,22.0,160,3,138,5,54,0
1178394,2019,Hyderabad,Rajiv Gandhi International Stadium,Mumbai Indians,Sunrisers Hyderabad,Sunrisers Hyderabad,field,Mumbai Indians,Sunrisers Hyderabad,Mumbai Indians,runs,40.0,136,7,96,10,30,2
1178395,2019,Bengaluru,M.Chinnaswamy Stadium,Royal Challengers Bangalore,Delhi Capitals,Delhi Capitals,field,Royal Challengers Bangalore,Delhi Capitals,Delhi Capitals,wickets,4.0,149,8,152,6,40,2
1178396,2019,Jaipur,Sawai Mansingh Stadium,Rajasthan Royals,Kolkata Knight Riders,Kolkata Knight Riders,field,Rajasthan Royals,Kolkata Knight Riders,Kolkata Knight Riders,wickets,8.0,139,3,140,2,28,1
1178397,2019,Chandigarh,Punjab Cricket Association IS Bindra Stadium,Sunrisers Hyderabad,Kings XI Punjab,Kings XI Punjab,field,Sunrisers Hyderabad,Kings XI Punjab,Kings XI Punjab,wickets,6.0,150,4,151,4,27,1
1178398,2019,Chennai,MA Chidambaram Stadium,Kolkata Knight Riders,Chennai Super Kings,Chennai Super Kings,field,Kolkata Knight Riders,Chennai Super Kings,Chennai Super Kings,wickets,7.0,108,9,111,3,29,4
1178399,2019,Mumbai,Wankhede Stadium,Kings XI Punjab,Mumbai Indians,Mumbai Indians,field,Kings XI Punjab,Mumbai Indians,Mumbai Indians,wickets,3.0,197,4,198,7,50,0
1178400,2019,Jaipur,Sawai Mansingh Stadium,Rajasthan Royals,Chennai Super Kings,Chennai Super Kings,field,Rajasthan Royals,Chennai Super Kings,Chennai Super Kings,wickets,4.0,151,7,155,6,54,3
1178401,2019,Kolkata,Eden Gardens,Kolkata Knight Riders,Delhi Capitals,Delhi Capitals,field,Kolkata Knight Riders,Delhi Capitals,Delhi Capitals,wickets,7.0,178,7,180,3,41,1
1178402,2019,Mumbai,Wankhede Stadium,Mumbai Indians,Rajasthan Royals,Rajasthan Royals,field,Mumbai Indians,Rajasthan Royals,Rajasthan Royals,wickets,4.0,187,5,188,6,57,0
1178403,2019,Chandigarh,Punjab Cricket Association IS Bindra Stadium,Kings XI Punjab,Royal Challengers Bangalore,Royal Challengers Bangalore,field,Kings XI Punjab,Royal Challengers Bangalore,Royal Challengers Bangalore,wickets,8.0,173,4,174,2,60,0
1178404,2019,Kolkata,Eden Gardens,Kolkata Knight Riders,Chennai Super Kings,Chennai Super Kings,field,Kolkata Knight Riders,Chennai Super Kings,Chennai Super Kings,wickets,5.0,161,8,162,5,49,1
1178405,2019,Hyderabad,Rajiv Gandhi International Stadium,Delhi Capitals,Sunrisers Hyderabad,Sunrisers Hyderabad,field,Delhi Capitals,Sunrisers Hyderabad,Delhi Capitals,runs,39.0,155,7,116,10,51,2
1178406,2019,Mumbai,Wankhede Stadium,Royal Challengers Bangalore,Mumbai Indians,Mumbai Indians,field,Royal Challengers Bangalore,Mumbai Indians,Mumbai Indians,wickets,5.0,171,7,172,5,45,1
1178407,2019,Chandigarh,Punjab Cricket Association IS Bindra Stadium,Kings XI Punjab,Rajasthan Royals,Rajasthan Royals,field,Kings XI Punjab,Rajasthan Royals,Kings XI Punjab,runs,12.0,182,6,170,7,39,1
1178408,2019,Hyderabad,Rajiv Gandhi International Stadium,Chennai Super Kings,Sunrisers Hyderabad,Chennai Super Kings,bat,Chennai Super Kings,Sunrisers Hyderabad,Sunrisers Hyderabad,wickets,6.0,132,5,137,4,41,0
1178409,2019,Delhi,Arun Jaitley Stadium,Mumbai Indians,Delhi Capitals,Mumbai Indians,bat,Mumbai Indians,Delhi Capitals,Mumbai Indians,runs,40.0,168,5,128,9,57,0
1178410,2019,Kolkata,Eden Gardens,Royal Challengers Bangalore,Kolkata Knight Riders,Kolkata Knight Riders,field,Royal Challengers Bangalore,Kolkata Knight Riders,Royal Challengers Bangalore,runs,10.0,213,4,203,5,42,1
1178411,2019,Jaipur,Sawai Mansingh Stadium,Mumbai Indians,Rajasthan Royals,Rajasthan Royals,field,Mumbai Indians,Rajasthan Royals,Rajasthan Royals,wickets,5.0,161,5,162,5,46,1
1178412,2019,Delhi,Arun Jaitley Stadium,Kings XI Punjab,Delhi Capitals,Delhi Capitals,field,Kings XI Punjab,Delhi Capitals,Delhi Capitals,wickets,5.0,163,7,166,5,50,2
1178413,2019,Hyderabad,Rajiv Gandhi International Stadium,Kolkata Knight Riders,Sunrisers Hyderabad,Sunrisers Hyderabad,field,Kolkata Knight Riders,Sunrisers Hyderabad,Sunrisers Hyderabad,wickets,9.0,159,8,161,1,61,2
1178414,2019,Bengaluru,M.Chinnaswamy Stadium,Royal Challengers Bangalore,Chennai Super Kings,Chennai Super Kings,field,Royal Challengers Bangalore,Chennai Super Kings,Royal Challengers Bangalore,runs,1.0,161,7,160,8,49,1
1178415,2019,Jaipur,Sawai Mansingh Stadium,Rajasthan Royals,Delhi Capitals,Delhi Capitals,field,Rajasthan Royals,Delhi Capitals,Delhi Capitals,wickets,6.0,191,6,193,4,52,1
1178416,2019,Chennai,MA Chidambaram Stadium,Sunrisers Hyderabad,Chennai Super Kings,Chennai Super Kings,field,Sunrisers Hyderabad,Chennai Super Kings,Chennai Super Kings,wickets,6.0,175,3,176,4,54,1
1178417,2019,Bengaluru,M.Chinnaswamy Stadium,Royal Challengers Bangalore,Kings XI Punjab,Kings XI Punjab,field,Royal Challengers Bangalore,Kings XI Punjab,Royal Challengers Bangalore,runs,17.0,202,4,185,7,70,1
1178418,2019,Kolkata,Eden Gardens,Kolkata Knight Riders,Rajasthan Royals,Rajasthan Royals,field,Kolkata Knight Riders,Rajasthan Royals,Rajasthan Royals,wickets,3.0,175,6,177,7,32,2
1178419,2019,Chennai,MA Chidambaram Stadium,Mumbai Indians,Chennai Super Kings,Chennai Super Kings,field,Mumbai Indians,Chennai Super Kings,Mumbai Indians,runs,46.0,155,4,109,10,45,1
1178420,2019,Jaipur,Sawai Mansingh Stadium,Sunrisers Hyderabad,Rajasthan Royals,Rajasthan Royals,field,Sunrisers Hyderabad,Rajasthan Royals,Rajasthan Royals,wickets,7.0,160,8,161,3,51,1
1178421,2019,Delhi,Arun Jaitley Stadium,Delhi Capitals,Royal Challengers Bangalore,Delhi Capitals,bat,Delhi Capitals,Royal Challengers Bangalore,Delhi Capitals,runs,16.0,187,5,171,7,59,1
1178422,2019,Kolkata,Eden Gardens,Kolkata Knight Riders,Mumbai Indians,Mumbai Indians,field,Kolkata Knight Riders,Mumbai Indians,Kolkata Knight Riders,runs,34.0,232,2,198,7,50,0
1178423,2019,Hyderabad,Rajiv Gandhi International Stadium,Sunrisers Hyderabad,Kings XI Punjab,Kings XI Punjab,field,Sunrisers Hyderabad,Kings XI Punjab,Sunrisers Hyderabad,runs,45.0,212,6,167,8,77,0
1178424,2019,Bengaluru,M.Chinnaswamy Stadium,Royal Challengers Bangalore,Rajasthan Royals,Rajasthan Royals,field,Royal Challengers Bangalore,Rajasthan Royals,,,,62,7,41,1,62,7
1178425,2019,Chennai,MA Chidambaram Stadium,Chennai Super Kings,Delhi Capitals,Delhi Capitals,field,Chennai Super Kings,Delhi Capitals,Chennai Super Kings,runs,80.0,179,4,99,10,27,1
1178426,2019,Mumbai,Wankhede Stadium,Mumbai Indians,Sunrisers Hyderabad,Mumbai Indians,bat,Mumbai Indians,Sunrisers Hyderabad,,,,162,5,162,6,44,1
1178427,2019,Chandigarh,Punjab Cricket Association IS Bindra Stadium,Kings XI Punjab,Kolkata Knight Riders,Kolkata Knight Riders,field,Kings XI Punjab,Kolkata Knight Riders,Kolkata Knight Riders,wickets,7.0,183,6,185,3,41,2
1178428,2019,Delhi,Arun Jaitley Stadium,Rajasthan Royals,Delhi Capitals,Rajasthan Royals,bat,Rajasthan Royals,Delhi Capitals,Delhi Capitals,wickets,5.0,115,9,121,5,30,4
1178429,2019,Bengaluru,M.Chinnaswamy Stadium,Sunrisers Hyderabad,Royal Challengers Bangalore,Royal Challengers Bangalore,field,Sunrisers Hyderabad,Royal Challengers Bangalore,Royal Challengers Bangalore,wickets,4.0,175,7,178,6,52,1
1178430,2019,Chandigarh,Punjab Cricket Association IS Bindra Stadium,Chennai Super Kings,Kings XI Punjab,Kings XI Punjab,field,Chennai Super Kings,Kings XI Punjab,Kings XI Punjab,wickets,6.0,170,5,173,4,42,1
1178431,2019,Mumbai,Wankhede Stadium,Kolkata Knight Riders,Mumbai Indians,Mumbai Indians,field,Kolkata Knight Riders,Mumbai Indians,Mumbai Indians,wickets,9.0,133,7,134,1,49,0
1181764,2019,Chennai,MA Chidambaram Stadium,Chennai Super Kings,Mumbai Indians,Chennai Super Kings,bat,Chennai Super Kings,Mumbai Indians,Mumbai Indians,wickets,6.0,131,4,132,4,32,3
1181766,2019,Visakhapatnam,Dr. Y.S. Rajasekhara Reddy ACA-VDCA Cricket Stadium,Sunrisers Hyderabad,Delhi Capitals,Delhi Capitals,field,Sunrisers Hyderabad,Delhi Capitals,Delhi Capitals,wickets,2.0,162,8,165,8,54,1
1181767,2019,Visakhapatnam,Dr. Y.S. Rajasekhara Reddy ACA-VDCA Cricket Stadium,Delhi Capitals,Chennai Super Kings,Chennai Super Kings,field,Delhi Capitals,Chennai Super Kings,Chennai Super Kings,wickets,6.0,147,9,151,4,41,2
1181768,2019,Hyderabad,Rajiv Gandhi International Stadium,Mumbai Indians,Chennai Super Kings,Mumbai Indians,bat,Mumbai Indians,Chennai Super Kings,Mumbai Indians,runs,1.0,149,8,148,7,45,2
1216492,2020/21,Abu Dhabi,Sheikh Zayed Stadium,Mumbai Indians,Chennai Super Kings,Chennai Super Kings,field,Mumbai Indians,Chennai Super Kings,Chennai Super Kings,wickets,5.0,162,9,166,5,51,2
1216493,2020/21,,Dubai International Cricket Stadium,Delhi Capitals,Kings XI Punjab,Kings XI Punjab,field,Delhi Capitals,Kings XI Punjab,,,,157,8,157,8,23,3
1216494,2020/21,Abu Dhabi,Sheikh Zayed Stadium,Kolkata Knight Riders,Royal Challengers Bangalore,Kolkata Knight Riders,bat,Kolkata Knight Riders,Royal Challengers Bangalore,Royal Challengers Bangalore,wickets,8.0,84,8,85,2,17,4
1216495,2020/21,,Sharjah Cricket Stadium,Mumbai Indians,Sunrisers Hyderabad,Sunrisers Hyderabad,field,Mumbai Indians,Sunrisers Hyderabad,Sunrisers Hyderabad,wickets,10.0,149,8,151,0,48,2
1216496,2020/21,,Sharjah Cricket Stadium,Rajasthan Royals,Chennai Super Kings,Chennai Super Kings,field,Rajasthan Royals,Chennai Super Kings,Rajasthan Royals,runs,16.0,216,7,200,6,54,1
1216497,2020/21,Abu Dhabi,Sheikh Zayed Stadium,Kolkata Knight Riders,Delhi Capitals,Delhi Capitals,field,Kolkata Knight Riders,Delhi Capitals,Kolkata Knight Riders,runs,59.0,194,6,135,9,36,2
1216498,2020/21,,Dubai International Cricket Stadium,Kings XI Punjab,Sunrisers Hyderabad,Sunrisers Hyderabad,field,Kings XI Punjab,Sunrisers Hyderabad,Kings XI Punjab,runs,12.0,126,7,114,10,47,1
1216499,2020/21,Abu Dhabi,Sheikh Zayed Stadium,Royal Challengers Bangalore,Mumbai Indians,Mumbai Indians,field,Royal Challengers Bangalore,Mumbai Indians,Mumbai Indians,wickets,5.0,164,6,166,5,54,0
1216500,2020/21,,Sharjah Cricket Stadium,Delhi Capitals,Rajasthan Royals,Rajasthan Royals,field,Delhi Capitals,Rajasthan Royals,Delhi Capitals,runs,46.0,184,8,138,10,51,3
1216501,2020/21,Abu Dhabi,Sheikh Zayed Stadium,Kolkata Knight Riders,Chennai Super Kings,Kolkata Knight Riders,bat,Kolkata Knight Riders,Chennai Super Kings,Kolkata Knight Riders,runs,10.0,167,10,157,5,52,1
1216502,2020/21,,Sharjah Cricket Stadium,Royal Challengers Bangalore,Sunrisers Hyderabad,Sunrisers Hyderabad,field,Royal Challengers Bangalore,Sunrisers Hyderabad,Sunrisers Hyderabad,wickets,5.0,120,7,121,5,30,2
1216503,2020/21,Abu Dhabi,Sheikh Zayed Stadium,Mumbai Indians,Kings XI Punjab,Kings XI Punjab,field,Mumbai Indians,Kings XI Punjab,Mumbai Indians,runs,48.0,191,4,143,8,41,2
1216504,2020/21,,Dubai International Cricket Stadium,Kolkata Knight Riders,Rajasthan Royals,Rajasthan Royals,field,Kolkata Knight Riders,Rajasthan Royals,Kolkata Knight Riders,runs,37.0,174,6,137,9,42,1
1216505,2020/21,Abu Dhabi,Sheikh Zayed Stadium,Royal Challengers Bangalore,Delhi Capitals,Delhi Capitals,field,Royal Challengers Bangalore,Delhi Capitals,Delhi Capitals,wickets,6.0,152,7,154,4,40,1
1216506,2020/21,Abu Dhabi,Sheikh Zayed Stadium,Kings XI Punjab,Chennai Super Kings,Chennai Super Kings,field,Kings XI Punjab,Chennai Super Kings,Chennai Super Kings,wickets,9.0,153,6,154,1,53,1
1216507,2020/21,,Dubai International Cricket Stadium,Sunrisers Hyderabad,Rajasthan Royals,Sunrisers Hyderabad,bat,Sunrisers Hyderabad,Rajasthan Royals,Rajasthan Royals,wickets,5.0,158,4,163,5,26,1
1216508,2020/21,Abu Dhabi,Sheikh Zayed Stadium,Mumbai Indians,Kolkata Knight Riders,Kolkata Knight Riders,field,Mumbai Indians,Kolkata Knight Riders,Mumbai Indians,runs,49.0,195,5,146,9,59,1
1216509,2020/21,,Sharjah Cricket Stadium,Chennai Super Kings,Delhi Capitals,Chennai Super Kings,bat,Chennai Super Kings,Delhi Capitals,Delhi Capitals,wickets,5.0,179,4,185,5,39,1
1216510,2020/21,,Dubai International Cricket Stadium,Kings XI Punjab,Royal Challengers Bangalore,Royal Challengers Bangalore,field,Kings XI Punjab,Royal Challengers Bangalore,Kings XI Punjab,runs,97.0,206,3,109,10,50,0
1216511,2020/21,Abu Dhabi,Sheikh Zayed Stadium,Mumbai Indians,Rajasthan Royals,Mumbai Indians,bat,Mumbai Indians,Rajasthan Royals,Mumbai Indians,runs,57.0,193,4,136,10,57,1
1216512,2020/21,Abu Dhabi,Sheikh Zayed Stadium,Kolkata Knight Riders,Sunrisers Hyderabad,Sunrisers Hyderabad,field,Kolkata Knight Riders,Sunrisers Hyderabad,,,,163,5,163,6,48,1
1216513,2020/21,,Dubai International Cricket Stadium,Kings XI Punjab,Chennai Super Kings,Kings XI Punjab,bat,Kings XI Punjab,Chennai Super Kings,Chennai Super Kings,wickets,10.0,178,4,181,0,46,0
1216514,2020/21,Abu Dhabi,Sheikh Zayed Stadium,Rajasthan Royals,Royal Challengers Bangalore,Rajasthan Royals,bat,Rajasthan Royals,Royal Challengers Bangalore,Royal Challengers Bangalore,wickets,8.0,154,6,158,2,38,3
1216515,2020/21,,Sharjah Cricket Stadium,Delhi Capitals,Kolkata Knight Riders,Kolkata Knight Riders,field,Delhi Capitals,Kolkata Knight Riders,Delhi Capitals,runs,18.0,228,4,210,8,57,1
1216516,2020/21,,Dubai International Cricket Stadium,Sunrisers Hyderabad,Chennai Super Kings,Sunrisers Hyderabad,bat,Sunrisers Hyderabad,Chennai Super Kings,Sunrisers Hyderabad,runs,7.0,164,5,157,5,42,1
1216517,2020/21,,Dubai International Cricket Stadium,Mumbai Indians,Kings XI Punjab,Mumbai Indians,bat,Mumbai Indians,Kings XI Punjab,,,,176,6,176,6,43,3
1216518,2020/21,,Dubai International Cricket Stadium,Rajasthan Royals,Sunrisers Hyderabad,Sunrisers Hyderabad,field,Rajasthan Royals,Sunrisers Hyderabad,Sunrisers Hyderabad,wickets,8.0,154,6,156,2,47,1
1216519,2020/21,,Dubai International Cricket Stadium,Delhi Capitals,Royal Challengers Bangalore,Royal Challengers Bangalore,field,Delhi Capitals,Royal Challengers Bangalore,Delhi Capitals,runs,59.0,196,4,137,9,63,0
1216520,2020/21,,Sharjah Cricket Stadium,Kolkata Knight Riders,Kings XI Punjab,Kings XI Punjab,field,Kolkata Knight Riders,Kings XI Punjab,Kings XI Punjab,wickets,8.0,149,9,150,2,54,3
1216521,2020/21,,Sharjah Cricket Stadium,Chennai Super Kings,Mumbai Indians,Mumbai Indians,field,Chennai Super Kings,Mumbai Indians,Mumbai Indians,wickets,10.0,114,9,116,0,24,5
1216522,2020/21,,Dubai International Cricket Stadium,Rajasthan Royals,Royal Challengers Bangalore,Rajasthan Royals,bat,Rajasthan Royals,Royal Challengers Bangalore,Royal Challengers Bangalore,wickets,7.0,177,6,179,3,52,1
1216523,2020/21,Abu Dhabi,Sheikh Zayed Stadium,Kolkata Knight Riders,Kings XI Punjab,Kolkata Knight Riders,bat,Kolkata Knight Riders,Kings XI Punjab,Kolkata Knight Riders,runs,2.0,164,6,162,5,25,2
1216524,2020/21,,Dubai International Cricket Stadium,Sunrisers Hyderabad,Delhi Capitals,Delhi Capitals,field,Sunrisers Hyderabad,Delhi Capitals,Sunrisers Hyderabad,runs,88.0,219,2,131,10,77,0
1216525,2020/21,,Dubai International Cricket Stadium,Royal Challengers Bangalore,Chennai Super Kings,Royal Challengers Bangalore,bat,Royal Challengers Bangalore,Chennai Super Kings,Royal Challengers Bangalore,runs,37.0,169,4,132,8,36,1
1216526,2020/21,Abu Dhabi,Sheikh Zayed Stadium,Kolkata Knight Riders,Mumbai Indians,Kolkata Knight Riders,bat,Kolkata Knight Riders,Mumbai Indians,Mumbai Indians,wickets,8.0,148,5,149,2,33,2
1216527,2020/21,,Sharjah Cricket Stadium,Kings XI Punjab,Rajasthan Royals,Rajasthan Royals,field,Kings XI Punjab,Rajasthan Royals,Rajasthan Royals,wickets,4.0,223,2,226,6,60,0
1216528,2020/21,,Dubai International Cricket Stadium,Chennai Super Kings,Sunrisers Hyderabad,Chennai Super Kings,bat,Chennai Super Kings,Sunrisers Hyderabad,Chennai Super Kings,runs,20.0,167,6,147,8,44,2
1216529,2020/21,Abu Dhabi,Sheikh Zayed Stadium,Delhi Capitals,Mumbai Indians,Delhi Capitals,bat,Delhi Capitals,Mumbai Indians,Mumbai Indians,wickets,5.0,162,4,166,5,46,2
1216530,2020/21,,Dubai International Cricket Stadium,Kolkata Knight Riders,Rajasthan Royals,Rajasthan Royals,field,Kolkata Knight Riders,Rajasthan Royals,Kolkata Knight Riders,runs,60.0,191,7,131,9,55,1
1216531,2020/21,,Sharjah Cricket Stadium,Royal Challengers Bangalore,Kings XI Punjab,Royal Challengers Bangalore,bat,Royal Challengers Bangalore,Kings XI Punjab,Kings XI Punjab,wickets,8.0,171,6,177,2,57,1
1216532,2020/21,Abu Dhabi,Sheikh Zayed Stadium,Sunrisers Hyderabad,Delhi Capitals,Delhi Capitals,field,Sunrisers Hyderabad,Delhi Capitals,Sunrisers Hyderabad,runs,15.0,162,4,147,7,38,0
1216533,2020/21,Abu Dhabi,Sheikh Zayed Stadium,Chennai Super Kings,Rajasthan Royals,Chennai Super Kings,bat,Chennai Super Kings,Rajasthan Royals,Rajasthan Royals,wickets,7.0,125,5,126,3,43,2
1216534,2020/21,,Dubai International Cricket Stadium,Royal Challengers Bangalore,Sunrisers Hyderabad,Sunrisers Hyderabad,field,Royal Challengers Bangalore,Sunrisers Hyderabad,Royal Challengers Bangalore,runs,10.0,163,5,153,10,53,0
1216535,2020/21,,Dubai International Cricket Stadium,Delhi Capitals,Mumbai Indians,Mumbai Indians,field,Delhi Capitals,Mumbai Indians,Mumbai Indians,wickets,9.0,110,9,111,1,22,2
1216536,2020/21,,Dubai International Cricket Stadium,Kolkata Knight Riders,Chennai Super Kings,Chennai Super Kings,field,Kolkata Knight Riders,Chennai Super Kings,Chennai Super Kings,wickets,6.0,172,5,178,4,48,0
1216537,2020/21,Abu Dhabi,Sheikh Zayed Stadium,Kings XI Punjab,Rajasthan Royals,Rajasthan Royals,field,Kings XI Punjab,Rajasthan Royals,Rajasthan Royals,wickets,7.0,185,4,186,3,53,1
1216538,2020/21,,Sharjah Cricket Stadium,Mumbai Indians,Sunrisers Hyderabad,Mumbai Indians,bat,Mumbai Indians,Sunrisers Hyderabad,Mumbai Indians,runs,34.0,208,5,174,7,48,2
1216539,2020/21,,Dubai International Cricket Stadium,Delhi Capitals,Chennai Super Kings,Chennai Super Kings,field,Delhi Capitals,Chennai Super Kings,Delhi Capitals,runs,44.0,175,3,131,7,36,0
1216540,2020/21,,Sharjah Cricket Stadium,Royal Challengers Bangalore,Kolkata Knight Riders,Royal Challengers Bangalore,bat,Royal Challengers Bangalore,Kolkata Knight Riders,Royal Challengers Bangalore,runs,82.0,194,2,112,9,47,0
1216541,2020/21,Abu Dhabi,Sheikh Zayed Stadium,Mumbai Indians,Rajasthan Royals,Mumbai Indians,bat,Mumbai Indians,Rajasthan Royals,Rajasthan Royals,wickets,8.0,195,5,196,2,59,1
1216542,2020/21,,Dubai International Cricket Stadium,Sunrisers Hyderabad,Kings XI Punjab,Sunrisers Hyderabad,bat,Sunrisers Hyderabad,Kings XI Punjab,Sunrisers Hyderabad,runs,69.0,201,6,132,10,58,0
1216543,2020/21,,Dubai International Cricket Stadium,Delhi Capitals,Rajasthan Royals,Delhi Capitals,bat,Delhi Capitals,Rajasthan Royals,Delhi Capitals,runs,13.0,161,7,148,8,47,2
1216544,2020/21,,Dubai International Cricket Stadium,Royal Challengers Bangalore,Chennai Super Kings,Royal Challengers Bangalore,bat,Royal Challengers Bangalore,Chennai Super Kings,Chennai Super Kings,wickets,8.0,145,6,150,2,46,1
1216545,2020/21,Abu Dhabi,Sheikh Zayed Stadium,Sunrisers Hyderabad,Kolkata Knight Riders,Sunrisers Hyderabad,bat,Sunrisers Hyderabad,Kolkata Knight Riders,Kolkata Knight Riders,wickets,7.0,142,4,145,3,40,1
1216546,2020/21,,Dubai International Cricket Stadium,Delhi Capitals,Kings XI Punjab,Delhi Capitals,bat,Delhi Capitals,Kings XI Punjab,Kings XI Punjab,wickets,5.0,164,5,167,5,53,1
1216547,2020/21,,Dubai International Cricket Stadium,Royal Challengers Bangalore,Mumbai Indians,Mumbai Indians,field,Royal Challengers Bangalore,Mumbai Indians,,,,201,3,201,5,59,0
1237177,2020/21,,Dubai International Cricket Stadium,Mumbai Indians,Delhi Capitals,Delhi Capitals,field,Mumbai Indians,Delhi Capitals,Mumbai Indians,runs,57.0,200,5,143,8,63,1
1237178,2020/21,Abu Dhabi,Sheikh Zayed Stadium,Royal Challengers Bangalore,Sunrisers Hyderabad,Sunrisers Hyderabad,field,Royal Challengers Bangalore,Sunrisers Hyderabad,Sunrisers Hyderabad,wickets,6.0,131,7,132,4,32,2
1237180,2020/21,Abu Dhabi,Sheikh Zayed Stadium,Delhi Capitals,Sunrisers Hyderabad,Delhi Capitals,bat,Delhi Capitals,Sunrisers Hyderabad,Delhi Capitals,runs,17.0,189,3,172,8,65,0
1237181,2020/21,,Dubai International Cricket Stadium,Delhi Capitals,Mumbai Indians,Delhi Capitals,bat,Delhi Capitals,Mumbai Indians,Mumbai Indians,wickets,5.0,156,7,157,5,41,3
1254058,2021,Chennai,"MA Chidambaram Stadium, Chepauk, Chennai",Mumbai Indians,Royal Challengers Bangalore,Royal Challengers Bangalore,field,Mumbai Indians,Royal Challengers Bangalore,Royal Challengers Bangalore,wickets,2.0,159,9,160,8,41,1
1254059,2021,Mumbai,"Wankhede Stadium, Mumbai",Chennai Super Kings,Delhi Capitals,Delhi Capitals,field,Chennai Super Kings,Delhi Capitals,Delhi Capitals,wickets,7.0,188,7,190,3,33,2
1254060,2021,Chennai,"MA Chidambaram Stadium, Chepauk, Chennai",Kolkata Knight Riders,Sunrisers Hyderabad,Sunrisers Hyderabad,field,Kolkata Knight Riders,Sunrisers Hyderabad,Kolkata Knight Riders,runs,10.0,187,6,177,5,50,0
1254061,2021,Mumbai,"Wankhede Stadium, Mumbai",Punjab Kings,Rajasthan Royals,Rajasthan Royals,field,Punjab Kings,Rajasthan Royals,Punjab Kings,runs,4.0,221,6,217,7,46,1
1254062,2021,Chennai,"MA Chidambaram Stadium, Chepauk, Chennai",Mumbai Indians,Kolkata Knight Riders,Kolkata Knight Riders,field,Mumbai Indians,Kolkata Knight Riders,Mumbai Indians,runs,10.0,152,10,142,7,42,1
1254063,2021,Chennai,"MA Chidambaram Stadium, Chepauk, Chennai",Royal Challengers Bangalore,Sunrisers Hyderabad,Sunrisers Hyderabad,field,Royal Challengers Bangalore,Sunrisers Hyderabad,Royal Challengers Bangalore,runs,6.0,149,8,143,9,47,1
1254064,2021,Mumbai,"Wankhede Stadium, Mumbai",Delhi Capitals,Rajasthan Royals,Rajasthan Royals,field,Delhi Capitals,Rajasthan Royals,Rajasthan Royals,wickets,3.0,147,8,150,7,36,3
1254065,2021,Mumbai,"Wankhede Stadium, Mumbai",Punjab Kings,Chennai Super Kings,Chennai Super Kings,field,Punjab Kings,Chennai Super Kings,Chennai Super Kings,wickets,6.0,106,8,107,4,26,4
1254066,2021,Chennai,"MA Chidambaram Stadium, Chepauk, Chennai",Mumbai Indians,Sunrisers Hyderabad,Mumbai Indians,bat,Mumbai Indians,Sunrisers Hyderabad,Mumbai Indians,runs,13.0,150,5,137,10,53,0
1254067,2021,Chennai,"MA Chidambaram Stadium, Chepauk, Chennai",Royal Challengers Bangalore,Kolkata Knight Riders,Royal Challengers Bangalore,bat,Royal Challengers Bangalore,Kolkata Knight Riders,Royal Challengers Bangalore,runs,38.0,204,4,166,8,45,2
1254068,2021,Mumbai,"Wankhede Stadium, Mumbai",Punjab Kings,Delhi Capitals,Delhi Capitals,field,Punjab Kings,Delhi Capitals,Delhi Capitals,wickets,6.0,195,4,198,4,59,0
1254069,2021,Mumbai,"Wankhede Stadium, Mumbai",Chennai Super Kings,Rajasthan Royals,Rajasthan Royals,field,Chennai Super Kings,Rajasthan Royals,Chennai Super Kings,runs,45.0,188,9,143,9,46,2
1254070,2021,Chennai,"MA Chidambaram Stadium, Chepauk, Chennai",Mumbai Indians,Delhi Capitals,Mumbai Indians,bat,Mumbai Indians,Delhi Capitals,Delhi Capitals,wickets,6.0,137,9,138,4,55,1
1254071,2021,Chennai,"MA Chidambaram Stadium, Chepauk, Chennai",Punjab Kings,Sunrisers Hyderabad,Punjab Kings,bat,Punjab Kings,Sunrisers Hyderabad,Sunrisers Hyderabad,wickets,9.0,120,10,121,1,32,1
1254072,2021,Mumbai,"Wankhede Stadium, Mumbai",Chennai Super Kings,Kolkata Knight Riders,Kolkata Knight Riders,field,Chennai Super Kings,Kolkata Knight Riders,Chennai Super Kings,runs,18.0,220,3,202,10,54,0
1254073,2021,Mumbai,"Wankhede Stadium, Mumbai",Rajasthan Royals,Royal Challengers Bangalore,Royal Challengers Bangalore,field,Rajasthan Royals,Royal Challengers Bangalore,Royal Challengers Bangalore,wickets,10.0,177,9,181,0,32,3
1254074,2021,Chennai,"MA Chidambaram Stadium, Chepauk, Chennai",Mumbai Indians,Punjab Kings,Punjab Kings,field,Mumbai Indians,Punjab Kings,Punjab Kings,wickets,9.0,131,6,132,1,21,1
1254075,2021,Mumbai,"Wankhede Stadium, Mumbai",Kolkata Knight Riders,Rajasthan Royals,Rajasthan Royals,field,Kolkata Knight Riders,Rajasthan Royals,Rajasthan Royals,wickets,6.0,133,9,134,4,25,1
1254076,2021,Mumbai,"Wankhede Stadium, Mumbai",Chennai Super Kings,Royal Challengers Bangalore,Chennai Super Kings,bat,Chennai Super Kings,Royal Challengers Bangalore,Chennai Super Kings,runs,69.0,191,4,122,9,51,0
1254077,2021,Chennai,"MA Chidambaram Stadium, Chepauk, Chennai",Delhi Capitals,Sunrisers Hyderabad,Delhi Capitals,bat,Delhi Capitals,Sunrisers Hyderabad,,,,159,4,159,7,51,0
1254078,2021,Ahmedabad,"Narendra Modi Stadium, Ahmedabad",Punjab Kings,Kolkata Knight Riders,Kolkata Knight Riders,field,Punjab Kings,Kolkata Knight Riders,Kolkata Knight Riders,wickets,5.0,123,9,126,5,37,1
1254079,2021,Ahmedabad,"Narendra Modi Stadium, Ahmedabad",Royal Challengers Bangalore,Delhi Capitals,Delhi Capitals,field,Royal Challengers Bangalore,Delhi Capitals,Royal Challengers Bangalore,runs,1.0,171,5,170,4,36,2
1254080,2021,Delhi,"Arun Jaitley Stadium, Delhi",Sunrisers Hyderabad,Chennai Super Kings,Sunrisers Hyderabad,bat,Sunrisers Hyderabad,Chennai Super Kings,Chennai Super Kings,wickets,7.0,171,3,173,3,39,1
1254081,2021,Delhi,"Arun Jaitley Stadium, Delhi",Rajasthan Royals,Mumbai Indians,Mumbai Indians,field,Rajasthan Royals,Mumbai Indians,Mumbai Indians,wickets,7.0,171,4,172,3,47,0
1254082,2021,Ahmedabad,"Narendra Modi Stadium, Ahmedabad",Kolkata Knight Riders,Delhi Capitals,Delhi Capitals,field,Kolkata Knight Riders,Delhi Capitals,Delhi Capitals,wickets,7.0,154,6,156,3,45,1
1254083,2021,Ahmedabad,"Narendra Modi Stadium, Ahmedabad",Punjab Kings,Royal Challengers Bangalore,Royal Challengers Bangalore,field,Punjab Kings,Royal Challengers Bangalore,Punjab Kings,runs,34.0,179,5,145,8,49,1
1254084,2021,Delhi,"Arun Jaitley Stadium, Delhi",Chennai Super Kings,Mumbai Indians,Mumbai Indians,field,Chennai Super Kings,Mumbai Indians,Mumbai Indians,wickets,4.0,218,4,219,6,49,1
1254085,2021,Delhi,"Arun Jaitley Stadium, Delhi",Rajasthan Royals,Sunrisers Hyderabad,Sunrisers Hyderabad,field,Rajasthan Royals,Sunrisers Hyderabad,Rajasthan Royals,runs,55.0,220,3,165,8,42,1
1254086,2021,Ahmedabad,"Narendra Modi Stadium, Ahmedabad",Punjab Kings,Delhi Capitals,Delhi Capitals,field,Punjab Kings,Delhi Capitals,Delhi Capitals,wickets,7.0,166,6,167,3,39,2
1254087,2021,Abu Dhabi,"Zayed Cricket Stadium, Abu Dhabi",Royal Challengers Bangalore,Kolkata Knight Riders,Royal Challengers Bangalore,bat,Royal Challengers Bangalore,Kolkata Knight Riders,Kolkata Knight Riders,wickets,9.0,92,10,94,1,41,2
1254088,2021,Abu Dhabi,"Zayed Cricket Stadium, Abu Dhabi",Mumbai Indians,Sunrisers Hyderabad,Mumbai Indians,bat,Mumbai Indians,Sunrisers Hyderabad,Mumbai Indians,runs,42.0,235,9,193,8,83,1
1254089,2021,Abu Dhabi,"Zayed Cricket Stadium, Abu Dhabi",Chennai Super Kings,Rajasthan Royals,Rajasthan Royals,field,Chennai Super Kings,Rajasthan Royals,Rajasthan Royals,wickets,7.0,189,4,190,3,44,0
1254090,2021,Sharjah,Sharjah Cricket Stadium,Royal Challengers Bangalore,Punjab Kings,Royal Challengers Bangalore,bat,Royal Challengers Bangalore,Punjab Kings,Royal Challengers Bangalore,runs,6.0,164,7,158,6,55,0
1254091,2021,Sharjah,Sharjah Cricket Stadium,Sunrisers Hyderabad,Chennai Super Kings,Chennai Super Kings,field,Sunrisers Hyderabad,Chennai Super Kings,Chennai Super Kings,wickets,6.0,134,7,139,4,41,1
1254092,2021,Sharjah,Sharjah Cricket Stadium,Delhi Capitals,Kolkata Knight Riders,Kolkata Knight Riders,field,Delhi Capitals,Kolkata Knight Riders,Kolkata Knight Riders,wickets,3.0,127,9,130,7,39,1
1254093,2021,Sharjah,Sharjah Cricket Stadium,Rajasthan Royals,Mumbai Indians,Mumbai Indians,field,Rajasthan Royals,Mumbai Indians,Mumbai Indians,wickets,8.0,90,9,94,2,41,2
1254094,2021,Dubai,Dubai International Cricket Stadium,Chennai Super Kings,Punjab Kings,Punjab Kings,field,Chennai Super Kings,Punjab Kings,Punjab Kings,wickets,6.0,134,6,139,4,30,2
1254095,2021,Abu Dhabi,"Zayed Cricket Stadium, Abu Dhabi",Sunrisers Hyderabad,Royal Challengers Bangalore,Royal Challengers Bangalore,field,Sunrisers Hyderabad,Royal Challengers Bangalore,Sunrisers Hyderabad,runs,4.0,141,7,137,6,50,1
1254096,2021,Abu Dhabi,"Zayed Cricket Stadium, Abu Dhabi",Mumbai Indians,Kolkata Knight Riders,Kolkata Knight Riders,field,Mumbai Indians,Kolkata Knight Riders,Kolkata Knight Riders,wickets,7.0,155,6,159,3,56,0
1254097,2021,Abu Dhabi,"Zayed Cricket Stadium, Abu Dhabi",Delhi Capitals,Rajasthan Royals,Rajasthan Royals,field,Delhi Capitals,Rajasthan Royals,Delhi Capitals,runs,33.0,154,6,121,6,36,2
1254098,2021,Abu Dhabi,"Zayed Cricket Stadium, Abu Dhabi",Kolkata Knight Riders,Chennai Super Kings,Kolkata Knight Riders,bat,Kolkata Knight Riders,Chennai Super Kings,Chennai Super Kings,wickets,2.0,171,6,172,8,50,2
1254099,2021,Abu Dhabi,"Zayed Cricket Stadium, Abu Dhabi",Punjab Kings,Mumbai Indians,Mumbai Indians,field,Punjab Kings,Mumbai Indians,Mumbai Indians,wickets,6.0,135,6,137,4,38,1
1254100,2021,Dubai,Dubai International Cricket Stadium,Rajasthan Royals,Sunrisers Hyderabad,Rajasthan Royals,bat,Rajasthan Royals,Sunrisers Hyderabad,Sunrisers Hyderabad,wickets,7.0,164,5,167,3,49,1
1254101,2021,Dubai,Dubai International Cricket Stadium,Delhi Capitals,Royal Challengers Bangalore,Royal Challengers Bangalore,field,Delhi Capitals,Royal Challengers Bangalore,Royal Challengers Bangalore,wickets,7.0,164,5,166,3,55,0
1254102,2021,Dubai,Dubai International Cricket Stadium,Kolkata Knight Riders,Punjab Kings,Punjab Kings,field,Kolkata Knight Riders,Punjab Kings,Punjab Kings,wickets,5.0,165,7,168,5,48,1
1254103,2021,Dubai,Dubai International Cricket Stadium,Rajasthan Royals,Royal Challengers Bangalore,Royal Challengers Bangalore,field,Rajasthan Royals,Royal Challengers Bangalore,Royal Challengers Bangalore,wickets,7.0,149,9,153,3,56,0
1254104,2021,Dubai,Dubai International Cricket Stadium,Chennai Super Kings,Mumbai Indians,Chennai Super Kings,bat,Chennai Super Kings,Mumbai Indians,Chennai Super Kings,runs,20.0,156,6,136,8,24,4
1254105,2021,Dubai,Dubai International Cricket Stadium,Sunrisers Hyderabad,Delhi Capitals,Sunrisers Hyderabad,bat,Sunrisers Hyderabad,Delhi Capitals,Delhi Capitals,wickets,8.0,134,9,139,2,32,2
1254106,2021,Sharjah,Sharjah Cricket Stadium,Kolkata Knight Riders,Rajasthan Royals,Rajasthan Royals,field,Kolkata Knight Riders,Rajasthan Royals,Kolkata Knight Riders,runs,86.0,171,4,85,10,34,0
1254107,2021,Sharjah,Sharjah Cricket Stadium,Punjab Kings,Sunrisers Hyderabad,Sunrisers Hyderabad,field,Punjab Kings,Sunrisers Hyderabad,Punjab Kings,runs,5.0,125,7,120,7,29,2
1254108,2021,Dubai,Dubai International Cricket Stadium,Royal Challengers Bangalore,Mumbai Indians,Mumbai Indians,field,Royal Challengers Bangalore,Mumbai Indians,Royal Challengers Bangalore,runs,54.0,165,6,111,10,48,1
1254109,2021,Dubai,Dubai International Cricket Stadium,Sunrisers Hyderabad,Kolkata Knight Riders,Sunrisers Hyderabad,bat,Sunrisers Hyderabad,Kolkata Knight Riders,Kolkata Knight Riders,wickets,6.0,115,8,119,4,35,2
1254110,2021,Dubai,Dubai International Cricket Stadium,Chennai Super Kings,Delhi Capitals,Delhi Capitals,field,Chennai Super Kings,Delhi Capitals,Delhi Capitals,wickets,3.0,136,5,139,7,48,2
1254111,2021,Dubai,Dubai International Cricket Stadium,Rajasthan Royals,Punjab Kings,Punjab Kings,field,Rajasthan Royals,Punjab Kings,Rajasthan Royals,runs,2.0,185,10,183,4,57,1
1254112,2021,Sharjah,Sharjah Cricket Stadium,Mumbai Indians,Delhi Capitals,Delhi Capitals,field,Mumbai Indians,Delhi Capitals,Delhi Capitals,wickets,4.0,129,8,132,6,35,1
1254113,2021,Sharjah,Sharjah Cricket Stadium,Royal Challengers Bangalore,Chennai Super Kings,Chennai Super Kings,field,Royal Challengers Bangalore,Chennai Super Kings,Chennai Super Kings,wickets,6.0,156,6,157,4,55,0
1254114,2021,Dubai,Dubai International Cricket Stadium,Delhi Capitals,Chennai Super Kings,Chennai Super Kings,field,Delhi Capitals,Chennai Super Kings,Chennai Super Kings,wickets,4.0,172,5,173,6,51,2
1254115,2021,Sharjah,Sharjah Cricket Stadium,Royal Challengers Bangalore,Kolkata Knight Riders,Royal Challengers Bangalore,bat,Royal Challengers Bangalore,Kolkata Knight Riders,Kolkata Knight Riders,wickets,4.0,138,7,139,6,53,1
1254116,2021,Sharjah,Sharjah Cricket Stadium,Delhi Capitals,Kolkata Knight Riders,Kolkata Knight Riders,field,Delhi Capitals,Kolkata Knight Riders,Kolkata Knight Riders,wickets,3.0,135,5,136,7,38,1
1254117,2021,Dubai,Dubai International Cricket Stadium,Chennai Super Kings,Kolkata Knight Riders,Kolkata Knight Riders,field,Chennai Super Kings,Kolkata Knight Riders,Chennai Super Kings,runs,27.0,192,3,165,9,50,0
1304047,2022,Mumbai,"Wankhede Stadium, Mumbai",Chennai Super Kings,Kolkata Knight Riders,Kolkata Knight Riders,field,Chennai Super Kings,Kolkata Knight Riders,Kolkata Knight Riders,wickets,6.0,131,5,133,4,35,2
1304048,2022,Mumbai,"Brabourne Stadium, Mumbai",Mumbai Indians,Delhi Capitals,Delhi Capitals,field,Mumbai Indians,Delhi Capitals,Delhi Capitals,wickets,4.0,177,5,179,6,53,0
1304049,2022,Mumbai,"Dr DY Patil Sports Academy, Mumbai",Royal Challengers Bangalore,Punjab Kings,Punjab Kings,field,Royal Challengers Bangalore,Punjab Kings,Punjab Kings,wickets,5.0,205,2,208,5,41,0
1304050,2022,Mumbai,"Wankhede Stadium, Mumbai",Lucknow Super Giants,Gujarat Titans,Gujarat Titans,field,Lucknow Super Giants,Gujarat Titans,Gujarat Titans,wickets,5.0,158,6,161,5,32,4
1304051,2022,Pune,"Maharashtra Cricket Association Stadium, Pune",Rajasthan Royals,Sunrisers Hyderabad,Sunrisers Hyderabad,field,Rajasthan Royals,Sunrisers Hyderabad,Rajasthan Royals,runs,61.0,210,6,149,7,58,0
1304052,2022,Mumbai,"Dr DY Patil Sports Academy, Mumbai",Kolkata Knight Riders,Royal Challengers Bangalore,Royal Challengers Bangalore,field,Kolkata Knight Riders,Royal Challengers Bangalore,Royal Challengers Bangalore,wickets,3.0,128,10,132,7,44,3
1304053,2022,Mumbai,"Brabourne Stadium, Mumbai",Chennai Super Kings,Lucknow Super Giants,Lucknow Super Giants,field,Chennai Super Kings,Lucknow Super Giants,Lucknow Super Giants,wickets,6.0,210,7,211,4,73,1
1304054,2022,Mumbai,"Wankhede Stadium, Mumbai",Punjab Kings,Kolkata Knight Riders,Kolkata Knight Riders,field,Punjab Kings,Kolkata Knight Riders,Kolkata Knight Riders,wickets,6.0,137,10,141,4,62,3
1304055,2022,Mumbai,"Dr DY Patil Sports Academy, Mumbai",Rajasthan Royals,Mumbai Indians,Mumbai Indians,field,Rajasthan Royals,Mumbai Indians,Rajasthan Royals,runs,23.0,193,8,170,8,48,2
1304056,2022,Pune,"Maharashtra Cricket Association Stadium, Pune",Gujarat Titans,Delhi Capitals,Delhi Capitals,field,Gujarat Titans,Delhi Capitals,Gujarat Titans,runs,14.0,171,6,157,9,44,1
1304057,2022,Mumbai,"Brabourne Stadium, Mumbai",Punjab Kings,Chennai Super Kings,Chennai Super Kings,field,Punjab Kings,Chennai Super Kings,Punjab Kings,runs,54.0,180,8,126,10,72,2
1304058,2022,Mumbai,"Dr DY Patil Sports Academy, Mumbai",Lucknow Super Giants,Sunrisers Hyderabad,Sunrisers Hyderabad,field,Lucknow Super Giants,Sunrisers Hyderabad,Lucknow Super Giants,runs,12.0,169,7,157,9,32,3
1304059,2022,Mumbai,"Wankhede Stadium, Mumbai",Rajasthan Royals,Royal Challengers Bangalore,Royal Challengers Bangalore,field,Rajasthan Royals,Royal Challengers Bangalore,Royal Challengers Bangalore,wickets,4.0,169,3,173,6,35,1
1304060,2022,Pune,"Maharashtra Cricket Association Stadium, Pune",Mumbai Indians,Kolkata Knight Riders,Kolkata Knight Riders,field,Mumbai Indians,Kolkata Knight Riders,Kolkata Knight Riders,wickets,5.0,161,4,162,5,35,1
1304061,2022,Mumbai,"Dr DY Patil Sports Academy, Mumbai",Delhi Capitals,Lucknow Super Giants,Lucknow Super Giants,field,Delhi Capitals,Lucknow Super Giants,Lucknow Super Giants,wickets,6.0,149,3,155,4,52,0
1304062,2022,Mumbai,"Brabourne Stadium, Mumbai",Punjab Kings,Gujarat Titans,Gujarat Titans,field,Punjab Kings,Gujarat Titans,Gujarat Titans,wickets,6.0,189,9,190,4,43,2
1304063,2022,Mumbai,"Dr DY Patil Sports Academy, Mumbai",Chennai Super Kings,Sunrisers Hyderabad,Sunrisers Hyderabad,field,Chennai Super Kings,Sunrisers Hyderabad,Sunrisers Hyderabad,wickets,8.0,154,7,155,2,41,2
1304064,2022,Pune,"Maharashtra Cricket Association Stadium, Pune",Mumbai Indians,Royal Challengers Bangalore,Royal Challengers Bangalore,field,Mumbai Indians,Royal Challengers Bangalore,Royal Challengers Bangalore,wickets,7.0,151,6,152,3,49,0
1304065,2022,Mumbai,"Brabourne Stadium, Mumbai",Delhi Capitals,Kolkata Knight Riders,Kolkata Knight Riders,field,Delhi Capitals,Kolkata Knight Riders,Delhi Capitals,runs,44.0,215,5,171,10,68,0
1304066,2022,Mumbai,"Wankhede Stadium, Mumbai",Rajasthan Royals,Lucknow Super Giants,Lucknow Super Giants,field,Rajasthan Royals,Lucknow Super Giants,Rajasthan Royals,runs,3.0,165,6,162,8,44,1
1304067,2022,Mumbai,"Dr DY Patil Sports Academy, Mumbai",Gujarat Titans,Sunrisers Hyderabad,Sunrisers Hyderabad,field,Gujarat Titans,Sunrisers Hyderabad,Sunrisers Hyderabad,wickets,8.0,162,7,168,2,51,2
1304068,2022,Mumbai,"Dr DY Patil Sports Academy, Mumbai",Chennai Super Kings,Royal Challengers Bangalore,Royal Challengers Bangalore,field,Chennai Super Kings,Royal Challengers Bangalore,Chennai Super Kings,runs,23.0,216,4,193,9,35,1
1304069,2022,Pune,"Maharashtra Cricket Association Stadium, Pune",Punjab Kings,Mumbai Indians,Mumbai Indians,field,Punjab Kings,Mumbai Indians,Punjab Kings,runs,12.0,198,5,186,9,65,0
1304070,2022,Mumbai,"Dr DY Patil Sports Academy, Mumbai",Gujarat Titans,Rajasthan Royals,Rajasthan Royals,field,Gujarat Titans,Rajasthan Royals,Gujarat Titans,runs,37.0,192,4,155,9,42,2
1304071,2022,Mumbai,"Brabourne Stadium, Mumbai",Kolkata Knight Riders,Sunrisers Hyderabad,Sunrisers Hyderabad,field,Kolkata Knight Riders,Sunrisers Hyderabad,Sunrisers Hyderabad,wickets,7.0,175,8,176,3,38,3
1304072,2022,Mumbai,"Brabourne Stadium, Mumbai",Lucknow Super Giants,Mumbai Indians,Mumbai Indians,field,Lucknow Super Giants,Mumbai Indians,Lucknow Super Giants,runs,18.0,199,4,181,9,57,1
1304073,2022,Mumbai,"Wankhede Stadium, Mumbai",Royal Challengers Bangalore,Delhi Capitals,Delhi Capitals,field,Royal Challengers Bangalore,Delhi Capitals,Royal Challengers Bangalore,runs,16.0,189,5,173,7,40,2
1304074,2022,Mumbai,"Dr DY Patil Sports Academy, Mumbai",Punjab Kings,Sunrisers Hyderabad,Sunrisers Hyderabad,field,Punjab Kings,Sunrisers Hyderabad,Sunrisers Hyderabad,wickets,7.0,151,10,152,3,48,2
1304075,2022,Pune,"Maharashtra Cricket Association Stadium, Pune",Chennai Super Kings,Gujarat Titans,Gujarat Titans,field,Chennai Super Kings,Gujarat Titans,Gujarat Titans,wickets,3.0,169,5,170,7,39,2
1304076,2022,Mumbai,"Brabourne Stadium, Mumbai",Rajasthan Royals,Kolkata Knight Riders,Kolkata Knight Riders,field,Rajasthan Royals,Kolkata Knight Riders,Rajasthan Royals,runs,7.0,217,5,210,10,60,0
1304077,2022,Mumbai,"Dr DY Patil Sports Academy, Mumbai",Royal Challengers Bangalore,Lucknow Super Giants,Lucknow Super Giants,field,Royal Challengers Bangalore,Lucknow Super Giants,Royal Challengers Bangalore,runs,18.0,181,6,163,8,47,3
1304078,2022,Mumbai,"Brabourne Stadium, Mumbai",Punjab Kings,Delhi Capitals,Delhi Capitals,field,Punjab Kings,Delhi Capitals,Delhi Capitals,wickets,9.0,115,10,119,1,47,3
1304079,2022,Navi Mumbai,"Dr DY Patil Sports Academy, Mumbai",Mumbai Indians,Chennai Super Kings,Chennai Super Kings,field,Mumbai Indians,Chennai Super Kings,Chennai Super Kings,wickets,3.0,155,7,156,7,42,3
1304080,2022,Mumbai,"Wankhede Stadium, Mumbai",Rajasthan Royals,Delhi Capitals,Delhi Capitals,field,Rajasthan Royals,Delhi Capitals,Rajasthan Royals,runs,15.0,222,2,207,8,44,0
1304081,2022,Navi Mumbai,"Dr DY Patil Sports Academy, Mumbai",Gujarat Titans,Kolkata Knight Riders,Gujarat Titans,bat,Gujarat Titans,Kolkata Knight Riders,Gujarat Titans,runs,8.0,156,9,148,8,47,1
1304082,2022,Mumbai,"Brabourne Stadium, Mumbai",Royal Challengers Bangalore,Sunrisers Hyderabad,Sunrisers Hyderabad,field,Royal Challengers Bangalore,Sunrisers Hyderabad,Sunrisers Hyderabad,wickets,9.0,68,10,72,1,31,4
1304083,2022,Mumbai,"Wankhede Stadium, Mumbai",Lucknow Super Giants,Mumbai Indians,Mumbai Indians,field,Lucknow Super Giants,Mumbai Indians,Lucknow Super Giants,runs,36.0,168,6,132,8,32,1
1304084,2022,Mumbai,"Wankhede Stadium, Mumbai",Punjab Kings,Chennai Super Kings,Chennai Super Kings,field,Punjab Kings,Chennai Super Kings,Punjab Kings,runs,11.0,187,4,176,6,37,1
1304085,2022,Pune,"Maharashtra Cricket Association Stadium, Pune",Rajasthan Royals,Royal Challengers Bangalore,Royal Challengers Bangalore,field,Rajasthan Royals,Royal Challengers Bangalore,Rajasthan Royals,runs,29.0,144,8,115,10,43,3
1304086,2022,Mumbai,"Wankhede Stadium, Mumbai",Sunrisers Hyderabad,Gujarat Titans,Gujarat Titans,field,Sunrisers Hyderabad,Gujarat Titans,Gujarat Titans,wickets,5.0,195,6,199,5,53,2
1304087,2022,Mumbai,"Wankhede Stadium, Mumbai",Kolkata Knight Riders,Delhi Capitals,Delhi Capitals,field,Kolkata Knight Riders,Delhi Capitals,Delhi Capitals,wickets,4.0,146,9,150,6,29,2
1304088,2022,Pune,"Maharashtra Cricket Association Stadium, Pune",Lucknow Super Giants,Punjab Kings,Punjab Kings,field,Lucknow Super Giants,Punjab Kings,Lucknow Super Giants,runs,20.0,153,8,133,8,39,1
1304089,2022,Mumbai,"Brabourne Stadium, Mumbai",Royal Challengers Bangalore,Gujarat Titans,Royal Challengers Bangalore,bat,Royal Challengers Bangalore,Gujarat Titans,Gujarat Titans,wickets,6.0,170,6,174,4,43,1
1304090,2022,Navi Mumbai,"Dr DY Patil Sports Academy, Mumbai",Rajasthan Royals,Mumbai Indians,Mumbai Indians,field,Rajasthan Royals,Mumbai Indians,Mumbai Indians,wickets,5.0,158,6,161,5,40,1
1304091,2022,Mumbai,"Wankhede Stadium, Mumbai",Lucknow Super Giants,Delhi Capitals,Lucknow Super Giants,bat,Lucknow Super Giants,Delhi Capitals,Lucknow Super Giants,runs,6.0,195,3,189,7,57,1
1304092,2022,Pune,"Maharashtra Cricket Association Stadium, Pune",Chennai Super Kings,Sunrisers Hyderabad,Sunrisers Hyderabad,field,Chennai Super Kings,Sunrisers Hyderabad,Chennai Super Kings,runs,13.0,202,2,189,6,40,0
1304093,2022,Mumbai,"Wankhede Stadium, Mumbai",Rajasthan Royals,Kolkata Knight Riders,Kolkata Knight Riders,field,Rajasthan Royals,Kolkata Knight Riders,Kolkata Knight Riders,wickets,7.0,152,5,158,3,38,1
1304094,2022,Navi Mumbai,"Dr DY Patil Sports Academy, Mumbai",Gujarat Titans,Punjab Kings,Gujarat Titans,bat,Gujarat Titans,Punjab Kings,Punjab Kings,wickets,8.0,143,8,145,2,42,2
1304095,2022,Pune,"Maharashtra Cricket Association Stadium, Pune",Royal Challengers Bangalore,Chennai Super Kings,Chennai Super Kings,field,Royal Challengers Bangalore,Chennai Super Kings,Royal Challengers Bangalore,runs,13.0,173,8,160,8,57,0
1304096,2022,Mumbai,"Brabourne Stadium, Mumbai",Delhi Capitals,Sunrisers Hyderabad,Sunrisers Hyderabad,field,Delhi Capitals,Sunrisers Hyderabad,Delhi Capitals,runs,21.0,207,3,186,8,50,2
1304097,2022,Mumbai,"Brabourne Stadium, Mumbai",Mumbai Indians,Gujarat Titans,Gujarat Titans,field,Mumbai Indians,Gujarat Titans,Mumbai Indians,runs,5.0,177,6,172,5,63,0
1304098,2022,Mumbai,"Wankhede Stadium, Mumbai",Punjab Kings,Rajasthan Royals,Punjab Kings,bat,Punjab Kings,Rajasthan Royals,Rajasthan Royals,wickets,6.0,189,5,190,4,48,1
1304099,2022,Pune,"Maharashtra Cricket Association Stadium, Pune",Lucknow Super Giants,Kolkata Knight Riders,Kolkata Knight Riders,field,Lucknow Super Giants,Kolkata Knight Riders,Lucknow Super Giants,runs,75.0,176,7,101,10,66,1
1304100,2022,Mumbai,"Wankhede Stadium, Mumbai",Royal Challengers Bangalore,Sunrisers Hyderabad,Royal Challengers Bangalore,bat,Royal Challengers Bangalore,Sunrisers Hyderabad,Royal Challengers Bangalore,runs,67.0,192,3,125,10,47,1
1304101,2022,Navi Mumbai,"Dr DY Patil Sports Academy, Mumbai",Chennai Super Kings,Delhi Capitals,Delhi Capitals,field,Chennai Super Kings,Delhi Capitals,Chennai Super Kings,runs,91.0,208,6,117,10,57,0
1304102,2022,Navi Mumbai,"Dr DY Patil Sports Academy, Mumbai",Kolkata Knight Riders,Mumbai Indians,Mumbai Indians,field,Kolkata Knight Riders,Mumbai Indians,Kolkata Knight Riders,runs,52.0,165,9,113,10,64,1
1304103,2022,Pune,"Maharashtra Cricket Association Stadium, Pune",Gujarat Titans,Lucknow Super Giants,Gujarat Titans,bat,Gujarat Titans,Lucknow Super Giants,Gujarat Titans,runs,62.0,144,4,82,10,35,2
1304104,2022,Navi Mumbai,"Dr DY Patil Sports Academy, Mumbai",Rajasthan Royals,Delhi Capitals,Delhi Capitals,field,Rajasthan Royals,Delhi Capitals,Delhi Capitals,wickets,8.0,160,6,161,2,43,1
1304105,2022,Mumbai,"Wankhede Stadium, Mumbai",Chennai Super Kings,Mumbai Indians,Mumbai Indians,field,Chennai Super Kings,Mumbai Indians,Mumbai Indians,wickets,5.0,97,10,103,5,32,5
1304106,2022,Mumbai,"Brabourne Stadium, Mumbai",Punjab Kings,Royal Challengers Bangalore,Royal Challengers Bangalore,field,Punjab Kings,Royal Challengers Bangalore,Punjab Kings,runs,54.0,209,9,155,9,83,1
1304107,2022,Pune,"Maharashtra Cricket Association Stadium, Pune",Kolkata Knight Riders,Sunrisers Hyderabad,Kolkata Knight Riders,bat,Kolkata Knight Riders,Sunrisers Hyderabad,Kolkata Knight Riders,runs,54.0,177,6,123,8,55,1
1304108,2022,Mumbai,"Wankhede Stadium, Mumbai",Chennai Super Kings,Gujarat Titans,Chennai Super Kings,bat,Chennai Super Kings,Gujarat Titans,Gujarat Titans,wickets,7.0,133,5,137,3,47,1
1304109,2022,Mumbai,"Brabourne Stadium, Mumbai",Rajasthan Royals,Lucknow Super Giants,Rajasthan Royals,bat,Rajasthan Royals,Lucknow Super Giants,Rajasthan Royals,runs,24.0,178,6,154,8,51,1
1304110,2022,Navi Mumbai,"Dr DY Patil Sports Academy, Mumbai",Delhi Capitals,Punjab Kings,Punjab Kings,field,Delhi Capitals,Punjab Kings,Delhi Capitals,runs,17.0,159,7,142,9,59,2
1304111,2022,Mumbai,"Wankhede Stadium, Mumbai",Sunrisers Hyderabad,Mumbai Indians,Mumbai Indians,field,Sunrisers Hyderabad,Mumbai Indians,Sunrisers Hyderabad,runs,3.0,193,6,190,7,57,1
1304112,2022,Navi Mumbai,"Dr DY Patil Sports Academy, Mumbai",Lucknow Super Giants,Kolkata Knight Riders,Lucknow Super Giants,bat,Lucknow Super Giants,Kolkata Knight Riders,Lucknow Super Giants,runs,2.0,210,0,208,8,44,0
1304113,2022,Mumbai,"Wankhede Stadium, Mumbai",Gujarat Titans,Royal Challengers Bangalore,Gujarat Titans,bat,Gujarat Titans,Royal Challengers Bangalore,Royal Challengers Bangalore,wickets,8.0,168,5,170,2,38,2
1304114,2022,Mumbai,"Brabourne Stadium, Mumbai",Chennai Super Kings,Rajasthan Royals,Chennai Super Kings,bat,Chennai Super Kings,Rajasthan Royals,Rajasthan Royals,wickets,5.0,150,6,151,5,75,1
1304115,2022,Mumbai,"Wankhede Stadium, Mumbai",Delhi Capitals,Mumbai Indians,Mumbai Indians,field,Delhi Capitals,Mumbai Indians,Mumbai Indians,wickets,5.0,159,7,160,5,37,3
1304116,2022,Mumbai,"Wankhede Stadium, Mumbai",Sunrisers Hyderabad,Punjab Kings,Sunrisers Hyderabad,bat,Sunrisers Hyderabad,Punjab Kings,Punjab Kings,wickets,5.0,157,8,160,5,43,1
1312197,2022,Kolkata,"Eden Gardens, Kolkata",Rajasthan Royals,Gujarat Titans,Gujarat Titans,field,Rajasthan Royals,Gujarat Titans,Gujarat Titans,wickets,7.0,188,6,191,3,55,1
1312198,2022,Kolkata,"Eden Gardens, Kolkata",Royal Challengers Bangalore,Lucknow Super Giants,Lucknow Super Giants,field,Royal Challengers Bangalore,Lucknow Super Giants,Royal Challengers Bangalore,runs,14.0,207,4,193,6,52,1
1312199,2022,Ahmedabad,"Narendra Modi Stadium, Ahmedabad",Royal Challengers Bangalore,Rajasthan Royals,Rajasthan Royals,field,Royal Challengers Bangalore,Rajasthan Royals,Rajasthan Royals,wickets,7.0,157,8,161,3,46,1
1312200,2022,Ahmedabad,"Narendra Modi Stadium, Ahmedabad",Rajasthan Royals,Gujarat Titans,Rajasthan Royals,bat,Rajasthan Royals,Gujarat Titans,Gujarat Titans,wickets,7.0,130,9,133,3,44,1
1359475,2023,Ahmedabad,"Narendra Modi Stadium, Ahmedabad",Chennai Super Kings,Gujarat Titans,Gujarat Titans,field,Chennai Super Kings,Gujarat Titans,Gujarat Titans,wickets,5.0,178,7,182,5,51,2
1359476,2023,Chandigarh,"Punjab Cricket Association IS Bindra Stadium, Mohali, Chandigarh",Punjab Kings,Kolkata Knight Riders,Kolkata Knight Riders,field,Punjab Kings,Kolkata Knight Riders,Punjab Kings,runs,7.0,191,5,146,7,56,1
1359477,2023,Lucknow,"Bharat Ratna Shri Atal Bihari Vajpayee Ekana Cricket Stadium, Lucknow",Lucknow Super Giants,Delhi Capitals,Delhi Capitals,field,Lucknow Super Giants,Delhi Capitals,Lucknow Super Giants,runs,50.0,193,6,143,9,30,1
1359478,2023,Hyderabad,"Rajiv Gandhi International Stadium, Uppal, Hyderabad",Rajasthan Royals,Sunrisers Hyderabad,Sunrisers Hyderabad,field,Rajasthan Royals,Sunrisers Hyderabad,Rajasthan Royals,runs,72.0,203,5,131,8,85,1
1359479,2023,Bengaluru,"M Chinnaswamy Stadium, Bengaluru",Mumbai Indians,Royal Challengers Bangalore,Royal Challengers Bangalore,field,Mumbai Indians,Royal Challengers Bangalore,Royal Challengers Bangalore,wickets,8.0,171,7,172,2,29,3
1359480,2023,Chennai,"MA Chidambaram Stadium, Chepauk, Chennai",Chennai Super Kings,Lucknow Super Giants,Lucknow Super Giants,field,Chennai Super Kings,Lucknow Super Giants,Chennai Super Kings,runs,12.0,217,7,205,7,79,0
1359481,2023,Delhi,"Arun Jaitley Stadium, Delhi",Delhi Capitals,Gujarat Titans,Gujarat Titans,field,Delhi Capitals,Gujarat Titans,Gujarat Titans,wickets,6.0,162,8,163,4,52,2
1359482,2023,Guwahati,"Barsapara Cricket Stadium, Guwahati",Punjab Kings,Rajasthan Royals,Rajasthan Royals,field,Punjab Kings,Rajasthan Royals,Punjab Kings,runs,5.0,197,4,192,7,63,0
1359483,2023,Kolkata,"Eden Gardens, Kolkata",Kolkata Knight Riders,Royal Challengers Bangalore,Royal Challengers Bangalore,field,Kolkata Knight Riders,Royal Challengers Bangalore,Kolkata Knight Riders,runs,81.0,204,7,123,10,47,2
1359484,2023,Lucknow,"Bharat Ratna Shri Atal Bihari Vajpayee Ekana Cricket Stadium, Lucknow",Sunrisers Hyderabad,Lucknow Super Giants,Sunrisers Hyderabad,bat,Sunrisers Hyderabad,Lucknow Super Giants,Lucknow Super Giants,wickets,5.0,121,8,127,5,43,1
1359485,2023,Guwahati,"Barsapara Cricket Stadium, Guwahati",Rajasthan Royals,Delhi Capitals,Delhi Capitals,field,Rajasthan Royals,Delhi Capitals,Rajasthan Royals,runs,57.0,199,4,142,9,68,0
1359486,2023,Mumbai,"Wankhede Stadium, Mumbai",Mumbai Indians,Chennai Super Kings,Chennai Super Kings,field,Mumbai Indians,Chennai Super Kings,Chennai Super Kings,wickets,7.0,157,8,159,3,61,1
1359487,2023,Ahmedabad,"Narendra Modi Stadium, Ahmedabad",Gujarat Titans,Kolkata Knight Riders,Gujarat Titans,bat,Gujarat Titans,Kolkata Knight Riders,Kolkata Knight Riders,wickets,3.0,204,4,207,7,54,1
1359488,2023,Hyderabad,"Rajiv Gandhi International Stadium, Uppal, Hyderabad",Punjab Kings,Sunrisers Hyderabad,Sunrisers Hyderabad,field,Punjab Kings,Sunrisers Hyderabad,Sunrisers Hyderabad,wickets,8.0,143,9,145,2,41,3
1359489,2023,Bengaluru,"M Chinnaswamy Stadium, Bengaluru",Royal Challengers Bangalore,Lucknow Super Giants,Lucknow Super Giants,field,Royal Challengers Bangalore,Lucknow Super Giants,Lucknow Super Giants,wickets,1.0,212,2,213,9,56,0
1359490,2023,Delhi,"Arun Jaitley Stadium, Delhi",Delhi Capitals,Mumbai Indians,Mumbai Indians,field,Delhi Capitals,Mumbai Indians,Mumbai Indians,wickets,6.0,172,10,173,4,51,1
1359491,2023,Chennai,"MA Chidambaram Stadium, Chepauk, Chennai",Rajasthan Royals,Chennai Super Kings,Chennai Super Kings,field,Rajasthan Royals,Chennai Super Kings,Rajasthan Royals,runs,3.0,175,8,172,6,57,1
1359492,2023,Chandigarh,"Punjab Cricket Association IS Bindra Stadium, Mohali, Chandigarh",Punjab Kings,Gujarat Titans,Gujarat Titans,field,Punjab Kings,Gujarat Titans,Gujarat Titans,wickets,6.0,153,8,154,4,52,2
1359493,2023,Kolkata,"Eden Gardens, Kolkata",Sunrisers Hyderabad,Kolkata Knight Riders,Kolkata Knight Riders,field,Sunrisers Hyderabad,Kolkata Knight Riders,Sunrisers Hyderabad,runs,23.0,228,4,205,7,65,2
1359494,2023,Bengaluru,"M Chinnaswamy Stadium, Bengaluru",Royal Challengers Bangalore,Delhi Capitals,Delhi Capitals,field,Royal Challengers Bangalore,Delhi Capitals,Royal Challengers Bangalore,runs,23.0,174,6,151,9,47,1
1359495,2023,Lucknow,"Bharat Ratna Shri Atal Bihari Vajpayee Ekana Cricket Stadium, Lucknow",Lucknow Super Giants,Punjab Kings,Punjab Kings,field,Lucknow Super Giants,Punjab Kings,Punjab Kings,wickets,2.0,159,8,161,8,49,0
1359496,2023,Mumbai,"Wankhede Stadium, Mumbai",Kolkata Knight Riders,Mumbai Indians,Mumbai Indians,field,Kolkata Knight Riders,Mumbai Indians,Mumbai Indians,wickets,5.0,185,6,186,5,57,2
1359497,2023,Ahmedabad,"Narendra Modi Stadium, Ahmedabad",Gujarat Titans,Rajasthan Royals,Rajasthan Royals,field,Gujarat Titans,Rajasthan Royals,Rajasthan Royals,wickets,3.0,177,7,179,7,42,2
1359498,2023,Bengaluru,"M Chinnaswamy Stadium, Bengaluru",Chennai Super Kings,Royal Challengers Bangalore,Royal Challengers Bangalore,field,Chennai Super Kings,Royal Challengers Bangalore,Chennai Super Kings,runs,8.0,226,6,218,8,53,1
1359499,2023,Hyderabad,"Rajiv Gandhi International Stadium, Uppal, Hyderabad",Mumbai Indians,Sunrisers Hyderabad,Sunrisers Hyderabad,field,Mumbai Indians,Sunrisers Hyderabad,Mumbai Indians,runs,14.0,192,5,178,10,53,1
1359500,2023,Jaipur,"Sawai Mansingh Stadium, Jaipur",Lucknow Super Giants,Rajasthan Royals,Rajasthan Royals,field,Lucknow Super Giants,Rajasthan Royals,Lucknow Super Giants,runs,10.0,154,7,144,6,37,0
1359501,2023,Chandigarh,"Punjab Cricket Association IS Bindra Stadium, Mohali, Chandigarh",Royal Challengers Bangalore,Punjab Kings,Punjab Kings,field,Royal Challengers Bangalore,Punjab Kings,Royal Challengers Bangalore,runs,24.0,174,4,150,10,59,0
1359502,2023,Delhi,"Arun Jaitley Stadium, Delhi",Kolkata Knight Riders,Delhi Capitals,Delhi Capitals,field,Kolkata Knight Riders,Delhi Capitals,Delhi Capitals,wickets,4.0,127,10,128,6,35,3
1359503,2023,Chennai,"MA Chidambaram Stadium, Chepauk, Chennai",Sunrisers Hyderabad,Chennai Super Kings,Chennai Super Kings,field,Sunrisers Hyderabad,Chennai Super Kings,Chennai Super Kings,wickets,7.0,134,7,138,3,45,1
1359504,2023,Lucknow,"Bharat Ratna Shri Atal Bihari Vajpayee Ekana Cricket Stadium, Lucknow",Gujarat Titans,Lucknow Super Giants,Gujarat Titans,bat,Gujarat Titans,Lucknow Super Giants,Gujarat Titans,runs,7.0,135,6,128,7,40,1
1359505,2023,Mumbai,"Wankhede Stadium, Mumbai",Punjab Kings,Mumbai Indians,Mumbai Indians,field,Punjab Kings,Mumbai Indians,Punjab Kings,runs,13.0,214,8,201,6,58,1
1359506,2023,Bengaluru,"M Chinnaswamy Stadium, Bengaluru",Royal Challengers Bangalore,Rajasthan Royals,Rajasthan Royals,field,Royal Challengers Bangalore,Rajasthan Royals,Royal Challengers Bangalore,runs,7.0,189,9,182,6,62,2
1359507,2023,Kolkata,"Eden Gardens, Kolkata",Chennai Super Kings,Kolkata Knight Riders,Kolkata Knight Riders,field,Chennai Super Kings,Kolkata Knight Riders,Chennai Super Kings,runs,49.0,235,4,186,8,59,0
1359508,2023,Hyderabad,"Rajiv Gandhi International Stadium, Uppal, Hyderabad",Delhi Capitals,Sunrisers Hyderabad,Delhi Capitals,bat,Delhi Capitals,Sunrisers Hyderabad,Delhi Capitals,runs,7.0,144,9,137,6,49,2
1359509,2023,Ahmedabad,"Narendra Modi Stadium, Ahmedabad",Gujarat Titans,Mumbai Indians,Mumbai Indians,field,Gujarat Titans,Mumbai Indians,Gujarat Titans,runs,55.0,207,6,152,9,50,1
1359510,2023,Bengaluru,"M Chinnaswamy Stadium, Bengaluru",Kolkata Knight Riders,Royal Challengers Bangalore,Royal Challengers Bangalore,field,Kolkata Knight Riders,Royal Challengers Bangalore,Kolkata Knight Riders,runs,21.0,200,5,179,8,66,0
1359511,2023,Jaipur,"Sawai Mansingh Stadium, Jaipur",Rajasthan Royals,Chennai Super Kings,Rajasthan Royals,bat,Rajasthan Royals,Chennai Super Kings,Rajasthan Royals,runs,32.0,202,5,170,6,64,0
1359512,2023,Chandigarh,"Punjab Cricket Association IS Bindra Stadium, Mohali, Chandigarh",Lucknow Super Giants,Punjab Kings,Punjab Kings,field,Lucknow Super Giants,Punjab Kings,Lucknow Super Giants,runs,56.0,257,5,201,10,74,2
1359513,2023,Kolkata,"Eden Gardens, Kolkata",Kolkata Knight Riders,Gujarat Titans,Gujarat Titans,field,Kolkata Knight Riders,Gujarat Titans,Gujarat Titans,wickets,7.0,179,7,180,3,61,2
1359514,2023,Delhi,"Arun Jaitley Stadium, Delhi",Sunrisers Hyderabad,Delhi Capitals,Sunrisers Hyderabad,bat,Sunrisers Hyderabad,Delhi Capitals,Sunrisers Hyderabad,runs,9.0,197,6,188,6,62,2
1359515,2023,Chennai,"MA Chidambaram Stadium, Chepauk, Chennai",Chennai Super Kings,Punjab Kings,Chennai Super Kings,bat,Chennai Super Kings,Punjab Kings,Punjab Kings,wickets,4.0,200,4,201,6,57,0
1359516,2023,Mumbai,"Wankhede Stadium, Mumbai",Rajasthan Royals,Mumbai Indians,Rajasthan Royals,bat,Rajasthan Royals,Mumbai Indians,Mumbai Indians,wickets,6.0,212,7,214,4,65,0
1359517,2023,Lucknow,"Bharat Ratna Shri Atal Bihari Vajpayee Ekana Cricket Stadium, Lucknow",Royal Challengers Bangalore,Lucknow Super Giants,Royal Challengers Bangalore,bat,Royal Challengers Bangalore,Lucknow Super Giants,Royal Challengers Bangalore,runs,18.0,126,9,108,10,42,0
1359518,2023,Ahmedabad,"Narendra Modi Stadium, Ahmedabad",Delhi Capitals,Gujarat Titans,Delhi Capitals,bat,Delhi Capitals,Gujarat Titans,Delhi Capitals,runs,5.0,130,8,125,6,28,5
1359519,2023,Lucknow,"Bharat Ratna Shri Atal Bihari Vajpayee Ekana Cricket Stadium, Lucknow",Lucknow Super Giants,Chennai Super Kings,Chennai Super Kings,field,Lucknow Super Giants,Chennai Super Kings,,,,125,7,0,0,31,3
1359520,2023,Chandigarh,"Punjab Cricket Association IS Bindra Stadium, Mohali, Chandigarh",Punjab Kings,Mumbai Indians,Mumbai Indians,field,Punjab Kings,Mumbai Indians,Mumbai Indians,wickets,6.0,214,3,216,4,50,1
1359521,2023,Hyderabad,"Rajiv Gandhi International Stadium, Uppal, Hyderabad",Kolkata Knight Riders,Sunrisers Hyderabad,Kolkata Knight Riders,bat,Kolkata Knight Riders,Sunrisers Hyderabad,Kolkata Knight Riders,runs,5.0,171,9,166,8,49,3
1359522,2023,Jaipur,"Sawai Mansingh Stadium, Jaipur",Rajasthan Royals,Gujarat Titans,Rajasthan Royals,bat,Rajasthan Royals,Gujarat Titans,Gujarat Titans,wickets,9.0,118,10,119,1,50,2
1359523,2023,Chennai,"MA Chidambaram Stadium, Chepauk, Chennai",Mumbai Indians,Chennai Super Kings,Chennai Super Kings,field,Mumbai Indians,Chennai Super Kings,Chennai Super Kings,wickets,6.0,139,8,140,4,34,3
1359524,2023,Delhi,"Arun Jaitley Stadium, Delhi",Royal Challengers Bangalore,Delhi Capitals,Royal Challengers Bangalore,bat,Royal Challengers Bangalore,Delhi Capitals,Delhi Capitals,wickets,7.0,181,4,187,3,51,0
1359525,2023,Ahmedabad,"Narendra Modi Stadium, Ahmedabad",Gujarat Titans,Lucknow Super Giants,Lucknow Super Giants,field,Gujarat Titans,Lucknow Super Giants,Gujarat Titans,runs,56.0,227,2,171,7,78,0
1359526,2023,Jaipur,"Sawai Mansingh Stadium, Jaipur",Rajasthan Royals,Sunrisers Hyderabad,Rajasthan Royals,bat,Rajasthan Royals,Sunrisers Hyderabad,Sunrisers Hyderabad,wickets,4.0,214,2,217,6,61,1
1359527,2023,Kolkata,"Eden Gardens, Kolkata",Punjab Kings,Kolkata Knight Riders,Punjab Kings,bat,Punjab Kings,Kolkata Knight Riders,Kolkata Knight Riders,wickets,5.0,179,7,182,5,58,3
1359528,2023,Mumbai,"Wankhede Stadium, Mumbai",Royal Challengers Bangalore,Mumbai Indians,Mumbai Indians,field,Royal Challengers Bangalore,Mumbai Indians,Mumbai Indians,wickets,6.0,199,6,200,4,56,2
1359529,2023,Chennai,"MA Chidambaram Stadium, Chepauk, Chennai",Chennai Super Kings,Delhi Capitals,Chennai Super Kings,bat,Chennai Super Kings,Delhi Capitals,Chennai Super Kings,runs,27.0,167,8,140,8,49,1
1359530,2023,Kolkata,"Eden Gardens, Kolkata",Kolkata Knight Riders,Rajasthan Royals,Rajasthan Royals,field,Kolkata Knight Riders,Rajasthan Royals,Rajasthan Royals,wickets,9.0,149,8,151,1,37,2
1359531,2023,Mumbai,"Wankhede Stadium, Mumbai",Mumbai Indians,Gujarat Titans,Gujarat Titans,field,Mumbai Indians,Gujarat Titans,Mumbai Indians,runs,27.0,218,5,191,8,61,0
1359532,2023,Hyderabad,"Rajiv Gandhi International Stadium, Uppal, Hyderabad",Sunrisers Hyderabad,Lucknow Super Giants,Sunrisers Hyderabad,bat,Sunrisers Hyderabad,Lucknow Super Giants,Lucknow Super Giants,wickets,7.0,182,6,185,3,56,2
1359533,2023,Delhi,"Arun Jaitley Stadium, Delhi",Punjab Kings,Delhi Capitals,Delhi Capitals,field,Punjab Kings,Delhi Capitals,Punjab Kings,runs,31.0,167,7,136,8,46,3
1359534,2023,Jaipur,"Sawai Mansingh Stadium, Jaipur",Royal Challengers Bangalore,Rajasthan Royals,Royal Challengers Bangalore,bat,Royal Challengers Bangalore,Rajasthan Royals,Royal Challengers Bangalore,runs,112.0,171,5,59,10,42,0
1359535,2023,Chennai,"MA Chidambaram Stadium, Chepauk, Chennai",Chennai Super Kings,Kolkata Knight Riders,Chennai Super Kings,bat,Chennai Super Kings,Kolkata Knight Riders,Kolkata Knight Riders,wickets,6.0,144,6,147,4,52,1
1359536,2023,Ahmedabad,"Narendra Modi Stadium, Ahmedabad",Gujarat Titans,Sunrisers Hyderabad,Sunrisers Hyderabad,field,Gujarat Titans,Sunrisers Hyderabad,Gujarat Titans,runs,34.0,188,9,154,9,65,1
1359537,2023,Lucknow,"Bharat Ratna Shri Atal Bihari Vajpayee Ekana Cricket Stadium, Lucknow",Lucknow Super Giants,Mumbai Indians,Mumbai Indians,field,Lucknow Super Giants,Mumbai Indians,Lucknow Super Giants,runs,5.0,177,3,172,5,35,2
1359538,2023,Dharamsala,"Himachal Pradesh Cricket Association Stadium, Dharamsala",Delhi Capitals,Punjab Kings,Punjab Kings,field,Delhi Capitals,Punjab Kings,Delhi Capitals,runs,15.0,213,2,198,8,61,0
1359539,2023,Hyderabad,"Rajiv Gandhi International Stadium, Uppal, Hyderabad",Sunrisers Hyderabad,Royal Challengers Bangalore,Royal Challengers Bangalore,field,Sunrisers Hyderabad,Royal Challengers Bangalore,Royal Challengers Bangalore,wickets,8.0,186,5,187,2,49,2
1359540,2023,Dharamsala,"Himachal Pradesh Cricket Association Stadium, Dharamsala",Punjab Kings,Rajasthan Royals,Rajasthan Royals,field,Punjab Kings,Rajasthan Royals,Rajasthan Royals,wickets,4.0,187,5,189,6,48,3
1359541,2023,Delhi,"Arun Jaitley Stadium, Delhi",Chennai Super Kings,Delhi Capitals,Chennai Super Kings,bat,Chennai Super Kings,Delhi Capitals,Chennai Super Kings,runs,77.0,223,3,146,9,52,0
1359542,2023,Kolkata,"Eden Gardens, Kolkata",Lucknow Super Giants,Kolkata Knight Riders,Kolkata Knight Riders,field,Lucknow Super Giants,Kolkata Knight Riders,Lucknow Super Giants,runs,1.0,176,8,175,7,54,1
1359543,2023,Mumbai,"Wankhede Stadium, Mumbai",Sunrisers Hyderabad,Mumbai Indians,Mumbai Indians,field,Sunrisers Hyderabad,Mumbai Indians,Mumbai Indians,wickets,8.0,200,5,201,2,53,0
1359544,2023,Bengaluru,"M Chinnaswamy Stadium, Bengaluru",Royal Challengers Bangalore,Gujarat Titans,Gujarat Titans,field,Royal Challengers Bangalore,Gujarat Titans,Gujarat Titans,wickets,6.0,197,5,198,4,62,0
1370350,2023,Chennai,"MA Chidambaram Stadium, Chepauk, Chennai",Chennai Super Kings,Gujarat Titans,Gujarat Titans,field,Chennai Super Kings,Gujarat Titans,Chennai Super Kings,runs,15.0,172,7,157,10,49,0
1370351,2023,Chennai,"MA Chidambaram Stadium, Chepauk, Chennai",Mumbai Indians,Lucknow Super Giants,Mumbai Indians,bat,Mumbai Indians,Lucknow Super Giants,Mumbai Indians,runs,81.0,182,8,101,10,62,2
1370352,2023,Ahmedabad,"Narendra Modi Stadium, Ahmedabad",Gujarat Titans,Mumbai Indians,Mumbai Indians,field,Gujarat Titans,Mumbai Indians,Gujarat Titans,runs,62.0,233,3,171,10,50,0
1370353,2023,Ahmedabad,"Narendra Modi Stadium, Ahmedabad",Gujarat Titans,Chennai Super Kings,Chennai Super Kings,field,Gujarat Titans,Chennai Super Kings,Chennai Super Kings,wickets,5.0,214,4,171,5,62,0
1422119,2024,Chennai,"MA Chidambaram Stadium, Chepauk, Chennai",Royal Challengers Bengaluru,Chennai Super Kings,Royal Challengers Bengaluru,bat,Royal Challengers Bengaluru,Chennai Super Kings,Chennai Super Kings,wickets,6.0,173,6,176,4,42,3
1422120,2024,Mohali,"Maharaja Yadavindra Singh International Cricket Stadium, Mullanpur",Delhi Capitals,Punjab Kings,Punjab Kings,field,Delhi Capitals,Punjab Kings,Punjab Kings,wickets,4.0,174,9,177,6,54,1
1422121,2024,Kolkata,"Eden Gardens, Kolkata",Kolkata Knight Riders,Sunrisers Hyderabad,Sunrisers Hyderabad,field,Kolkata Knight Riders,Sunrisers Hyderabad,Kolkata Knight Riders,runs,4.0,208,7,204,7,43,3
1422122,2024,Jaipur,"Sawai Mansingh Stadium, Jaipur",Rajasthan Royals,Lucknow Super Giants,Rajasthan Royals,bat,Rajasthan Royals,Lucknow Super Giants,Rajasthan Royals,runs,20.0,193,4,173,6,54,2
1422123,2024,Ahmedabad,"Narendra Modi Stadium, Ahmedabad",Gujarat Titans,Mumbai Indians,Mumbai Indians,field,Gujarat Titans,Mumbai Indians,Gujarat Titans,runs,6.0,168,6,162,9,47,1
1422124,2024,Bengaluru,"M Chinnaswamy Stadium, Bengaluru",Punjab Kings,Royal Challengers Bengaluru,Royal Challengers Bengaluru,field,Punjab Kings,Royal Challengers Bengaluru,Royal Challengers Bengaluru,wickets,4.0,176,6,178,6,40,1
1422125,2024,Chennai,"MA Chidambaram Stadium, Chepauk, Chennai",Chennai Super Kings,Gujarat Titans,Gujarat Titans,field,Chennai Super Kings,Gujarat Titans,Chennai Super Kings,runs,63.0,206,6,143,8,69,1
1422126,2024,Hyderabad,"Rajiv Gandhi International Stadium, Uppal, Hyderabad",Sunrisers Hyderabad,Mumbai Indians,Mumbai Indians,field,Sunrisers Hyderabad,Mumbai Indians,Sunrisers Hyderabad,runs,31.0,277,3,246,5,81,1
1422127,2024,Jaipur,"Sawai Mansingh Stadium, Jaipur",Rajasthan Royals,Delhi Capitals,Delhi Capitals,field,Rajasthan Royals,Delhi Capitals,Rajasthan Royals,runs,12.0,185,5,173,5,31,2
1422128,2024,Bengaluru,"M Chinnaswamy Stadium, Bengaluru",Royal Challengers Bengaluru,Kolkata Knight Riders,Kolkata Knight Riders,field,Royal Challengers Bengaluru,Kolkata Knight Riders,Kolkata Knight Riders,wickets,7.0,182,6,186,3,61,1
1422129,2024,Lucknow,"Bharat Ratna Shri Atal Bihari Vajpayee Ekana Cricket Stadium, Lucknow",Lucknow Super Giants,Punjab Kings,Lucknow Super Giants,bat,Lucknow Super Giants,Punjab Kings,Lucknow Super Giants,runs,21.0,199,8,178,5,54,2
1422130,2024,Ahmedabad,"Narendra Modi Stadium, Ahmedabad",Sunrisers Hyderabad,Gujarat Titans,Sunrisers Hyderabad,bat,Sunrisers Hyderabad,Gujarat Titans,Gujarat Titans,wickets,7.0,162,8,168,3,56,1
1422131,2024,Visakhapatnam,"Dr. Y.S. Rajasekhara Reddy ACA-VDCA Cricket Stadium, Visakhapatnam",Delhi Capitals,Chennai Super Kings,Delhi Capitals,bat,Delhi Capitals,Chennai Super Kings,Delhi Capitals,runs,20.0,191,5,171,6,62,0
1422132,2024,Mumbai,"Wankhede Stadium, Mumbai",Mumbai Indians,Rajasthan Royals,Rajasthan Royals,field,Mumbai Indians,Rajasthan Royals,Rajasthan Royals,wickets,6.0,125,9,127,4,46,4
1422133,2024,Bengaluru,"M Chinnaswamy Stadium, Bengaluru",Lucknow Super Giants,Royal Challengers Bengaluru,Royal Challengers Bengaluru,field,Lucknow Super Giants,Royal Challengers Bengaluru,Lucknow Super Giants,runs,28.0,181,5,153,10,54,1
1422134,2024,Visakhapatnam,"Dr. Y.S. Rajasekhara Reddy ACA-VDCA Cricket Stadium, Visakhapatnam",Kolkata Knight Riders,Delhi Capitals,Kolkata Knight Riders,bat,Kolkata Knight Riders,Delhi Capitals,Kolkata Knight Riders,runs,106.0,272,7,166,10,88,1
1422135,2024,Ahmedabad,"Narendra Modi Stadium, Ahmedabad",Gujarat Titans,Punjab Kings,Punjab Kings,field,Gujarat Titans,Punjab Kings,Punjab Kings,wickets,3.0,199,4,200,7,52,1
1422136,2024,Hyderabad,"Rajiv Gandhi International Stadium, Uppal, Hyderabad",Chennai Super Kings,Sunrisers Hyderabad,Sunrisers Hyderabad,field,Chennai Super Kings,Sunrisers Hyderabad,Sunrisers Hyderabad,wickets,6.0,165,5,166,4,48,1
1422137,2024,Jaipur,"Sawai Mansingh Stadium, Jaipur",Royal Challengers Bengaluru,Rajasthan Royals,Rajasthan Royals,field,Royal Challengers Bengaluru,Rajasthan Royals,Rajasthan Royals,wickets,6.0,183,3,189,4,53,0
1422138,2024,Mumbai,"Wankhede Stadium, Mumbai",Mumbai Indians,Delhi Capitals,Delhi Capitals,field,Mumbai Indians,Delhi Capitals,Mumbai Indians,runs,29.0,234,5,205,8,75,0
1422139,2024,Lucknow,"Bharat Ratna Shri Atal Bihari Vajpayee Ekana Cricket Stadium, Lucknow",Lucknow Super Giants,Gujarat Titans,Lucknow Super Giants,bat,Lucknow Super Giants,Gujarat Titans,Lucknow Super Giants,runs,33.0,163,5,130,10,47,2
1426260,2024,Chennai,"MA Chidambaram Stadium, Chepauk, Chennai",Kolkata Knight Riders,Chennai Super Kings,Chennai Super Kings,field,Kolkata Knight Riders,Chennai Super Kings,Chennai Super Kings,wickets,7.0,137,9,141,3,56,1
1426261,2024,Mohali,"Maharaja Yadavindra Singh International Cricket Stadium, Mullanpur",Sunrisers Hyderabad,Punjab Kings,Punjab Kings,field,Sunrisers Hyderabad,Punjab Kings,Sunrisers Hyderabad,runs,2.0,182,9,180,6,40,3
1426262,2024,Jaipur,"Sawai Mansingh Stadium, Jaipur",Rajasthan Royals,Gujarat Titans,Gujarat Titans,field,Rajasthan Royals,Gujarat Titans,Gujarat Titans,wickets,3.0,196,3,199,7,43,2
1426263,2024,Mumbai,"Wankhede Stadium, Mumbai",Royal Challengers Bengaluru,Mumbai Indians,Mumbai Indians,field,Royal Challengers Bengaluru,Mumbai Indians,Mumbai Indians,wickets,7.0,196,8,199,3,44,2
1426264,2024,Lucknow,"Bharat Ratna Shri Atal Bihari Vajpayee Ekana Cricket Stadium, Lucknow",Lucknow Super Giants,Delhi Capitals,Lucknow Super Giants,bat,Lucknow Super Giants,Delhi Capitals,Delhi Capitals,wickets,6.0,167,7,170,4,57,2
1426265,2024,Mohali,"Maharaja Yadavindra Singh International Cricket Stadium, Mullanpur",Punjab Kings,Rajasthan Royals,Rajasthan Royals,field,Punjab Kings,Rajasthan Royals,Rajasthan Royals,wickets,3.0,147,8,152,7,38,1
1426266,2024,Kolkata,"Eden Gardens, Kolkata",Lucknow Super Giants,Kolkata Knight Riders,Kolkata Knight Riders,field,Lucknow Super Giants,Kolkata Knight Riders,Kolkata Knight Riders,wickets,8.0,161,7,162,2,49,2
1426267,2024,Mumbai,"Wankhede Stadium, Mumbai",Chennai Super Kings,Mumbai Indians,Mumbai Indians,field,Chennai Super Kings,Mumbai Indians,Chennai Super Kings,runs,20.0,206,4,186,6,48,1
1426268,2024,Bengaluru,"M Chinnaswamy Stadium, Bengaluru",Sunrisers Hyderabad,Royal Challengers Bengaluru,Royal Challengers Bengaluru,field,Sunrisers Hyderabad,Royal Challengers Bengaluru,Sunrisers Hyderabad,runs,25.0,287,3,262,7,76,0
1426269,2024,Kolkata,"Eden Gardens, Kolkata",Kolkata Knight Riders,Rajasthan Royals,Rajasthan Royals,field,Kolkata Knight Riders,Rajasthan Royals,Rajasthan Royals,wickets,2.0,223,6,224,8,56,1
1426270,2024,Ahmedabad,"Narendra Modi Stadium, Ahmedabad",Gujarat Titans,Delhi Capitals,Delhi Capitals,field,Gujarat Titans,Delhi Capitals,Delhi Capitals,wickets,6.0,89,10,92,4,30,4
1426271,2024,Mohali,"Maharaja Yadavindra Singh International Cricket Stadium, Mullanpur",Mumbai Indians,Punjab Kings,Punjab Kings,field,Mumbai Indians,Punjab Kings,Mumbai Indians,runs,9.0,192,7,183,10,54,1
1426272,2024,Lucknow,"Bharat Ratna Shri Atal Bihari Vajpayee Ekana Cricket Stadium, Lucknow",Chennai Super Kings,Lucknow Super Giants,Lucknow Super Giants,field,Chennai Super Kings,Lucknow Super Giants,Lucknow Super Giants,wickets,8.0,176,6,180,2,51,2
1426273,2024,Delhi,"Arun Jaitley Stadium, Delhi",Sunrisers Hyderabad,Delhi Capitals,Delhi Capitals,field,Sunrisers Hyderabad,Delhi Capitals,Sunrisers Hyderabad,runs,67.0,266,7,199,10,125,0
1426274,2024,Kolkata,"Eden Gardens, Kolkata",Kolkata Knight Riders,Royal Challengers Bengaluru,Royal Challengers Bengaluru,field,Kolkata Knight Riders,Royal Challengers Bengaluru,Kolkata Knight Riders,runs,1.0,222,6,221,10,75,3
1426275,2024,Mohali,"Maharaja Yadavindra Singh International Cricket Stadium, Mullanpur",Punjab Kings,Gujarat Titans,Punjab Kings,bat,Punjab Kings,Gujarat Titans,Gujarat Titans,wickets,3.0,142,10,146,7,56,1
1426276,2024,Jaipur,"Sawai Mansingh Stadium, Jaipur",Mumbai Indians,Rajasthan Royals,Mumbai Indians,bat,Mumbai Indians,Rajasthan Royals,Rajasthan Royals,wickets,9.0,179,9,183,1,45,3
1426277,2024,Chennai,"MA Chidambaram Stadium, Chepauk, Chennai",Chennai Super Kings,Lucknow Super Giants,Lucknow Super Giants,field,Chennai Super Kings,Lucknow Super Giants,Lucknow Super Giants,wickets,6.0,210,4,213,4,49,2
1426278,2024,Delhi,"Arun Jaitley Stadium, Delhi",Delhi Capitals,Gujarat Titans,Gujarat Titans,field,Delhi Capitals,Gujarat Titans,Delhi Capitals,runs,4.0,224,4,220,8,44,3
1426279,2024,Hyderabad,"Rajiv Gandhi International Stadium, Uppal, Hyderabad",Royal Challengers Bengaluru,Sunrisers Hyderabad,Royal Challengers Bengaluru,bat,Royal Challengers Bengaluru,Sunrisers Hyderabad,Royal Challengers Bengaluru,runs,35.0,206,7,171,8,61,1
1426280,2024,Kolkata,"Eden Gardens, Kolkata",Kolkata Knight Riders,Punjab Kings,Punjab Kings,field,Kolkata Knight Riders,Punjab Kings,Punjab Kings,wickets,8.0,261,6,262,2,76,0
1426281,2024,Delhi,"Arun Jaitley Stadium, Delhi",Delhi Capitals,Mumbai Indians,Mumbai Indians,field,Delhi Capitals,Mumbai Indians,Delhi Capitals,runs,10.0,257,4,247,9,92,0
1426282,2024,Lucknow,"Bharat Ratna Shri Atal Bihari Vajpayee Ekana Cricket Stadium, Lucknow",Lucknow Super Giants,Rajasthan Royals,Rajasthan Royals,field,Lucknow Super Giants,Rajasthan Royals,Rajasthan Royals,wickets,7.0,196,5,199,3,46,2
1426283,2024,Ahmedabad,"Narendra Modi Stadium, Ahmedabad",Gujarat Titans,Royal Challengers Bengaluru,Royal Challengers Bengaluru,field,Gujarat Titans,Royal Challengers Bengaluru,Royal Challengers Bengaluru,wickets,9.0,200,3,206,1,42,1
1426284,2024,Chennai,"MA Chidambaram Stadium, Chepauk, Chennai",Chennai Super Kings,Sunrisers Hyderabad,Sunrisers Hyderabad,field,Chennai Super Kings,Sunrisers Hyderabad,Chennai Super Kings,runs,78.0,212,3,134,10,50,1
1426285,2024,Kolkata,"Eden Gardens, Kolkata",Delhi Capitals,Kolkata Knight Riders,Delhi Capitals,bat,Delhi Capitals,Kolkata Knight Riders,Kolkata Knight Riders,wickets,7.0,153,9,157,3,67,3
1426286,2024,Lucknow,"Bharat Ratna Shri Atal Bihari Vajpayee Ekana Cricket Stadium, Lucknow",Mumbai Indians,Lucknow Super Giants,Lucknow Super Giants,field,Mumbai Indians,Lucknow Super Giants,Lucknow Super Giants,wickets,4.0,144,7,145,6,28,4
1426287,2024,Chennai,"MA Chidambaram Stadium, Chepauk, Chennai",Chennai Super Kings,Punjab Kings,Punjab Kings,field,Chennai Super Kings,Punjab Kings,Punjab Kings,wickets,7.0,162,7,163,3,55,0
1426288,2024,Hyderabad,"Rajiv Gandhi International Stadium, Uppal, Hyderabad",Sunrisers Hyderabad,Rajasthan Royals,Sunrisers Hyderabad,bat,Sunrisers Hyderabad,Rajasthan Royals,Sunrisers Hyderabad,runs,1.0,201,3,200,7,37,2
1426289,2024,Mumbai,"Wankhede Stadium, Mumbai",Kolkata Knight Riders,Mumbai Indians,Mumbai Indians,field,Kolkata Knight Riders,Mumbai Indians,Kolkata Knight Riders,runs,24.0,169,10,145,10,57,4
1426290,2024,Bengaluru,"M Chinnaswamy Stadium, Bengaluru",Gujarat Titans,Royal Challengers Bengaluru,Royal Challengers Bengaluru,field,Gujarat Titans,Royal Challengers Bengaluru,Royal Challengers Bengaluru,wickets,4.0,147,10,152,6,23,3
1426291,2024,Dharamsala,"Himachal Pradesh Cricket Association Stadium, Dharamsala",Chennai Super Kings,Punjab Kings,Punjab Kings,field,Chennai Super Kings,Punjab Kings,Chennai Super Kings,runs,28.0,167,9,139,9,60,1
1426292,2024,Lucknow,"Bharat Ratna Shri Atal Bihari Vajpayee Ekana Cricket Stadium, Lucknow",Kolkata Knight Riders,Lucknow Super Giants,Lucknow Super Giants,field,Kolkata Knight Riders,Lucknow Super Giants,Kolkata Knight Riders,runs,98.0,235,6,137,10,70,1
1426293,2024,Mumbai,"Wankhede Stadium, Mumbai",Sunrisers Hyderabad,Mumbai Indians,Mumbai Indians,field,Sunrisers Hyderabad,Mumbai Indians,Mumbai Indians,wickets,7.0,173,8,174,3,56,1
1426294,2024,Delhi,"Arun Jaitley Stadium, Delhi",Delhi Capitals,Rajasthan Royals,Rajasthan Royals,field,Delhi Capitals,Rajasthan Royals,Delhi Capitals,runs,20.0,221,8,201,8,78,2
1426295,2024,Hyderabad,"Rajiv Gandhi International Stadium, Uppal, Hyderabad",Lucknow Super Giants,Sunrisers Hyderabad,Lucknow Super Giants,bat,Lucknow Super Giants,Sunrisers Hyderabad,Sunrisers Hyderabad,wickets,10.0,165,4,167,0,27,2
1426296,2024,Dharamsala,"Himachal Pradesh Cricket Association Stadium, Dharamsala",Royal Challengers Bengaluru,Punjab Kings,Punjab Kings,field,Royal Challengers Bengaluru,Punjab Kings,Royal Challengers Bengaluru,runs,60.0,241,7,181,10,56,2
1426297,2024,Ahmedabad,"Narendra Modi Stadium, Ahmedabad",Gujarat Titans,Chennai Super Kings,Chennai Super Kings,field,Gujarat Titans,Chennai Super Kings,Gujarat Titans,runs,35.0,231,3,196,8,58,0
1426298,2024,Kolkata,"Eden Gardens, Kolkata",Kolkata Knight Riders,Mumbai Indians,Mumbai Indians,field,Kolkata Knight Riders,Mumbai Indians,Kolkata Knight Riders,runs,18.0,157,7,139,8,52,3
1426299,2024,Chennai,"MA Chidambaram Stadium, Chepauk, Chennai",Rajasthan Royals,Chennai Super Kings,Rajasthan Royals,bat,Rajasthan Royals,Chennai Super Kings,Chennai Super Kings,wickets,5.0,141,5,145,5,42,0
1426300,2024,Bengaluru,"M Chinnaswamy Stadium, Bengaluru",Royal Challengers Bengaluru,Delhi Capitals,Delhi Capitals,field,Royal Challengers Bengaluru,Delhi Capitals,Royal Challengers Bengaluru,runs,47.0,187,9,140,10,61,2
1426302,2024,Delhi,"Arun Jaitley Stadium, Delhi",Delhi Capitals,Lucknow Super Giants,Lucknow Super Giants,field,Delhi Capitals,Lucknow Super Giants,Delhi Capitals,runs,19.0,208,4,189,9,73,1
1426303,2024,Guwahati,"Barsapara Cricket Stadium, Guwahati",Rajasthan Royals,Punjab Kings,Rajasthan Royals,bat,Rajasthan Royals,Punjab Kings,Punjab Kings,wickets,5.0,144,9,145,5,38,1
1426305,2024,Mumbai,"Wankhede Stadium, Mumbai",Lucknow Super Giants,Mumbai Indians,Mumbai Indians,field,Lucknow Super Giants,Mumbai Indians,Lucknow Super Giants,runs,18.0,214,6,196,6,49,2
1426306,2024,Bengaluru,"M Chinnaswamy Stadium, Bengaluru",Royal Challengers Bengaluru,Chennai Super Kings,Chennai Super Kings,field,Royal Challengers Bengaluru,Chennai Super Kings,Royal Challengers Bengaluru,runs,27.0,218,5,191,7,42,0
1426307,2024,Hyderabad,"Rajiv Gandhi International Stadium, Uppal, Hyderabad",Punjab Kings,Sunrisers Hyderabad,Punjab Kings,bat,Punjab Kings,Sunrisers Hyderabad,Sunrisers Hyderabad,wickets,4.0,214,5,215,6,61,0
1426309,2024,Ahmedabad,"Narendra Modi Stadium, Ahmedabad",Sunrisers Hyderabad,Kolkata Knight Riders,Sunrisers Hyderabad,bat,Sunrisers Hyderabad,Kolkata Knight Riders,Kolkata Knight Riders,wickets,8.0,159,10,164,2,45,4
1426310,2024,Ahmedabad,"Narendra Modi Stadium, Ahmedabad",Royal Challengers Bengaluru,Rajasthan Royals,Rajasthan Royals,field,Royal Challengers Bengaluru,Rajasthan Royals,Rajasthan Royals,wickets,4.0,172,8,174,6,50,1
1426311,2024,Chennai,"MA Chidambaram Stadium, Chepauk, Chennai",Sunrisers Hyderabad,Rajasthan Royals,Rajasthan Royals,field,Sunrisers Hyderabad,Rajasthan Royals,Sunrisers Hyderabad,runs,36.0,175,9,139,7,68,3
1426312,2024,Chennai,"MA Chidambaram Stadium, Chepauk, Chennai",Sunrisers Hyderabad,Kolkata Knight Riders,Sunrisers Hyderabad,bat,Sunrisers Hyderabad,Kolkata Knight Riders,Kolkata Knight Riders,wickets,8.0,113,10,114,2,40,3
1473438,2025,Kolkata,"Eden Gardens, Kolkata",Kolkata Knight Riders,Royal Challengers Bengaluru,Royal Challengers Bengaluru,field,Kolkata Knight Riders,Royal Challengers Bengaluru,Royal Challengers Bengaluru,wickets,7.0,174,8,177,3,60,1
1473439,2025,Hyderabad,"Rajiv Gandhi International Stadium, Uppal, Hyderabad",Sunrisers Hyderabad,Rajasthan Royals,Rajasthan Royals,field,Sunrisers Hyderabad,Rajasthan Royals,Sunrisers Hyderabad,runs,44.0,286,6,242,6,94,1
1473440,2025,Chennai,"MA Chidambaram Stadium, Chepauk, Chennai",Mumbai Indians,Chennai Super Kings,Chennai Super Kings,field,Mumbai Indians,Chennai Super Kings,Chennai Super Kings,wickets,4.0,155,9,158,6,52,3
1473441,2025,Visakhapatnam,"Dr. Y.S. Rajasekhara Reddy ACA-VDCA Cricket Stadium, Visakhapatnam",Lucknow Super Giants,Delhi Capitals,Delhi Capitals,field,Lucknow Super Giants,Delhi Capitals,Delhi Capitals,wickets,1.0,209,8,211,9,64,1
1473442,2025,Ahmedabad,"Narendra Modi Stadium, Ahmedabad",Punjab Kings,Gujarat Titans,Gujarat Titans,field,Punjab Kings,Gujarat Titans,Punjab Kings,runs,11.0,243,5,232,5,73,1
1473443,2025,Guwahati,"Barsapara Cricket Stadium, Guwahati",Rajasthan Royals,Kolkata Knight Riders,Kolkata Knight Riders,field,Rajasthan Royals,Kolkata Knight Riders,Kolkata Knight Riders,wickets,8.0,151,9,153,2,54,1
1473444,2025,Hyderabad,"Rajiv Gandhi International Stadium, Uppal, Hyderabad",Sunrisers Hyderabad,Lucknow Super Giants,Lucknow Super Giants,field,Sunrisers Hyderabad,Lucknow Super Giants,Lucknow Super Giants,wickets,5.0,190,9,193,5,62,2
1473445,2025,Chennai,"MA Chidambaram Stadium, Chepauk, Chennai",Royal Challengers Bengaluru,Chennai Super Kings,Chennai Super Kings,field,Royal Challengers Bengaluru,Chennai Super Kings,Royal Challengers Bengaluru,runs,50.0,196,7,146,8,56,1
1473446,2025,Ahmedabad,"Narendra Modi Stadium, Ahmedabad",Gujarat Titans,Mumbai Indians,Mumbai Indians,field,Gujarat Titans,Mumbai Indians,Gujarat Titans,runs,36.0,196,8,160,6,66,0
1473447,2025,Visakhapatnam,"Dr. Y.S. Rajasekhara Reddy ACA-VDCA Cricket Stadium, Visakhapatnam",Sunrisers Hyderabad,Delhi Capitals,Sunrisers Hyderabad,bat,Sunrisers Hyderabad,Delhi Capitals,Delhi Capitals,wickets,7.0,163,10,166,3,58,4
1473448,2025,Guwahati,"Barsapara Cricket Stadium, Guwahati",Rajasthan Royals,Chennai Super Kings,Chennai Super Kings,field,Rajasthan Royals,Chennai Super Kings,Rajasthan Royals,runs,6.0,182,9,176,6,79,1
1473449,2025,Mumbai,"Wankhede Stadium, Mumbai",Kolkata Knight Riders,Mumbai Indians,Mumbai Indians,field,Kolkata Knight Riders,Mumbai Indians,Mumbai Indians,wickets,8.0,116,10,121,2,41,4
1473450,2025,Lucknow,"Bharat Ratna Shri Atal Bihari Vajpayee Ekana Cricket Stadium, Lucknow",Lucknow Super Giants,Punjab Kings,Punjab Kings,field,Lucknow Super Giants,Punjab Kings,Punjab Kings,wickets,8.0,171,7,177,2,39,3
1473451,2025,Bengaluru,"M Chinnaswamy Stadium, Bengaluru",Royal Challengers Bengaluru,Gujarat Titans,Gujarat Titans,field,Royal Challengers Bengaluru,Gujarat Titans,Gujarat Titans,wickets,8.0,169,8,170,2,38,3
1473452,2025,Kolkata,"Eden Gardens, Kolkata",Kolkata Knight Riders,Sunrisers Hyderabad,Sunrisers Hyderabad,field,Kolkata Knight Riders,Sunrisers Hyderabad,Kolkata Knight Riders,runs,80.0,200,6,120,10,53,2
1473453,2025,Lucknow,"Bharat Ratna Shri Atal Bihari Vajpayee Ekana Cricket Stadium, Lucknow",Lucknow Super Giants,Mumbai Indians,Mumbai Indians,field,Lucknow Super Giants,Mumbai Indians,Lucknow Super Giants,runs,12.0,203,8,191,5,69,0
1473454,2025,Chennai,"MA Chidambaram Stadium, Chepauk, Chennai",Delhi Capitals,Chennai Super Kings,Delhi Capitals,bat,Delhi Capitals,Chennai Super Kings,Delhi Capitals,runs,25.0,183,6,158,5,51,1
1473455,2025,Mohali,"Maharaja Yadavindra Singh International Cricket Stadium, Mullanpur",Rajasthan Royals,Punjab Kings,Punjab Kings,field,Rajasthan Royals,Punjab Kings,Rajasthan Royals,runs,50.0,205,4,155,9,53,0
1473456,2025,Kolkata,"Eden Gardens, Kolkata",Lucknow Super Giants,Kolkata Knight Riders,Kolkata Knight Riders,field,Lucknow Super Giants,Kolkata Knight Riders,Lucknow Super Giants,runs,4.0,238,3,234,7,59,0
1473457,2025,Hyderabad,"Rajiv Gandhi International Stadium, Uppal, Hyderabad",Sunrisers Hyderabad,Gujarat Titans,Gujarat Titans,field,Sunrisers Hyderabad,Gujarat Titans,Gujarat Titans,wickets,7.0,152,8,153,3,45,2
1473458,2025,Mumbai,"Wankhede Stadium, Mumbai",Royal Challengers Bengaluru,Mumbai Indians,Mumbai Indians,field,Royal Challengers Bengaluru,Mumbai Indians,Royal Challengers Bengaluru,runs,12.0,221,5,209,9,73,1
1473459,2025,Mohali,"Maharaja Yadavindra Singh International Cricket Stadium, Mullanpur",Punjab Kings,Chennai Super Kings,Punjab Kings,bat,Punjab Kings,Chennai Super Kings,Punjab Kings,runs,18.0,219,6,201,5,75,3
1473460,2025,Ahmedabad,"Narendra Modi Stadium, Ahmedabad",Gujarat Titans,Rajasthan Royals,Rajasthan Royals,field,Gujarat Titans,Rajasthan Royals,Gujarat Titans,runs,58.0,217,6,159,10,56,1
1473461,2025,Bengaluru,"M Chinnaswamy Stadium, Bengaluru",Royal Challengers Bengaluru,Delhi Capitals,Delhi Capitals,field,Royal Challengers Bengaluru,Delhi Capitals,Delhi Capitals,wickets,6.0,163,7,169,4,64,2
1473462,2025,Chennai,"MA Chidambaram Stadium, Chepauk, Chennai",Chennai Super Kings,Kolkata Knight Riders,Kolkata Knight Riders,field,Chennai Super Kings,Kolkata Knight Riders,Kolkata Knight Riders,wickets,8.0,103,9,107,2,31,2
1473463,2025,Lucknow,"Bharat Ratna Shri Atal Bihari Vajpayee Ekana Cricket Stadium, Lucknow",Gujarat Titans,Lucknow Super Giants,Lucknow Super Giants,field,Gujarat Titans,Lucknow Super Giants,Lucknow Super Giants,wickets,6.0,180,6,186,4,54,0
1473464,2025,Hyderabad,"Rajiv Gandhi International Stadium, Uppal, Hyderabad",Punjab Kings,Sunrisers Hyderabad,Punjab Kings,bat,Punjab Kings,Sunrisers Hyderabad,Sunrisers Hyderabad,wickets,8.0,245,6,247,2,89,1
1473465,2025,Jaipur,"Sawai Mansingh Stadium, Jaipur",Rajasthan Royals,Royal Challengers Bengaluru,Royal Challengers Bengaluru,field,Rajasthan Royals,Royal Challengers Bengaluru,Royal Challengers Bengaluru,wickets,9.0,173,4,175,1,45,0
1473466,2025,Delhi,"Arun Jaitley Stadium, Delhi",Mumbai Indians,Delhi Capitals,Delhi Capitals,field,Mumbai Indians,Delhi Capitals,Mumbai Indians,runs,12.0,205,5,193,10,59,1
1473467,2025,Lucknow,"Bharat Ratna Shri Atal Bihari Vajpayee Ekana Cricket Stadium, Lucknow",Lucknow Super Giants,Chennai Super Kings,Chennai Super Kings,field,Lucknow Super Giants,Chennai Super Kings,Chennai Super Kings,wickets,5.0,166,7,168,5,42,2
1473468,2025,Mohali,"Maharaja Yadavindra Singh International Cricket Stadium, Mullanpur",Punjab Kings,Kolkata Knight Riders,Punjab Kings,bat,Punjab Kings,Kolkata Knight Riders,Punjab Kings,runs,16.0,111,10,95,10,54,4
1473469,2025,Delhi,"Arun Jaitley Stadium, Delhi",Delhi Capitals,Rajasthan Royals,Rajasthan Royals,field,Delhi Capitals,Rajasthan Royals,,,,188,5,188,4,46,2
1473470,2025,Mumbai,"Wankhede Stadium, Mumbai",Sunrisers Hyderabad,Mumbai Indians,Mumbai Indians,field,Sunrisers Hyderabad,Mumbai Indians,Mumbai Indians,wickets,4.0,162,5,166,6,46,0
1473471,2025,Bengaluru,"M Chinnaswamy Stadium, Bengaluru",Royal Challengers Bengaluru,Punjab Kings,Punjab Kings,field,Royal Challengers Bengaluru,Punjab Kings,Punjab Kings,wickets,5.0,95,9,98,5,33,4
1473472,2025,Ahmedabad,"Narendra Modi Stadium, Ahmedabad",Delhi Capitals,Gujarat Titans,Gujarat Titans,field,Delhi Capitals,Gujarat Titans,Gujarat Titans,wickets,7.0,203,8,204,3,73,2
1473473,2025,Jaipur,"Sawai Mansingh Stadium, Jaipur",Lucknow Super Giants,Rajasthan Royals,Lucknow Super Giants,bat,Lucknow Super Giants,Rajasthan Royals,Lucknow Super Giants,runs,2.0,180,5,178,5,46,2
1473474,2025,Mohali,"Maharaja Yadavindra Singh International Cricket Stadium, Mullanpur",Punjab Kings,Royal Challengers Bengaluru,Royal Challengers Bengaluru,field,Punjab Kings,Royal Challengers Bengaluru,Royal Challengers Bengaluru,wickets,7.0,157,6,159,3,62,1
1473475,2025,Mumbai,"Wankhede Stadium, Mumbai",Chennai Super Kings,Mumbai Indians,Mumbai Indians,field,Chennai Super Kings,Mumbai Indians,Mumbai Indians,wickets,9.0,176,5,177,1,48,1
1473476,2025,Kolkata,"Eden Gardens, Kolkata",Gujarat Titans,Kolkata Knight Riders,Kolkata Knight Riders,field,Gujarat Titans,Kolkata Knight Riders,Gujarat Titans,runs,39.0,198,3,159,8,45,0
1473477,2025,Lucknow,"Bharat Ratna Shri Atal Bihari Vajpayee Ekana Cricket Stadium, Lucknow",Lucknow Super Giants,Delhi Capitals,Delhi Capitals,field,Lucknow Super Giants,Delhi Capitals,Delhi Capitals,wickets,8.0,159,6,161,2,51,0
1473478,2025,Hyderabad,"Rajiv Gandhi International Stadium, Uppal, Hyderabad",Sunrisers Hyderabad,Mumbai Indians,Mumbai Indians,field,Sunrisers Hyderabad,Mumbai Indians,Mumbai Indians,wickets,7.0,143,8,146,3,24,4
1473479,2025,Bengaluru,"M Chinnaswamy Stadium, Bengaluru",Royal Challengers Bengaluru,Rajasthan Royals,Rajasthan Royals,field,Royal Challengers Bengaluru,Rajasthan Royals,Royal Challengers Bengaluru,runs,11.0,205,5,194,9,59,0
1473480,2025,Chennai,"MA Chidambaram Stadium, Chepauk, Chennai",Chennai Super Kings,Sunrisers Hyderabad,Sunrisers Hyderabad,field,Chennai Super Kings,Sunrisers Hyderabad,Sunrisers Hyderabad,wickets,5.0,154,10,155,5,50,3
1473481,2025,Kolkata,"Eden Gardens, Kolkata",Punjab Kings,Kolkata Knight Riders,Punjab Kings,bat,Punjab Kings,Kolkata Knight Riders,,,,201,4,7,0,56,0
1473482,2025,Mumbai,"Wankhede Stadium, Mumbai",Mumbai Indians,Lucknow Super Giants,Lucknow Super Giants,field,Mumbai Indians,Lucknow Super Giants,Mumbai Indians,runs,54.0,215,7,161,10,66,1
1473483,2025,Delhi,"Arun Jaitley Stadium, Delhi",Delhi Capitals,Royal Challengers Bengaluru,Royal Challengers Bengaluru,field,Delhi Capitals,Royal Challengers Bengaluru,Royal Challengers Bengaluru,wickets,6.0,162,8,165,4,52,2
1473484,2025,Jaipur,"Sawai Mansingh Stadium, Jaipur",Gujarat Titans,Rajasthan Royals,Rajasthan Royals,field,Gujarat Titans,Rajasthan Royals,Rajasthan Royals,wickets,8.0,209,4,212,2,53,0
1473485,2025,Delhi,"Arun Jaitley Stadium, Delhi",Kolkata Knight Riders,Delhi Capitals,Delhi Capitals,field,Kolkata Knight Riders,Delhi Capitals,Kolkata Knight Riders,runs,14.0,204,9,190,9,79,1
1473486,2025,Chennai,"MA Chidambaram Stadium, Chepauk, Chennai",Chennai Super Kings,Punjab Kings,Punjab Kings,field,Chennai Super Kings,Punjab Kings,Punjab Kings,wickets,4.0,190,10,194,6,48,3
1473487,2025,Jaipur,"Sawai Mansingh Stadium, Jaipur",Mumbai Indians,Rajasthan Royals,Rajasthan Royals,field,Mumbai Indians,Rajasthan Royals,Mumbai Indians,runs,100.0,217,2,117,10,58,0
1473488,2025,Ahmedabad,"Narendra Modi Stadium, Ahmedabad",Gujarat Titans,Sunrisers Hyderabad,Sunrisers Hyderabad,field,Gujarat Titans,Sunrisers Hyderabad,Gujarat Titans,runs,38.0,224,6,186,6,82,0
1473489,2025,Bengaluru,"M Chinnaswamy Stadium, Bengaluru",Royal Challengers Bengaluru,Chennai Super Kings,Chennai Super Kings,field,Royal Challengers Bengaluru,Chennai Super Kings,Royal Challengers Bengaluru,runs,2.0,213,5,211,5,71,0
1473490,2025,Kolkata,"Eden Gardens, Kolkata",Kolkata Knight Riders,Rajasthan Royals,Kolkata Knight Riders,bat,Kolkata Knight Riders,Rajasthan Royals,Kolkata Knight Riders,runs,1.0,206,4,205,8,56,1
1473491,2025,Dharamsala,"Himachal Pradesh Cricket Association Stadium, Dharamsala",Punjab Kings,Lucknow Super Giants,Lucknow Super Giants,field,Punjab Kings,Lucknow Super Giants,Punjab Kings,runs,37.0,236,5,199,7,66,2
1473492,2025,Hyderabad,"Rajiv Gandhi International Stadium, Uppal, Hyderabad",Delhi Capitals,Sunrisers Hyderabad,Sunrisers Hyderabad,field,Delhi Capitals,Sunrisers Hyderabad,,,,133,7,0,0,26,4
1473493,2025,Mumbai,"Wankhede Stadium, Mumbai",Mumbai Indians,Gujarat Titans,Gujarat Titans,field,Mumbai Indians,Gujarat Titans,Gujarat Titans,wickets,3.0,155,8,147,7,56,2
1473494,2025,Kolkata,"Eden Gardens, Kolkata",Kolkata Knight Riders,Chennai Super Kings,Kolkata Knight Riders,bat,Kolkata Knight Riders,Chennai Super Kings,Chennai Super Kings,wickets,2.0,179,6,183,8,67,1
1473495,2025,Dharamsala,"Himachal Pradesh Cricket Association Stadium, Dharamsala",Punjab Kings,Delhi Capitals,Punjab Kings,bat,Punjab Kings,Delhi Capitals,,,,122,1,0,0,69,0
1473497,2025,Jaipur,"Sawai Mansingh Stadium, Jaipur",Punjab Kings,Rajasthan Royals,Punjab Kings,bat,Punjab Kings,Rajasthan Royals,Punjab Kings,runs,10.0,219,5,209,7,58,3
1473498,2025,Delhi,"Arun Jaitley Stadium, Delhi",Delhi Capitals,Gujarat Titans,Gujarat Titans,field,Delhi Capitals,Gujarat Titans,Gujarat Titans,wickets,10.0,199,3,205,0,45,1
1473499,2025,Lucknow,"Bharat Ratna Shri Atal Bihari Vajpayee Ekana Cricket Stadium, Lucknow",Lucknow Super Giants,Sunrisers Hyderabad,Sunrisers Hyderabad,field,Lucknow Super Giants,Sunrisers Hyderabad,Sunrisers Hyderabad,wickets,6.0,205,7,206,4,69,0
1473500,2025,Delhi,"Arun Jaitley Stadium, Delhi",Chennai Super Kings,Rajasthan Royals,Rajasthan Royals,field,Chennai Super Kings,Rajasthan Royals,Rajasthan Royals,wickets,6.0,187,8,188,4,68,3
1473501,2025,Mumbai,"Wankhede Stadium, Mumbai",Mumbai Indians,Delhi Capitals,Delhi Capitals,field,Mumbai Indians,Delhi Capitals,Mumbai Indians,runs,59.0,180,5,121,10,54,2
1473502,2025,Ahmedabad,"Narendra Modi Stadium, Ahmedabad",Lucknow Super Giants,Gujarat Titans,Gujarat Titans,field,Lucknow Super Giants,Gujarat Titans,Lucknow Super Giants,runs,33.0,235,2,202,9,53,0
1473503,2025,Lucknow,"Bharat Ratna Shri Atal Bihari Vajpayee Ekana Cricket Stadium, Lucknow",Sunrisers Hyderabad,Royal Challengers Bengaluru,Royal Challengers Bengaluru,field,Sunrisers Hyderabad,Royal Challengers Bengaluru,Sunrisers Hyderabad,runs,42.0,231,6,189,10,71,2
1473504,2025,Ahmedabad,"Narendra Modi Stadium, Ahmedabad",Chennai Super Kings,Gujarat Titans,Chennai Super Kings,bat,Chennai Super Kings,Gujarat Titans,Chennai Super Kings,runs,83.0,230,5,147,10,68,1
1473505,2025,Delhi,"Arun Jaitley Stadium, Delhi",Sunrisers Hyderabad,Kolkata Knight Riders,Sunrisers Hyderabad,bat,Sunrisers Hyderabad,Kolkata Knight Riders,Sunrisers Hyderabad,runs,110.0,278,3,168,10,79,0
1473506,2025,Jaipur,"Sawai Mansingh Stadium, Jaipur",Mumbai Indians,Punjab Kings,Punjab Kings,field,Mumbai Indians,Punjab Kings,Punjab Kings,wickets,7.0,184,7,187,3,52,1
1473507,2025,Lucknow,"Bharat Ratna Shri Atal Bihari Vajpayee Ekana Cricket Stadium, Lucknow",Lucknow Super Giants,Royal Challengers Bengaluru,Royal Challengers Bengaluru,field,Lucknow Super Giants,Royal Challengers Bengaluru,Royal Challengers Bengaluru,wickets,6.0,227,3,230,4,55,1
1473508,2025,New Chandigarh,"Maharaja Yadavindra Singh International Cricket Stadium, Mullanpur",Punjab Kings,Royal Challengers Bengaluru,Royal Challengers Bengaluru,field,Punjab Kings,Royal Challengers Bengaluru,Royal Challengers Bengaluru,wickets,8.0,101,10,106,2,48,4
1473509,2025,New Chandigarh,"Maharaja Yadavindra Singh International Cricket Stadium, New Chandigarh",Mumbai Indians,Gujarat Titans,Mumbai Indians,bat,Mumbai Indians,Gujarat Titans,Mumbai Indians,runs,20.0,228,5,208,6,79,0
1473510,2025,Ahmedabad,"Narendra Modi Stadium, Ahmedabad",Mumbai Indians,Punjab Kings,Punjab Kings,field,Mumbai Indians,Punjab Kings,Punjab Kings,wickets,5.0,203,6,207,5,65,1
1473511,2025,Ahmedabad,"Narendra Modi Stadium, Ahmedabad",Royal Challengers Bengaluru,Punjab Kings,Punjab Kings,field,Royal Challengers Bengaluru,Punjab Kings,Royal Challengers Bengaluru,runs,6.0,190,9,184,7,55,1
1485779,2025,Jaipur,"Sawai Mansingh Stadium, Jaipur",Punjab Kings,Delhi Capitals,Delhi Capitals,field,Punjab Kings,Delhi Capitals,Delhi Capitals,wickets,6.0,206,8,208,4,60,2
335982,2007/08,Bangalore,M Chinnaswamy Stadium,Royal Challengers Bangalore,Kolkata Knight Riders,Royal Challengers Bangalore,field,Kolkata Knight Riders,Royal Challengers Bangalore,Kolkata Knight Riders,runs,140.0,222,3,82,10,61,1
335983,2007/08,Chandigarh,"Punjab Cricket Association Stadium, Mohali",Kings XI Punjab,Chennai Super Kings,Chennai Super Kings,bat,Chennai Super Kings,Kings XI Punjab,Chennai Super Kings,runs,33.0,240,5,207,4,53,1
335984,2007/08,Delhi,Feroz Shah Kotla,Delhi Daredevils,Rajasthan Royals,Rajasthan Royals,bat,Rajasthan Royals,Delhi Daredevils,Delhi Daredevils,wickets,9.0,129,8,132,1,40,2
335985,2007/08,Mumbai,Wankhede Stadium,Mumbai Indians,Royal Challengers Bangalore,Mumbai Indians,bat,Mumbai Indians,Royal Challengers Bangalore,Royal Challengers Bangalore,wickets,5.0,165,6,166,5,47,2
335986,2007/08,Kolkata,Eden Gardens,Kolkata Knight Riders,Deccan Chargers,Deccan Chargers,bat,Deccan Chargers,Kolkata Knight Riders,Kolkata Knight Riders,wickets,5.0,110,10,112,5,39,2
335987,2007/08,Jaipur,Sawai Mansingh Stadium,Rajasthan Royals,Kings XI Punjab,Kings XI Punjab,bat,Kings XI Punjab,Rajasthan Royals,Rajasthan Royals,wickets,6.0,166,8,168,4,54,1
335988,2007/08,Hyderabad,"Rajiv Gandhi International Stadium, Uppal",Deccan Chargers,Delhi Daredevils,Deccan Chargers,bat,Deccan Chargers,Delhi Daredevils,Delhi Daredevils,wickets,9.0,142,8,143,1,25,2
335989,2007/08,Chennai,"MA Chidambaram Stadium, Chepauk",Chennai Super Kings,Mumbai Indians,Mumbai Indians,field,Chennai Super Kings,Mumbai Indians,Chennai Super Kings,runs,6.0,208,5,202,7,53,2
335990,2007/08,Hyderabad,"Rajiv Gandhi International Stadium, Uppal",Deccan Chargers,Rajasthan Royals,Rajasthan Royals,field,Deccan Chargers,Rajasthan Royals,Rajasthan Royals,wickets,3.0,214,5,217,7,58,2
335991,2007/08,Chandigarh,"Punjab Cricket Association Stadium, Mohali",Kings XI Punjab,Mumbai Indians,Mumbai Indians,field,Kings XI Punjab,Mumbai Indians,Kings XI Punjab,runs,66.0,182,10,116,9,60,1
335992,2007/08,Bangalore,M Chinnaswamy Stadium,Royal Challengers Bangalore,Rajasthan Royals,Rajasthan Royals,field,Royal Challengers Bangalore,Rajasthan Royals,Rajasthan Royals,wickets,7.0,135,8,138,3,57,2
335993,2007/08,Chennai,"MA Chidambaram Stadium, Chepauk",Chennai Super Kings,Kolkata Knight Riders,Kolkata Knight Riders,bat,Kolkata Knight Riders,Chennai Super Kings,Chennai Super Kings,wickets,9.0,147,9,152,1,61,3
335994,2007/08,Mumbai,Dr DY Patil Sports Academy,Mumbai Indians,Deccan Chargers,Deccan Chargers,field,Mumbai Indians,Deccan Chargers,Deccan Chargers,wickets,10.0,154,7,155,0,27,3
335995,2007/08,Chandigarh,"Punjab Cricket Association Stadium, Mohali",Kings XI Punjab,Delhi Daredevils,Delhi Daredevils,bat,Delhi Daredevils,Kings XI Punjab,Kings XI Punjab,wickets,4.0,158,8,162,6,45,3
335996,2007/08,Bangalore,M Chinnaswamy Stadium,Royal Challengers Bangalore,Chennai Super Kings,Chennai Super Kings,bat,Chennai Super Kings,Royal Challengers Bangalore,Chennai Super Kings,runs,13.0,178,5,165,10,36,1
335997,2007/08,Kolkata,Eden Gardens,Kolkata Knight Riders,Mumbai Indians,Kolkata Knight Riders,bat,Kolkata Knight Riders,Mumbai Indians,Mumbai Indians,wickets,7.0,137,8,138,3,40,3
335998,2007/08,Delhi,Feroz Shah Kotla,Delhi Daredevils,Royal Challengers Bangalore,Royal Challengers Bangalore,field,Delhi Daredevils,Royal Challengers Bangalore,Delhi Daredevils,runs,10.0,191,5,181,5,58,1
335999,2007/08,Hyderabad,"Rajiv Gandhi International Stadium, Uppal",Deccan Chargers,Kings XI Punjab,Kings XI Punjab,field,Deccan Chargers,Kings XI Punjab,Kings XI Punjab,wickets,7.0,164,8,167,3,50,1
336000,2007/08,Jaipur,Sawai Mansingh Stadium,Rajasthan Royals,Kolkata Knight Riders,Rajasthan Royals,bat,Rajasthan Royals,Kolkata Knight Riders,Rajasthan Royals,runs,45.0,196,7,151,10,45,1
336001,2007/08,Chennai,"MA Chidambaram Stadium, Chepauk",Chennai Super Kings,Delhi Daredevils,Chennai Super Kings,bat,Chennai Super Kings,Delhi Daredevils,Delhi Daredevils,wickets,8.0,169,6,172,2,47,1
336002,2007/08,Hyderabad,"Rajiv Gandhi International Stadium, Uppal",Deccan Chargers,Royal Challengers Bangalore,Deccan Chargers,bat,Deccan Chargers,Royal Challengers Bangalore,Royal Challengers Bangalore,wickets,5.0,165,10,171,5,41,0
336003,2007/08,Chandigarh,"Punjab Cricket Association Stadium, Mohali",Kings XI Punjab,Kolkata Knight Riders,Kings XI Punjab,bat,Kings XI Punjab,Kolkata Knight Riders,Kings XI Punjab,runs,9.0,178,6,169,6,49,1
336004,2007/08,Mumbai,Dr DY Patil Sports Academy,Mumbai Indians,Delhi Daredevils,Delhi Daredevils,field,Mumbai Indians,Delhi Daredevils,Mumbai Indians,runs,29.0,162,8,133,10,50,2
336005,2007/08,Jaipur,Sawai Mansingh Stadium,Rajasthan Royals,Chennai Super Kings,Chennai Super Kings,bat,Chennai Super Kings,Rajasthan Royals,Rajasthan Royals,wickets,8.0,109,10,110,2,38,4
336006,2007/08,Bangalore,M Chinnaswamy Stadium,Royal Challengers Bangalore,Kings XI Punjab,Kings XI Punjab,field,Royal Challengers Bangalore,Kings XI Punjab,Kings XI Punjab,wickets,6.0,126,10,127,4,26,3
336007,2007/08,Chennai,"MA Chidambaram Stadium, Chepauk",Chennai Super Kings,Deccan Chargers,Deccan Chargers,field,Chennai Super Kings,Deccan Chargers,Deccan Chargers,wickets,7.0,144,7,148,3,34,3
336008,2007/08,Mumbai,Dr DY Patil Sports Academy,Mumbai Indians,Rajasthan Royals,Mumbai Indians,field,Rajasthan Royals,Mumbai Indians,Mumbai Indians,wickets,7.0,103,10,104,3,48,2
336009,2007/08,Delhi,Feroz Shah Kotla,Delhi Daredevils,Chennai Super Kings,Chennai Super Kings,field,Delhi Daredevils,Chennai Super Kings,Chennai Super Kings,wickets,4.0,187,5,188,6,50,2
336010,2007/08,Kolkata,Eden Gardens,Kolkata Knight Riders,Royal Challengers Bangalore,Kolkata Knight Riders,bat,Kolkata Knight Riders,Royal Challengers Bangalore,Kolkata Knight Riders,runs,5.0,129,7,124,4,41,2
336011,2007/08,Jaipur,Sawai Mansingh Stadium,Rajasthan Royals,Deccan Chargers,Rajasthan Royals,field,Deccan Chargers,Rajasthan Royals,Rajasthan Royals,wickets,8.0,140,8,141,2,50,0
336012,2007/08,Bangalore,M Chinnaswamy Stadium,Royal Challengers Bangalore,Mumbai Indians,Mumbai Indians,field,Royal Challengers Bangalore,Mumbai Indians,Mumbai Indians,wickets,9.0,122,9,126,1,36,2
336013,2007/08,Chennai,"MA Chidambaram Stadium, Chepauk",Chennai Super Kings,Kings XI Punjab,Kings XI Punjab,field,Chennai Super Kings,Kings XI Punjab,Chennai Super Kings,runs,18.0,181,4,163,9,53,2
336014,2007/08,Hyderabad,"Rajiv Gandhi International Stadium, Uppal",Deccan Chargers,Kolkata Knight Riders,Kolkata Knight Riders,bat,Kolkata Knight Riders,Deccan Chargers,Kolkata Knight Riders,runs,23.0,204,4,181,7,43,1
336015,2007/08,Jaipur,Sawai Mansingh Stadium,Rajasthan Royals,Delhi Daredevils,Rajasthan Royals,field,Delhi Daredevils,Rajasthan Royals,Rajasthan Royals,wickets,3.0,156,7,159,7,47,1
336016,2007/08,Chandigarh,"Punjab Cricket Association Stadium, Mohali",Kings XI Punjab,Royal Challengers Bangalore,Royal Challengers Bangalore,bat,Royal Challengers Bangalore,Kings XI Punjab,Kings XI Punjab,wickets,9.0,143,8,144,1,50,3
336017,2007/08,Kolkata,Eden Gardens,Kolkata Knight Riders,Delhi Daredevils,Kolkata Knight Riders,bat,Kolkata Knight Riders,Delhi Daredevils,Kolkata Knight Riders,runs,23.0,133,6,110,10,35,1
336018,2007/08,Mumbai,Wankhede Stadium,Mumbai Indians,Chennai Super Kings,Mumbai Indians,field,Chennai Super Kings,Mumbai Indians,Mumbai Indians,wickets,9.0,156,6,158,1,28,2
336019,2007/08,Chandigarh,"Punjab Cricket Association Stadium, Mohali",Kings XI Punjab,Rajasthan Royals,Rajasthan Royals,field,Kings XI Punjab,Rajasthan Royals,Kings XI Punjab,runs,41.0,221,3,180,7,51,0
336020,2007/08,Delhi,Feroz Shah Kotla,Delhi Daredevils,Deccan Chargers,Deccan Chargers,field,Delhi Daredevils,Deccan Chargers,Delhi Daredevils,runs,12.0,194,4,182,9,48,1
336021,2007/08,Mumbai,Wankhede Stadium,Mumbai Indians,Kolkata Knight Riders,Mumbai Indians,field,Kolkata Knight Riders,Mumbai Indians,Mumbai Indians,wickets,8.0,67,10,68,2,27,3
336022,2007/08,Delhi,Feroz Shah Kotla,Delhi Daredevils,Kings XI Punjab,Delhi Daredevils,bat,Delhi Daredevils,Kings XI Punjab,Kings XI Punjab,runs,6.0,118,4,94,3,68,0
336023,2007/08,Jaipur,Sawai Mansingh Stadium,Rajasthan Royals,Royal Challengers Bangalore,Royal Challengers Bangalore,field,Rajasthan Royals,Royal Challengers Bangalore,Rajasthan Royals,runs,65.0,197,1,132,9,51,0
336024,2007/08,Hyderabad,"Rajiv Gandhi International Stadium, Uppal",Deccan Chargers,Mumbai Indians,Deccan Chargers,field,Mumbai Indians,Deccan Chargers,Mumbai Indians,runs,25.0,178,7,153,7,57,1
336025,2007/08,Kolkata,Eden Gardens,Kolkata Knight Riders,Chennai Super Kings,Kolkata Knight Riders,bat,Kolkata Knight Riders,Chennai Super Kings,Chennai Super Kings,runs,3.0,149,5,55,0,35,2
336026,2007/08,Bangalore,M Chinnaswamy Stadium,Royal Challengers Bangalore,Delhi Daredevils,Delhi Daredevils,field,Royal Challengers Bangalore,Delhi Daredevils,Delhi Daredevils,wickets,5.0,154,7,158,5,41,1
336027,2007/08,Kolkata,Eden Gardens,Kolkata Knight Riders,Rajasthan Royals,Rajasthan Royals,field,Kolkata Knight Riders,Rajasthan Royals,Rajasthan Royals,wickets,6.0,147,8,150,4,32,1
336028,2007/08,Mumbai,Wankhede Stadium,Mumbai Indians,Kings XI Punjab,Mumbai Indians,field,Kings XI Punjab,Mumbai Indians,Kings XI Punjab,runs,1.0,189,4,188,10,43,1
336029,2007/08,Chennai,"MA Chidambaram Stadium, Chepauk",Chennai Super Kings,Royal Challengers Bangalore,Royal Challengers Bangalore,bat,Royal Challengers Bangalore,Chennai Super Kings,Royal Challengers Bangalore,runs,14.0,126,8,112,8,23,2
336031,2007/08,Chandigarh,"Punjab Cricket Association Stadium, Mohali",Kings XI Punjab,Deccan Chargers,Kings XI Punjab,field,Deccan Chargers,Kings XI Punjab,Kings XI Punjab,wickets,6.0,175,4,178,4,42,0
336032,2007/08,Delhi,Feroz Shah Kotla,Delhi Daredevils,Mumbai Indians,Delhi Daredevils,field,Mumbai Indians,Delhi Daredevils,Delhi Daredevils,wickets,5.0,176,8,179,5,60,0
336033,2007/08,Chennai,"MA Chidambaram Stadium, Chepauk",Chennai Super Kings,Rajasthan Royals,Rajasthan Royals,bat,Rajasthan Royals,Chennai Super Kings,Rajasthan Royals,runs,10.0,211,5,201,7,67,0
336034,2007/08,Bangalore,M Chinnaswamy Stadium,Royal Challengers Bangalore,Deccan Chargers,Deccan Chargers,field,Royal Challengers Bangalore,Deccan Chargers,Royal Challengers Bangalore,runs,3.0,156,8,153,6,46,1
336035,2007/08,Kolkata,Eden Gardens,Kolkata Knight Riders,Kings XI Punjab,Kings XI Punjab,bat,Kings XI Punjab,Kolkata Knight Riders,Kolkata Knight Riders,wickets,3.0,174,6,175,7,47,1
336036,2007/08,Jaipur,Sawai Mansingh Stadium,Rajasthan Royals,Mumbai Indians,Rajasthan Royals,field,Mumbai Indians,Rajasthan Royals,Rajasthan Royals,wickets,5.0,145,7,146,5,29,0
336037,2007/08,Hyderabad,"Rajiv Gandhi International Stadium, Uppal",Deccan Chargers,Chennai Super Kings,Deccan Chargers,bat,Deccan Chargers,Chennai Super Kings,Chennai Super Kings,wickets,7.0,147,8,148,3,26,2
336038,2007/08,Mumbai,Wankhede Stadium,Delhi Daredevils,Rajasthan Royals,Delhi Daredevils,field,Rajasthan Royals,Delhi Daredevils,Rajasthan Royals,runs,105.0,192,9,87,10,58,0
336039,2007/08,Mumbai,Wankhede Stadium,Chennai Super Kings,Kings XI Punjab,Kings XI Punjab,bat,Kings XI Punjab,Chennai Super Kings,Chennai Super Kings,wickets,9.0,112,8,116,1,35,4
336040,2007/08,Mumbai,Dr DY Patil Sports Academy,Chennai Super Kings,Rajasthan Royals,Rajasthan Royals,field,Chennai Super Kings,Rajasthan Royals,Rajasthan Royals,wickets,3.0,163,5,164,7,42,1
392181,2009,Cape Town,Newlands,Chennai Super Kings,Mumbai Indians,Chennai Super Kings,field,Mumbai Indians,Chennai Super Kings,Mumbai Indians,runs,19.0,165,7,146,7,40,1
392182,2009,Cape Town,Newlands,Royal Challengers Bangalore,Rajasthan Royals,Royal Challengers Bangalore,bat,Royal Challengers Bangalore,Rajasthan Royals,Royal Challengers Bangalore,runs,75.0,133,8,58,10,29,3
392183,2009,Cape Town,Newlands,Delhi Daredevils,Kings XI Punjab,Delhi Daredevils,field,Kings XI Punjab,Delhi Daredevils,Delhi Daredevils,wickets,10.0,104,7,58,0,67,1
392184,2009,Cape Town,Newlands,Deccan Chargers,Kolkata Knight Riders,Kolkata Knight Riders,bat,Kolkata Knight Riders,Deccan Chargers,Deccan Chargers,wickets,8.0,101,10,104,2,21,3
392185,2009,Port Elizabeth,St George's Park,Royal Challengers Bangalore,Chennai Super Kings,Chennai Super Kings,bat,Chennai Super Kings,Royal Challengers Bangalore,Chennai Super Kings,runs,92.0,179,5,87,10,68,0
392186,2009,Durban,Kingsmead,Kings XI Punjab,Kolkata Knight Riders,Kolkata Knight Riders,field,Kings XI Punjab,Kolkata Knight Riders,Kolkata Knight Riders,runs,11.0,158,6,79,1,46,1
392188,2009,Cape Town,Newlands,Royal Challengers Bangalore,Deccan Chargers,Deccan Chargers,bat,Deccan Chargers,Royal Challengers Bangalore,Deccan Chargers,runs,24.0,184,6,160,8,62,1
392189,2009,Durban,Kingsmead,Chennai Super Kings,Delhi Daredevils,Delhi Daredevils,bat,Delhi Daredevils,Chennai Super Kings,Delhi Daredevils,runs,9.0,189,5,180,9,59,2
392190,2009,Cape Town,Newlands,Kolkata Knight Riders,Rajasthan Royals,Kolkata Knight Riders,field,Rajasthan Royals,Kolkata Knight Riders,,,,150,6,150,8,54,2
392191,2009,Durban,Kingsmead,Royal Challengers Bangalore,Kings XI Punjab,Royal Challengers Bangalore,bat,Royal Challengers Bangalore,Kings XI Punjab,Kings XI Punjab,wickets,7.0,168,9,173,3,49,3
392192,2009,Durban,Kingsmead,Deccan Chargers,Mumbai Indians,Deccan Chargers,bat,Deccan Chargers,Mumbai Indians,Deccan Chargers,runs,12.0,168,9,156,7,55,0
392194,2009,Port Elizabeth,St George's Park,Royal Challengers Bangalore,Delhi Daredevils,Royal Challengers Bangalore,bat,Royal Challengers Bangalore,Delhi Daredevils,Delhi Daredevils,wickets,6.0,149,7,150,4,45,2
392195,2009,Cape Town,Newlands,Kings XI Punjab,Rajasthan Royals,Kings XI Punjab,bat,Kings XI Punjab,Rajasthan Royals,Kings XI Punjab,runs,27.0,139,6,112,7,38,2
392196,2009,Durban,Kingsmead,Chennai Super Kings,Deccan Chargers,Deccan Chargers,field,Chennai Super Kings,Deccan Chargers,Deccan Chargers,wickets,6.0,165,6,169,4,62,1
392197,2009,Port Elizabeth,St George's Park,Kolkata Knight Riders,Mumbai Indians,Mumbai Indians,bat,Mumbai Indians,Kolkata Knight Riders,Mumbai Indians,runs,92.0,187,6,95,9,61,0
392198,2009,Centurion,SuperSport Park,Delhi Daredevils,Rajasthan Royals,Delhi Daredevils,bat,Delhi Daredevils,Rajasthan Royals,Rajasthan Royals,wickets,5.0,143,7,147,5,42,3
392199,2009,Durban,Kingsmead,Royal Challengers Bangalore,Kolkata Knight Riders,Kolkata Knight Riders,bat,Kolkata Knight Riders,Royal Challengers Bangalore,Royal Challengers Bangalore,wickets,5.0,139,6,143,5,45,2
392200,2009,Durban,Kingsmead,Kings XI Punjab,Mumbai Indians,Kings XI Punjab,bat,Kings XI Punjab,Mumbai Indians,Kings XI Punjab,runs,3.0,119,8,116,7,26,2
392201,2009,Centurion,SuperSport Park,Deccan Chargers,Delhi Daredevils,Delhi Daredevils,field,Deccan Chargers,Delhi Daredevils,Delhi Daredevils,wickets,6.0,148,9,150,4,37,2
392202,2009,Centurion,SuperSport Park,Chennai Super Kings,Rajasthan Royals,Rajasthan Royals,field,Chennai Super Kings,Rajasthan Royals,Chennai Super Kings,runs,38.0,164,5,126,9,40,2
392203,2009,East London,Buffalo Park,Kolkata Knight Riders,Mumbai Indians,Mumbai Indians,bat,Mumbai Indians,Kolkata Knight Riders,Mumbai Indians,runs,9.0,148,6,139,6,40,2
392204,2009,Durban,Kingsmead,Royal Challengers Bangalore,Kings XI Punjab,Royal Challengers Bangalore,bat,Royal Challengers Bangalore,Kings XI Punjab,Royal Challengers Bangalore,runs,8.0,145,9,137,7,38,2
392205,2009,Port Elizabeth,St George's Park,Deccan Chargers,Rajasthan Royals,Deccan Chargers,bat,Deccan Chargers,Rajasthan Royals,Rajasthan Royals,wickets,3.0,141,5,142,7,39,2
392206,2009,Johannesburg,New Wanderers Stadium,Chennai Super Kings,Delhi Daredevils,Delhi Daredevils,field,Chennai Super Kings,Delhi Daredevils,Chennai Super Kings,runs,18.0,163,10,145,8,53,2
392207,2009,Port Elizabeth,St George's Park,Kings XI Punjab,Kolkata Knight Riders,Kolkata Knight Riders,bat,Kolkata Knight Riders,Kings XI Punjab,Kings XI Punjab,wickets,6.0,153,3,154,4,28,1
392208,2009,Johannesburg,New Wanderers Stadium,Royal Challengers Bangalore,Mumbai Indians,Mumbai Indians,bat,Mumbai Indians,Royal Challengers Bangalore,Royal Challengers Bangalore,wickets,9.0,149,4,150,1,25,3
392209,2009,East London,Buffalo Park,Chennai Super Kings,Deccan Chargers,Chennai Super Kings,bat,Chennai Super Kings,Deccan Chargers,Chennai Super Kings,runs,78.0,178,3,100,10,53,0
392210,2009,Durban,Kingsmead,Kings XI Punjab,Rajasthan Royals,Kings XI Punjab,field,Rajasthan Royals,Kings XI Punjab,Rajasthan Royals,runs,78.0,211,4,133,8,57,0
392211,2009,Durban,Kingsmead,Delhi Daredevils,Kolkata Knight Riders,Kolkata Knight Riders,bat,Kolkata Knight Riders,Delhi Daredevils,Delhi Daredevils,wickets,9.0,154,3,157,1,54,0
392212,2009,Centurion,SuperSport Park,Deccan Chargers,Mumbai Indians,Deccan Chargers,bat,Deccan Chargers,Mumbai Indians,Deccan Chargers,runs,19.0,145,6,126,8,37,2
392213,2009,Centurion,SuperSport Park,Royal Challengers Bangalore,Rajasthan Royals,Rajasthan Royals,field,Royal Challengers Bangalore,Rajasthan Royals,Rajasthan Royals,wickets,7.0,105,10,107,3,29,3
392214,2009,Centurion,SuperSport Park,Chennai Super Kings,Kings XI Punjab,Chennai Super Kings,bat,Chennai Super Kings,Kings XI Punjab,Chennai Super Kings,runs,12.0,185,3,174,3,57,1
392215,2009,East London,Buffalo Park,Delhi Daredevils,Mumbai Indians,Mumbai Indians,bat,Mumbai Indians,Delhi Daredevils,Delhi Daredevils,wickets,7.0,116,10,118,3,30,3
392216,2009,Kimberley,De Beers Diamond Oval,Deccan Chargers,Kings XI Punjab,Kings XI Punjab,field,Deccan Chargers,Kings XI Punjab,Kings XI Punjab,wickets,3.0,168,5,169,7,52,1
392217,2009,Kimberley,De Beers Diamond Oval,Chennai Super Kings,Rajasthan Royals,Rajasthan Royals,bat,Rajasthan Royals,Chennai Super Kings,Chennai Super Kings,wickets,7.0,140,7,141,3,34,1
392218,2009,Port Elizabeth,St George's Park,Royal Challengers Bangalore,Mumbai Indians,Mumbai Indians,bat,Mumbai Indians,Royal Challengers Bangalore,Mumbai Indians,runs,16.0,157,2,141,7,46,1
392219,2009,Johannesburg,New Wanderers Stadium,Delhi Daredevils,Kolkata Knight Riders,Delhi Daredevils,field,Kolkata Knight Riders,Delhi Daredevils,Delhi Daredevils,wickets,7.0,123,8,125,3,37,3
392220,2009,Kimberley,De Beers Diamond Oval,Deccan Chargers,Rajasthan Royals,Deccan Chargers,bat,Deccan Chargers,Rajasthan Royals,Deccan Chargers,runs,53.0,166,7,113,10,42,2
392221,2009,Centurion,SuperSport Park,Royal Challengers Bangalore,Kolkata Knight Riders,Royal Challengers Bangalore,field,Kolkata Knight Riders,Royal Challengers Bangalore,Royal Challengers Bangalore,wickets,6.0,173,4,176,4,38,2
392222,2009,Centurion,SuperSport Park,Kings XI Punjab,Mumbai Indians,Kings XI Punjab,bat,Kings XI Punjab,Mumbai Indians,Mumbai Indians,wickets,8.0,119,9,122,2,51,3
392223,2009,Durban,Kingsmead,Deccan Chargers,Delhi Daredevils,Deccan Chargers,field,Delhi Daredevils,Deccan Chargers,Delhi Daredevils,runs,12.0,173,7,161,10,56,1
392224,2009,Durban,Kingsmead,Royal Challengers Bangalore,Chennai Super Kings,Chennai Super Kings,bat,Chennai Super Kings,Royal Challengers Bangalore,Royal Challengers Bangalore,wickets,2.0,129,10,132,8,52,2
392225,2009,Durban,Kingsmead,Mumbai Indians,Rajasthan Royals,Rajasthan Royals,bat,Rajasthan Royals,Mumbai Indians,Rajasthan Royals,runs,2.0,145,7,143,10,42,0
392226,2009,Bloemfontein,OUTsurance Oval,Delhi Daredevils,Kings XI Punjab,Kings XI Punjab,field,Delhi Daredevils,Kings XI Punjab,Kings XI Punjab,wickets,6.0,120,9,123,4,38,2
392227,2009,Port Elizabeth,St George's Park,Chennai Super Kings,Mumbai Indians,Mumbai Indians,bat,Mumbai Indians,Chennai Super Kings,Chennai Super Kings,wickets,7.0,147,5,151,3,49,2
392228,2009,Johannesburg,New Wanderers Stadium,Deccan Chargers,Kolkata Knight Riders,Deccan Chargers,field,Kolkata Knight Riders,Deccan Chargers,Deccan Chargers,wickets,6.0,160,5,166,4,31,1
392229,2009,Johannesburg,New Wanderers Stadium,Deccan Chargers,Kings XI Punjab,Deccan Chargers,field,Kings XI Punjab,Deccan Chargers,Kings XI Punjab,runs,1.0,134,7,133,8,39,3
392230,2009,Bloemfontein,OUTsurance Oval,Delhi Daredevils,Rajasthan Royals,Delhi Daredevils,bat,Delhi Daredevils,Rajasthan Royals,Delhi Daredevils,runs,14.0,150,3,136,9,35,2
392231,2009,Centurion,SuperSport Park,Chennai Super Kings,Kolkata Knight Riders,Chennai Super Kings,bat,Chennai Super Kings,Kolkata Knight Riders,Kolkata Knight Riders,wickets,7.0,188,3,189,3,54,0
392232,2009,Johannesburg,New Wanderers Stadium,Royal Challengers Bangalore,Delhi Daredevils,Delhi Daredevils,bat,Delhi Daredevils,Royal Challengers Bangalore,Royal Challengers Bangalore,wickets,7.0,134,7,135,3,37,3
392233,2009,Durban,Kingsmead,Kolkata Knight Riders,Rajasthan Royals,Kolkata Knight Riders,field,Rajasthan Royals,Kolkata Knight Riders,Kolkata Knight Riders,wickets,4.0,101,9,102,6,46,4
392234,2009,Durban,Kingsmead,Chennai Super Kings,Kings XI Punjab,Chennai Super Kings,bat,Chennai Super Kings,Kings XI Punjab,Chennai Super Kings,runs,24.0,116,9,92,8,50,1
392235,2009,Centurion,SuperSport Park,Delhi Daredevils,Mumbai Indians,Delhi Daredevils,field,Mumbai Indians,Delhi Daredevils,Delhi Daredevils,wickets,4.0,165,8,166,6,30,3
392236,2009,Centurion,SuperSport Park,Royal Challengers Bangalore,Deccan Chargers,Royal Challengers Bangalore,bat,Royal Challengers Bangalore,Deccan Chargers,Royal Challengers Bangalore,runs,12.0,170,4,158,6,33,1
392237,2009,Centurion,SuperSport Park,Delhi Daredevils,Deccan Chargers,Deccan Chargers,field,Delhi Daredevils,Deccan Chargers,Deccan Chargers,wickets,6.0,153,8,154,4,49,2
392238,2009,Johannesburg,New Wanderers Stadium,Royal Challengers Bangalore,Chennai Super Kings,Royal Challengers Bangalore,field,Chennai Super Kings,Royal Challengers Bangalore,Royal Challengers Bangalore,wickets,6.0,146,5,149,4,52,0
392239,2009,Johannesburg,New Wanderers Stadium,Royal Challengers Bangalore,Deccan Chargers,Royal Challengers Bangalore,field,Deccan Chargers,Royal Challengers Bangalore,Deccan Chargers,runs,6.0,143,6,137,9,31,2
419106,2009/10,Mumbai,Dr DY Patil Sports Academy,Deccan Chargers,Kolkata Knight Riders,Deccan Chargers,field,Kolkata Knight Riders,Deccan Chargers,Kolkata Knight Riders,runs,11.0,161,4,150,7,38,4
419107,2009/10,Mumbai,Brabourne Stadium,Mumbai Indians,Rajasthan Royals,Mumbai Indians,bat,Mumbai Indians,Rajasthan Royals,Mumbai Indians,runs,4.0,212,6,208,7,69,1
419108,2009/10,Chandigarh,"Punjab Cricket Association Stadium, Mohali",Kings XI Punjab,Delhi Daredevils,Delhi Daredevils,field,Kings XI Punjab,Delhi Daredevils,Delhi Daredevils,wickets,5.0,142,9,146,5,44,3
419109,2009/10,Kolkata,Eden Gardens,Kolkata Knight Riders,Royal Challengers Bangalore,Kolkata Knight Riders,field,Royal Challengers Bangalore,Kolkata Knight Riders,Kolkata Knight Riders,wickets,7.0,135,7,136,3,24,3
419110,2009/10,Chennai,"MA Chidambaram Stadium, Chepauk",Chennai Super Kings,Deccan Chargers,Deccan Chargers,bat,Deccan Chargers,Chennai Super Kings,Deccan Chargers,runs,31.0,190,4,159,9,57,2
419111,2009/10,Ahmedabad,"Sardar Patel Stadium, Motera",Rajasthan Royals,Delhi Daredevils,Delhi Daredevils,field,Rajasthan Royals,Delhi Daredevils,Delhi Daredevils,wickets,6.0,141,6,142,4,47,3
419112,2009/10,Bangalore,M Chinnaswamy Stadium,Royal Challengers Bangalore,Kings XI Punjab,Kings XI Punjab,bat,Kings XI Punjab,Royal Challengers Bangalore,Royal Challengers Bangalore,wickets,8.0,203,3,204,2,50,0
419113,2009/10,Kolkata,Eden Gardens,Kolkata Knight Riders,Chennai Super Kings,Chennai Super Kings,bat,Chennai Super Kings,Kolkata Knight Riders,Chennai Super Kings,runs,55.0,164,3,109,10,31,1
419114,2009/10,Delhi,Feroz Shah Kotla,Delhi Daredevils,Mumbai Indians,Delhi Daredevils,field,Mumbai Indians,Delhi Daredevils,Mumbai Indians,runs,98.0,218,7,120,9,67,1
419115,2009/10,Bangalore,M Chinnaswamy Stadium,Royal Challengers Bangalore,Rajasthan Royals,Royal Challengers Bangalore,field,Rajasthan Royals,Royal Challengers Bangalore,Royal Challengers Bangalore,wickets,10.0,92,10,93,0,31,1
419116,2009/10,Delhi,Feroz Shah Kotla,Delhi Daredevils,Chennai Super Kings,Delhi Daredevils,bat,Delhi Daredevils,Chennai Super Kings,Chennai Super Kings,wickets,5.0,185,6,190,5,52,1
419117,2009/10,Cuttack,Barabati Stadium,Deccan Chargers,Kings XI Punjab,Kings XI Punjab,field,Deccan Chargers,Kings XI Punjab,Deccan Chargers,runs,6.0,170,7,164,8,56,1
419118,2009/10,Ahmedabad,"Sardar Patel Stadium, Motera",Rajasthan Royals,Kolkata Knight Riders,Rajasthan Royals,bat,Rajasthan Royals,Kolkata Knight Riders,Rajasthan Royals,runs,34.0,168,7,134,5,56,2
419119,2009/10,Mumbai,Brabourne Stadium,Mumbai Indians,Royal Challengers Bangalore,Mumbai Indians,bat,Mumbai Indians,Royal Challengers Bangalore,Royal Challengers Bangalore,wickets,7.0,151,9,155,3,45,2
419120,2009/10,Cuttack,Barabati Stadium,Deccan Chargers,Delhi Daredevils,Deccan Chargers,bat,Deccan Chargers,Delhi Daredevils,Deccan Chargers,runs,10.0,171,6,161,9,47,2
419121,2009/10,Chennai,"MA Chidambaram Stadium, Chepauk",Chennai Super Kings,Kings XI Punjab,Chennai Super Kings,field,Kings XI Punjab,Chennai Super Kings,,,,136,8,136,7,38,1
419122,2009/10,Mumbai,Brabourne Stadium,Mumbai Indians,Kolkata Knight Riders,Kolkata Knight Riders,bat,Kolkata Knight Riders,Mumbai Indians,Mumbai Indians,wickets,7.0,155,3,156,3,41,0
419123,2009/10,Bangalore,M Chinnaswamy Stadium,Royal Challengers Bangalore,Chennai Super Kings,Chennai Super Kings,field,Royal Challengers Bangalore,Chennai Super Kings,Royal Challengers Bangalore,runs,36.0,171,5,135,7,38,1
419124,2009/10,Chandigarh,"Punjab Cricket Association Stadium, Mohali",Kings XI Punjab,Rajasthan Royals,Kings XI Punjab,field,Rajasthan Royals,Kings XI Punjab,Rajasthan Royals,runs,31.0,183,5,152,10,53,1
419125,2009/10,Mumbai,"Brabourne Stadium, Mumbai",Chennai Super Kings,Mumbai Indians,Mumbai Indians,field,Chennai Super Kings,Mumbai Indians,Mumbai Indians,wickets,5.0,180,2,181,5,51,2
419126,2009/10,Ahmedabad,"Sardar Patel Stadium, Motera",Rajasthan Royals,Deccan Chargers,Deccan Chargers,bat,Deccan Chargers,Rajasthan Royals,Rajasthan Royals,wickets,8.0,148,9,151,2,55,2
419127,2009/10,Chandigarh,"Punjab Cricket Association Stadium, Mohali",Kings XI Punjab,Kolkata Knight Riders,Kolkata Knight Riders,bat,Kolkata Knight Riders,Kings XI Punjab,Kolkata Knight Riders,runs,39.0,183,5,144,6,50,2
419128,2009/10,Bangalore,M Chinnaswamy Stadium,Royal Challengers Bangalore,Delhi Daredevils,Royal Challengers Bangalore,field,Delhi Daredevils,Royal Challengers Bangalore,Delhi Daredevils,runs,17.0,183,4,166,9,64,2
419129,2009/10,Ahmedabad,"Sardar Patel Stadium, Motera",Rajasthan Royals,Chennai Super Kings,Rajasthan Royals,bat,Rajasthan Royals,Chennai Super Kings,Rajasthan Royals,runs,17.0,177,8,160,6,58,1
419130,2009/10,Mumbai,Dr DY Patil Sports Academy,Deccan Chargers,Mumbai Indians,Deccan Chargers,field,Mumbai Indians,Deccan Chargers,Mumbai Indians,runs,41.0,172,7,131,10,52,1
419131,2009/10,Delhi,Feroz Shah Kotla,Delhi Daredevils,Kolkata Knight Riders,Delhi Daredevils,bat,Delhi Daredevils,Kolkata Knight Riders,Delhi Daredevils,runs,40.0,177,4,137,9,62,3
419132,2009/10,Mumbai,Brabourne Stadium,Mumbai Indians,Kings XI Punjab,Mumbai Indians,field,Kings XI Punjab,Mumbai Indians,Mumbai Indians,wickets,4.0,163,10,164,6,48,2
419133,2009/10,Chennai,"MA Chidambaram Stadium, Chepauk",Chennai Super Kings,Royal Challengers Bangalore,Royal Challengers Bangalore,bat,Royal Challengers Bangalore,Chennai Super Kings,Chennai Super Kings,wickets,5.0,161,4,162,5,52,1
419134,2009/10,Delhi,Feroz Shah Kotla,Delhi Daredevils,Rajasthan Royals,Delhi Daredevils,bat,Delhi Daredevils,Rajasthan Royals,Delhi Daredevils,runs,67.0,188,6,121,10,52,3
419135,2009/10,Kolkata,Eden Gardens,Kolkata Knight Riders,Deccan Chargers,Kolkata Knight Riders,bat,Kolkata Knight Riders,Deccan Chargers,Kolkata Knight Riders,runs,24.0,181,6,157,5,46,2
419136,2009/10,Chandigarh,"Punjab Cricket Association Stadium, Mohali",Kings XI Punjab,Royal Challengers Bangalore,Kings XI Punjab,bat,Kings XI Punjab,Royal Challengers Bangalore,Royal Challengers Bangalore,wickets,6.0,181,5,184,4,41,1
419137,2009/10,Chennai,"MA Chidambaram Stadium, Chepauk",Chennai Super Kings,Rajasthan Royals,Chennai Super Kings,bat,Chennai Super Kings,Rajasthan Royals,Chennai Super Kings,runs,23.0,246,5,223,5,66,1
419138,2009/10,Mumbai,Brabourne Stadium,Mumbai Indians,Deccan Chargers,Mumbai Indians,bat,Mumbai Indians,Deccan Chargers,Mumbai Indians,runs,63.0,178,5,115,10,53,0
419139,2009/10,Kolkata,Eden Gardens,Kolkata Knight Riders,Kings XI Punjab,Kolkata Knight Riders,bat,Kolkata Knight Riders,Kings XI Punjab,Kings XI Punjab,wickets,8.0,200,3,204,2,53,0
419140,2009/10,Delhi,Feroz Shah Kotla,Delhi Daredevils,Royal Challengers Bangalore,Delhi Daredevils,bat,Delhi Daredevils,Royal Challengers Bangalore,Delhi Daredevils,runs,37.0,184,5,147,9,54,2
419141,2009/10,Nagpur,"Vidarbha Cricket Association Stadium, Jamtha",Deccan Chargers,Rajasthan Royals,Rajasthan Royals,bat,Rajasthan Royals,Deccan Chargers,Rajasthan Royals,runs,2.0,159,10,157,10,48,2
419142,2009/10,Chennai,"MA Chidambaram Stadium, Chepauk",Chennai Super Kings,Mumbai Indians,Chennai Super Kings,bat,Chennai Super Kings,Mumbai Indians,Chennai Super Kings,runs,24.0,165,4,141,9,42,1
419143,2009/10,Jaipur,Sawai Mansingh Stadium,Rajasthan Royals,Kings XI Punjab,Kings XI Punjab,bat,Kings XI Punjab,Rajasthan Royals,Rajasthan Royals,wickets,9.0,153,6,157,1,52,1
419144,2009/10,Kolkata,Eden Gardens,Kolkata Knight Riders,Delhi Daredevils,Kolkata Knight Riders,bat,Kolkata Knight Riders,Delhi Daredevils,Kolkata Knight Riders,runs,14.0,181,3,167,8,50,0
419145,2009/10,Bangalore,M Chinnaswamy Stadium,Royal Challengers Bangalore,Deccan Chargers,Deccan Chargers,field,Royal Challengers Bangalore,Deccan Chargers,Deccan Chargers,wickets,7.0,184,6,186,3,46,1
419146,2009/10,Chandigarh,"Punjab Cricket Association Stadium, Mohali",Kings XI Punjab,Mumbai Indians,Mumbai Indians,bat,Mumbai Indians,Kings XI Punjab,Kings XI Punjab,wickets,6.0,154,9,158,4,51,2
419147,2009/10,Nagpur,"Vidarbha Cricket Association Stadium, Jamtha",Deccan Chargers,Chennai Super Kings,Chennai Super Kings,bat,Chennai Super Kings,Deccan Chargers,Deccan Chargers,wickets,6.0,138,8,139,4,55,1
419148,2009/10,Bangalore,M Chinnaswamy Stadium,Royal Challengers Bangalore,Kolkata Knight Riders,Royal Challengers Bangalore,field,Kolkata Knight Riders,Royal Challengers Bangalore,Royal Challengers Bangalore,wickets,7.0,160,9,162,3,61,1
419149,2009/10,Delhi,Feroz Shah Kotla,Delhi Daredevils,Kings XI Punjab,Delhi Daredevils,bat,Delhi Daredevils,Kings XI Punjab,Kings XI Punjab,wickets,7.0,111,10,112,3,45,3
419150,2009/10,Jaipur,Sawai Mansingh Stadium,Rajasthan Royals,Mumbai Indians,Rajasthan Royals,field,Mumbai Indians,Rajasthan Royals,Mumbai Indians,runs,37.0,174,5,137,8,47,3
419151,2009/10,Nagpur,"Vidarbha Cricket Association Stadium, Jamtha",Deccan Chargers,Royal Challengers Bangalore,Royal Challengers Bangalore,field,Deccan Chargers,Royal Challengers Bangalore,Deccan Chargers,runs,13.0,151,6,138,10,35,3
419152,2009/10,Mumbai,Brabourne Stadium,Mumbai Indians,Delhi Daredevils,Mumbai Indians,bat,Mumbai Indians,Delhi Daredevils,Mumbai Indians,runs,39.0,183,4,144,7,44,1
419153,2009/10,Chennai,"MA Chidambaram Stadium, Chepauk",Chennai Super Kings,Kolkata Knight Riders,Kolkata Knight Riders,bat,Kolkata Knight Riders,Chennai Super Kings,Chennai Super Kings,wickets,9.0,139,8,143,1,22,4
419154,2009/10,Jaipur,Sawai Mansingh Stadium,Rajasthan Royals,Royal Challengers Bangalore,Rajasthan Royals,bat,Rajasthan Royals,Royal Challengers Bangalore,Royal Challengers Bangalore,wickets,5.0,130,6,132,5,30,3
419155,2009/10,Chennai,"MA Chidambaram Stadium, Chepauk",Chennai Super Kings,Delhi Daredevils,Chennai Super Kings,bat,Chennai Super Kings,Delhi Daredevils,Delhi Daredevils,wickets,6.0,112,9,113,4,39,3
419156,2009/10,Dharamsala,Himachal Pradesh Cricket Association Stadium,Kings XI Punjab,Deccan Chargers,Deccan Chargers,field,Kings XI Punjab,Deccan Chargers,Deccan Chargers,wickets,5.0,174,3,178,5,43,1
419157,2009/10,Bangalore,M Chinnaswamy Stadium,Royal Challengers Bangalore,Mumbai Indians,Royal Challengers Bangalore,field,Mumbai Indians,Royal Challengers Bangalore,Mumbai Indians,runs,57.0,191,4,134,9,34,1
419158,2009/10,Kolkata,Eden Gardens,Kolkata Knight Riders,Rajasthan Royals,Rajasthan Royals,bat,Rajasthan Royals,Kolkata Knight Riders,Kolkata Knight Riders,wickets,8.0,132,9,133,2,46,0
419159,2009/10,Dharamsala,Himachal Pradesh Cricket Association Stadium,Kings XI Punjab,Chennai Super Kings,Chennai Super Kings,field,Kings XI Punjab,Chennai Super Kings,Chennai Super Kings,wickets,6.0,192,3,195,4,49,1
419160,2009/10,Delhi,Feroz Shah Kotla,Delhi Daredevils,Deccan Chargers,Deccan Chargers,bat,Deccan Chargers,Delhi Daredevils,Deccan Chargers,runs,11.0,145,7,134,7,38,2
419161,2009/10,Kolkata,Eden Gardens,Kolkata Knight Riders,Mumbai Indians,Mumbai Indians,bat,Mumbai Indians,Kolkata Knight Riders,Kolkata Knight Riders,wickets,9.0,133,8,135,1,42,2
419162,2009/10,Mumbai,Dr DY Patil Sports Academy,Royal Challengers Bangalore,Mumbai Indians,Mumbai Indians,bat,Mumbai Indians,Royal Challengers Bangalore,Mumbai Indians,runs,35.0,184,5,149,9,54,2
419163,2009/10,Mumbai,Dr DY Patil Sports Academy,Chennai Super Kings,Deccan Chargers,Chennai Super Kings,bat,Chennai Super Kings,Deccan Chargers,Chennai Super Kings,runs,38.0,142,7,104,10,39,3
419164,2009/10,Mumbai,Dr DY Patil Sports Academy,Royal Challengers Bangalore,Deccan Chargers,Deccan Chargers,bat,Deccan Chargers,Royal Challengers Bangalore,Royal Challengers Bangalore,wickets,9.0,82,10,86,1,27,3
419165,2009/10,Mumbai,Dr DY Patil Sports Academy,Chennai Super Kings,Mumbai Indians,Chennai Super Kings,bat,Chennai Super Kings,Mumbai Indians,Chennai Super Kings,runs,22.0,168,5,146,9,40,0
501198,2011,Chennai,"MA Chidambaram Stadium, Chepauk",Chennai Super Kings,Kolkata Knight Riders,Chennai Super Kings,bat,Chennai Super Kings,Kolkata Knight Riders,Chennai Super Kings,runs,2.0,153,4,151,7,45,1
501199,2011,Hyderabad,"Rajiv Gandhi International Stadium, Uppal",Deccan Chargers,Rajasthan Royals,Rajasthan Royals,field,Deccan Chargers,Rajasthan Royals,Rajasthan Royals,wickets,8.0,137,8,141,2,44,2
501200,2011,Kochi,Nehru Stadium,Kochi Tuskers Kerala,Royal Challengers Bangalore,Kochi Tuskers Kerala,bat,Kochi Tuskers Kerala,Royal Challengers Bangalore,Royal Challengers Bangalore,wickets,6.0,161,5,162,4,61,0
501201,2011,Delhi,Feroz Shah Kotla,Delhi Daredevils,Mumbai Indians,Delhi Daredevils,bat,Delhi Daredevils,Mumbai Indians,Mumbai Indians,wickets,8.0,95,10,99,2,38,3
501202,2011,Mumbai,Dr DY Patil Sports Academy,Pune Warriors,Kings XI Punjab,Kings XI Punjab,bat,Kings XI Punjab,Pune Warriors,Pune Warriors,wickets,7.0,112,8,113,3,36,5
501203,2011,Kolkata,Eden Gardens,Kolkata Knight Riders,Deccan Chargers,Kolkata Knight Riders,bat,Kolkata Knight Riders,Deccan Chargers,Kolkata Knight Riders,runs,9.0,163,4,154,8,46,0
501204,2011,Jaipur,Sawai Mansingh Stadium,Rajasthan Royals,Delhi Daredevils,Delhi Daredevils,bat,Delhi Daredevils,Rajasthan Royals,Rajasthan Royals,wickets,6.0,151,6,152,4,30,2
501205,2011,Bangalore,M Chinnaswamy Stadium,Royal Challengers Bangalore,Mumbai Indians,Mumbai Indians,field,Royal Challengers Bangalore,Mumbai Indians,Mumbai Indians,wickets,9.0,140,4,143,1,24,2
501206,2011,Chandigarh,"Punjab Cricket Association Stadium, Mohali",Kings XI Punjab,Chennai Super Kings,Kings XI Punjab,field,Chennai Super Kings,Kings XI Punjab,Kings XI Punjab,wickets,6.0,188,4,193,4,31,2
501207,2011,Mumbai,Dr DY Patil Sports Academy,Pune Warriors,Kochi Tuskers Kerala,Kochi Tuskers Kerala,bat,Kochi Tuskers Kerala,Pune Warriors,Pune Warriors,wickets,4.0,148,8,151,6,37,4
501208,2011,Hyderabad,"Rajiv Gandhi International Stadium, Uppal",Deccan Chargers,Royal Challengers Bangalore,Royal Challengers Bangalore,field,Deccan Chargers,Royal Challengers Bangalore,Deccan Chargers,runs,33.0,175,5,142,9,41,1
501209,2011,Jaipur,Sawai Mansingh Stadium,Rajasthan Royals,Kolkata Knight Riders,Kolkata Knight Riders,field,Rajasthan Royals,Kolkata Knight Riders,Kolkata Knight Riders,wickets,9.0,159,4,160,1,31,1
501210,2011,Mumbai,Wankhede Stadium,Mumbai Indians,Kochi Tuskers Kerala,Kochi Tuskers Kerala,field,Mumbai Indians,Kochi Tuskers Kerala,Kochi Tuskers Kerala,wickets,8.0,182,2,184,2,44,0
501211,2011,Chennai,"MA Chidambaram Stadium, Chepauk",Chennai Super Kings,Royal Challengers Bangalore,Chennai Super Kings,bat,Chennai Super Kings,Royal Challengers Bangalore,Chennai Super Kings,runs,21.0,183,5,162,7,45,0
501212,2011,Hyderabad,"Rajiv Gandhi International Stadium, Uppal",Deccan Chargers,Kings XI Punjab,Kings XI Punjab,field,Deccan Chargers,Kings XI Punjab,Kings XI Punjab,wickets,8.0,165,8,166,2,48,1
501213,2011,Mumbai,Dr DY Patil Sports Academy,Pune Warriors,Delhi Daredevils,Delhi Daredevils,field,Pune Warriors,Delhi Daredevils,Delhi Daredevils,wickets,3.0,187,5,190,7,63,1
501214,2011,Kolkata,Eden Gardens,Kolkata Knight Riders,Rajasthan Royals,Kolkata Knight Riders,field,Rajasthan Royals,Kolkata Knight Riders,Kolkata Knight Riders,wickets,8.0,81,10,85,2,36,2
501215,2011,Kochi,Nehru Stadium,Kochi Tuskers Kerala,Chennai Super Kings,Kochi Tuskers Kerala,field,Chennai Super Kings,Kochi Tuskers Kerala,Kochi Tuskers Kerala,wickets,7.0,131,4,135,3,42,1
501216,2011,Delhi,Feroz Shah Kotla,Delhi Daredevils,Deccan Chargers,Deccan Chargers,bat,Deccan Chargers,Delhi Daredevils,Deccan Chargers,runs,16.0,168,4,152,7,43,1
501218,2011,Mumbai,Wankhede Stadium,Mumbai Indians,Pune Warriors,Pune Warriors,bat,Pune Warriors,Mumbai Indians,Mumbai Indians,wickets,7.0,118,10,124,3,33,4
501219,2011,Kolkata,Eden Gardens,Kolkata Knight Riders,Kochi Tuskers Kerala,Kolkata Knight Riders,field,Kochi Tuskers Kerala,Kolkata Knight Riders,Kochi Tuskers Kerala,runs,6.0,132,7,126,9,45,0
501220,2011,Chandigarh,"Punjab Cricket Association Stadium, Mohali",Kings XI Punjab,Rajasthan Royals,Rajasthan Royals,field,Kings XI Punjab,Rajasthan Royals,Kings XI Punjab,runs,48.0,195,7,147,7,77,1
501221,2011,Mumbai,Wankhede Stadium,Mumbai Indians,Chennai Super Kings,Chennai Super Kings,field,Mumbai Indians,Chennai Super Kings,Mumbai Indians,runs,8.0,164,4,156,9,40,2
501222,2011,Kolkata,Eden Gardens,Kolkata Knight Riders,Royal Challengers Bangalore,Royal Challengers Bangalore,field,Kolkata Knight Riders,Royal Challengers Bangalore,Royal Challengers Bangalore,wickets,9.0,171,5,175,1,50,1
501223,2011,Delhi,Feroz Shah Kotla,Delhi Daredevils,Kings XI Punjab,Kings XI Punjab,field,Delhi Daredevils,Kings XI Punjab,Delhi Daredevils,runs,29.0,231,4,202,6,70,0
501224,2011,Hyderabad,"Rajiv Gandhi International Stadium, Uppal",Deccan Chargers,Mumbai Indians,Deccan Chargers,field,Mumbai Indians,Deccan Chargers,Mumbai Indians,runs,37.0,172,4,135,8,57,1
501225,2011,Jaipur,Sawai Mansingh Stadium,Rajasthan Royals,Kochi Tuskers Kerala,Rajasthan Royals,field,Kochi Tuskers Kerala,Rajasthan Royals,Rajasthan Royals,wickets,8.0,109,10,111,2,32,2
501226,2011,Chennai,"MA Chidambaram Stadium, Chepauk",Chennai Super Kings,Pune Warriors,Pune Warriors,field,Chennai Super Kings,Pune Warriors,Chennai Super Kings,runs,25.0,142,6,117,9,45,0
501227,2011,Delhi,Feroz Shah Kotla,Delhi Daredevils,Royal Challengers Bangalore,Royal Challengers Bangalore,field,Delhi Daredevils,Royal Challengers Bangalore,Royal Challengers Bangalore,wickets,3.0,160,6,161,7,42,1
501228,2011,Mumbai,Dr DY Patil Sports Academy,Pune Warriors,Chennai Super Kings,Pune Warriors,bat,Pune Warriors,Chennai Super Kings,Chennai Super Kings,wickets,8.0,141,6,145,2,37,3
501229,2011,Kochi,Nehru Stadium,Kochi Tuskers Kerala,Deccan Chargers,Kochi Tuskers Kerala,field,Deccan Chargers,Kochi Tuskers Kerala,Deccan Chargers,runs,55.0,129,7,74,10,20,3
501230,2011,Delhi,Feroz Shah Kotla,Delhi Daredevils,Kolkata Knight Riders,Delhi Daredevils,field,Kolkata Knight Riders,Delhi Daredevils,Kolkata Knight Riders,runs,17.0,148,7,131,9,42,1
501231,2011,Jaipur,Sawai Mansingh Stadium,Rajasthan Royals,Mumbai Indians,Rajasthan Royals,field,Mumbai Indians,Rajasthan Royals,Rajasthan Royals,wickets,7.0,94,8,95,3,31,2
501232,2011,Bangalore,M Chinnaswamy Stadium,Royal Challengers Bangalore,Pune Warriors,Pune Warriors,field,Royal Challengers Bangalore,Pune Warriors,Royal Challengers Bangalore,runs,26.0,181,5,155,5,57,0
501233,2011,Kochi,Nehru Stadium,Kochi Tuskers Kerala,Delhi Daredevils,Delhi Daredevils,bat,Delhi Daredevils,Kochi Tuskers Kerala,Delhi Daredevils,runs,38.0,157,7,119,10,34,2
501234,2011,Kolkata,Eden Gardens,Kolkata Knight Riders,Kings XI Punjab,Kolkata Knight Riders,field,Kings XI Punjab,Kolkata Knight Riders,Kolkata Knight Riders,wickets,8.0,119,6,120,2,40,2
501235,2011,Jaipur,Sawai Mansingh Stadium,Rajasthan Royals,Pune Warriors,Rajasthan Royals,field,Pune Warriors,Rajasthan Royals,Rajasthan Royals,wickets,6.0,143,7,144,4,49,1
501236,2011,Chennai,"MA Chidambaram Stadium, Chepauk",Chennai Super Kings,Deccan Chargers,Chennai Super Kings,bat,Chennai Super Kings,Deccan Chargers,Chennai Super Kings,runs,19.0,165,5,146,8,34,1
501237,2011,Mumbai,Wankhede Stadium,Mumbai Indians,Kings XI Punjab,Kings XI Punjab,field,Mumbai Indians,Kings XI Punjab,Mumbai Indians,runs,23.0,159,5,136,8,35,1
501238,2011,Delhi,Feroz Shah Kotla,Delhi Daredevils,Kochi Tuskers Kerala,Kochi Tuskers Kerala,field,Delhi Daredevils,Kochi Tuskers Kerala,Kochi Tuskers Kerala,wickets,7.0,140,6,141,3,42,2
501239,2011,Hyderabad,"Rajiv Gandhi International Stadium, Uppal",Deccan Chargers,Kolkata Knight Riders,Deccan Chargers,field,Kolkata Knight Riders,Deccan Chargers,Kolkata Knight Riders,runs,20.0,169,4,149,6,41,1
501240,2011,Chennai,"MA Chidambaram Stadium, Chepauk",Chennai Super Kings,Rajasthan Royals,Rajasthan Royals,bat,Rajasthan Royals,Chennai Super Kings,Chennai Super Kings,wickets,8.0,147,6,149,2,47,0
501241,2011,Mumbai,Dr DY Patil Sports Academy,Pune Warriors,Mumbai Indians,Pune Warriors,field,Mumbai Indians,Pune Warriors,Mumbai Indians,runs,21.0,160,7,139,7,49,1
501242,2011,Kochi,Nehru Stadium,Kochi Tuskers Kerala,Kolkata Knight Riders,Kolkata Knight Riders,field,Kochi Tuskers Kerala,Kolkata Knight Riders,Kochi Tuskers Kerala,runs,17.0,156,5,139,7,35,2
501243,2011,Hyderabad,"Rajiv Gandhi International Stadium, Uppal",Deccan Chargers,Delhi Daredevils,Delhi Daredevils,field,Deccan Chargers,Delhi Daredevils,Delhi Daredevils,wickets,4.0,175,5,179,6,43,1
501244,2011,Bangalore,M Chinnaswamy Stadium,Royal Challengers Bangalore,Kings XI Punjab,Kings XI Punjab,field,Royal Challengers Bangalore,Kings XI Punjab,Royal Challengers Bangalore,runs,85.0,205,6,120,9,48,1
501245,2011,Kolkata,Eden Gardens,Kolkata Knight Riders,Chennai Super Kings,Chennai Super Kings,bat,Chennai Super Kings,Kolkata Knight Riders,Kolkata Knight Riders,runs,10.0,114,4,61,2,15,2
501246,2011,Mumbai,Wankhede Stadium,Mumbai Indians,Delhi Daredevils,Delhi Daredevils,field,Mumbai Indians,Delhi Daredevils,Mumbai Indians,runs,32.0,178,4,146,10,50,1
501247,2011,Bangalore,M Chinnaswamy Stadium,Royal Challengers Bangalore,Kochi Tuskers Kerala,Kochi Tuskers Kerala,bat,Kochi Tuskers Kerala,Royal Challengers Bangalore,Royal Challengers Bangalore,wickets,9.0,125,9,128,1,49,1
501248,2011,Chandigarh,"Punjab Cricket Association Stadium, Mohali",Kings XI Punjab,Pune Warriors,Kings XI Punjab,bat,Kings XI Punjab,Pune Warriors,Pune Warriors,wickets,5.0,119,8,120,5,34,1
501249,2011,Jaipur,Sawai Mansingh Stadium,Rajasthan Royals,Chennai Super Kings,Rajasthan Royals,field,Chennai Super Kings,Rajasthan Royals,Chennai Super Kings,runs,63.0,196,3,133,10,55,0
501250,2011,Hyderabad,"Rajiv Gandhi International Stadium, Uppal",Deccan Chargers,Pune Warriors,Deccan Chargers,bat,Deccan Chargers,Pune Warriors,Pune Warriors,wickets,6.0,136,8,137,4,50,0
501251,2011,Chandigarh,"Punjab Cricket Association Stadium, Mohali",Kings XI Punjab,Mumbai Indians,Mumbai Indians,field,Kings XI Punjab,Mumbai Indians,Kings XI Punjab,runs,76.0,163,8,87,10,39,1
501252,2011,Jaipur,Sawai Mansingh Stadium,Rajasthan Royals,Royal Challengers Bangalore,Royal Challengers Bangalore,field,Rajasthan Royals,Royal Challengers Bangalore,Royal Challengers Bangalore,wickets,9.0,146,6,151,1,43,0
501253,2011,Chennai,"MA Chidambaram Stadium, Chepauk",Chennai Super Kings,Delhi Daredevils,Chennai Super Kings,bat,Chennai Super Kings,Delhi Daredevils,Chennai Super Kings,runs,18.0,176,4,158,6,42,2
501254,2011,Indore,Holkar Cricket Stadium,Kochi Tuskers Kerala,Kings XI Punjab,Kings XI Punjab,field,Kochi Tuskers Kerala,Kings XI Punjab,Kings XI Punjab,wickets,6.0,178,7,181,4,62,0
501255,2011,Bangalore,M Chinnaswamy Stadium,Royal Challengers Bangalore,Kolkata Knight Riders,Royal Challengers Bangalore,field,Kolkata Knight Riders,Royal Challengers Bangalore,Royal Challengers Bangalore,wickets,4.0,89,4,105,6,33,3
501256,2011,Mumbai,Wankhede Stadium,Mumbai Indians,Deccan Chargers,Deccan Chargers,bat,Deccan Chargers,Mumbai Indians,Deccan Chargers,runs,10.0,135,6,125,8,32,1
501257,2011,Dharamsala,Himachal Pradesh Cricket Association Stadium,Kings XI Punjab,Delhi Daredevils,Delhi Daredevils,field,Kings XI Punjab,Delhi Daredevils,Kings XI Punjab,runs,29.0,170,6,141,8,43,1
501258,2011,Indore,Holkar Cricket Stadium,Kochi Tuskers Kerala,Rajasthan Royals,Kochi Tuskers Kerala,field,Rajasthan Royals,Kochi Tuskers Kerala,Kochi Tuskers Kerala,wickets,8.0,97,10,98,2,32,3
501259,2011,Mumbai,Dr DY Patil Sports Academy,Pune Warriors,Deccan Chargers,Deccan Chargers,field,Pune Warriors,Deccan Chargers,Deccan Chargers,wickets,6.0,136,9,138,4,39,2
501260,2011,Dharamsala,Himachal Pradesh Cricket Association Stadium,Kings XI Punjab,Royal Challengers Bangalore,Kings XI Punjab,bat,Kings XI Punjab,Royal Challengers Bangalore,Kings XI Punjab,runs,111.0,232,2,121,10,30,1
501261,2011,Chennai,"MA Chidambaram Stadium, Chepauk",Chennai Super Kings,Kochi Tuskers Kerala,Chennai Super Kings,bat,Chennai Super Kings,Kochi Tuskers Kerala,Chennai Super Kings,runs,11.0,152,5,141,5,41,2
501262,2011,Mumbai,Dr DY Patil Sports Academy,Pune Warriors,Kolkata Knight Riders,Kolkata Knight Riders,field,Pune Warriors,Kolkata Knight Riders,Kolkata Knight Riders,wickets,7.0,118,7,119,3,29,2
501263,2011,Mumbai,Wankhede Stadium,Mumbai Indians,Rajasthan Royals,Mumbai Indians,bat,Mumbai Indians,Rajasthan Royals,Rajasthan Royals,wickets,10.0,133,5,134,0,26,2
501264,2011,Dharamsala,Himachal Pradesh Cricket Association Stadium,Kings XI Punjab,Deccan Chargers,Kings XI Punjab,field,Deccan Chargers,Kings XI Punjab,Deccan Chargers,runs,82.0,198,2,116,10,58,0
501265,2011,Delhi,Feroz Shah Kotla,Delhi Daredevils,Pune Warriors,Delhi Daredevils,bat,Delhi Daredevils,Pune Warriors,,,,56,3,0,0,33,2
501266,2011,Bangalore,M Chinnaswamy Stadium,Royal Challengers Bangalore,Chennai Super Kings,Royal Challengers Bangalore,field,Chennai Super Kings,Royal Challengers Bangalore,Royal Challengers Bangalore,wickets,8.0,128,8,129,2,23,4
501267,2011,Kolkata,Eden Gardens,Kolkata Knight Riders,Mumbai Indians,Mumbai Indians,field,Kolkata Knight Riders,Mumbai Indians,Mumbai Indians,wickets,5.0,175,7,178,5,46,2
501268,2011,Mumbai,Wankhede Stadium,Royal Challengers Bangalore,Chennai Super Kings,Chennai Super Kings,field,Royal Challengers Bangalore,Chennai Super Kings,Chennai Super Kings,wickets,6.0,175,4,177,4,44,1
501269,2011,Mumbai,Wankhede Stadium,Mumbai Indians,Kolkata Knight Riders,Mumbai Indians,field,Kolkata Knight Riders,Mumbai Indians,Mumbai Indians,wickets,4.0,147,7,148,6,25,4
501270,2011,Chennai,"MA Chidambaram Stadium, Chepauk",Royal Challengers Bangalore,Mumbai Indians,Mumbai Indians,field,Royal Challengers Bangalore,Mumbai Indians,Royal Challengers Bangalore,runs,43.0,185,4,142,8,68,0
501271,2011,Chennai,"MA Chidambaram Stadium, Chepauk",Chennai Super Kings,Royal Challengers Bangalore,Chennai Super Kings,bat,Chennai Super Kings,Royal Challengers Bangalore,Chennai Super Kings,runs,58.0,205,5,147,8,56,0
548306,2012,Chennai,"MA Chidambaram Stadium, Chepauk",Chennai Super Kings,Mumbai Indians,Mumbai Indians,field,Chennai Super Kings,Mumbai Indians,Mumbai Indians,wickets,8.0,112,10,115,2,42,2
548307,2012,Kolkata,Eden Gardens,Kolkata Knight Riders,Delhi Daredevils,Delhi Daredevils,field,Kolkata Knight Riders,Delhi Daredevils,Delhi Daredevils,wickets,8.0,97,9,100,2,46,4
548308,2012,Mumbai,Wankhede Stadium,Mumbai Indians,Pune Warriors,Mumbai Indians,field,Pune Warriors,Mumbai Indians,Pune Warriors,runs,28.0,129,9,101,9,30,3
548309,2012,Jaipur,Sawai Mansingh Stadium,Rajasthan Royals,Kings XI Punjab,Kings XI Punjab,field,Rajasthan Royals,Kings XI Punjab,Rajasthan Royals,runs,31.0,191,4,160,9,57,0
548310,2012,Bangalore,M Chinnaswamy Stadium,Royal Challengers Bangalore,Delhi Daredevils,Delhi Daredevils,field,Royal Challengers Bangalore,Delhi Daredevils,Royal Challengers Bangalore,runs,20.0,157,8,137,7,46,2
548311,2012,Visakhapatnam,Dr. Y.S. Rajasekhara Reddy ACA-VDCA Cricket Stadium,Deccan Chargers,Chennai Super Kings,Deccan Chargers,field,Chennai Super Kings,Deccan Chargers,Chennai Super Kings,runs,74.0,193,6,119,10,44,2
548312,2012,Jaipur,Sawai Mansingh Stadium,Rajasthan Royals,Kolkata Knight Riders,Kolkata Knight Riders,field,Rajasthan Royals,Kolkata Knight Riders,Rajasthan Royals,runs,22.0,164,5,142,10,37,1
548313,2012,Pune,Subrata Roy Sahara Stadium,Pune Warriors,Kings XI Punjab,Pune Warriors,bat,Pune Warriors,Kings XI Punjab,Pune Warriors,runs,22.0,166,6,144,8,38,2
548314,2012,Visakhapatnam,Dr. Y.S. Rajasekhara Reddy ACA-VDCA Cricket Stadium,Deccan Chargers,Mumbai Indians,Deccan Chargers,bat,Deccan Chargers,Mumbai Indians,Mumbai Indians,wickets,5.0,138,9,142,5,45,2
548315,2012,Bangalore,M Chinnaswamy Stadium,Royal Challengers Bangalore,Kolkata Knight Riders,Royal Challengers Bangalore,field,Kolkata Knight Riders,Royal Challengers Bangalore,Kolkata Knight Riders,runs,42.0,165,8,123,9,60,0
548316,2012,Delhi,Feroz Shah Kotla,Delhi Daredevils,Chennai Super Kings,Delhi Daredevils,field,Chennai Super Kings,Delhi Daredevils,Delhi Daredevils,wickets,8.0,110,8,111,2,41,2
548317,2012,Mumbai,Wankhede Stadium,Mumbai Indians,Rajasthan Royals,Rajasthan Royals,field,Mumbai Indians,Rajasthan Royals,Mumbai Indians,runs,27.0,197,6,170,10,54,1
548318,2012,Chennai,"MA Chidambaram Stadium, Chepauk",Chennai Super Kings,Royal Challengers Bangalore,Royal Challengers Bangalore,bat,Royal Challengers Bangalore,Chennai Super Kings,Chennai Super Kings,wickets,5.0,205,8,208,5,56,1
548319,2012,Chandigarh,"Punjab Cricket Association Stadium, Mohali",Kings XI Punjab,Pune Warriors,Kings XI Punjab,field,Pune Warriors,Kings XI Punjab,Kings XI Punjab,wickets,7.0,115,10,116,3,29,3
548320,2012,Kolkata,Eden Gardens,Kolkata Knight Riders,Rajasthan Royals,Rajasthan Royals,bat,Rajasthan Royals,Kolkata Knight Riders,Kolkata Knight Riders,wickets,5.0,131,5,137,5,45,0
548321,2012,Delhi,Feroz Shah Kotla,Delhi Daredevils,Deccan Chargers,Deccan Chargers,bat,Deccan Chargers,Delhi Daredevils,Delhi Daredevils,wickets,5.0,157,8,162,5,50,1
548322,2012,Pune,Subrata Roy Sahara Stadium,Pune Warriors,Chennai Super Kings,Chennai Super Kings,bat,Chennai Super Kings,Pune Warriors,Pune Warriors,wickets,7.0,155,5,156,3,43,0
548323,2012,Kolkata,Eden Gardens,Kolkata Knight Riders,Kings XI Punjab,Kolkata Knight Riders,field,Kings XI Punjab,Kolkata Knight Riders,Kings XI Punjab,runs,2.0,134,9,132,7,26,2
548324,2012,Bangalore,M Chinnaswamy Stadium,Royal Challengers Bangalore,Rajasthan Royals,Rajasthan Royals,bat,Rajasthan Royals,Royal Challengers Bangalore,Rajasthan Royals,runs,59.0,195,2,136,10,43,0
548325,2012,Mumbai,Wankhede Stadium,Mumbai Indians,Delhi Daredevils,Delhi Daredevils,field,Mumbai Indians,Delhi Daredevils,Delhi Daredevils,wickets,7.0,92,10,93,3,23,2
548326,2012,Jaipur,Sawai Mansingh Stadium,Rajasthan Royals,Deccan Chargers,Deccan Chargers,bat,Deccan Chargers,Rajasthan Royals,Rajasthan Royals,wickets,5.0,196,2,197,5,57,0
548327,2012,Bangalore,M Chinnaswamy Stadium,Royal Challengers Bangalore,Pune Warriors,Pune Warriors,bat,Pune Warriors,Royal Challengers Bangalore,Royal Challengers Bangalore,wickets,6.0,182,6,186,4,58,0
548328,2012,Chandigarh,"Punjab Cricket Association Stadium, Mohali",Kings XI Punjab,Kolkata Knight Riders,Kings XI Punjab,bat,Kings XI Punjab,Kolkata Knight Riders,Kolkata Knight Riders,wickets,8.0,124,7,127,2,45,1
548329,2012,Hyderabad,"Rajiv Gandhi International Stadium, Uppal",Deccan Chargers,Delhi Daredevils,Deccan Chargers,bat,Deccan Chargers,Delhi Daredevils,Delhi Daredevils,wickets,9.0,187,4,193,1,33,2
548330,2012,Chennai,"MA Chidambaram Stadium, Chepauk",Chennai Super Kings,Pune Warriors,Pune Warriors,field,Chennai Super Kings,Pune Warriors,Chennai Super Kings,runs,13.0,164,5,151,7,42,0
548331,2012,Chandigarh,"Punjab Cricket Association Stadium, Mohali",Kings XI Punjab,Royal Challengers Bangalore,Royal Challengers Bangalore,field,Kings XI Punjab,Royal Challengers Bangalore,Royal Challengers Bangalore,wickets,5.0,163,6,166,5,41,2
548332,2012,Chennai,"MA Chidambaram Stadium, Chepauk",Chennai Super Kings,Rajasthan Royals,Rajasthan Royals,bat,Rajasthan Royals,Chennai Super Kings,Chennai Super Kings,wickets,7.0,146,4,147,3,41,1
548333,2012,Delhi,Feroz Shah Kotla,Delhi Daredevils,Pune Warriors,Delhi Daredevils,field,Pune Warriors,Delhi Daredevils,Pune Warriors,runs,20.0,192,3,172,7,52,1
548334,2012,Mumbai,Wankhede Stadium,Mumbai Indians,Kings XI Punjab,Mumbai Indians,bat,Mumbai Indians,Kings XI Punjab,Kings XI Punjab,wickets,6.0,163,6,164,4,39,0
548335,2012,Cuttack,Barabati Stadium,Deccan Chargers,Kolkata Knight Riders,Kolkata Knight Riders,field,Deccan Chargers,Kolkata Knight Riders,Kolkata Knight Riders,wickets,5.0,126,7,127,5,39,1
548336,2012,Jaipur,Sawai Mansingh Stadium,Rajasthan Royals,Royal Challengers Bangalore,Rajasthan Royals,field,Royal Challengers Bangalore,Rajasthan Royals,Royal Challengers Bangalore,runs,46.0,189,3,143,7,37,1
548337,2012,Pune,Subrata Roy Sahara Stadium,Pune Warriors,Delhi Daredevils,Pune Warriors,bat,Pune Warriors,Delhi Daredevils,Delhi Daredevils,wickets,8.0,146,2,148,2,28,2
548339,2012,Chandigarh,"Punjab Cricket Association Stadium, Mohali",Kings XI Punjab,Mumbai Indians,Kings XI Punjab,bat,Kings XI Punjab,Mumbai Indians,Mumbai Indians,wickets,4.0,168,3,171,6,44,1
548341,2012,Pune,Subrata Roy Sahara Stadium,Pune Warriors,Deccan Chargers,Deccan Chargers,bat,Deccan Chargers,Pune Warriors,Deccan Chargers,runs,18.0,177,4,159,7,50,2
548342,2012,Delhi,Feroz Shah Kotla,Delhi Daredevils,Mumbai Indians,Mumbai Indians,field,Delhi Daredevils,Mumbai Indians,Delhi Daredevils,runs,37.0,207,5,170,9,54,0
548343,2012,Chennai,"MA Chidambaram Stadium, Chepauk",Chennai Super Kings,Kings XI Punjab,Kings XI Punjab,bat,Kings XI Punjab,Chennai Super Kings,Kings XI Punjab,runs,7.0,156,8,149,8,43,0
548344,2012,Kolkata,Eden Gardens,Kolkata Knight Riders,Royal Challengers Bangalore,Kolkata Knight Riders,bat,Kolkata Knight Riders,Royal Challengers Bangalore,Kolkata Knight Riders,runs,47.0,190,4,143,6,46,0
548345,2012,Delhi,Feroz Shah Kotla,Delhi Daredevils,Rajasthan Royals,Delhi Daredevils,bat,Delhi Daredevils,Rajasthan Royals,Delhi Daredevils,runs,1.0,152,6,151,3,42,2
548346,2012,Mumbai,Wankhede Stadium,Mumbai Indians,Deccan Chargers,Mumbai Indians,field,Deccan Chargers,Mumbai Indians,Mumbai Indians,wickets,5.0,100,10,101,5,38,1
548347,2012,Chennai,"MA Chidambaram Stadium, Chepauk",Chennai Super Kings,Kolkata Knight Riders,Chennai Super Kings,bat,Chennai Super Kings,Kolkata Knight Riders,Kolkata Knight Riders,wickets,5.0,139,5,140,5,43,2
548348,2012,Cuttack,Barabati Stadium,Deccan Chargers,Pune Warriors,Deccan Chargers,bat,Deccan Chargers,Pune Warriors,Deccan Chargers,runs,13.0,186,4,173,5,33,2
548349,2012,Jaipur,Sawai Mansingh Stadium,Rajasthan Royals,Delhi Daredevils,Rajasthan Royals,bat,Rajasthan Royals,Delhi Daredevils,Delhi Daredevils,wickets,6.0,141,6,144,4,56,0
548350,2012,Bangalore,M Chinnaswamy Stadium,Royal Challengers Bangalore,Kings XI Punjab,Kings XI Punjab,field,Royal Challengers Bangalore,Kings XI Punjab,Kings XI Punjab,wickets,4.0,158,5,163,6,33,1
548351,2012,Pune,Subrata Roy Sahara Stadium,Pune Warriors,Mumbai Indians,Mumbai Indians,bat,Mumbai Indians,Pune Warriors,Mumbai Indians,runs,1.0,120,9,119,6,42,0
548352,2012,Chennai,"MA Chidambaram Stadium, Chepauk",Chennai Super Kings,Deccan Chargers,Chennai Super Kings,bat,Chennai Super Kings,Deccan Chargers,Chennai Super Kings,runs,10.0,160,6,150,5,56,1
548353,2012,Kolkata,Eden Gardens,Kolkata Knight Riders,Pune Warriors,Kolkata Knight Riders,bat,Kolkata Knight Riders,Pune Warriors,Kolkata Knight Riders,runs,7.0,150,5,143,8,68,0
548354,2012,Chandigarh,"Punjab Cricket Association Stadium, Mohali",Kings XI Punjab,Rajasthan Royals,Rajasthan Royals,bat,Rajasthan Royals,Kings XI Punjab,Rajasthan Royals,runs,43.0,177,6,134,8,64,1
548355,2012,Mumbai,Wankhede Stadium,Mumbai Indians,Chennai Super Kings,Mumbai Indians,field,Chennai Super Kings,Mumbai Indians,Mumbai Indians,wickets,2.0,173,8,174,8,52,1
548356,2012,Bangalore,M Chinnaswamy Stadium,Royal Challengers Bangalore,Deccan Chargers,Royal Challengers Bangalore,field,Deccan Chargers,Royal Challengers Bangalore,Royal Challengers Bangalore,wickets,5.0,181,2,185,5,46,0
548357,2012,Delhi,Feroz Shah Kotla,Delhi Daredevils,Kolkata Knight Riders,Delhi Daredevils,bat,Delhi Daredevils,Kolkata Knight Riders,Kolkata Knight Riders,wickets,6.0,153,9,154,4,50,2
548358,2012,Pune,Subrata Roy Sahara Stadium,Pune Warriors,Rajasthan Royals,Pune Warriors,bat,Pune Warriors,Rajasthan Royals,Rajasthan Royals,wickets,7.0,125,6,126,3,35,1
548359,2012,Hyderabad,"Rajiv Gandhi International Stadium, Uppal",Deccan Chargers,Kings XI Punjab,Deccan Chargers,field,Kings XI Punjab,Deccan Chargers,Kings XI Punjab,runs,25.0,170,5,145,8,51,0
548360,2012,Mumbai,Wankhede Stadium,Mumbai Indians,Royal Challengers Bangalore,Royal Challengers Bangalore,field,Mumbai Indians,Royal Challengers Bangalore,Royal Challengers Bangalore,wickets,9.0,141,6,142,1,25,2
548361,2012,Jaipur,Sawai Mansingh Stadium,Rajasthan Royals,Chennai Super Kings,Chennai Super Kings,field,Rajasthan Royals,Chennai Super Kings,Chennai Super Kings,wickets,4.0,126,6,127,6,28,2
548362,2012,Pune,Subrata Roy Sahara Stadium,Pune Warriors,Royal Challengers Bangalore,Pune Warriors,field,Royal Challengers Bangalore,Pune Warriors,Royal Challengers Bangalore,runs,35.0,173,3,138,9,66,0
548363,2012,Kolkata,Eden Gardens,Kolkata Knight Riders,Mumbai Indians,Mumbai Indians,bat,Mumbai Indians,Kolkata Knight Riders,Mumbai Indians,runs,27.0,182,1,155,4,49,1
548364,2012,Chennai,"MA Chidambaram Stadium, Chepauk",Chennai Super Kings,Delhi Daredevils,Chennai Super Kings,field,Delhi Daredevils,Chennai Super Kings,Chennai Super Kings,wickets,9.0,114,5,115,1,27,4
548365,2012,Jaipur,Sawai Mansingh Stadium,Rajasthan Royals,Pune Warriors,Rajasthan Royals,bat,Rajasthan Royals,Pune Warriors,Rajasthan Royals,runs,45.0,170,4,125,9,45,1
548366,2012,Chandigarh,"Punjab Cricket Association Stadium, Mohali",Kings XI Punjab,Deccan Chargers,Deccan Chargers,bat,Deccan Chargers,Kings XI Punjab,Kings XI Punjab,wickets,4.0,190,4,194,6,47,1
548367,2012,Bangalore,M Chinnaswamy Stadium,Royal Challengers Bangalore,Mumbai Indians,Mumbai Indians,field,Royal Challengers Bangalore,Mumbai Indians,Mumbai Indians,wickets,5.0,171,6,173,5,40,2
548368,2012,Kolkata,Eden Gardens,Kolkata Knight Riders,Chennai Super Kings,Chennai Super Kings,field,Kolkata Knight Riders,Chennai Super Kings,Chennai Super Kings,wickets,5.0,158,6,160,5,50,0
548369,2012,Delhi,Feroz Shah Kotla,Delhi Daredevils,Kings XI Punjab,Kings XI Punjab,bat,Kings XI Punjab,Delhi Daredevils,Delhi Daredevils,wickets,5.0,136,8,140,5,47,2
548370,2012,Mumbai,Wankhede Stadium,Mumbai Indians,Kolkata Knight Riders,Mumbai Indians,field,Kolkata Knight Riders,Mumbai Indians,Kolkata Knight Riders,runs,32.0,140,7,108,10,32,2
548371,2012,Dharamsala,Himachal Pradesh Cricket Association Stadium,Kings XI Punjab,Chennai Super Kings,Kings XI Punjab,field,Chennai Super Kings,Kings XI Punjab,Kings XI Punjab,wickets,6.0,120,7,123,4,25,2
548372,2012,Delhi,Feroz Shah Kotla,Delhi Daredevils,Royal Challengers Bangalore,Delhi Daredevils,field,Royal Challengers Bangalore,Delhi Daredevils,Royal Challengers Bangalore,runs,21.0,215,1,194,9,42,1
548373,2012,Hyderabad,"Rajiv Gandhi International Stadium, Uppal",Deccan Chargers,Rajasthan Royals,Rajasthan Royals,bat,Rajasthan Royals,Deccan Chargers,Deccan Chargers,wickets,5.0,126,8,128,5,41,1
548374,2012,Dharamsala,Himachal Pradesh Cricket Association Stadium,Kings XI Punjab,Delhi Daredevils,Delhi Daredevils,field,Kings XI Punjab,Delhi Daredevils,Delhi Daredevils,wickets,6.0,141,8,145,4,20,4
548375,2012,Pune,Subrata Roy Sahara Stadium,Pune Warriors,Kolkata Knight Riders,Kolkata Knight Riders,bat,Kolkata Knight Riders,Pune Warriors,Kolkata Knight Riders,runs,34.0,136,4,102,8,27,1
548376,2012,Hyderabad,"Rajiv Gandhi International Stadium, Uppal",Deccan Chargers,Royal Challengers Bangalore,Royal Challengers Bangalore,field,Deccan Chargers,Royal Challengers Bangalore,Deccan Chargers,runs,9.0,132,7,123,9,23,3
548377,2012,Jaipur,Sawai Mansingh Stadium,Rajasthan Royals,Mumbai Indians,Rajasthan Royals,bat,Rajasthan Royals,Mumbai Indians,Mumbai Indians,wickets,10.0,162,6,163,0,31,2
548378,2012,Pune,Subrata Roy Sahara Stadium,Delhi Daredevils,Kolkata Knight Riders,Kolkata Knight Riders,bat,Kolkata Knight Riders,Delhi Daredevils,Kolkata Knight Riders,runs,18.0,162,4,144,8,48,1
548379,2012,Bangalore,M Chinnaswamy Stadium,Chennai Super Kings,Mumbai Indians,Mumbai Indians,field,Chennai Super Kings,Mumbai Indians,Chennai Super Kings,runs,38.0,187,5,149,9,30,2
548380,2012,Chennai,"MA Chidambaram Stadium, Chepauk",Delhi Daredevils,Chennai Super Kings,Delhi Daredevils,field,Chennai Super Kings,Delhi Daredevils,Chennai Super Kings,runs,86.0,222,5,136,10,52,0
548381,2012,Chennai,"MA Chidambaram Stadium, Chepauk",Kolkata Knight Riders,Chennai Super Kings,Chennai Super Kings,bat,Chennai Super Kings,Kolkata Knight Riders,Kolkata Knight Riders,wickets,5.0,190,3,192,5,54,0
597998,2013,Kolkata,Eden Gardens,Kolkata Knight Riders,Delhi Daredevils,Kolkata Knight Riders,field,Delhi Daredevils,Kolkata Knight Riders,Kolkata Knight Riders,wickets,6.0,128,10,129,4,45,2
597999,2013,Bangalore,M Chinnaswamy Stadium,Royal Challengers Bangalore,Mumbai Indians,Mumbai Indians,field,Royal Challengers Bangalore,Mumbai Indians,Royal Challengers Bangalore,runs,2.0,156,5,154,5,31,2
598000,2013,Hyderabad,"Rajiv Gandhi International Stadium, Uppal",Sunrisers Hyderabad,Pune Warriors,Pune Warriors,field,Sunrisers Hyderabad,Pune Warriors,Sunrisers Hyderabad,runs,22.0,126,6,104,10,38,1
598001,2013,Delhi,Feroz Shah Kotla,Delhi Daredevils,Rajasthan Royals,Rajasthan Royals,bat,Rajasthan Royals,Delhi Daredevils,Rajasthan Royals,runs,5.0,165,7,160,6,45,1
598002,2013,Chennai,"MA Chidambaram Stadium, Chepauk",Chennai Super Kings,Mumbai Indians,Mumbai Indians,bat,Mumbai Indians,Chennai Super Kings,Mumbai Indians,runs,9.0,148,6,139,9,41,2
598003,2013,Pune,Subrata Roy Sahara Stadium,Pune Warriors,Kings XI Punjab,Pune Warriors,bat,Pune Warriors,Kings XI Punjab,Kings XI Punjab,wickets,8.0,99,9,100,2,24,2
598004,2013,Hyderabad,"Rajiv Gandhi International Stadium, Uppal",Sunrisers Hyderabad,Royal Challengers Bangalore,Royal Challengers Bangalore,bat,Royal Challengers Bangalore,Sunrisers Hyderabad,,,,130,8,130,7,40,2
598005,2013,Jaipur,Sawai Mansingh Stadium,Rajasthan Royals,Kolkata Knight Riders,Kolkata Knight Riders,field,Rajasthan Royals,Kolkata Knight Riders,Rajasthan Royals,runs,19.0,144,6,125,10,35,1
598006,2013,Mumbai,Wankhede Stadium,Mumbai Indians,Delhi Daredevils,Mumbai Indians,bat,Mumbai Indians,Delhi Daredevils,Mumbai Indians,runs,44.0,209,5,165,9,38,2
598007,2013,Chandigarh,"Punjab Cricket Association Stadium, Mohali",Kings XI Punjab,Chennai Super Kings,Chennai Super Kings,field,Kings XI Punjab,Chennai Super Kings,Chennai Super Kings,wickets,10.0,138,10,139,0,43,2
598008,2013,Bangalore,M Chinnaswamy Stadium,Royal Challengers Bangalore,Kolkata Knight Riders,Royal Challengers Bangalore,field,Kolkata Knight Riders,Royal Challengers Bangalore,Royal Challengers Bangalore,wickets,8.0,154,8,158,2,44,1
598009,2013,Pune,Subrata Roy Sahara Stadium,Pune Warriors,Rajasthan Royals,Rajasthan Royals,bat,Rajasthan Royals,Pune Warriors,Pune Warriors,wickets,7.0,145,5,148,3,44,1
598010,2013,Delhi,Feroz Shah Kotla,Delhi Daredevils,Sunrisers Hyderabad,Delhi Daredevils,bat,Delhi Daredevils,Sunrisers Hyderabad,Sunrisers Hyderabad,wickets,3.0,114,8,115,7,29,3
598011,2013,Mumbai,Wankhede Stadium,Mumbai Indians,Pune Warriors,Mumbai Indians,bat,Mumbai Indians,Pune Warriors,Mumbai Indians,runs,41.0,183,3,142,8,48,0
598012,2013,Chennai,"MA Chidambaram Stadium, Chepauk",Chennai Super Kings,Royal Challengers Bangalore,Chennai Super Kings,field,Royal Challengers Bangalore,Chennai Super Kings,Chennai Super Kings,wickets,4.0,165,6,166,6,33,1
598013,2013,Kolkata,Eden Gardens,Kolkata Knight Riders,Sunrisers Hyderabad,Kolkata Knight Riders,bat,Kolkata Knight Riders,Sunrisers Hyderabad,Kolkata Knight Riders,runs,48.0,180,4,132,7,48,0
598014,2013,Jaipur,Sawai Mansingh Stadium,Rajasthan Royals,Kings XI Punjab,Rajasthan Royals,field,Kings XI Punjab,Rajasthan Royals,Rajasthan Royals,wickets,6.0,124,10,126,4,34,3
598015,2013,Chennai,"MA Chidambaram Stadium, Chepauk",Chennai Super Kings,Pune Warriors,Pune Warriors,bat,Pune Warriors,Chennai Super Kings,Pune Warriors,runs,24.0,159,5,135,8,48,0
598016,2013,Chandigarh,"Punjab Cricket Association Stadium, Mohali",Kings XI Punjab,Kolkata Knight Riders,Kolkata Knight Riders,field,Kings XI Punjab,Kolkata Knight Riders,Kings XI Punjab,runs,4.0,157,9,153,9,35,1
598017,2013,Bangalore,M Chinnaswamy Stadium,Royal Challengers Bangalore,Delhi Daredevils,Royal Challengers Bangalore,field,Delhi Daredevils,Royal Challengers Bangalore,,,,152,5,152,7,43,1
598018,2013,Pune,Maharashtra Cricket Association Stadium,Pune Warriors,Sunrisers Hyderabad,Pune Warriors,field,Sunrisers Hyderabad,Pune Warriors,Sunrisers Hyderabad,runs,11.0,119,8,108,10,25,4
598019,2013,Jaipur,Sawai Mansingh Stadium,Rajasthan Royals,Mumbai Indians,Rajasthan Royals,bat,Rajasthan Royals,Mumbai Indians,Rajasthan Royals,runs,87.0,179,3,92,10,58,0
598020,2013,Delhi,Feroz Shah Kotla,Delhi Daredevils,Chennai Super Kings,Chennai Super Kings,bat,Chennai Super Kings,Delhi Daredevils,Chennai Super Kings,runs,86.0,169,4,83,10,39,1
598021,2013,Hyderabad,"Rajiv Gandhi International Stadium, Uppal",Sunrisers Hyderabad,Kings XI Punjab,Kings XI Punjab,bat,Kings XI Punjab,Sunrisers Hyderabad,Sunrisers Hyderabad,wickets,5.0,123,9,127,5,36,1
598022,2013,Kolkata,Eden Gardens,Kolkata Knight Riders,Chennai Super Kings,Kolkata Knight Riders,bat,Kolkata Knight Riders,Chennai Super Kings,Chennai Super Kings,wickets,4.0,119,9,124,6,47,1
598023,2013,Bangalore,M Chinnaswamy Stadium,Royal Challengers Bangalore,Rajasthan Royals,Royal Challengers Bangalore,field,Rajasthan Royals,Royal Challengers Bangalore,Royal Challengers Bangalore,wickets,7.0,117,10,123,3,31,2
598024,2013,Delhi,Feroz Shah Kotla,Delhi Daredevils,Mumbai Indians,Mumbai Indians,bat,Mumbai Indians,Delhi Daredevils,Delhi Daredevils,wickets,9.0,161,4,165,1,24,2
598025,2013,Chandigarh,"Punjab Cricket Association Stadium, Mohali",Kings XI Punjab,Pune Warriors,Kings XI Punjab,field,Pune Warriors,Kings XI Punjab,Kings XI Punjab,wickets,7.0,185,4,186,3,48,0
598026,2013,Chennai,"MA Chidambaram Stadium, Chepauk",Chennai Super Kings,Rajasthan Royals,Rajasthan Royals,bat,Rajasthan Royals,Chennai Super Kings,Chennai Super Kings,wickets,5.0,185,4,186,5,55,0
598027,2013,Bangalore,M Chinnaswamy Stadium,Royal Challengers Bangalore,Pune Warriors,Pune Warriors,field,Royal Challengers Bangalore,Pune Warriors,Royal Challengers Bangalore,runs,130.0,263,5,133,9,62,0
598028,2013,Dharamsala,Himachal Pradesh Cricket Association Stadium,Kings XI Punjab,Delhi Daredevils,Delhi Daredevils,field,Kings XI Punjab,Delhi Daredevils,Kings XI Punjab,runs,7.0,171,4,164,7,53,0
598029,2013,Kolkata,Eden Gardens,Kolkata Knight Riders,Mumbai Indians,Kolkata Knight Riders,bat,Kolkata Knight Riders,Mumbai Indians,Mumbai Indians,wickets,5.0,159,6,162,5,61,1
598030,2013,Chennai,"MA Chidambaram Stadium, Chepauk",Chennai Super Kings,Sunrisers Hyderabad,Sunrisers Hyderabad,bat,Sunrisers Hyderabad,Chennai Super Kings,Chennai Super Kings,wickets,5.0,159,6,160,5,40,3
598031,2013,Kolkata,Eden Gardens,Kolkata Knight Riders,Kings XI Punjab,Kings XI Punjab,bat,Kings XI Punjab,Kolkata Knight Riders,Kolkata Knight Riders,wickets,6.0,149,6,150,4,45,0
598032,2013,Jaipur,Sawai Mansingh Stadium,Rajasthan Royals,Sunrisers Hyderabad,Sunrisers Hyderabad,bat,Sunrisers Hyderabad,Rajasthan Royals,Rajasthan Royals,wickets,8.0,144,9,146,2,29,5
598033,2013,Mumbai,Wankhede Stadium,Mumbai Indians,Royal Challengers Bangalore,Mumbai Indians,bat,Mumbai Indians,Royal Challengers Bangalore,Mumbai Indians,runs,58.0,194,7,136,7,52,1
598034,2013,Chennai,"MA Chidambaram Stadium, Chepauk",Chennai Super Kings,Kolkata Knight Riders,Kolkata Knight Riders,field,Chennai Super Kings,Kolkata Knight Riders,Chennai Super Kings,runs,14.0,200,3,186,4,67,0
598035,2013,Raipur,Shaheed Veer Narayan Singh International Stadium,Delhi Daredevils,Pune Warriors,Pune Warriors,field,Delhi Daredevils,Pune Warriors,Delhi Daredevils,runs,15.0,164,5,149,4,37,1
598036,2013,Jaipur,Sawai Mansingh Stadium,Rajasthan Royals,Royal Challengers Bangalore,Rajasthan Royals,field,Royal Challengers Bangalore,Rajasthan Royals,Rajasthan Royals,wickets,4.0,171,6,173,6,55,1
598037,2013,Mumbai,Wankhede Stadium,Mumbai Indians,Kings XI Punjab,Mumbai Indians,bat,Mumbai Indians,Kings XI Punjab,Mumbai Indians,runs,4.0,174,3,170,10,36,1
598038,2013,Pune,Subrata Roy Sahara Stadium,Pune Warriors,Chennai Super Kings,Chennai Super Kings,bat,Chennai Super Kings,Pune Warriors,Chennai Super Kings,runs,37.0,164,3,127,9,29,2
598039,2013,Hyderabad,"Rajiv Gandhi International Stadium, Uppal",Sunrisers Hyderabad,Mumbai Indians,Mumbai Indians,bat,Mumbai Indians,Sunrisers Hyderabad,Sunrisers Hyderabad,wickets,7.0,129,4,130,3,41,2
598040,2013,Raipur,Shaheed Veer Narayan Singh International Stadium,Delhi Daredevils,Kolkata Knight Riders,Kolkata Knight Riders,bat,Kolkata Knight Riders,Delhi Daredevils,Delhi Daredevils,wickets,7.0,136,7,137,3,37,3
598041,2013,Chennai,"MA Chidambaram Stadium, Chepauk",Chennai Super Kings,Kings XI Punjab,Chennai Super Kings,bat,Chennai Super Kings,Kings XI Punjab,Chennai Super Kings,runs,15.0,186,4,171,6,36,1
598042,2013,Pune,Subrata Roy Sahara Stadium,Pune Warriors,Royal Challengers Bangalore,Royal Challengers Bangalore,bat,Royal Challengers Bangalore,Pune Warriors,Royal Challengers Bangalore,runs,17.0,187,3,170,9,30,0
598043,2013,Kolkata,Eden Gardens,Kolkata Knight Riders,Rajasthan Royals,Rajasthan Royals,bat,Rajasthan Royals,Kolkata Knight Riders,Kolkata Knight Riders,wickets,8.0,132,6,133,2,34,2
598044,2013,Hyderabad,"Rajiv Gandhi International Stadium, Uppal",Sunrisers Hyderabad,Delhi Daredevils,Delhi Daredevils,bat,Delhi Daredevils,Sunrisers Hyderabad,Sunrisers Hyderabad,wickets,6.0,80,10,81,4,26,1
598045,2013,Bangalore,M Chinnaswamy Stadium,Royal Challengers Bangalore,Kings XI Punjab,Kings XI Punjab,field,Royal Challengers Bangalore,Kings XI Punjab,Kings XI Punjab,wickets,7.0,174,5,176,3,31,1
598046,2013,Mumbai,Wankhede Stadium,Mumbai Indians,Chennai Super Kings,Mumbai Indians,bat,Mumbai Indians,Chennai Super Kings,Mumbai Indians,runs,60.0,139,5,79,10,32,0
598047,2013,Jaipur,Sawai Mansingh Stadium,Rajasthan Royals,Pune Warriors,Pune Warriors,bat,Pune Warriors,Rajasthan Royals,Rajasthan Royals,wickets,5.0,178,4,182,5,61,0
598048,2013,Bangalore,M Chinnaswamy Stadium,Royal Challengers Bangalore,Sunrisers Hyderabad,Sunrisers Hyderabad,bat,Sunrisers Hyderabad,Royal Challengers Bangalore,Royal Challengers Bangalore,wickets,7.0,161,6,162,3,40,1
598049,2013,Jaipur,Sawai Mansingh Stadium,Rajasthan Royals,Delhi Daredevils,Delhi Daredevils,bat,Delhi Daredevils,Rajasthan Royals,Rajasthan Royals,wickets,9.0,154,4,155,1,42,2
598050,2013,Mumbai,Wankhede Stadium,Mumbai Indians,Kolkata Knight Riders,Mumbai Indians,bat,Mumbai Indians,Kolkata Knight Riders,Mumbai Indians,runs,65.0,170,6,105,10,41,0
598051,2013,Hyderabad,"Rajiv Gandhi International Stadium, Uppal",Sunrisers Hyderabad,Chennai Super Kings,Sunrisers Hyderabad,field,Chennai Super Kings,Sunrisers Hyderabad,Chennai Super Kings,runs,77.0,223,3,146,8,50,1
598052,2013,Chandigarh,"Punjab Cricket Association Stadium, Mohali",Kings XI Punjab,Rajasthan Royals,Rajasthan Royals,field,Kings XI Punjab,Rajasthan Royals,Rajasthan Royals,wickets,8.0,145,6,147,2,37,1
598053,2013,Pune,Subrata Roy Sahara Stadium,Pune Warriors,Kolkata Knight Riders,Kolkata Knight Riders,bat,Kolkata Knight Riders,Pune Warriors,Kolkata Knight Riders,runs,46.0,152,6,106,10,50,1
598054,2013,Delhi,Feroz Shah Kotla,Delhi Daredevils,Royal Challengers Bangalore,Delhi Daredevils,field,Royal Challengers Bangalore,Delhi Daredevils,Royal Challengers Bangalore,runs,4.0,183,4,179,7,40,2
598055,2013,Pune,Subrata Roy Sahara Stadium,Pune Warriors,Mumbai Indians,Pune Warriors,bat,Pune Warriors,Mumbai Indians,Mumbai Indians,wickets,5.0,112,8,116,5,36,2
598056,2013,Chandigarh,"Punjab Cricket Association Stadium, Mohali",Kings XI Punjab,Sunrisers Hyderabad,Kings XI Punjab,field,Sunrisers Hyderabad,Kings XI Punjab,Sunrisers Hyderabad,runs,30.0,150,7,120,9,37,2
598057,2013,Ranchi,JSCA International Stadium Complex,Kolkata Knight Riders,Royal Challengers Bangalore,Kolkata Knight Riders,field,Royal Challengers Bangalore,Kolkata Knight Riders,Kolkata Knight Riders,wickets,5.0,115,9,116,5,22,1
598058,2013,Jaipur,Sawai Mansingh Stadium,Rajasthan Royals,Chennai Super Kings,Rajasthan Royals,field,Chennai Super Kings,Rajasthan Royals,Rajasthan Royals,wickets,5.0,141,4,144,5,37,0
598059,2013,Delhi,Feroz Shah Kotla,Delhi Daredevils,Kings XI Punjab,Kings XI Punjab,field,Delhi Daredevils,Kings XI Punjab,Kings XI Punjab,wickets,5.0,120,7,121,5,40,2
598060,2013,Mumbai,Wankhede Stadium,Mumbai Indians,Sunrisers Hyderabad,Sunrisers Hyderabad,bat,Sunrisers Hyderabad,Mumbai Indians,Mumbai Indians,wickets,7.0,178,3,184,3,52,1
598061,2013,Ranchi,JSCA International Stadium Complex,Kolkata Knight Riders,Pune Warriors,Kolkata Knight Riders,field,Pune Warriors,Kolkata Knight Riders,Pune Warriors,runs,7.0,170,4,163,7,42,1
598062,2013,Chennai,"MA Chidambaram Stadium, Chepauk",Chennai Super Kings,Delhi Daredevils,Chennai Super Kings,bat,Chennai Super Kings,Delhi Daredevils,Chennai Super Kings,runs,33.0,168,4,135,9,47,0
598063,2013,Mumbai,Wankhede Stadium,Mumbai Indians,Rajasthan Royals,Rajasthan Royals,field,Mumbai Indians,Rajasthan Royals,Mumbai Indians,runs,14.0,166,8,152,7,49,1
598064,2013,Chandigarh,"Punjab Cricket Association Stadium, Mohali",Kings XI Punjab,Royal Challengers Bangalore,Kings XI Punjab,field,Royal Challengers Bangalore,Kings XI Punjab,Kings XI Punjab,wickets,6.0,190,3,194,4,58,0
598065,2013,Hyderabad,"Rajiv Gandhi International Stadium, Uppal",Sunrisers Hyderabad,Rajasthan Royals,Sunrisers Hyderabad,bat,Sunrisers Hyderabad,Rajasthan Royals,Sunrisers Hyderabad,runs,23.0,136,9,113,9,21,3
598066,2013,Dharamsala,Himachal Pradesh Cricket Association Stadium,Kings XI Punjab,Mumbai Indians,Mumbai Indians,field,Kings XI Punjab,Mumbai Indians,Kings XI Punjab,runs,50.0,183,8,133,9,35,2
598067,2013,Pune,Subrata Roy Sahara Stadium,Pune Warriors,Delhi Daredevils,Pune Warriors,bat,Pune Warriors,Delhi Daredevils,Pune Warriors,runs,38.0,172,5,134,9,40,1
598068,2013,Bangalore,M Chinnaswamy Stadium,Royal Challengers Bangalore,Chennai Super Kings,Chennai Super Kings,field,Royal Challengers Bangalore,Chennai Super Kings,Royal Challengers Bangalore,runs,24.0,106,2,82,6,76,1
598069,2013,Hyderabad,"Rajiv Gandhi International Stadium, Uppal",Sunrisers Hyderabad,Kolkata Knight Riders,Kolkata Knight Riders,bat,Kolkata Knight Riders,Sunrisers Hyderabad,Sunrisers Hyderabad,wickets,5.0,130,7,132,5,33,1
598070,2013,Delhi,Feroz Shah Kotla,Chennai Super Kings,Mumbai Indians,Chennai Super Kings,bat,Chennai Super Kings,Mumbai Indians,Chennai Super Kings,runs,48.0,192,1,144,10,47,0
598071,2013,Delhi,Feroz Shah Kotla,Rajasthan Royals,Sunrisers Hyderabad,Sunrisers Hyderabad,bat,Sunrisers Hyderabad,Rajasthan Royals,Rajasthan Royals,wickets,4.0,132,7,135,6,27,2
598072,2013,Kolkata,Eden Gardens,Mumbai Indians,Rajasthan Royals,Rajasthan Royals,bat,Rajasthan Royals,Mumbai Indians,Mumbai Indians,wickets,4.0,165,6,169,6,42,0
598073,2013,Kolkata,Eden Gardens,Chennai Super Kings,Mumbai Indians,Mumbai Indians,bat,Mumbai Indians,Chennai Super Kings,Mumbai Indians,runs,23.0,148,9,125,9,34,3
729279,2014,Abu Dhabi,Sheikh Zayed Stadium,Mumbai Indians,Kolkata Knight Riders,Kolkata Knight Riders,bat,Kolkata Knight Riders,Mumbai Indians,Kolkata Knight Riders,runs,41.0,163,5,122,7,31,1
729281,2014,,Sharjah Cricket Stadium,Delhi Daredevils,Royal Challengers Bangalore,Royal Challengers Bangalore,field,Delhi Daredevils,Royal Challengers Bangalore,Royal Challengers Bangalore,wickets,8.0,145,4,146,2,30,3
729283,2014,Abu Dhabi,Sheikh Zayed Stadium,Chennai Super Kings,Kings XI Punjab,Chennai Super Kings,bat,Chennai Super Kings,Kings XI Punjab,Kings XI Punjab,wickets,6.0,205,4,206,4,70,0
729285,2014,Abu Dhabi,Sheikh Zayed Stadium,Sunrisers Hyderabad,Rajasthan Royals,Rajasthan Royals,field,Sunrisers Hyderabad,Rajasthan Royals,Rajasthan Royals,wickets,4.0,133,6,135,6,41,1
729287,2014,,Dubai International Cricket Stadium,Royal Challengers Bangalore,Mumbai Indians,Royal Challengers Bangalore,field,Mumbai Indians,Royal Challengers Bangalore,Royal Challengers Bangalore,wickets,7.0,115,9,116,3,49,1
729289,2014,,Dubai International Cricket Stadium,Kolkata Knight Riders,Delhi Daredevils,Kolkata Knight Riders,bat,Kolkata Knight Riders,Delhi Daredevils,Delhi Daredevils,wickets,4.0,166,5,167,6,31,2
729291,2014,,Sharjah Cricket Stadium,Rajasthan Royals,Kings XI Punjab,Kings XI Punjab,field,Rajasthan Royals,Kings XI Punjab,Kings XI Punjab,wickets,7.0,191,5,193,3,54,1
729293,2014,Abu Dhabi,Sheikh Zayed Stadium,Chennai Super Kings,Delhi Daredevils,Chennai Super Kings,bat,Chennai Super Kings,Delhi Daredevils,Chennai Super Kings,runs,93.0,177,7,84,9,34,1
729295,2014,,Sharjah Cricket Stadium,Kings XI Punjab,Sunrisers Hyderabad,Sunrisers Hyderabad,field,Kings XI Punjab,Sunrisers Hyderabad,Kings XI Punjab,runs,72.0,193,6,121,10,43,0
729297,2014,,Dubai International Cricket Stadium,Rajasthan Royals,Chennai Super Kings,Rajasthan Royals,field,Chennai Super Kings,Rajasthan Royals,Chennai Super Kings,runs,7.0,140,6,133,10,51,1
729299,2014,,Sharjah Cricket Stadium,Royal Challengers Bangalore,Kolkata Knight Riders,Royal Challengers Bangalore,field,Kolkata Knight Riders,Royal Challengers Bangalore,Kolkata Knight Riders,runs,2.0,150,7,148,5,42,2
729301,2014,,Dubai International Cricket Stadium,Sunrisers Hyderabad,Delhi Daredevils,Sunrisers Hyderabad,bat,Sunrisers Hyderabad,Delhi Daredevils,Sunrisers Hyderabad,runs,4.0,184,1,180,4,55,0
729303,2014,,Dubai International Cricket Stadium,Chennai Super Kings,Mumbai Indians,Mumbai Indians,bat,Mumbai Indians,Chennai Super Kings,Chennai Super Kings,wickets,7.0,141,7,142,3,31,2
729305,2014,Abu Dhabi,Sheikh Zayed Stadium,Rajasthan Royals,Royal Challengers Bangalore,Rajasthan Royals,field,Royal Challengers Bangalore,Rajasthan Royals,Rajasthan Royals,wickets,6.0,70,10,71,4,22,5
729307,2014,Abu Dhabi,Sheikh Zayed Stadium,Kolkata Knight Riders,Kings XI Punjab,Kolkata Knight Riders,field,Kings XI Punjab,Kolkata Knight Riders,Kings XI Punjab,runs,23.0,132,9,109,10,51,2
729309,2014,,Sharjah Cricket Stadium,Delhi Daredevils,Mumbai Indians,Mumbai Indians,bat,Mumbai Indians,Delhi Daredevils,Delhi Daredevils,wickets,6.0,125,6,126,4,37,2
729311,2014,,Sharjah Cricket Stadium,Sunrisers Hyderabad,Chennai Super Kings,Sunrisers Hyderabad,bat,Sunrisers Hyderabad,Chennai Super Kings,Chennai Super Kings,wickets,5.0,145,5,146,5,37,2
729313,2014,,Dubai International Cricket Stadium,Kings XI Punjab,Royal Challengers Bangalore,Kings XI Punjab,field,Royal Challengers Bangalore,Kings XI Punjab,Kings XI Punjab,wickets,5.0,124,8,127,5,44,4
729315,2014,Abu Dhabi,Sheikh Zayed Stadium,Kolkata Knight Riders,Rajasthan Royals,Rajasthan Royals,bat,Rajasthan Royals,Kolkata Knight Riders,,,,152,5,152,8,45,1
729317,2014,,Dubai International Cricket Stadium,Mumbai Indians,Sunrisers Hyderabad,Mumbai Indians,field,Sunrisers Hyderabad,Mumbai Indians,Sunrisers Hyderabad,runs,15.0,172,5,157,7,44,2
733971,2014,Ranchi,JSCA International Stadium Complex,Chennai Super Kings,Kolkata Knight Riders,Chennai Super Kings,bat,Chennai Super Kings,Kolkata Knight Riders,Chennai Super Kings,runs,34.0,148,3,114,9,43,1
733973,2014,Mumbai,Wankhede Stadium,Mumbai Indians,Kings XI Punjab,Kings XI Punjab,bat,Kings XI Punjab,Mumbai Indians,Mumbai Indians,wickets,5.0,168,5,170,5,36,2
733975,2014,Delhi,Feroz Shah Kotla,Delhi Daredevils,Rajasthan Royals,Rajasthan Royals,field,Delhi Daredevils,Rajasthan Royals,Rajasthan Royals,wickets,7.0,152,5,156,3,46,1
733977,2014,Bangalore,M Chinnaswamy Stadium,Royal Challengers Bangalore,Sunrisers Hyderabad,Royal Challengers Bangalore,field,Sunrisers Hyderabad,Royal Challengers Bangalore,Royal Challengers Bangalore,wickets,4.0,155,6,158,6,47,2
733979,2014,Ahmedabad,"Sardar Patel Stadium, Motera",Rajasthan Royals,Kolkata Knight Riders,Kolkata Knight Riders,field,Rajasthan Royals,Kolkata Knight Riders,Rajasthan Royals,runs,10.0,170,6,160,6,50,0
733981,2014,Delhi,Feroz Shah Kotla,Delhi Daredevils,Chennai Super Kings,Chennai Super Kings,field,Delhi Daredevils,Chennai Super Kings,Chennai Super Kings,wickets,8.0,178,5,181,2,46,2
733983,2014,Mumbai,Wankhede Stadium,Mumbai Indians,Royal Challengers Bangalore,Royal Challengers Bangalore,field,Mumbai Indians,Royal Challengers Bangalore,Mumbai Indians,runs,19.0,187,5,168,8,50,1
733985,2014,Delhi,Feroz Shah Kotla,Delhi Daredevils,Kolkata Knight Riders,Delhi Daredevils,bat,Delhi Daredevils,Kolkata Knight Riders,Kolkata Knight Riders,wickets,8.0,160,5,161,2,29,2
733987,2014,Cuttack,Barabati Stadium,Kings XI Punjab,Chennai Super Kings,Chennai Super Kings,field,Kings XI Punjab,Chennai Super Kings,Kings XI Punjab,runs,44.0,231,4,187,6,38,2
733989,2014,Ahmedabad,"Sardar Patel Stadium, Motera",Rajasthan Royals,Sunrisers Hyderabad,Rajasthan Royals,field,Sunrisers Hyderabad,Rajasthan Royals,Sunrisers Hyderabad,runs,32.0,134,9,102,10,50,1
733991,2014,Bangalore,M Chinnaswamy Stadium,Royal Challengers Bangalore,Kings XI Punjab,Royal Challengers Bangalore,field,Kings XI Punjab,Royal Challengers Bangalore,Kings XI Punjab,runs,32.0,198,8,166,9,64,1
733993,2014,Delhi,Feroz Shah Kotla,Delhi Daredevils,Sunrisers Hyderabad,Sunrisers Hyderabad,field,Delhi Daredevils,Sunrisers Hyderabad,Sunrisers Hyderabad,wickets,8.0,143,7,44,2,52,1
733995,2014,Mumbai,Wankhede Stadium,Mumbai Indians,Chennai Super Kings,Chennai Super Kings,field,Mumbai Indians,Chennai Super Kings,Chennai Super Kings,wickets,4.0,157,6,160,6,42,1
733997,2014,Cuttack,Barabati Stadium,Kings XI Punjab,Kolkata Knight Riders,Kolkata Knight Riders,field,Kings XI Punjab,Kolkata Knight Riders,Kolkata Knight Riders,wickets,9.0,149,8,150,1,49,2
733999,2014,Bangalore,M Chinnaswamy Stadium,Royal Challengers Bangalore,Rajasthan Royals,Royal Challengers Bangalore,bat,Royal Challengers Bangalore,Rajasthan Royals,Rajasthan Royals,wickets,5.0,190,5,191,5,31,1
734001,2014,Hyderabad,"Rajiv Gandhi International Stadium, Uppal",Sunrisers Hyderabad,Mumbai Indians,Sunrisers Hyderabad,bat,Sunrisers Hyderabad,Mumbai Indians,Mumbai Indians,wickets,7.0,157,3,160,3,43,1
734003,2014,Ranchi,JSCA International Stadium Complex,Chennai Super Kings,Rajasthan Royals,Rajasthan Royals,bat,Rajasthan Royals,Chennai Super Kings,Chennai Super Kings,wickets,5.0,148,8,149,5,42,0
734005,2014,Bangalore,M Chinnaswamy Stadium,Royal Challengers Bangalore,Delhi Daredevils,Delhi Daredevils,field,Royal Challengers Bangalore,Delhi Daredevils,Royal Challengers Bangalore,runs,16.0,186,4,170,7,34,1
734007,2014,Hyderabad,"Rajiv Gandhi International Stadium, Uppal",Sunrisers Hyderabad,Kings XI Punjab,Kings XI Punjab,field,Sunrisers Hyderabad,Kings XI Punjab,Kings XI Punjab,wickets,6.0,205,5,211,4,55,0
734009,2014,Cuttack,Barabati Stadium,Kolkata Knight Riders,Mumbai Indians,Kolkata Knight Riders,field,Mumbai Indians,Kolkata Knight Riders,Kolkata Knight Riders,wickets,6.0,141,5,142,4,37,2
734011,2014,Ahmedabad,"Sardar Patel Stadium, Motera",Rajasthan Royals,Delhi Daredevils,Delhi Daredevils,field,Rajasthan Royals,Delhi Daredevils,Rajasthan Royals,runs,62.0,201,6,139,9,52,1
734013,2014,Ranchi,JSCA International Stadium Complex,Chennai Super Kings,Royal Challengers Bangalore,Chennai Super Kings,bat,Chennai Super Kings,Royal Challengers Bangalore,Royal Challengers Bangalore,wickets,5.0,138,4,142,5,39,2
734015,2014,Hyderabad,"Rajiv Gandhi International Stadium, Uppal",Sunrisers Hyderabad,Kolkata Knight Riders,Sunrisers Hyderabad,bat,Sunrisers Hyderabad,Kolkata Knight Riders,Kolkata Knight Riders,wickets,7.0,142,8,146,3,41,2
734017,2014,Ahmedabad,"Sardar Patel Stadium, Motera",Rajasthan Royals,Mumbai Indians,Mumbai Indians,bat,Mumbai Indians,Rajasthan Royals,Mumbai Indians,runs,25.0,178,3,153,8,42,0
734019,2014,Delhi,Feroz Shah Kotla,Delhi Daredevils,Kings XI Punjab,Kings XI Punjab,field,Delhi Daredevils,Kings XI Punjab,Kings XI Punjab,wickets,4.0,164,7,165,6,55,1
734021,2014,Hyderabad,"Rajiv Gandhi International Stadium, Uppal",Sunrisers Hyderabad,Royal Challengers Bangalore,Royal Challengers Bangalore,bat,Royal Challengers Bangalore,Sunrisers Hyderabad,Sunrisers Hyderabad,wickets,7.0,160,6,161,3,25,2
734023,2014,Kolkata,Eden Gardens,Kolkata Knight Riders,Chennai Super Kings,Kolkata Knight Riders,field,Chennai Super Kings,Kolkata Knight Riders,Kolkata Knight Riders,wickets,8.0,154,4,156,2,35,1
734025,2014,Chandigarh,"Punjab Cricket Association Stadium, Mohali",Kings XI Punjab,Mumbai Indians,Mumbai Indians,field,Kings XI Punjab,Mumbai Indians,Mumbai Indians,wickets,7.0,156,8,159,3,48,1
734027,2014,Kolkata,Eden Gardens,Kolkata Knight Riders,Royal Challengers Bangalore,Royal Challengers Bangalore,field,Kolkata Knight Riders,Royal Challengers Bangalore,Kolkata Knight Riders,runs,30.0,195,4,165,5,45,2
734029,2014,Ranchi,JSCA International Stadium Complex,Chennai Super Kings,Sunrisers Hyderabad,Sunrisers Hyderabad,field,Chennai Super Kings,Sunrisers Hyderabad,Sunrisers Hyderabad,wickets,6.0,185,3,189,4,60,1
734031,2014,Mumbai,Wankhede Stadium,Mumbai Indians,Delhi Daredevils,Delhi Daredevils,field,Mumbai Indians,Delhi Daredevils,Mumbai Indians,runs,15.0,173,10,158,4,65,0
734033,2014,Chandigarh,"Punjab Cricket Association Stadium, Mohali",Kings XI Punjab,Rajasthan Royals,Rajasthan Royals,field,Kings XI Punjab,Rajasthan Royals,Kings XI Punjab,runs,16.0,179,4,163,8,53,1
734035,2014,Bangalore,M Chinnaswamy Stadium,Royal Challengers Bangalore,Chennai Super Kings,Chennai Super Kings,field,Royal Challengers Bangalore,Chennai Super Kings,Chennai Super Kings,wickets,8.0,154,6,160,2,34,3
734037,2014,Kolkata,Eden Gardens,Kolkata Knight Riders,Sunrisers Hyderabad,Kolkata Knight Riders,field,Sunrisers Hyderabad,Kolkata Knight Riders,Kolkata Knight Riders,wickets,4.0,160,7,161,6,49,1
734039,2014,Chandigarh,"Punjab Cricket Association Stadium, Mohali",Kings XI Punjab,Delhi Daredevils,Kings XI Punjab,field,Delhi Daredevils,Kings XI Punjab,Kings XI Punjab,wickets,7.0,115,10,119,3,44,3
734041,2014,Mumbai,Wankhede Stadium,Mumbai Indians,Rajasthan Royals,Mumbai Indians,field,Rajasthan Royals,Mumbai Indians,Mumbai Indians,wickets,5.0,189,4,195,5,35,1
734043,2014,Kolkata,Eden Gardens,Kings XI Punjab,Kolkata Knight Riders,Kings XI Punjab,field,Kolkata Knight Riders,Kings XI Punjab,Kolkata Knight Riders,runs,28.0,163,8,135,8,55,1
734045,2014,Mumbai,Brabourne Stadium,Chennai Super Kings,Mumbai Indians,Chennai Super Kings,field,Mumbai Indians,Chennai Super Kings,Chennai Super Kings,wickets,7.0,173,8,176,3,53,0
734047,2014,Mumbai,Wankhede Stadium,Chennai Super Kings,Kings XI Punjab,Chennai Super Kings,field,Kings XI Punjab,Chennai Super Kings,Kings XI Punjab,runs,24.0,226,6,202,7,70,0
734049,2014,Bangalore,M Chinnaswamy Stadium,Kolkata Knight Riders,Kings XI Punjab,Kolkata Knight Riders,field,Kings XI Punjab,Kolkata Knight Riders,Kolkata Knight Riders,wickets,3.0,199,4,200,7,32,2
829705,2015,Kolkata,Eden Gardens,Kolkata Knight Riders,Mumbai Indians,Kolkata Knight Riders,field,Mumbai Indians,Kolkata Knight Riders,Kolkata Knight Riders,wickets,7.0,168,3,170,3,37,3
829707,2015,Chennai,"MA Chidambaram Stadium, Chepauk",Chennai Super Kings,Delhi Daredevils,Delhi Daredevils,field,Chennai Super Kings,Delhi Daredevils,Chennai Super Kings,runs,1.0,150,7,149,9,59,2
829709,2015,Pune,Maharashtra Cricket Association Stadium,Kings XI Punjab,Rajasthan Royals,Kings XI Punjab,field,Rajasthan Royals,Kings XI Punjab,Rajasthan Royals,runs,26.0,162,7,136,8,35,3
829711,2015,Chennai,"MA Chidambaram Stadium, Chepauk",Chennai Super Kings,Sunrisers Hyderabad,Chennai Super Kings,bat,Chennai Super Kings,Sunrisers Hyderabad,Chennai Super Kings,runs,45.0,209,4,164,6,49,0
829713,2015,Kolkata,Eden Gardens,Kolkata Knight Riders,Royal Challengers Bangalore,Royal Challengers Bangalore,field,Kolkata Knight Riders,Royal Challengers Bangalore,Royal Challengers Bangalore,wickets,3.0,177,6,179,7,53,0
829715,2015,Delhi,Feroz Shah Kotla,Delhi Daredevils,Rajasthan Royals,Rajasthan Royals,field,Delhi Daredevils,Rajasthan Royals,Rajasthan Royals,wickets,3.0,184,3,186,7,51,1
829717,2015,Mumbai,Wankhede Stadium,Mumbai Indians,Kings XI Punjab,Mumbai Indians,field,Kings XI Punjab,Mumbai Indians,Kings XI Punjab,runs,18.0,177,5,159,7,57,0
829719,2015,Bangalore,M Chinnaswamy Stadium,Royal Challengers Bangalore,Sunrisers Hyderabad,Sunrisers Hyderabad,field,Royal Challengers Bangalore,Sunrisers Hyderabad,Sunrisers Hyderabad,wickets,8.0,166,10,172,2,47,1
829721,2015,Ahmedabad,"Sardar Patel Stadium, Motera",Rajasthan Royals,Mumbai Indians,Mumbai Indians,bat,Mumbai Indians,Rajasthan Royals,Rajasthan Royals,wickets,7.0,164,5,165,3,31,1
829723,2015,Kolkata,Eden Gardens,Kolkata Knight Riders,Chennai Super Kings,Kolkata Knight Riders,field,Chennai Super Kings,Kolkata Knight Riders,Kolkata Knight Riders,wickets,7.0,165,9,169,3,69,4
829725,2015,Pune,Maharashtra Cricket Association Stadium,Kings XI Punjab,Delhi Daredevils,Kings XI Punjab,bat,Kings XI Punjab,Delhi Daredevils,Delhi Daredevils,wickets,5.0,165,7,169,5,41,1
829727,2015,Visakhapatnam,Dr. Y.S. Rajasekhara Reddy ACA-VDCA Cricket Stadium,Sunrisers Hyderabad,Rajasthan Royals,Rajasthan Royals,field,Sunrisers Hyderabad,Rajasthan Royals,Rajasthan Royals,wickets,6.0,127,5,131,4,35,3
829729,2015,Mumbai,Wankhede Stadium,Mumbai Indians,Chennai Super Kings,Mumbai Indians,bat,Mumbai Indians,Chennai Super Kings,Chennai Super Kings,wickets,6.0,183,7,189,4,31,3
829731,2015,Visakhapatnam,Dr. Y.S. Rajasekhara Reddy ACA-VDCA Cricket Stadium,Sunrisers Hyderabad,Delhi Daredevils,Delhi Daredevils,bat,Delhi Daredevils,Sunrisers Hyderabad,Delhi Daredevils,runs,4.0,167,4,163,8,40,1
829733,2015,Pune,Maharashtra Cricket Association Stadium,Kings XI Punjab,Kolkata Knight Riders,Kolkata Knight Riders,field,Kings XI Punjab,Kolkata Knight Riders,Kolkata Knight Riders,wickets,4.0,155,9,159,6,48,3
829735,2015,Ahmedabad,"Sardar Patel Stadium, Motera",Rajasthan Royals,Chennai Super Kings,Chennai Super Kings,bat,Chennai Super Kings,Rajasthan Royals,Rajasthan Royals,wickets,8.0,156,4,157,2,39,2
829737,2015,Bangalore,M Chinnaswamy Stadium,Royal Challengers Bangalore,Mumbai Indians,Royal Challengers Bangalore,field,Mumbai Indians,Royal Challengers Bangalore,Mumbai Indians,runs,18.0,209,7,191,7,48,1
829739,2015,Delhi,Feroz Shah Kotla,Delhi Daredevils,Kolkata Knight Riders,Kolkata Knight Riders,field,Delhi Daredevils,Kolkata Knight Riders,Kolkata Knight Riders,wickets,6.0,146,8,147,4,34,2
829741,2015,Ahmedabad,"Sardar Patel Stadium, Motera",Rajasthan Royals,Kings XI Punjab,Kings XI Punjab,field,Rajasthan Royals,Kings XI Punjab,,,,191,6,191,6,43,0
829743,2015,Visakhapatnam,Dr. Y.S. Rajasekhara Reddy ACA-VDCA Cricket Stadium,Sunrisers Hyderabad,Kolkata Knight Riders,Kolkata Knight Riders,field,Sunrisers Hyderabad,Kolkata Knight Riders,Sunrisers Hyderabad,runs,16.0,176,4,101,4,43,0
829745,2015,Bangalore,M Chinnaswamy Stadium,Royal Challengers Bangalore,Chennai Super Kings,Royal Challengers Bangalore,field,Chennai Super Kings,Royal Challengers Bangalore,Chennai Super Kings,runs,27.0,181,8,154,8,45,1
829747,2015,Delhi,Feroz Shah Kotla,Delhi Daredevils,Mumbai Indians,Mumbai Indians,field,Delhi Daredevils,Mumbai Indians,Delhi Daredevils,runs,37.0,190,4,153,9,45,1
829749,2015,Ahmedabad,"Sardar Patel Stadium, Motera",Rajasthan Royals,Royal Challengers Bangalore,Royal Challengers Bangalore,field,Rajasthan Royals,Royal Challengers Bangalore,Royal Challengers Bangalore,wickets,9.0,130,9,134,1,48,2
829751,2015,Mumbai,Wankhede Stadium,Mumbai Indians,Sunrisers Hyderabad,Mumbai Indians,bat,Mumbai Indians,Sunrisers Hyderabad,Mumbai Indians,runs,20.0,157,8,137,8,46,1
829753,2015,Chennai,"MA Chidambaram Stadium, Chepauk",Chennai Super Kings,Kings XI Punjab,Chennai Super Kings,bat,Chennai Super Kings,Kings XI Punjab,Chennai Super Kings,runs,97.0,192,3,95,9,54,1
829757,2015,Delhi,Feroz Shah Kotla,Delhi Daredevils,Royal Challengers Bangalore,Royal Challengers Bangalore,field,Delhi Daredevils,Royal Challengers Bangalore,Royal Challengers Bangalore,wickets,10.0,95,10,99,0,38,2
829759,2015,Chandigarh,"Punjab Cricket Association Stadium, Mohali",Kings XI Punjab,Sunrisers Hyderabad,Kings XI Punjab,field,Sunrisers Hyderabad,Kings XI Punjab,Sunrisers Hyderabad,runs,20.0,150,6,130,9,56,2
829761,2015,Kolkata,Eden Gardens,Kolkata Knight Riders,Delhi Daredevils,Kolkata Knight Riders,bat,Kolkata Knight Riders,Delhi Daredevils,Kolkata Knight Riders,runs,13.0,171,7,158,6,50,1
829763,2015,Bangalore,M Chinnaswamy Stadium,Royal Challengers Bangalore,Rajasthan Royals,Rajasthan Royals,field,Royal Challengers Bangalore,Rajasthan Royals,,,,200,7,0,0,52,2
829765,2015,Chennai,"MA Chidambaram Stadium, Chepauk",Chennai Super Kings,Kolkata Knight Riders,Kolkata Knight Riders,field,Chennai Super Kings,Kolkata Knight Riders,Chennai Super Kings,runs,2.0,134,6,132,9,53,1
829767,2015,Delhi,Feroz Shah Kotla,Delhi Daredevils,Kings XI Punjab,Delhi Daredevils,field,Kings XI Punjab,Delhi Daredevils,Delhi Daredevils,wickets,9.0,118,8,119,1,27,4
829769,2015,Mumbai,Wankhede Stadium,Mumbai Indians,Rajasthan Royals,Rajasthan Royals,field,Mumbai Indians,Rajasthan Royals,Mumbai Indians,runs,8.0,187,5,179,7,47,1
829771,2015,Bangalore,M Chinnaswamy Stadium,Royal Challengers Bangalore,Kolkata Knight Riders,Royal Challengers Bangalore,field,Kolkata Knight Riders,Royal Challengers Bangalore,Royal Challengers Bangalore,wickets,7.0,111,4,115,3,61,1
829773,2015,Hyderabad,"Rajiv Gandhi International Stadium, Uppal",Sunrisers Hyderabad,Chennai Super Kings,Chennai Super Kings,field,Sunrisers Hyderabad,Chennai Super Kings,Sunrisers Hyderabad,runs,22.0,192,7,170,6,76,0
829775,2015,Chandigarh,"Punjab Cricket Association Stadium, Mohali",Kings XI Punjab,Mumbai Indians,Mumbai Indians,bat,Mumbai Indians,Kings XI Punjab,Mumbai Indians,runs,23.0,172,3,149,7,51,0
829777,2015,Mumbai,Brabourne Stadium,Rajasthan Royals,Delhi Daredevils,Delhi Daredevils,field,Rajasthan Royals,Delhi Daredevils,Rajasthan Royals,runs,14.0,189,2,175,7,43,0
829779,2015,Chennai,"MA Chidambaram Stadium, Chepauk",Chennai Super Kings,Royal Challengers Bangalore,Chennai Super Kings,bat,Chennai Super Kings,Royal Challengers Bangalore,Chennai Super Kings,runs,24.0,148,9,124,10,37,2
829781,2015,Kolkata,Eden Gardens,Kolkata Knight Riders,Sunrisers Hyderabad,Sunrisers Hyderabad,field,Kolkata Knight Riders,Sunrisers Hyderabad,Kolkata Knight Riders,runs,35.0,167,7,132,9,55,0
829783,2015,Mumbai,Wankhede Stadium,Mumbai Indians,Delhi Daredevils,Delhi Daredevils,bat,Delhi Daredevils,Mumbai Indians,Mumbai Indians,wickets,5.0,152,6,153,5,44,2
829785,2015,Bangalore,M Chinnaswamy Stadium,Royal Challengers Bangalore,Kings XI Punjab,Kings XI Punjab,field,Royal Challengers Bangalore,Kings XI Punjab,Royal Challengers Bangalore,runs,138.0,226,3,88,10,68,0
829787,2015,Mumbai,Brabourne Stadium,Rajasthan Royals,Sunrisers Hyderabad,Rajasthan Royals,field,Sunrisers Hyderabad,Rajasthan Royals,Sunrisers Hyderabad,runs,7.0,201,4,194,7,56,1
829789,2015,Chennai,"MA Chidambaram Stadium, Chepauk",Chennai Super Kings,Mumbai Indians,Chennai Super Kings,bat,Chennai Super Kings,Mumbai Indians,Mumbai Indians,wickets,6.0,158,5,159,4,44,1
829791,2015,Kolkata,Eden Gardens,Kolkata Knight Riders,Kings XI Punjab,Kings XI Punjab,bat,Kings XI Punjab,Kolkata Knight Riders,Kolkata Knight Riders,wickets,1.0,183,5,184,9,45,1
829793,2015,Raipur,Shaheed Veer Narayan Singh International Stadium,Delhi Daredevils,Sunrisers Hyderabad,Sunrisers Hyderabad,bat,Sunrisers Hyderabad,Delhi Daredevils,Sunrisers Hyderabad,runs,6.0,163,4,157,4,41,2
829795,2015,Mumbai,Wankhede Stadium,Mumbai Indians,Royal Challengers Bangalore,Royal Challengers Bangalore,bat,Royal Challengers Bangalore,Mumbai Indians,Royal Challengers Bangalore,runs,39.0,235,1,196,7,39,1
829797,2015,Chennai,"MA Chidambaram Stadium, Chepauk",Chennai Super Kings,Rajasthan Royals,Chennai Super Kings,bat,Chennai Super Kings,Rajasthan Royals,Chennai Super Kings,runs,12.0,157,5,145,9,36,2
829799,2015,Hyderabad,"Rajiv Gandhi International Stadium, Uppal",Sunrisers Hyderabad,Kings XI Punjab,Sunrisers Hyderabad,bat,Sunrisers Hyderabad,Kings XI Punjab,Sunrisers Hyderabad,runs,5.0,185,5,180,7,56,0
829801,2015,Raipur,Shaheed Veer Narayan Singh International Stadium,Delhi Daredevils,Chennai Super Kings,Chennai Super Kings,bat,Chennai Super Kings,Delhi Daredevils,Delhi Daredevils,wickets,6.0,119,6,120,4,16,1
829803,2015,Chandigarh,"Punjab Cricket Association Stadium, Mohali",Kings XI Punjab,Royal Challengers Bangalore,Royal Challengers Bangalore,field,Kings XI Punjab,Royal Challengers Bangalore,Kings XI Punjab,runs,22.0,106,6,84,6,72,4
829805,2015,Mumbai,Wankhede Stadium,Mumbai Indians,Kolkata Knight Riders,Kolkata Knight Riders,field,Mumbai Indians,Kolkata Knight Riders,Mumbai Indians,runs,5.0,171,4,166,7,46,2
829807,2015,Hyderabad,"Rajiv Gandhi International Stadium, Uppal",Sunrisers Hyderabad,Royal Challengers Bangalore,Sunrisers Hyderabad,bat,Sunrisers Hyderabad,Royal Challengers Bangalore,Royal Challengers Bangalore,wickets,6.0,135,3,83,4,68,1
829809,2015,Chandigarh,"Punjab Cricket Association Stadium, Mohali",Kings XI Punjab,Chennai Super Kings,Kings XI Punjab,bat,Kings XI Punjab,Chennai Super Kings,Chennai Super Kings,wickets,7.0,130,7,134,3,41,3
829811,2015,Mumbai,Brabourne Stadium,Rajasthan Royals,Kolkata Knight Riders,Rajasthan Royals,bat,Rajasthan Royals,Kolkata Knight Riders,Rajasthan Royals,runs,9.0,199,6,190,9,66,0
829813,2015,Bangalore,M Chinnaswamy Stadium,Royal Challengers Bangalore,Delhi Daredevils,Royal Challengers Bangalore,field,Delhi Daredevils,Royal Challengers Bangalore,,,,187,5,2,0,54,0
829815,2015,Hyderabad,"Rajiv Gandhi International Stadium, Uppal",Sunrisers Hyderabad,Mumbai Indians,Sunrisers Hyderabad,bat,Sunrisers Hyderabad,Mumbai Indians,Mumbai Indians,wickets,9.0,113,10,114,1,29,3
829817,2015,Mumbai,Wankhede Stadium,Chennai Super Kings,Mumbai Indians,Mumbai Indians,bat,Mumbai Indians,Chennai Super Kings,Mumbai Indians,runs,25.0,187,6,162,10,48,0
829819,2015,Pune,Maharashtra Cricket Association Stadium,Royal Challengers Bangalore,Rajasthan Royals,Royal Challengers Bangalore,bat,Royal Challengers Bangalore,Rajasthan Royals,Royal Challengers Bangalore,runs,71.0,180,4,109,10,41,1
829821,2015,Ranchi,JSCA International Stadium Complex,Chennai Super Kings,Royal Challengers Bangalore,Chennai Super Kings,field,Royal Challengers Bangalore,Chennai Super Kings,Chennai Super Kings,wickets,3.0,139,8,140,7,29,2
829823,2015,Kolkata,Eden Gardens,Mumbai Indians,Chennai Super Kings,Chennai Super Kings,field,Mumbai Indians,Chennai Super Kings,Mumbai Indians,runs,41.0,202,5,161,8,61,1
980901,2016,Mumbai,Wankhede Stadium,Mumbai Indians,Rising Pune Supergiants,Mumbai Indians,bat,Mumbai Indians,Rising Pune Supergiants,Rising Pune Supergiants,wickets,9.0,121,8,126,1,37,4
980903,2016,Kolkata,Eden Gardens,Kolkata Knight Riders,Delhi Daredevils,Kolkata Knight Riders,field,Delhi Daredevils,Kolkata Knight Riders,Kolkata Knight Riders,wickets,9.0,98,10,99,1,35,4
980905,2016,Chandigarh,"Punjab Cricket Association IS Bindra Stadium, Mohali",Kings XI Punjab,Gujarat Lions,Gujarat Lions,field,Kings XI Punjab,Gujarat Lions,Gujarat Lions,wickets,5.0,161,6,162,5,52,0
980907,2016,Bangalore,M Chinnaswamy Stadium,Royal Challengers Bangalore,Sunrisers Hyderabad,Sunrisers Hyderabad,field,Royal Challengers Bangalore,Sunrisers Hyderabad,Royal Challengers Bangalore,runs,45.0,227,4,182,6,49,1
980909,2016,Kolkata,Eden Gardens,Kolkata Knight Riders,Mumbai Indians,Mumbai Indians,field,Kolkata Knight Riders,Mumbai Indians,Mumbai Indians,wickets,6.0,187,5,188,4,40,1
980911,2016,Rajkot,Saurashtra Cricket Association Stadium,Gujarat Lions,Rising Pune Supergiants,Rising Pune Supergiants,bat,Rising Pune Supergiants,Gujarat Lions,Gujarat Lions,wickets,7.0,163,5,164,3,57,1
980913,2016,Delhi,Feroz Shah Kotla,Delhi Daredevils,Kings XI Punjab,Delhi Daredevils,field,Kings XI Punjab,Delhi Daredevils,Delhi Daredevils,wickets,8.0,111,9,113,2,37,1
980915,2016,Hyderabad,"Rajiv Gandhi International Stadium, Uppal",Sunrisers Hyderabad,Kolkata Knight Riders,Sunrisers Hyderabad,bat,Sunrisers Hyderabad,Kolkata Knight Riders,Kolkata Knight Riders,wickets,8.0,142,7,146,2,36,3
980917,2016,Mumbai,Wankhede Stadium,Mumbai Indians,Gujarat Lions,Gujarat Lions,field,Mumbai Indians,Gujarat Lions,Gujarat Lions,wickets,3.0,143,8,147,7,31,2
980919,2016,Chandigarh,"Punjab Cricket Association IS Bindra Stadium, Mohali",Kings XI Punjab,Rising Pune Supergiants,Rising Pune Supergiants,bat,Rising Pune Supergiants,Kings XI Punjab,Kings XI Punjab,wickets,6.0,152,7,153,4,49,1
980921,2016,Bangalore,M Chinnaswamy Stadium,Royal Challengers Bangalore,Delhi Daredevils,Delhi Daredevils,field,Royal Challengers Bangalore,Delhi Daredevils,Delhi Daredevils,wickets,7.0,191,5,192,3,63,1
980923,2016,Hyderabad,"Rajiv Gandhi International Stadium, Uppal",Sunrisers Hyderabad,Mumbai Indians,Sunrisers Hyderabad,field,Mumbai Indians,Sunrisers Hyderabad,Sunrisers Hyderabad,wickets,7.0,142,6,145,3,40,2
980925,2016,Chandigarh,"Punjab Cricket Association IS Bindra Stadium, Mohali",Kings XI Punjab,Kolkata Knight Riders,Kolkata Knight Riders,field,Kings XI Punjab,Kolkata Knight Riders,Kolkata Knight Riders,wickets,6.0,138,8,141,4,41,1
980927,2016,Mumbai,Wankhede Stadium,Mumbai Indians,Royal Challengers Bangalore,Mumbai Indians,field,Royal Challengers Bangalore,Mumbai Indians,Mumbai Indians,wickets,6.0,170,7,171,4,49,1
980929,2016,Rajkot,Saurashtra Cricket Association Stadium,Gujarat Lions,Sunrisers Hyderabad,Sunrisers Hyderabad,field,Gujarat Lions,Sunrisers Hyderabad,Sunrisers Hyderabad,wickets,10.0,135,8,137,0,50,1
980931,2016,Pune,Maharashtra Cricket Association Stadium,Rising Pune Supergiants,Royal Challengers Bangalore,Rising Pune Supergiants,field,Royal Challengers Bangalore,Rising Pune Supergiants,Royal Challengers Bangalore,runs,13.0,185,3,172,8,48,1
980933,2016,Delhi,Feroz Shah Kotla,Delhi Daredevils,Mumbai Indians,Mumbai Indians,field,Delhi Daredevils,Mumbai Indians,Delhi Daredevils,runs,10.0,164,4,154,7,41,1
980935,2016,Hyderabad,"Rajiv Gandhi International Stadium, Uppal",Sunrisers Hyderabad,Kings XI Punjab,Sunrisers Hyderabad,field,Kings XI Punjab,Sunrisers Hyderabad,Sunrisers Hyderabad,wickets,5.0,143,6,146,5,35,2
980937,2016,Rajkot,Saurashtra Cricket Association Stadium,Gujarat Lions,Royal Challengers Bangalore,Royal Challengers Bangalore,bat,Royal Challengers Bangalore,Gujarat Lions,Gujarat Lions,wickets,6.0,180,2,182,4,50,1
980939,2016,Pune,Maharashtra Cricket Association Stadium,Rising Pune Supergiants,Kolkata Knight Riders,Kolkata Knight Riders,field,Rising Pune Supergiants,Kolkata Knight Riders,Kolkata Knight Riders,wickets,2.0,160,5,162,8,31,1
980941,2016,Chandigarh,"Punjab Cricket Association IS Bindra Stadium, Mohali",Kings XI Punjab,Mumbai Indians,Kings XI Punjab,field,Mumbai Indians,Kings XI Punjab,Mumbai Indians,runs,25.0,189,6,164,7,39,1
980943,2016,Hyderabad,"Rajiv Gandhi International Stadium, Uppal",Sunrisers Hyderabad,Rising Pune Supergiants,Rising Pune Supergiants,field,Sunrisers Hyderabad,Rising Pune Supergiants,Rising Pune Supergiants,runs,34.0,118,8,94,3,27,3
980945,2016,Delhi,Feroz Shah Kotla,Delhi Daredevils,Gujarat Lions,Delhi Daredevils,field,Gujarat Lions,Delhi Daredevils,Gujarat Lions,runs,1.0,172,6,171,5,71,0
980947,2016,Mumbai,Wankhede Stadium,Mumbai Indians,Kolkata Knight Riders,Mumbai Indians,field,Kolkata Knight Riders,Mumbai Indians,Mumbai Indians,wickets,6.0,174,5,178,4,59,0
980949,2016,Pune,Maharashtra Cricket Association Stadium,Rising Pune Supergiants,Gujarat Lions,Gujarat Lions,field,Rising Pune Supergiants,Gujarat Lions,Gujarat Lions,wickets,3.0,195,3,196,7,48,1
980951,2016,Delhi,Feroz Shah Kotla,Delhi Daredevils,Kolkata Knight Riders,Kolkata Knight Riders,field,Delhi Daredevils,Kolkata Knight Riders,Delhi Daredevils,runs,27.0,186,8,159,10,37,3
980953,2016,Hyderabad,"Rajiv Gandhi International Stadium, Uppal",Sunrisers Hyderabad,Royal Challengers Bangalore,Royal Challengers Bangalore,field,Sunrisers Hyderabad,Royal Challengers Bangalore,Sunrisers Hyderabad,runs,15.0,194,5,179,6,49,1
980955,2016,Rajkot,Saurashtra Cricket Association Stadium,Gujarat Lions,Kings XI Punjab,Gujarat Lions,field,Kings XI Punjab,Gujarat Lions,Kings XI Punjab,runs,23.0,154,10,131,9,59,0
980957,2016,Pune,Maharashtra Cricket Association Stadium,Rising Pune Supergiants,Mumbai Indians,Mumbai Indians,field,Rising Pune Supergiants,Mumbai Indians,Mumbai Indians,wickets,8.0,159,5,161,2,54,1
980959,2016,Bangalore,M Chinnaswamy Stadium,Royal Challengers Bangalore,Kolkata Knight Riders,Kolkata Knight Riders,field,Royal Challengers Bangalore,Kolkata Knight Riders,Kolkata Knight Riders,wickets,5.0,185,7,189,5,40,1
980961,2016,Rajkot,Saurashtra Cricket Association Stadium,Gujarat Lions,Delhi Daredevils,Delhi Daredevils,field,Gujarat Lions,Delhi Daredevils,Delhi Daredevils,wickets,8.0,149,7,150,2,35,3
980963,2016,Kolkata,Eden Gardens,Kolkata Knight Riders,Kings XI Punjab,Kings XI Punjab,field,Kolkata Knight Riders,Kings XI Punjab,Kolkata Knight Riders,runs,7.0,164,3,157,9,40,0
980965,2016,Delhi,Feroz Shah Kotla,Delhi Daredevils,Rising Pune Supergiants,Rising Pune Supergiants,field,Delhi Daredevils,Rising Pune Supergiants,Rising Pune Supergiants,wickets,7.0,162,7,166,3,48,2
980967,2016,Hyderabad,"Rajiv Gandhi International Stadium, Uppal",Sunrisers Hyderabad,Gujarat Lions,Sunrisers Hyderabad,field,Gujarat Lions,Sunrisers Hyderabad,Sunrisers Hyderabad,wickets,5.0,126,6,129,5,26,3
980969,2016,Bangalore,M Chinnaswamy Stadium,Royal Challengers Bangalore,Rising Pune Supergiants,Royal Challengers Bangalore,field,Rising Pune Supergiants,Royal Challengers Bangalore,Royal Challengers Bangalore,wickets,7.0,191,6,195,3,60,1
980971,2016,Chandigarh,"Punjab Cricket Association IS Bindra Stadium, Mohali",Kings XI Punjab,Delhi Daredevils,Delhi Daredevils,field,Kings XI Punjab,Delhi Daredevils,Kings XI Punjab,runs,9.0,181,5,172,5,45,1
980973,2016,Visakhapatnam,Dr. Y.S. Rajasekhara Reddy ACA-VDCA Cricket Stadium,Mumbai Indians,Sunrisers Hyderabad,Mumbai Indians,field,Sunrisers Hyderabad,Mumbai Indians,Sunrisers Hyderabad,runs,85.0,177,3,92,10,51,0
980975,2016,Kolkata,Eden Gardens,Kolkata Knight Riders,Gujarat Lions,Gujarat Lions,field,Kolkata Knight Riders,Gujarat Lions,Gujarat Lions,wickets,5.0,158,4,164,5,28,4
980977,2016,Chandigarh,"Punjab Cricket Association IS Bindra Stadium, Mohali",Kings XI Punjab,Royal Challengers Bangalore,Kings XI Punjab,field,Royal Challengers Bangalore,Kings XI Punjab,Royal Challengers Bangalore,runs,1.0,175,6,174,4,56,0
980979,2016,Visakhapatnam,Dr. Y.S. Rajasekhara Reddy ACA-VDCA Cricket Stadium,Rising Pune Supergiants,Sunrisers Hyderabad,Sunrisers Hyderabad,bat,Sunrisers Hyderabad,Rising Pune Supergiants,Sunrisers Hyderabad,runs,4.0,137,8,133,8,34,1
980981,2016,Bangalore,M Chinnaswamy Stadium,Royal Challengers Bangalore,Mumbai Indians,Mumbai Indians,field,Royal Challengers Bangalore,Mumbai Indians,Mumbai Indians,wickets,6.0,151,4,153,4,25,2
980983,2016,Hyderabad,"Rajiv Gandhi International Stadium, Uppal",Sunrisers Hyderabad,Delhi Daredevils,Delhi Daredevils,field,Sunrisers Hyderabad,Delhi Daredevils,Delhi Daredevils,wickets,7.0,146,8,150,3,51,0
980985,2016,Visakhapatnam,Dr. Y.S. Rajasekhara Reddy ACA-VDCA Cricket Stadium,Mumbai Indians,Kings XI Punjab,Mumbai Indians,bat,Mumbai Indians,Kings XI Punjab,Kings XI Punjab,wickets,7.0,124,9,127,3,21,2
980987,2016,Bangalore,M Chinnaswamy Stadium,Royal Challengers Bangalore,Gujarat Lions,Gujarat Lions,field,Royal Challengers Bangalore,Gujarat Lions,Royal Challengers Bangalore,runs,144.0,248,3,104,10,42,1
980989,2016,Kolkata,Eden Gardens,Kolkata Knight Riders,Rising Pune Supergiants,Rising Pune Supergiants,bat,Rising Pune Supergiants,Kolkata Knight Riders,Kolkata Knight Riders,wickets,8.0,103,6,66,2,37,2
980991,2016,Chandigarh,"Punjab Cricket Association IS Bindra Stadium, Mohali",Kings XI Punjab,Sunrisers Hyderabad,Kings XI Punjab,bat,Kings XI Punjab,Sunrisers Hyderabad,Sunrisers Hyderabad,wickets,7.0,179,4,180,3,47,1
980993,2016,Visakhapatnam,Dr. Y.S. Rajasekhara Reddy ACA-VDCA Cricket Stadium,Mumbai Indians,Delhi Daredevils,Delhi Daredevils,field,Mumbai Indians,Delhi Daredevils,Mumbai Indians,runs,80.0,206,4,126,10,45,0
980995,2016,Kolkata,Eden Gardens,Kolkata Knight Riders,Royal Challengers Bangalore,Royal Challengers Bangalore,field,Kolkata Knight Riders,Royal Challengers Bangalore,Royal Challengers Bangalore,wickets,9.0,183,5,186,1,51,1
980997,2016,Visakhapatnam,Dr. Y.S. Rajasekhara Reddy ACA-VDCA Cricket Stadium,Rising Pune Supergiants,Delhi Daredevils,Rising Pune Supergiants,field,Delhi Daredevils,Rising Pune Supergiants,Rising Pune Supergiants,runs,19.0,121,6,76,1,28,2
980999,2016,Bangalore,M Chinnaswamy Stadium,Royal Challengers Bangalore,Kings XI Punjab,Kings XI Punjab,field,Royal Challengers Bangalore,Kings XI Punjab,Royal Challengers Bangalore,runs,82.0,211,3,120,9,63,0
981001,2016,Kanpur,Green Park,Gujarat Lions,Kolkata Knight Riders,Gujarat Lions,field,Kolkata Knight Riders,Gujarat Lions,Gujarat Lions,wickets,6.0,124,8,125,4,44,2
981003,2016,Raipur,Shaheed Veer Narayan Singh International Stadium,Delhi Daredevils,Sunrisers Hyderabad,Delhi Daredevils,field,Sunrisers Hyderabad,Delhi Daredevils,Delhi Daredevils,wickets,6.0,158,7,161,4,46,1
981005,2016,Visakhapatnam,Dr. Y.S. Rajasekhara Reddy ACA-VDCA Cricket Stadium,Rising Pune Supergiants,Kings XI Punjab,Kings XI Punjab,bat,Kings XI Punjab,Rising Pune Supergiants,Rising Pune Supergiants,wickets,4.0,172,7,173,6,52,0
981007,2016,Kanpur,Green Park,Gujarat Lions,Mumbai Indians,Gujarat Lions,field,Mumbai Indians,Gujarat Lions,Gujarat Lions,wickets,6.0,172,8,173,4,49,3
981009,2016,Kolkata,Eden Gardens,Kolkata Knight Riders,Sunrisers Hyderabad,Sunrisers Hyderabad,field,Kolkata Knight Riders,Sunrisers Hyderabad,Kolkata Knight Riders,runs,22.0,171,6,149,8,48,2
981011,2016,Raipur,Shaheed Veer Narayan Singh International Stadium,Delhi Daredevils,Royal Challengers Bangalore,Royal Challengers Bangalore,field,Delhi Daredevils,Royal Challengers Bangalore,Royal Challengers Bangalore,wickets,6.0,138,8,139,4,43,2
981013,2016,Bangalore,M Chinnaswamy Stadium,Gujarat Lions,Royal Challengers Bangalore,Royal Challengers Bangalore,field,Gujarat Lions,Royal Challengers Bangalore,Royal Challengers Bangalore,wickets,4.0,158,10,159,6,23,3
981015,2016,Delhi,Feroz Shah Kotla,Sunrisers Hyderabad,Kolkata Knight Riders,Kolkata Knight Riders,field,Sunrisers Hyderabad,Kolkata Knight Riders,Sunrisers Hyderabad,runs,22.0,162,8,140,8,43,1
981017,2016,Delhi,Feroz Shah Kotla,Gujarat Lions,Sunrisers Hyderabad,Sunrisers Hyderabad,field,Gujarat Lions,Sunrisers Hyderabad,Sunrisers Hyderabad,wickets,4.0,162,7,163,6,38,2
981019,2016,Bangalore,M Chinnaswamy Stadium,Royal Challengers Bangalore,Sunrisers Hyderabad,Sunrisers Hyderabad,bat,Sunrisers Hyderabad,Royal Challengers Bangalore,Sunrisers Hyderabad,runs,8.0,208,7,200,7,59,0
