match_id,date,season,match_type,competition,team1,team2,winner,result,by_runs,by_wickets,toss_winner,toss_decision,method,venue_raw,venue_canon,city_raw,city_from_venue,home_team,player_of_match,umpires,referee,balls_per_over,overs
335982,2008-04-18,2007/08,T20,,Royal Challengers Bangalore,Kolkata Knight Riders,Kolkata Knight Riders,,140.0,,Royal Challengers Bangalore,field,,M Chinnaswamy Stadium,"M Chinnaswamy Stadium, Bengaluru",Bangalore,Bengaluru,Royal Challengers Bangalore,BB McCullum,"Asad Rauf, RE Koertzen",J Srinath,6,20
335983,2008-04-19,2007/08,T20,,Punjab Kings,Chennai Super Kings,Chennai Super Kings,,33.0,,Chennai Super Kings,bat,,"Punjab Cricket Association Stadium, Mohali","IS Bindra Stadium, Mohali",Chandigarh,Mohali,Punjab Kings,MEK Hussey,"MR Benson, SL Shastri",S Venkataraghavan,6,20
335984,2008-04-19,2007/08,T20,,Delhi Capitals,Rajasthan Royals,Delhi Capitals,,,9.0,Rajasthan Royals,bat,,Feroz Shah Kotla,"Arun Jaitley Stadium, Delhi",Delhi,Delhi,Delhi Capitals,MF Maharoof,"Aleem Dar, GA Pratapkumar",GR Viswanath,6,20
335985,2008-04-20,2007/08,T20,,Mumbai Indians,Royal Challengers Bangalore,Royal Challengers Bangalore,,,5.0,Mumbai Indians,bat,,Wankhede Stadium,"Wankhede Stadium, Mumbai",Mumbai,Mumbai,Mumbai Indians,MV Boucher,"SJ Davis, DJ Harper",J Srinath,6,20
335986,2008-04-20,2007/08,T20,,Kolkata Knight Riders,Sunrisers Hyderabad,Kolkata Knight Riders,,,5.0,Sunrisers Hyderabad,bat,,Eden Gardens,"Eden Gardens, Kolkata",Kolkata,Kolkata,Kolkata Knight Riders,DJ Hussey,"BF Bowden, K Hariharan",FM Engineer,6,20
335987,2008-04-21,2007/08,T20,,Rajasthan Royals,Punjab Kings,Rajasthan Royals,,,6.0,Punjab Kings,bat,,Sawai Mansingh Stadium,"Sawai Mansingh Stadium, Jaipur",Jaipur,Jaipur,Rajasthan Royals,SR Watson,"Aleem Dar, RB Tiffin",S Venkataraghavan,6,20
335988,2008-04-22,2007/08,T20,,Sunrisers Hyderabad,Delhi Capitals,Delhi Capitals,,,9.0,Sunrisers Hyderabad,bat,,"Rajiv Gandhi International Stadium, Uppal","Rajiv Gandhi International Stadium, Hyderabad",Hyderabad,Hyderabad,Sunrisers Hyderabad,V Sehwag,"IL Howell, AM Saheba",Talat Ali,6,20
335989,2008-04-23,2007/08,T20,,Chennai Super Kings,Mumbai Indians,Chennai Super Kings,,6.0,,Mumbai Indians,field,,"MA Chidambaram Stadium, Chepauk","MA Chidambaram Stadium, Chennai",Chennai,Chennai,Chennai Super Kings,ML Hayden,"DJ Harper, GA Pratapkumar",FM Engineer,6,20
335990,2008-04-24,2007/08,T20,,Sunrisers Hyderabad,Rajasthan Royals,Rajasthan Royals,,,3.0,Rajasthan Royals,field,,"Rajiv Gandhi International Stadium, Uppal","Rajiv Gandhi International Stadium, Hyderabad",Hyderabad,Hyderabad,Sunrisers Hyderabad,YK Pathan,"Asad Rauf, MR Benson",S Venkataraghavan,6,20
335991,2008-04-25,2007/08,T20,,Punjab Kings,Mumbai Indians,Punjab Kings,,66.0,,Mumbai Indians,field,,"Punjab Cricket Association Stadium, Mohali","IS Bindra Stadium, Mohali",Chandigarh,Mohali,Punjab Kings,KC Sangakkara,"Aleem Dar, AM Saheba",FM Engineer,6,20
335992,2008-04-26,2007/08,T20,,Royal Challengers Bangalore,Rajasthan Royals,Rajasthan Royals,,,7.0,Rajasthan Royals,field,,M Chinnaswamy Stadium,"M Chinnaswamy Stadium, Bengaluru",Bangalore,Bengaluru,Royal Challengers Bangalore,SR Watson,"MR Benson, IL Howell",J Srinath,6,20
335993,2008-04-26,2007/08,T20,,Chennai Super Kings,Kolkata Knight Riders,Chennai Super Kings,,,9.0,Kolkata Knight Riders,bat,,"MA Chidambaram Stadium, Chepauk","MA Chidambaram Stadium, Chennai",Chennai,Chennai,Chennai Super Kings,JDP Oram,"BF Bowden, AV Jayaprakash",Talat Ali,6,20
335994,2008-04-27,2007/08,T20,,Mumbai Indians,Sunrisers Hyderabad,Sunrisers Hyderabad,,,10.0,Sunrisers Hyderabad,field,,Dr DY Patil Sports Academy,"Dr DY Patil Sports Academy, Navi Mumbai",Mumbai,Navi Mumbai,Mumbai Indians,AC Gilchrist,"Asad Rauf, SL Shastri",S Venkataraghavan,6,20
335995,2008-04-27,2007/08,T20,,Punjab Kings,Delhi Capitals,Punjab Kings,,,4.0,Delhi Capitals,bat,,"Punjab Cricket Association Stadium, Mohali","IS Bindra Stadium, Mohali",Chandigarh,Mohali,Punjab Kings,SM Katich,"RE Koertzen, I Shivram",FM Engineer,6,20
335996,2008-04-28,2007/08,T20,,Royal Challengers Bangalore,Chennai Super Kings,Chennai Super Kings,,13.0,,Chennai Super Kings,bat,,M Chinnaswamy Stadium,"M Chinnaswamy Stadium, Bengaluru",Bangalore,Bengaluru,Royal Challengers Bangalore,MS Dhoni,"BR Doctrove, RB Tiffin",J Srinath,6,20
335997,2008-04-29,2007/08,T20,,Kolkata Knight Riders,Mumbai Indians,Mumbai Indians,,,7.0,Kolkata Knight Riders,bat,,Eden Gardens,"Eden Gardens, Kolkata",Kolkata,Kolkata,Kolkata Knight Riders,ST Jayasuriya,"BF Bowden, AV Jayaprakash",S Venkataraghavan,6,20
335998,2008-04-30,2007/08,T20,,Delhi Capitals,Royal Challengers Bangalore,Delhi Capitals,,10.0,,Royal Challengers Bangalore,field,,Feroz Shah Kotla,"Arun Jaitley Stadium, Delhi",Delhi,Delhi,Delhi Capitals,GD McGrath,"Aleem Dar, I Shivram",CH Lloyd,6,20
335999,2008-05-01,2007/08,T20,,Sunrisers Hyderabad,Punjab Kings,Punjab Kings,,,7.0,Punjab Kings,field,,"Rajiv Gandhi International Stadium, Uppal","Rajiv Gandhi International Stadium, Hyderabad",Hyderabad,Hyderabad,Sunrisers Hyderabad,SE Marsh,"BR Doctrove, RB Tiffin",Talat Ali,6,20
336000,2008-05-01,2007/08,T20,,Rajasthan Royals,Kolkata Knight Riders,Rajasthan Royals,,45.0,,Rajasthan Royals,bat,,Sawai Mansingh Stadium,"Sawai Mansingh Stadium, Jaipur",Jaipur,Jaipur,Rajasthan Royals,SA Asnodkar,"RE Koertzen, GA Pratapkumar",FM Engineer,6,20
336001,2008-05-02,2007/08,T20,,Chennai Super Kings,Delhi Capitals,Delhi Capitals,,,8.0,Chennai Super Kings,bat,,"MA Chidambaram Stadium, Chepauk","MA Chidambaram Stadium, Chennai",Chennai,Chennai,Chennai Super Kings,V Sehwag,"BF Bowden, K Hariharan",S Venkataraghavan,6,20
336003,2008-05-03,2007/08,T20,,Punjab Kings,Kolkata Knight Riders,Punjab Kings,,9.0,,Punjab Kings,bat,,"Punjab Cricket Association Stadium, Mohali","IS Bindra Stadium, Mohali",Chandigarh,Mohali,Punjab Kings,IK Pathan,"DJ Harper, I Shivram",CH Lloyd,6,20
336034,2008-05-03,2007/08,T20,,Royal Challengers Bangalore,Sunrisers Hyderabad,Royal Challengers Bangalore,,3.0,,Sunrisers Hyderabad,field,,M Chinnaswamy Stadium,"M Chinnaswamy Stadium, Bengaluru",Bangalore,Bengaluru,Royal Challengers Bangalore,P Kumar,"BR Doctrove, SL Shastri",Talat Ali,6,20
336004,2008-05-04,2007/08,T20,,Mumbai Indians,Delhi Capitals,Mumbai Indians,,29.0,,Delhi Capitals,field,,Dr DY Patil Sports Academy,"Dr DY Patil Sports Academy, Navi Mumbai",Mumbai,Navi Mumbai,Mumbai Indians,SM Pollock,"IL Howell, RE Koertzen",J Srinath,6,20
336005,2008-05-04,2007/08,T20,,Rajasthan Royals,Chennai Super Kings,Rajasthan Royals,,,8.0,Chennai Super Kings,bat,,Sawai Mansingh Stadium,"Sawai Mansingh Stadium, Jaipur",Jaipur,Jaipur,Rajasthan Royals,Sohail Tanvir,"Asad Rauf, AV Jayaprakash",FM Engineer,6,20
336006,2008-05-05,2007/08,T20,,Royal Challengers Bangalore,Punjab Kings,Punjab Kings,,,6.0,Punjab Kings,field,,M Chinnaswamy Stadium,"M Chinnaswamy Stadium, Bengaluru",Bangalore,Bengaluru,Royal Challengers Bangalore,S Sreesanth,"SJ Davis, BR Doctrove",CH Lloyd,6,20
336007,2008-05-06,2007/08,T20,,Chennai Super Kings,Sunrisers Hyderabad,Sunrisers Hyderabad,,,7.0,Sunrisers Hyderabad,field,,"MA Chidambaram Stadium, Chepauk","MA Chidambaram Stadium, Chennai",Chennai,Chennai,Chennai Super Kings,AC Gilchrist,"MR Benson, RB Tiffin",J Srinath,6,20
336008,2008-05-07,2007/08,T20,,Mumbai Indians,Rajasthan Royals,Mumbai Indians,,,7.0,Mumbai Indians,field,,Dr DY Patil Sports Academy,"Dr DY Patil Sports Academy, Navi Mumbai",Mumbai,Navi Mumbai,Mumbai Indians,A Nehra,"DJ Harper, RE Koertzen",Talat Ali,6,20
336009,2008-05-08,2007/08,T20,,Delhi Capitals,Chennai Super Kings,Chennai Super Kings,,,4.0,Chennai Super Kings,field,,Feroz Shah Kotla,"Arun Jaitley Stadium, Delhi",Delhi,Delhi,Delhi Capitals,MS Dhoni,"Aleem Dar, RB Tiffin",CH Lloyd,6,20
336010,2008-05-08,2007/08,T20,,Kolkata Knight Riders,Royal Challengers Bangalore,Kolkata Knight Riders,,5.0,,Kolkata Knight Riders,bat,,Eden Gardens,"Eden Gardens, Kolkata",Kolkata,Kolkata,Kolkata Knight Riders,SC Ganguly,"Asad Rauf, IL Howell",FM Engineer,6,20
336011,2008-05-09,2007/08,T20,,Rajasthan Royals,Sunrisers Hyderabad,Rajasthan Royals,,,8.0,Rajasthan Royals,field,,Sawai Mansingh Stadium,"Sawai Mansingh Stadium, Jaipur",Jaipur,Jaipur,Rajasthan Royals,YK Pathan,"MR Benson, AM Saheba",S Venkataraghavan,6,20
336013,2008-05-10,2007/08,T20,,Chennai Super Kings,Punjab Kings,Chennai Super Kings,,18.0,,Punjab Kings,field,,"MA Chidambaram Stadium, Chepauk","MA Chidambaram Stadium, Chennai",Chennai,Chennai,Chennai Super Kings,L Balaji,"AV Jayaprakash, BG Jerling",J Srinath,6,20
336014,2008-05-11,2007/08,T20,,Sunrisers Hyderabad,Kolkata Knight Riders,Kolkata Knight Riders,,23.0,,Kolkata Knight Riders,bat,,"Rajiv Gandhi International Stadium, Uppal","Rajiv Gandhi International Stadium, Hyderabad",Hyderabad,Hyderabad,Sunrisers Hyderabad,SC Ganguly,"IL Howell, AM Saheba",Talat Ali,6,20
336015,2008-05-11,2007/08,T20,,Rajasthan Royals,Delhi Capitals,Rajasthan Royals,,,3.0,Rajasthan Royals,field,,Sawai Mansingh Stadium,"Sawai Mansingh Stadium, Jaipur",Jaipur,Jaipur,Rajasthan Royals,SR Watson,"SJ Davis, RE Koertzen",FM Engineer,6,20
336016,2008-05-12,2007/08,T20,,Punjab Kings,Royal Challengers Bangalore,Punjab Kings,,,9.0,Royal Challengers Bangalore,bat,,"Punjab Cricket Association Stadium, Mohali","IS Bindra Stadium, Mohali",Chandigarh,Mohali,Punjab Kings,SE Marsh,"BR Doctrove, I Shivram",CH Lloyd,6,20
336017,2008-05-13,2007/08,T20,,Kolkata Knight Riders,Delhi Capitals,Kolkata Knight Riders,,23.0,,Kolkata Knight Riders,bat,,Eden Gardens,"Eden Gardens, Kolkata",Kolkata,Kolkata,Kolkata Knight Riders,Shoaib Akhtar,"Asad Rauf, IL Howell",Talat Ali,6,20
336018,2008-05-14,2007/08,T20,,Mumbai Indians,Chennai Super Kings,Mumbai Indians,,,9.0,Mumbai Indians,field,,Wankhede Stadium,"Wankhede Stadium, Mumbai",Mumbai,Mumbai,Mumbai Indians,ST Jayasuriya,"BR Doctrove, AM Saheba",J Srinath,6,20
336020,2008-05-15,2007/08,T20,,Delhi Capitals,Sunrisers Hyderabad,Delhi Capitals,,12.0,,Sunrisers Hyderabad,field,,Feroz Shah Kotla,"Arun Jaitley Stadium, Delhi",Delhi,Delhi,Delhi Capitals,A Mishra,"BG Jerling, GA Pratapkumar",CH Lloyd,6,20
336021,2008-05-16,2007/08,T20,,Mumbai Indians,Kolkata Knight Riders,Mumbai Indians,,,8.0,Mumbai Indians,field,,Wankhede Stadium,"Wankhede Stadium, Mumbai",Mumbai,Mumbai,Mumbai Indians,SM Pollock,"BR Doctrove, DJ Harper",FM Engineer,6,20
336022,2008-05-17,2007/08,T20,,Delhi Capitals,Punjab Kings,Punjab Kings,,6.0,,Delhi Capitals,bat,D/L,Feroz Shah Kotla,"Arun Jaitley Stadium, Delhi",Delhi,Delhi,Delhi Capitals,DPMD Jayawardene,"AV Jayaprakash, RE Koertzen",CH Lloyd,6,20
336023,2008-05-17,2007/08,T20,,Rajasthan Royals,Royal Challengers Bangalore,Rajasthan Royals,,65.0,,Royal Challengers Bangalore,field,,Sawai Mansingh Stadium,"Sawai Mansingh Stadium, Jaipur",Jaipur,Jaipur,Rajasthan Royals,GC Smith,"BF Bowden, SL Shastri",Talat Ali,6,20
336024,2008-05-18,2007/08,T20,,Sunrisers Hyderabad,Mumbai Indians,Mumbai Indians,,25.0,,Sunrisers Hyderabad,field,,"Rajiv Gandhi International Stadium, Uppal","Rajiv Gandhi International Stadium, Hyderabad",Hyderabad,Hyderabad,Sunrisers Hyderabad,DJ Bravo,"BR Doctrove, DJ Harper",S Venkataraghavan,6,20
336025,2008-05-18,2007/08,T20,,Kolkata Knight Riders,Chennai Super Kings,Chennai Super Kings,,3.0,,Kolkata Knight Riders,bat,D/L,Eden Gardens,"Eden Gardens, Kolkata",Kolkata,Kolkata,Kolkata Knight Riders,M Ntini,"Asad Rauf, K Hariharan",FM Engineer,6,20
336026,2008-05-19,2007/08,T20,,Royal Challengers Bangalore,Delhi Capitals,Delhi Capitals,,,5.0,Delhi Capitals,field,,M Chinnaswamy Stadium,"M Chinnaswamy Stadium, Bengaluru",Bangalore,Bengaluru,Royal Challengers Bangalore,SP Goswami,"SJ Davis, GA Pratapkumar",Talat Ali,6,20
336027,2008-05-20,2007/08,T20,,Kolkata Knight Riders,Rajasthan Royals,Rajasthan Royals,,,6.0,Rajasthan Royals,field,,Eden Gardens,"Eden Gardens, Kolkata",Kolkata,Kolkata,Kolkata Knight Riders,YK Pathan,"BG Jerling, RE Koertzen",FM Engineer,6,20
336028,2008-05-21,2007/08,T20,,Mumbai Indians,Punjab Kings,Punjab Kings,,1.0,,Mumbai Indians,field,,Wankhede Stadium,"Wankhede Stadium, Mumbai",Mumbai,Mumbai,Mumbai Indians,SE Marsh,"BF Bowden, GA Pratapkumar",Talat Ali,6,20
336029,2008-05-21,2007/08,T20,,Chennai Super Kings,Royal Challengers Bangalore,Royal Challengers Bangalore,,14.0,,Royal Challengers Bangalore,bat,,"MA Chidambaram Stadium, Chepauk","MA Chidambaram Stadium, Chennai",Chennai,Chennai,Chennai Super Kings,A Kumble,"DJ Harper, I Shivram",J Srinath,6,20
336031,2008-05-23,2007/08,T20,,Punjab Kings,Sunrisers Hyderabad,Punjab Kings,,,6.0,Punjab Kings,field,,"Punjab Cricket Association Stadium, Mohali","IS Bindra Stadium, Mohali",Chandigarh,Mohali,Punjab Kings,SE Marsh,"Asad Rauf, SJ Davis",Talat Ali,6,20
336032,2008-05-24,2007/08,T20,,Delhi Capitals,Mumbai Indians,Delhi Capitals,,,5.0,Delhi Capitals,field,,Feroz Shah Kotla,"Arun Jaitley Stadium, Delhi",Delhi,Delhi,Delhi Capitals,KD Karthik,"BF Bowden, K Hariharan",CH Lloyd,6,20
336033,2008-05-24,2007/08,T20,,Chennai Super Kings,Rajasthan Royals,Rajasthan Royals,,10.0,,Rajasthan Royals,bat,,"MA Chidambaram Stadium, Chepauk","MA Chidambaram Stadium, Chennai",Chennai,Chennai,Chennai Super Kings,JA Morkel,"DJ Harper, SL Shastri",J Srinath,6,20
336002,2008-05-25,2007/08,T20,,Sunrisers Hyderabad,Royal Challengers Bangalore,Royal Challengers Bangalore,,,5.0,Sunrisers Hyderabad,bat,,"Rajiv Gandhi International Stadium, Uppal","Rajiv Gandhi International Stadium, Hyderabad",Hyderabad,Hyderabad,Sunrisers Hyderabad,R Vinay Kumar,"Asad Rauf, RE Koertzen",Talat Ali,6,20
336035,2008-05-25,2007/08,T20,,Kolkata Knight Riders,Punjab Kings,Kolkata Knight Riders,,,3.0,Punjab Kings,bat,,Eden Gardens,"Eden Gardens, Kolkata",Kolkata,Kolkata,Kolkata Knight Riders,Umar Gul,"SJ Davis, I Shivram",S Venkataraghavan,6,20
336036,2008-05-26,2007/08,T20,,Rajasthan Royals,Mumbai Indians,Rajasthan Royals,,,5.0,Rajasthan Royals,field,,Sawai Mansingh Stadium,"Sawai Mansingh Stadium, Jaipur",Jaipur,Jaipur,Rajasthan Royals,Sohail Tanvir,"BF Bowden, K Hariharan",CH Lloyd,6,20
336037,2008-05-27,2007/08,T20,,Sunrisers Hyderabad,Chennai Super Kings,Chennai Super Kings,,,7.0,Sunrisers Hyderabad,bat,,"Rajiv Gandhi International Stadium, Uppal","Rajiv Gandhi International Stadium, Hyderabad",Hyderabad,Hyderabad,Sunrisers Hyderabad,SK Raina,"BG Jerling, AM Saheba",Talat Ali,6,20
336012,2008-05-28,2007/08,T20,,Royal Challengers Bangalore,Mumbai Indians,Mumbai Indians,,,9.0,Mumbai Indians,field,,M Chinnaswamy Stadium,"M Chinnaswamy Stadium, Bengaluru",Bangalore,Bengaluru,Royal Challengers Bangalore,CRD Fernando,"BF Bowden, AV Jayaprakash",CH Lloyd,6,20
336019,2008-05-28,2007/08,T20,,Punjab Kings,Rajasthan Royals,Punjab Kings,,41.0,,Rajasthan Royals,field,,"Punjab Cricket Association Stadium, Mohali","IS Bindra Stadium, Mohali",Chandigarh,Mohali,Punjab Kings,SE Marsh,"SJ Davis, K Hariharan",S Venkataraghavan,6,20
336038,2008-05-30,2007/08,T20,,Delhi Capitals,Rajasthan Royals,Rajasthan Royals,,105.0,,Delhi Capitals,field,,Wankhede Stadium,"Wankhede Stadium, Mumbai",Mumbai,Mumbai,,SR Watson,"BF Bowden, RE Koertzen",J Srinath,6,20
336039,2008-05-31,2007/08,T20,,Chennai Super Kings,Punjab Kings,Chennai Super Kings,,,9.0,Punjab Kings,bat,,Wankhede Stadium,"Wankhede Stadium, Mumbai",Mumbai,Mumbai,,M Ntini,"Asad Rauf, DJ Harper",S Venkataraghavan,6,20
336040,2008-06-01,2007/08,T20,,Chennai Super Kings,Rajasthan Royals,Rajasthan Royals,,,3.0,Rajasthan Royals,field,,Dr DY Patil Sports Academy,"Dr DY Patil Sports Academy, Navi Mumbai",Mumbai,Navi Mumbai,,YK Pathan,"BF Bowden, RE Koertzen",J Srinath,6,20
392181,2009-04-18,2009,T20,,Chennai Super Kings,Mumbai Indians,Mumbai Indians,,19.0,,Chennai Super Kings,field,,Newlands,"Newlands, Cape Town",Cape Town,Cape Town,,SR Tendulkar,"BR Doctrove, K Hariharan",GR Viswanath,6,20
392182,2009-04-18,2009,T20,,Royal Challengers Bangalore,Rajasthan Royals,Royal Challengers Bangalore,,75.0,,Royal Challengers Bangalore,bat,,Newlands,"Newlands, Cape Town",Cape Town,Cape Town,,R Dravid,"BR Doctrove, RB Tiffin",GR Viswanath,6,20
392183,2009-04-19,2009,T20,,Delhi Capitals,Punjab Kings,Delhi Capitals,,,10.0,Delhi Capitals,field,D/L,Newlands,"Newlands, Cape Town",Cape Town,Cape Town,,DL Vettori,"MR Benson, SD Ranade",Yashpal Sharma,6,20
392184,2009-04-19,2009,T20,,Sunrisers Hyderabad,Kolkata Knight Riders,Sunrisers Hyderabad,,,8.0,Kolkata Knight Riders,bat,,Newlands,"Newlands, Cape Town",Cape Town,Cape Town,,RP Singh,"MR Benson, BR Doctrove",Yashpal Sharma,6,20
392185,2009-04-20,2009,T20,,Royal Challengers Bangalore,Chennai Super Kings,Chennai Super Kings,,92.0,,Chennai Super Kings,bat,,St George's Park,"St George's Park, Gqeberha",Port Elizabeth,Gqeberha,,M Muralitharan,"BG Jerling, SJA Taufel",GR Viswanath,6,20
392186,2009-04-21,2009,T20,,Punjab Kings,Kolkata Knight Riders,Kolkata Knight Riders,,11.0,,Kolkata Knight Riders,field,D/L,Kingsmead,"Kingsmead, Durban",Durban,Durban,,CH Gayle,"DJ Harper, SD Ranade",D Govindjee,6,20
392188,2009-04-22,2009,T20,,Royal Challengers Bangalore,Sunrisers Hyderabad,Sunrisers Hyderabad,,24.0,,Sunrisers Hyderabad,bat,,Newlands,"Newlands, Cape Town",Cape Town,Cape Town,,AC Gilchrist,"M Erasmus, AM Saheba",Yashpal Sharma,6,20
392189,2009-04-23,2009,T20,,Chennai Super Kings,Delhi Capitals,Delhi Capitals,,9.0,,Delhi Capitals,bat,,Kingsmead,"Kingsmead, Durban",Durban,Durban,,AB de Villiers,"BR Doctrove, SJA Taufel",D Govindjee,6,20
392190,2009-04-23,2009,T20,,Kolkata Knight Riders,Rajasthan Royals,,tie,,,Kolkata Knight Riders,field,,Newlands,"Newlands, Cape Town",Cape Town,Cape Town,,YK Pathan,"MR Benson, M Erasmus",GR Viswanath,6,20
392191,2009-04-24,2009,T20,,Royal Challengers Bangalore,Punjab Kings,Punjab Kings,,,7.0,Royal Challengers Bangalore,bat,,Kingsmead,"Kingsmead, Durban",Durban,Durban,,RS Bopara,"BR Doctrove, TH Wijewardene",D Govindjee,6,20
392192,2009-04-25,2009,T20,,Sunrisers Hyderabad,Mumbai Indians,Sunrisers Hyderabad,,12.0,,Sunrisers Hyderabad,bat,,Kingsmead,"Kingsmead, Durban",Durban,Durban,,PP Ojha,"HDPK Dharmasena, SJA Taufel",D Govindjee,6,20
392194,2009-04-26,2009,T20,,Royal Challengers Bangalore,Delhi Capitals,Delhi Capitals,,,6.0,Royal Challengers Bangalore,bat,,St George's Park,"St George's Park, Gqeberha",Port Elizabeth,Gqeberha,,TM Dilshan,"S Asnani, BG Jerling",Yashpal Sharma,6,20
392195,2009-04-26,2009,T20,,Punjab Kings,Rajasthan Royals,Punjab Kings,,27.0,,Punjab Kings,bat,,Newlands,"Newlands, Cape Town",Cape Town,Cape Town,,KC Sangakkara,"M Erasmus, K Hariharan",GR Viswanath,6,20
392196,2009-04-27,2009,T20,,Chennai Super Kings,Sunrisers Hyderabad,Sunrisers Hyderabad,,,6.0,Sunrisers Hyderabad,field,,Kingsmead,"Kingsmead, Durban",Durban,Durban,,HH Gibbs,"IL Howell, TH Wijewardene",D Govindjee,6,20
392197,2009-04-27,2009,T20,,Kolkata Knight Riders,Mumbai Indians,Mumbai Indians,,92.0,,Mumbai Indians,bat,,St George's Park,"St George's Park, Gqeberha",Port Elizabeth,Gqeberha,,SR Tendulkar,"BG Jerling, RB Tiffin",Yashpal Sharma,6,20
392198,2009-04-28,2009,T20,,Delhi Capitals,Rajasthan Royals,Rajasthan Royals,,,5.0,Delhi Capitals,bat,,SuperSport Park,"SuperSport Park, Centurion",Centurion,Centurion,,YK Pathan,"GAV Baxter, RE Koertzen",J Srinath,6,20
392199,2009-04-29,2009,T20,,Royal Challengers Bangalore,Kolkata Knight Riders,Royal Challengers Bangalore,,,5.0,Kolkata Knight Riders,bat,,Kingsmead,"Kingsmead, Durban",Durban,Durban,,MV Boucher,"MR Benson, TH Wijewardene",D Govindjee,6,20
392200,2009-04-29,2009,T20,,Punjab Kings,Mumbai Indians,Punjab Kings,,3.0,,Punjab Kings,bat,,Kingsmead,"Kingsmead, Durban",Durban,Durban,,KC Sangakkara,"MR Benson, SL Shastri",D Govindjee,6,20
392201,2009-04-30,2009,T20,,Sunrisers Hyderabad,Delhi Capitals,Delhi Capitals,,,6.0,Delhi Capitals,field,,SuperSport Park,"SuperSport Park, Centurion",Centurion,Centurion,,DP Nannes,"GAV Baxter, AM Saheba",GR Viswanath,6,20
392202,2009-04-30,2009,T20,,Chennai Super Kings,Rajasthan Royals,Chennai Super Kings,,38.0,,Rajasthan Royals,field,,SuperSport Park,"SuperSport Park, Centurion",Centurion,Centurion,,SK Raina,"GAV Baxter, RE Koertzen",GR Viswanath,6,20
392203,2009-05-01,2009,T20,,Kolkata Knight Riders,Mumbai Indians,Mumbai Indians,,9.0,,Mumbai Indians,bat,,Buffalo Park,"Buffalo Park, East London",East London,East London,,JP Duminy,"M Erasmus, SK Tarapore",Yashpal Sharma,6,20
392204,2009-05-01,2009,T20,,Royal Challengers Bangalore,Punjab Kings,Royal Challengers Bangalore,,8.0,,Royal Challengers Bangalore,bat,,Kingsmead,"Kingsmead, Durban",Durban,Durban,,Yuvraj Singh,"HDPK Dharmasena, S Ravi",D Govindjee,6,20
392205,2009-05-02,2009,T20,,Sunrisers Hyderabad,Rajasthan Royals,Rajasthan Royals,,,3.0,Sunrisers Hyderabad,bat,,St George's Park,"St George's Park, Gqeberha",Port Elizabeth,Gqeberha,,YK Pathan,"S Asnani, BG Jerling",S Venkataraghavan,6,20
392206,2009-05-02,2009,T20,,Chennai Super Kings,Delhi Capitals,Chennai Super Kings,,18.0,,Delhi Capitals,field,,New Wanderers Stadium,"Wanderers Stadium, Johannesburg",Johannesburg,Johannesburg,,SB Jakati,"DJ Harper, RE Koertzen",GR Viswanath,6,20
392207,2009-05-03,2009,T20,,Punjab Kings,Kolkata Knight Riders,Punjab Kings,,,6.0,Kolkata Knight Riders,bat,,St George's Park,"St George's Park, Gqeberha",Port Elizabeth,Gqeberha,,DPMD Jayawardene,"S Asnani, MR Benson",S Venkataraghavan,6,20
392208,2009-05-03,2009,T20,,Royal Challengers Bangalore,Mumbai Indians,Royal Challengers Bangalore,,,9.0,Mumbai Indians,bat,,New Wanderers Stadium,"Wanderers Stadium, Johannesburg",Johannesburg,Johannesburg,,JH Kallis,"RE Koertzen, TH Wijewardene",GR Viswanath,6,20
392209,2009-05-04,2009,T20,,Chennai Super Kings,Sunrisers Hyderabad,Chennai Super Kings,,78.0,,Chennai Super Kings,bat,,Buffalo Park,"Buffalo Park, East London",East London,East London,,MS Dhoni,"BR Doctrove, M Erasmus",Yashpal Sharma,6,20
392210,2009-05-05,2009,T20,,Punjab Kings,Rajasthan Royals,Rajasthan Royals,,78.0,,Punjab Kings,field,,Kingsmead,"Kingsmead, Durban",Durban,Durban,,GC Smith,"SS Hazare, IL Howell",J Srinath,6,20
392211,2009-05-05,2009,T20,,Delhi Capitals,Kolkata Knight Riders,Delhi Capitals,,,9.0,Kolkata Knight Riders,bat,,Kingsmead,"Kingsmead, Durban",Durban,Durban,,G Gambhir,"GAV Baxter, IL Howell",J Srinath,6,20
392212,2009-05-06,2009,T20,,Sunrisers Hyderabad,Mumbai Indians,Sunrisers Hyderabad,,19.0,,Sunrisers Hyderabad,bat,,SuperSport Park,"SuperSport Park, Centurion",Centurion,Centurion,,RG Sharma,"MR Benson, HDPK Dharmasena",GR Viswanath,6,20
392213,2009-05-07,2009,T20,,Royal Challengers Bangalore,Rajasthan Royals,Rajasthan Royals,,,7.0,Rajasthan Royals,field,,SuperSport Park,"SuperSport Park, Centurion",Centurion,Centurion,,A Singh,"K Hariharan, DJ Harper",S Venkataraghavan,6,20
392214,2009-05-07,2009,T20,,Chennai Super Kings,Punjab Kings,Chennai Super Kings,,12.0,,Chennai Super Kings,bat,D/L,SuperSport Park,"SuperSport Park, Centurion",Centurion,Centurion,,ML Hayden,"DJ Harper, TH Wijewardene",S Venkataraghavan,6,20
392215,2009-05-08,2009,T20,,Delhi Capitals,Mumbai Indians,Delhi Capitals,,,7.0,Mumbai Indians,bat,,Buffalo Park,"Buffalo Park, East London",East London,East London,,A Nehra,"M Erasmus, SK Tarapore",Yashpal Sharma,6,20
392216,2009-05-09,2009,T20,,Sunrisers Hyderabad,Punjab Kings,Punjab Kings,,,3.0,Punjab Kings,field,,De Beers Diamond Oval,"De Beers Diamond Oval, Kimberley",Kimberley,Kimberley,,DPMD Jayawardene,"GAV Baxter, AM Saheba",J Srinath,6,20
392217,2009-05-09,2009,T20,,Chennai Super Kings,Rajasthan Royals,Chennai Super Kings,,,7.0,Rajasthan Royals,bat,,De Beers Diamond Oval,"De Beers Diamond Oval, Kimberley",Kimberley,Kimberley,,S Badrinath,"GAV Baxter, HDPK Dharmasena",J Srinath,6,20
392218,2009-05-10,2009,T20,,Royal Challengers Bangalore,Mumbai Indians,Mumbai Indians,,16.0,,Mumbai Indians,bat,,St George's Park,"St George's Park, Gqeberha",Port Elizabeth,Gqeberha,,JP Duminy,"BR Doctrove, BG Jerling",Yashpal Sharma,6,20
392219,2009-05-10,2009,T20,,Delhi Capitals,Kolkata Knight Riders,Delhi Capitals,,,7.0,Delhi Capitals,field,,New Wanderers Stadium,"Wanderers Stadium, Johannesburg",Johannesburg,Johannesburg,,A Mishra,"SL Shastri, RB Tiffin",S Venkataraghavan,6,20
392220,2009-05-11,2009,T20,,Sunrisers Hyderabad,Rajasthan Royals,Sunrisers Hyderabad,,53.0,,Sunrisers Hyderabad,bat,,De Beers Diamond Oval,"De Beers Diamond Oval, Kimberley",Kimberley,Kimberley,,DR Smith,"GAV Baxter, HDPK Dharmasena",J Srinath,6,20
392221,2009-05-12,2009,T20,,Royal Challengers Bangalore,Kolkata Knight Riders,Royal Challengers Bangalore,,,6.0,Royal Challengers Bangalore,field,,SuperSport Park,"SuperSport Park, Centurion",Centurion,Centurion,,LRPL Taylor,"M Erasmus, SS Hazare",Yashpal Sharma,6,20
392222,2009-05-12,2009,T20,,Punjab Kings,Mumbai Indians,Mumbai Indians,,,8.0,Punjab Kings,bat,,SuperSport Park,"SuperSport Park, Centurion",Centurion,Centurion,,Harbhajan Singh,"SS Hazare, RE Koertzen",Yashpal Sharma,6,20
392223,2009-05-13,2009,T20,,Sunrisers Hyderabad,Delhi Capitals,Delhi Capitals,,12.0,,Sunrisers Hyderabad,field,,Kingsmead,"Kingsmead, Durban",Durban,Durban,,R Bhatia,"DJ Harper, SL Shastri",D Govindjee,6,20
392224,2009-05-14,2009,T20,,Royal Challengers Bangalore,Chennai Super Kings,Royal Challengers Bangalore,,,2.0,Chennai Super Kings,bat,,Kingsmead,"Kingsmead, Durban",Durban,Durban,,LRPL Taylor,"BR Doctrove, DJ Harper",D Govindjee,6,20
392225,2009-05-14,2009,T20,,Mumbai Indians,Rajasthan Royals,Rajasthan Royals,,2.0,,Rajasthan Royals,bat,,Kingsmead,"Kingsmead, Durban",Durban,Durban,,SK Warne,"BR Doctrove, DJ Harper",D Govindjee,6,20
392226,2009-05-15,2009,T20,,Delhi Capitals,Punjab Kings,Punjab Kings,,,6.0,Punjab Kings,field,,OUTsurance Oval,"OUTsurance Oval, Bloemfontein",Bloemfontein,Bloemfontein,,B Lee,"HDPK Dharmasena, IL Howell",J Srinath,6,20
392227,2009-05-16,2009,T20,,Chennai Super Kings,Mumbai Indians,Chennai Super Kings,,,7.0,Mumbai Indians,bat,,St George's Park,"St George's Park, Gqeberha",Port Elizabeth,Gqeberha,,ML Hayden,"SK Tarapore, SJA Taufel",Yashpal Sharma,6,20
392228,2009-05-16,2009,T20,,Sunrisers Hyderabad,Kolkata Knight Riders,Sunrisers Hyderabad,,,6.0,Sunrisers Hyderabad,field,,New Wanderers Stadium,"Wanderers Stadium, Johannesburg",Johannesburg,Johannesburg,,RG Sharma,"RE Koertzen, S Ravi",S Venkataraghavan,6,20
392229,2009-05-17,2009,T20,,Sunrisers Hyderabad,Punjab Kings,Punjab Kings,,1.0,,Sunrisers Hyderabad,field,,New Wanderers Stadium,"Wanderers Stadium, Johannesburg",Johannesburg,Johannesburg,,Yuvraj Singh,"S Ravi, RB Tiffin",S Venkataraghavan,6,20
392230,2009-05-17,2009,T20,,Delhi Capitals,Rajasthan Royals,Delhi Capitals,,14.0,,Delhi Capitals,bat,,OUTsurance Oval,"OUTsurance Oval, Bloemfontein",Bloemfontein,Bloemfontein,,AB de Villiers,"SS Hazare, IL Howell",J Srinath,6,20
392231,2009-05-18,2009,T20,,Chennai Super Kings,Kolkata Knight Riders,Kolkata Knight Riders,,,7.0,Chennai Super Kings,bat,,SuperSport Park,"SuperSport Park, Centurion",Centurion,Centurion,,BJ Hodge,"SJA Taufel, RB Tiffin",S Venkataraghavan,6,20
392232,2009-05-19,2009,T20,,Royal Challengers Bangalore,Delhi Capitals,Royal Challengers Bangalore,,,7.0,Delhi Capitals,bat,,New Wanderers Stadium,"Wanderers Stadium, Johannesburg",Johannesburg,Johannesburg,,JH Kallis,"IL Howell, RB Tiffin",J Srinath,6,20
392233,2009-05-20,2009,T20,,Kolkata Knight Riders,Rajasthan Royals,Kolkata Knight Riders,,,4.0,Kolkata Knight Riders,field,,Kingsmead,"Kingsmead, Durban",Durban,Durban,,LR Shukla,"BG Jerling, SJA Taufel",D Govindjee,6,20
392234,2009-05-20,2009,T20,,Chennai Super Kings,Punjab Kings,Chennai Super Kings,,24.0,,Chennai Super Kings,bat,,Kingsmead,"Kingsmead, Durban",Durban,Durban,,M Muralitharan,"BG Jerling, SJA Taufel",D Govindjee,6,20
392235,2009-05-21,2009,T20,,Delhi Capitals,Mumbai Indians,Delhi Capitals,,,4.0,Delhi Capitals,field,,SuperSport Park,"SuperSport Park, Centurion",Centurion,Centurion,,V Sehwag,"IL Howell, S Ravi",S Venkataraghavan,6,20
392236,2009-05-21,2009,T20,,Royal Challengers Bangalore,Sunrisers Hyderabad,Royal Challengers Bangalore,,12.0,,Royal Challengers Bangalore,bat,,SuperSport Park,"SuperSport Park, Centurion",Centurion,Centurion,,MK Pandey,"IL Howell, S Ravi",S Venkataraghavan,6,20
392237,2009-05-22,2009,T20,,Delhi Capitals,Sunrisers Hyderabad,Sunrisers Hyderabad,,,6.0,Sunrisers Hyderabad,field,,SuperSport Park,"SuperSport Park, Centurion",Centurion,Centurion,,AC Gilchrist,"BR Doctrove, DJ Harper",S Venkataraghavan,6,20
392238,2009-05-23,2009,T20,,Royal Challengers Bangalore,Chennai Super Kings,Royal Challengers Bangalore,,,6.0,Royal Challengers Bangalore,field,,New Wanderers Stadium,"Wanderers Stadium, Johannesburg",Johannesburg,Johannesburg,,MK Pandey,"RE Koertzen, SJA Taufel",J Srinath,6,20
392239,2009-05-24,2009,T20,,Royal Challengers Bangalore,Sunrisers Hyderabad,Sunrisers Hyderabad,,6.0,,Royal Challengers Bangalore,field,,New Wanderers Stadium,"Wanderers Stadium, Johannesburg",Johannesburg,Johannesburg,,A Kumble,"RE Koertzen, SJA Taufel",J Srinath,6,20
419106,2010-03-12,2009/10,T20,,Sunrisers Hyderabad,Kolkata Knight Riders,Kolkata Knight Riders,,11.0,,Sunrisers Hyderabad,field,,Dr DY Patil Sports Academy,"Dr DY Patil Sports Academy, Navi Mumbai",Mumbai,Navi Mumbai,,AD Mathews,"RE Koertzen, RB Tiffin",AJ Pycroft,6,20
419107,2010-03-13,2009/10,T20,,Mumbai Indians,Rajasthan Royals,Mumbai Indians,,4.0,,Mumbai Indians,bat,,Brabourne Stadium,"Brabourne Stadium, Mumbai",Mumbai,Mumbai,Mumbai Indians,YK Pathan,"RE Koertzen, RB Tiffin",AJ Pycroft,6,20
419108,2010-03-13,2009/10,T20,,Punjab Kings,Delhi Capitals,Delhi Capitals,,,5.0,Delhi Capitals,field,,"Punjab Cricket Association Stadium, Mohali","IS Bindra Stadium, Mohali",Chandigarh,Mohali,Punjab Kings,G Gambhir,"BR Doctrove, S Ravi",S Venkataraghavan,6,20
419109,2010-03-14,2009/10,T20,,Kolkata Knight Riders,Royal Challengers Bangalore,Kolkata Knight Riders,,,7.0,Kolkata Knight Riders,field,,Eden Gardens,"Eden Gardens, Kolkata",Kolkata,Kolkata,Kolkata Knight Riders,MK Tiwary,"HDPK Dharmasena, AM Saheba",Yashpal Sharma,6,20
419110,2010-03-14,2009/10,T20,,Chennai Super Kings,Sunrisers Hyderabad,Sunrisers Hyderabad,,31.0,,Sunrisers Hyderabad,bat,,"MA Chidambaram Stadium, Chepauk","MA Chidambaram Stadium, Chennai",Chennai,Chennai,Chennai Super Kings,WPUJC Vaas,"K Hariharan, DJ Harper",D Govindjee,6,20
419111,2010-03-15,2009/10,T20,,Rajasthan Royals,Delhi Capitals,Delhi Capitals,,,6.0,Delhi Capitals,field,,"Sardar Patel Stadium, Motera","Narendra Modi Stadium, Ahmedabad",Ahmedabad,Ahmedabad,,V Sehwag,"BG Jerling, RE Koertzen",AJ Pycroft,6,20
419112,2010-03-16,2009/10,T20,,Royal Challengers Bangalore,Punjab Kings,Royal Challengers Bangalore,,,8.0,Punjab Kings,bat,,M Chinnaswamy Stadium,"M Chinnaswamy Stadium, Bengaluru",Bangalore,Bengaluru,Royal Challengers Bangalore,JH Kallis,"S Das, DJ Harper",D Govindjee,6,20
419113,2010-03-16,2009/10,T20,,Kolkata Knight Riders,Chennai Super Kings,Chennai Super Kings,,55.0,,Chennai Super Kings,bat,,Eden Gardens,"Eden Gardens, Kolkata",Kolkata,Kolkata,Kolkata Knight Riders,MS Dhoni,"HDPK Dharmasena, AM Saheba",Yashpal Sharma,6,20
419114,2010-03-17,2009/10,T20,,Delhi Capitals,Mumbai Indians,Mumbai Indians,,98.0,,Delhi Capitals,field,,Feroz Shah Kotla,"Arun Jaitley Stadium, Delhi",Delhi,Delhi,Delhi Capitals,SR Tendulkar,"BR Doctrove, SK Tarapore",S Venkataraghavan,6,20
419115,2010-03-18,2009/10,T20,,Royal Challengers Bangalore,Rajasthan Royals,Royal Challengers Bangalore,,,10.0,Royal Challengers Bangalore,field,,M Chinnaswamy Stadium,"M Chinnaswamy Stadium, Bengaluru",Bangalore,Bengaluru,Royal Challengers Bangalore,JH Kallis,"K Hariharan, DJ Harper",D Govindjee,6,20
419116,2010-03-19,2009/10,T20,,Delhi Capitals,Chennai Super Kings,Chennai Super Kings,,,5.0,Delhi Capitals,bat,,Feroz Shah Kotla,"Arun Jaitley Stadium, Delhi",Delhi,Delhi,Delhi Capitals,ML Hayden,"BR Doctrove, SK Tarapore",S Venkataraghavan,6,20
419117,2010-03-19,2009/10,T20,,Sunrisers Hyderabad,Punjab Kings,Sunrisers Hyderabad,,6.0,,Punjab Kings,field,,Barabati Stadium,Barabati Stadium,Cuttack,Cuttack,,A Symonds,"BF Bowden, M Erasmus",GR Viswanath,6,20
419118,2010-03-20,2009/10,T20,,Rajasthan Royals,Kolkata Knight Riders,Rajasthan Royals,,34.0,,Rajasthan Royals,bat,,"Sardar Patel Stadium, Motera","Narendra Modi Stadium, Ahmedabad",Ahmedabad,Ahmedabad,,AA Jhunjhunwala,"RE Koertzen, RB Tiffin",AJ Pycroft,6,20
419119,2010-03-20,2009/10,T20,,Mumbai Indians,Royal Challengers Bangalore,Royal Challengers Bangalore,,,7.0,Mumbai Indians,bat,,Brabourne Stadium,"Brabourne Stadium, Mumbai",Mumbai,Mumbai,Mumbai Indians,JH Kallis,"HDPK Dharmasena, SS Hazare",Yashpal Sharma,6,20
419120,2010-03-21,2009/10,T20,,Sunrisers Hyderabad,Delhi Capitals,Sunrisers Hyderabad,,10.0,,Sunrisers Hyderabad,bat,,Barabati Stadium,Barabati Stadium,Cuttack,Cuttack,,A Symonds,"BF Bowden, M Erasmus",GR Viswanath,6,20
419121,2010-03-21,2009/10,T20,,Chennai Super Kings,Punjab Kings,,tie,,,Chennai Super Kings,field,,"MA Chidambaram Stadium, Chepauk","MA Chidambaram Stadium, Chennai",Chennai,Chennai,Chennai Super Kings,J Theron,"K Hariharan, DJ Harper",S Venkataraghavan,6,20
419122,2010-03-22,2009/10,T20,,Mumbai Indians,Kolkata Knight Riders,Mumbai Indians,,,7.0,Kolkata Knight Riders,bat,,Brabourne Stadium,"Brabourne Stadium, Mumbai",Mumbai,Mumbai,Mumbai Indians,SR Tendulkar,"SS Hazare, SJA Taufel",Yashpal Sharma,6,20
419123,2010-03-23,2009/10,T20,,Royal Challengers Bangalore,Chennai Super Kings,Royal Challengers Bangalore,,36.0,,Chennai Super Kings,field,,M Chinnaswamy Stadium,"M Chinnaswamy Stadium, Bengaluru",Bangalore,Bengaluru,Royal Challengers Bangalore,RV Uthappa,"RE Koertzen, RB Tiffin",AJ Pycroft,6,20
419124,2010-03-24,2009/10,T20,,Punjab Kings,Rajasthan Royals,Rajasthan Royals,,31.0,,Punjab Kings,field,,"Punjab Cricket Association Stadium, Mohali","IS Bindra Stadium, Mohali",Chandigarh,Mohali,Punjab Kings,AC Voges,"BR Doctrove, SK Tarapore",S Venkataraghavan,6,20
419125,2010-03-25,2009/10,T20,,Chennai Super Kings,Mumbai Indians,Mumbai Indians,,,5.0,Mumbai Indians,field,,"Brabourne Stadium, Mumbai","Brabourne Stadium, Mumbai",Mumbai,Mumbai,Mumbai Indians,SR Tendulkar,"AM Saheba, BF Bowden",GR Viswanath,6,20
419128,2010-03-25,2009/10,T20,,Royal Challengers Bangalore,Delhi Capitals,Delhi Capitals,,17.0,,Royal Challengers Bangalore,field,,M Chinnaswamy Stadium,"M Chinnaswamy Stadium, Bengaluru",Bangalore,Bengaluru,Royal Challengers Bangalore,KM Jadhav,"BG Jerling, RE Koertzen",AJ Pycroft,6,20
419126,2010-03-26,2009/10,T20,,Rajasthan Royals,Sunrisers Hyderabad,Rajasthan Royals,,,8.0,Sunrisers Hyderabad,bat,,"Sardar Patel Stadium, Motera","Narendra Modi Stadium, Ahmedabad",Ahmedabad,Ahmedabad,,YK Pathan,"HDPK Dharmasena, SJA Taufel",RS Mahanama,6,20
419127,2010-03-27,2009/10,T20,,Punjab Kings,Kolkata Knight Riders,Kolkata Knight Riders,,39.0,,Kolkata Knight Riders,bat,,"Punjab Cricket Association Stadium, Mohali","IS Bindra Stadium, Mohali",Chandigarh,Mohali,Punjab Kings,MK Tiwary,"BR Doctrove, S Ravi",S Venkataraghavan,6,20
419129,2010-03-28,2009/10,T20,,Rajasthan Royals,Chennai Super Kings,Rajasthan Royals,,17.0,,Rajasthan Royals,bat,,"Sardar Patel Stadium, Motera","Narendra Modi Stadium, Ahmedabad",Ahmedabad,Ahmedabad,,NV Ojha,"SS Hazare, SJA Taufel",RS Mahanama,6,20
419130,2010-03-28,2009/10,T20,,Sunrisers Hyderabad,Mumbai Indians,Mumbai Indians,,41.0,,Sunrisers Hyderabad,field,,Dr DY Patil Sports Academy,"Dr DY Patil Sports Academy, Navi Mumbai",Mumbai,Navi Mumbai,Mumbai Indians,Harbhajan Singh,"S Das, K Hariharan",GR Viswanath,6,20
419131,2010-03-29,2009/10,T20,,Delhi Capitals,Kolkata Knight Riders,Delhi Capitals,,40.0,,Delhi Capitals,bat,,Feroz Shah Kotla,"Arun Jaitley Stadium, Delhi",Delhi,Delhi,Delhi Capitals,DA Warner,"SS Hazare, SJA Taufel",RS Mahanama,6,20
419132,2010-03-30,2009/10,T20,,Mumbai Indians,Punjab Kings,Mumbai Indians,,,4.0,Mumbai Indians,field,,Brabourne Stadium,"Brabourne Stadium, Mumbai",Mumbai,Mumbai,Mumbai Indians,SL Malinga,"BR Doctrove, SK Tarapore",S Venkataraghavan,6,20
419133,2010-03-31,2009/10,T20,,Chennai Super Kings,Royal Challengers Bangalore,Chennai Super Kings,,,5.0,Royal Challengers Bangalore,bat,,"MA Chidambaram Stadium, Chepauk","MA Chidambaram Stadium, Chennai",Chennai,Chennai,Chennai Super Kings,M Vijay,"BG Jerling, RE Koertzen",AJ Pycroft,6,20
419134,2010-03-31,2009/10,T20,,Delhi Capitals,Rajasthan Royals,Delhi Capitals,,67.0,,Delhi Capitals,bat,,Feroz Shah Kotla,"Arun Jaitley Stadium, Delhi",Delhi,Delhi,Delhi Capitals,KD Karthik,"HDPK Dharmasena, SJA Taufel",RS Mahanama,6,20
419135,2010-04-01,2009/10,T20,,Kolkata Knight Riders,Sunrisers Hyderabad,Kolkata Knight Riders,,24.0,,Kolkata Knight Riders,bat,,Eden Gardens,"Eden Gardens, Kolkata",Kolkata,Kolkata,Kolkata Knight Riders,SC Ganguly,"K Hariharan, DJ Harper",GR Viswanath,6,20
419136,2010-04-02,2009/10,T20,,Punjab Kings,Royal Challengers Bangalore,Royal Challengers Bangalore,,,6.0,Punjab Kings,bat,,"Punjab Cricket Association Stadium, Mohali","IS Bindra Stadium, Mohali",Chandigarh,Mohali,Punjab Kings,KP Pietersen,"BF Bowden, M Erasmus",D Govindjee,6,20
419137,2010-04-03,2009/10,T20,,Chennai Super Kings,Rajasthan Royals,Chennai Super Kings,,23.0,,Chennai Super Kings,bat,,"MA Chidambaram Stadium, Chepauk","MA Chidambaram Stadium, Chennai",Chennai,Chennai,Chennai Super Kings,M Vijay,"RE Koertzen, RB Tiffin",AJ Pycroft,6,20
419138,2010-04-03,2009/10,T20,,Mumbai Indians,Sunrisers Hyderabad,Mumbai Indians,,63.0,,Mumbai Indians,bat,,Brabourne Stadium,"Brabourne Stadium, Mumbai",Mumbai,Mumbai,Mumbai Indians,AT Rayudu,"BR Doctrove, S Ravi",S Venkataraghavan,6,20
419139,2010-04-04,2009/10,T20,,Kolkata Knight Riders,Punjab Kings,Punjab Kings,,,8.0,Kolkata Knight Riders,bat,,Eden Gardens,"Eden Gardens, Kolkata",Kolkata,Kolkata,Kolkata Knight Riders,DPMD Jayawardene,"S Asnani, DJ Harper",J Srinath,6,20
419140,2010-04-04,2009/10,T20,,Delhi Capitals,Royal Challengers Bangalore,Delhi Capitals,,37.0,,Delhi Capitals,bat,,Feroz Shah Kotla,"Arun Jaitley Stadium, Delhi",Delhi,Delhi,Delhi Capitals,PD Collingwood,"BF Bowden, M Erasmus",D Govindjee,6,20
419141,2010-04-05,2009/10,T20,,Sunrisers Hyderabad,Rajasthan Royals,Rajasthan Royals,,2.0,,Rajasthan Royals,bat,,"Vidarbha Cricket Association Stadium, Jamtha","Vidarbha Cricket Association Stadium, Jamtha",Nagpur,Jamtha,,SK Warne,"HDPK Dharmasena, SJA Taufel",RS Mahanama,6,20
419142,2010-04-06,2009/10,T20,,Chennai Super Kings,Mumbai Indians,Chennai Super Kings,,24.0,,Chennai Super Kings,bat,,"MA Chidambaram Stadium, Chepauk","MA Chidambaram Stadium, Chennai",Chennai,Chennai,Chennai Super Kings,SK Raina,"S Asnani, DJ Harper",J Srinath,6,20
419143,2010-04-07,2009/10,T20,,Rajasthan Royals,Punjab Kings,Rajasthan Royals,,,9.0,Punjab Kings,bat,,Sawai Mansingh Stadium,"Sawai Mansingh Stadium, Jaipur",Jaipur,Jaipur,Rajasthan Royals,MJ Lumb,"S Ravi, SK Tarapore",S Venkataraghavan,6,20
419144,2010-04-07,2009/10,T20,,Kolkata Knight Riders,Delhi Capitals,Kolkata Knight Riders,,14.0,,Kolkata Knight Riders,bat,,Eden Gardens,"Eden Gardens, Kolkata",Kolkata,Kolkata,Kolkata Knight Riders,SC Ganguly,"BG Jerling, RE Koertzen",AJ Pycroft,6,20
419145,2010-04-08,2009/10,T20,,Royal Challengers Bangalore,Sunrisers Hyderabad,Sunrisers Hyderabad,,,7.0,Sunrisers Hyderabad,field,,M Chinnaswamy Stadium,"M Chinnaswamy Stadium, Bengaluru",Bangalore,Bengaluru,Royal Challengers Bangalore,TL Suman,"S Asnani, DJ Harper",J Srinath,6,20
419146,2010-04-09,2009/10,T20,,Punjab Kings,Mumbai Indians,Punjab Kings,,,6.0,Mumbai Indians,bat,,"Punjab Cricket Association Stadium, Mohali","IS Bindra Stadium, Mohali",Chandigarh,Mohali,Punjab Kings,KC Sangakkara,"M Erasmus, AM Saheba",D Govindjee,6,20
419147,2010-04-10,2009/10,T20,,Sunrisers Hyderabad,Chennai Super Kings,Sunrisers Hyderabad,,,6.0,Chennai Super Kings,bat,,"Vidarbha Cricket Association Stadium, Jamtha","Vidarbha Cricket Association Stadium, Jamtha",Nagpur,Jamtha,,RJ Harris,"HDPK Dharmasena, SJA Taufel",RS Mahanama,6,20
419148,2010-04-10,2009/10,T20,,Royal Challengers Bangalore,Kolkata Knight Riders,Royal Challengers Bangalore,,,7.0,Royal Challengers Bangalore,field,,M Chinnaswamy Stadium,"M Chinnaswamy Stadium, Bengaluru",Bangalore,Bengaluru,Royal Challengers Bangalore,R Vinay Kumar,"K Hariharan, DJ Harper",J Srinath,6,20
419149,2010-04-11,2009/10,T20,,Delhi Capitals,Punjab Kings,Punjab Kings,,,7.0,Delhi Capitals,bat,,Feroz Shah Kotla,"Arun Jaitley Stadium, Delhi",Delhi,Delhi,Delhi Capitals,PP Chawla,"BF Bowden, AM Saheba",D Govindjee,6,20
419150,2010-04-11,2009/10,T20,,Rajasthan Royals,Mumbai Indians,Mumbai Indians,,37.0,,Rajasthan Royals,field,,Sawai Mansingh Stadium,"Sawai Mansingh Stadium, Jaipur",Jaipur,Jaipur,Rajasthan Royals,SR Tendulkar,"BR Doctrove, SK Tarapore",S Venkataraghavan,6,20
419151,2010-04-12,2009/10,T20,,Sunrisers Hyderabad,Royal Challengers Bangalore,Sunrisers Hyderabad,,13.0,,Royal Challengers Bangalore,field,,"Vidarbha Cricket Association Stadium, Jamtha","Vidarbha Cricket Association Stadium, Jamtha",Nagpur,Jamtha,,Harmeet Singh,"RE Koertzen, RB Tiffin",AJ Pycroft,6,20
419152,2010-04-13,2009/10,T20,,Mumbai Indians,Delhi Capitals,Mumbai Indians,,39.0,,Mumbai Indians,bat,,Brabourne Stadium,"Brabourne Stadium, Mumbai",Mumbai,Mumbai,Mumbai Indians,KA Pollard,"S Asnani, DJ Harper",J Srinath,6,20
419153,2010-04-13,2009/10,T20,,Chennai Super Kings,Kolkata Knight Riders,Chennai Super Kings,,,9.0,Kolkata Knight Riders,bat,,"MA Chidambaram Stadium, Chepauk","MA Chidambaram Stadium, Chennai",Chennai,Chennai,Chennai Super Kings,R Ashwin,"SS Hazare, SJA Taufel",GR Viswanath,6,20
419154,2010-04-14,2009/10,T20,,Rajasthan Royals,Royal Challengers Bangalore,Royal Challengers Bangalore,,,5.0,Rajasthan Royals,bat,,Sawai Mansingh Stadium,"Sawai Mansingh Stadium, Jaipur",Jaipur,Jaipur,Rajasthan Royals,KP Pietersen,"BR Doctrove, S Ravi",S Venkataraghavan,6,20
419155,2010-04-15,2009/10,T20,,Chennai Super Kings,Delhi Capitals,Delhi Capitals,,,6.0,Chennai Super Kings,bat,,"MA Chidambaram Stadium, Chepauk","MA Chidambaram Stadium, Chennai",Chennai,Chennai,Chennai Super Kings,G Gambhir,"HDPK Dharmasena, SS Hazare",GR Viswanath,6,20
419156,2010-04-16,2009/10,T20,,Punjab Kings,Sunrisers Hyderabad,Sunrisers Hyderabad,,,5.0,Sunrisers Hyderabad,field,,Himachal Pradesh Cricket Association Stadium,"HPCA Stadium, Dharamsala",Dharamsala,Dharamsala,Punjab Kings,RG Sharma,"M Erasmus, AM Saheba",D Govindjee,6,20
419157,2010-04-17,2009/10,T20,,Royal Challengers Bangalore,Mumbai Indians,Mumbai Indians,,57.0,,Royal Challengers Bangalore,field,,M Chinnaswamy Stadium,"M Chinnaswamy Stadium, Bengaluru",Bangalore,Bengaluru,Royal Challengers Bangalore,R McLaren,"HDPK Dharmasena, SJA Taufel",GR Viswanath,6,20
419158,2010-04-17,2009/10,T20,,Kolkata Knight Riders,Rajasthan Royals,Kolkata Knight Riders,,,8.0,Rajasthan Royals,bat,,Eden Gardens,"Eden Gardens, Kolkata",Kolkata,Kolkata,Kolkata Knight Riders,JD Unadkat,"BG Jerling, RB Tiffin",AJ Pycroft,6,20
419159,2010-04-18,2009/10,T20,,Punjab Kings,Chennai Super Kings,Chennai Super Kings,,,6.0,Chennai Super Kings,field,,Himachal Pradesh Cricket Association Stadium,"HPCA Stadium, Dharamsala",Dharamsala,Dharamsala,Punjab Kings,MS Dhoni,"BF Bowden, AM Saheba",D Govindjee,6,20
419160,2010-04-18,2009/10,T20,,Delhi Capitals,Sunrisers Hyderabad,Sunrisers Hyderabad,,11.0,,Sunrisers Hyderabad,bat,,Feroz Shah Kotla,"Arun Jaitley Stadium, Delhi",Delhi,Delhi,Delhi Capitals,A Symonds,"BR Doctrove, SK Tarapore",S Venkataraghavan,6,20
419161,2010-04-19,2009/10,T20,,Kolkata Knight Riders,Mumbai Indians,Kolkata Knight Riders,,,9.0,Mumbai Indians,bat,,Eden Gardens,"Eden Gardens, Kolkata",Kolkata,Kolkata,Kolkata Knight Riders,M Kartik,"BG Jerling, RE Koertzen",AJ Pycroft,6,20
419162,2010-04-21,2009/10,T20,,Royal Challengers Bangalore,Mumbai Indians,Mumbai Indians,,35.0,,Mumbai Indians,bat,,Dr DY Patil Sports Academy,"Dr DY Patil Sports Academy, Navi Mumbai",Mumbai,Navi Mumbai,Mumbai Indians,KA Pollard,"BR Doctrove, RB Tiffin",J Srinath,6,20
419163,2010-04-22,2009/10,T20,,Chennai Super Kings,Sunrisers Hyderabad,Chennai Super Kings,,38.0,,Chennai Super Kings,bat,,Dr DY Patil Sports Academy,"Dr DY Patil Sports Academy, Navi Mumbai",Mumbai,Navi Mumbai,,DE Bollinger,"BR Doctrove, RB Tiffin",J Srinath,6,20
419164,2010-04-24,2009/10,T20,,Royal Challengers Bangalore,Sunrisers Hyderabad,Royal Challengers Bangalore,,,9.0,Sunrisers Hyderabad,bat,,Dr DY Patil Sports Academy,"Dr DY Patil Sports Academy, Navi Mumbai",Mumbai,Navi Mumbai,,A Kumble,"RE Koertzen, SJA Taufel",S Venkataraghavan,6,20
419165,2010-04-25,2009/10,T20,,Chennai Super Kings,Mumbai Indians,Chennai Super Kings,,22.0,,Chennai Super Kings,bat,,Dr DY Patil Sports Academy,"Dr DY Patil Sports Academy, Navi Mumbai",Mumbai,Navi Mumbai,Mumbai Indians,SK Raina,"RE Koertzen, SJA Taufel",S Venkataraghavan,6,20
501198,2011-04-08,2011,T20,,Chennai Super Kings,Kolkata Knight Riders,Chennai Super Kings,,2.0,,Chennai Super Kings,bat,,"MA Chidambaram Stadium, Chepauk","MA Chidambaram Stadium, Chennai",Chennai,Chennai,Chennai Super Kings,S Anirudha,"BR Doctrove, PR Reiffel",J Srinath,6,20
501199,2011-04-09,2011,T20,,Sunrisers Hyderabad,Rajasthan Royals,Rajasthan Royals,,,8.0,Rajasthan Royals,field,,"Rajiv Gandhi International Stadium, Uppal","Rajiv Gandhi International Stadium, Hyderabad",Hyderabad,Hyderabad,Sunrisers Hyderabad,SK Trivedi,"RE Koertzen, SK Tarapore",AJ Pycroft,6,20
501200,2011-04-09,2011,T20,,Kochi Tuskers Kerala,Royal Challengers Bangalore,Royal Challengers Bangalore,,,6.0,Kochi Tuskers Kerala,bat,,Nehru Stadium,Nehru Stadium,Kochi,Kochi,,AB de Villiers,"HDPK Dharmasena, K Hariharan",Raju Mukherjee,6,20
501201,2011-04-10,2011,T20,,Delhi Capitals,Mumbai Indians,Mumbai Indians,,,8.0,Delhi Capitals,bat,,Feroz Shah Kotla,"Arun Jaitley Stadium, Delhi",Delhi,Delhi,Delhi Capitals,SL Malinga,"AM Saheba, RB Tiffin",S Venkataraghavan,6,20
501202,2011-04-10,2011,T20,,Pune Warriors,Punjab Kings,Pune Warriors,,,7.0,Punjab Kings,bat,,Dr DY Patil Sports Academy,"Dr DY Patil Sports Academy, Navi Mumbai",Mumbai,Navi Mumbai,,SB Wagh,"BR Doctrove, PR Reiffel",J Srinath,6,20
501203,2011-04-11,2011,T20,,Kolkata Knight Riders,Sunrisers Hyderabad,Kolkata Knight Riders,,9.0,,Kolkata Knight Riders,bat,,Eden Gardens,"Eden Gardens, Kolkata",Kolkata,Kolkata,Kolkata Knight Riders,JH Kallis,"RE Koertzen, SK Tarapore",D Govindjee,6,20
501204,2011-04-12,2011,T20,,Rajasthan Royals,Delhi Capitals,Rajasthan Royals,,,6.0,Delhi Capitals,bat,,Sawai Mansingh Stadium,"Sawai Mansingh Stadium, Jaipur",Jaipur,Jaipur,Rajasthan Royals,SK Warne,"Aleem Dar, RB Tiffin",AJ Pycroft,6,20
501205,2011-04-12,2011,T20,,Royal Challengers Bangalore,Mumbai Indians,Mumbai Indians,,,9.0,Mumbai Indians,field,,M Chinnaswamy Stadium,"M Chinnaswamy Stadium, Bengaluru",Bangalore,Bengaluru,Royal Challengers Bangalore,SR Tendulkar,"HDPK Dharmasena, AL Hill",Raju Mukherjee,6,20
501206,2011-04-13,2011,T20,,Punjab Kings,Chennai Super Kings,Punjab Kings,,,6.0,Punjab Kings,field,,"Punjab Cricket Association Stadium, Mohali","IS Bindra Stadium, Mohali",Chandigarh,Mohali,Punjab Kings,PC Valthaty,"Asad Rauf, SL Shastri",S Venkataraghavan,6,20
501207,2011-04-13,2011,T20,,Pune Warriors,Kochi Tuskers Kerala,Pune Warriors,,,4.0,Kochi Tuskers Kerala,bat,,Dr DY Patil Sports Academy,"Dr DY Patil Sports Academy, Navi Mumbai",Mumbai,Navi Mumbai,,MD Mishra,"S Asnani, PR Reiffel",J Srinath,6,20
501208,2011-04-14,2011,T20,,Sunrisers Hyderabad,Royal Challengers Bangalore,Sunrisers Hyderabad,,33.0,,Royal Challengers Bangalore,field,,"Rajiv Gandhi International Stadium, Uppal","Rajiv Gandhi International Stadium, Hyderabad",Hyderabad,Hyderabad,Sunrisers Hyderabad,DW Steyn,"RE Koertzen, S Ravi",D Govindjee,6,20
501209,2011-04-15,2011,T20,,Rajasthan Royals,Kolkata Knight Riders,Kolkata Knight Riders,,,9.0,Kolkata Knight Riders,field,,Sawai Mansingh Stadium,"Sawai Mansingh Stadium, Jaipur",Jaipur,Jaipur,Rajasthan Royals,G Gambhir,"Aleem Dar, SS Hazare",AJ Pycroft,6,20
501210,2011-04-15,2011,T20,,Mumbai Indians,Kochi Tuskers Kerala,Kochi Tuskers Kerala,,,8.0,Kochi Tuskers Kerala,field,,Wankhede Stadium,"Wankhede Stadium, Mumbai",Mumbai,Mumbai,Mumbai Indians,BB McCullum,"BR Doctrove, PR Reiffel",J Srinath,6,20
501211,2011-04-16,2011,T20,,Chennai Super Kings,Royal Challengers Bangalore,Chennai Super Kings,,21.0,,Chennai Super Kings,bat,,"MA Chidambaram Stadium, Chepauk","MA Chidambaram Stadium, Chennai",Chennai,Chennai,Chennai Super Kings,MEK Hussey,"HDPK Dharmasena, AL Hill",Raju Mukherjee,6,20
501212,2011-04-16,2011,T20,,Sunrisers Hyderabad,Punjab Kings,Punjab Kings,,,8.0,Punjab Kings,field,,"Rajiv Gandhi International Stadium, Uppal","Rajiv Gandhi International Stadium, Hyderabad",Hyderabad,Hyderabad,Sunrisers Hyderabad,PC Valthaty,"RE Koertzen, S Ravi",D Govindjee,6,20
501213,2011-04-17,2011,T20,,Pune Warriors,Delhi Capitals,Delhi Capitals,,,3.0,Delhi Capitals,field,,Dr DY Patil Sports Academy,"Dr DY Patil Sports Academy, Navi Mumbai",Mumbai,Navi Mumbai,,Yuvraj Singh,"Asad Rauf, AM Saheba",S Venkataraghavan,6,20
501214,2011-04-17,2011,T20,,Kolkata Knight Riders,Rajasthan Royals,Kolkata Knight Riders,,,8.0,Kolkata Knight Riders,field,,Eden Gardens,"Eden Gardens, Kolkata",Kolkata,Kolkata,Kolkata Knight Riders,L Balaji,"Aleem Dar, RB Tiffin",AJ Pycroft,6,20
501215,2011-04-18,2011,T20,,Kochi Tuskers Kerala,Chennai Super Kings,Kochi Tuskers Kerala,,,7.0,Kochi Tuskers Kerala,field,D/L,Nehru Stadium,Nehru Stadium,Kochi,Kochi,,BB McCullum,"K Hariharan, AL Hill",Raju Mukherjee,6,20
501216,2011-04-19,2011,T20,,Delhi Capitals,Sunrisers Hyderabad,Sunrisers Hyderabad,,16.0,,Sunrisers Hyderabad,bat,,Feroz Shah Kotla,"Arun Jaitley Stadium, Delhi",Delhi,Delhi,Delhi Capitals,S Sohal,"PR Reiffel, RJ Tucker",J Srinath,6,20
501218,2011-04-20,2011,T20,,Mumbai Indians,Pune Warriors,Mumbai Indians,,,7.0,Pune Warriors,bat,,Wankhede Stadium,"Wankhede Stadium, Mumbai",Mumbai,Mumbai,Mumbai Indians,MM Patel,"Asad Rauf, AM Saheba",Raju Mukherjee,6,20
501219,2011-04-20,2011,T20,,Kolkata Knight Riders,Kochi Tuskers Kerala,Kochi Tuskers Kerala,,6.0,,Kolkata Knight Riders,field,,Eden Gardens,"Eden Gardens, Kolkata",Kolkata,Kolkata,Kolkata Knight Riders,DPMD Jayawardene,"Aleem Dar, RB Tiffin",AJ Pycroft,6,20
501220,2011-04-21,2011,T20,,Punjab Kings,Rajasthan Royals,Punjab Kings,,48.0,,Rajasthan Royals,field,,"Punjab Cricket Association Stadium, Mohali","IS Bindra Stadium, Mohali",Chandigarh,Mohali,Punjab Kings,SE Marsh,"S Asnani, PR Reiffel",J Srinath,6,20
501221,2011-04-22,2011,T20,,Mumbai Indians,Chennai Super Kings,Mumbai Indians,,8.0,,Chennai Super Kings,field,,Wankhede Stadium,"Wankhede Stadium, Mumbai",Mumbai,Mumbai,Mumbai Indians,Harbhajan Singh,"Asad Rauf, AM Saheba",Raju Mukherjee,6,20
501222,2011-04-22,2011,T20,,Kolkata Knight Riders,Royal Challengers Bangalore,Royal Challengers Bangalore,,,9.0,Royal Challengers Bangalore,field,,Eden Gardens,"Eden Gardens, Kolkata",Kolkata,Kolkata,Kolkata Knight Riders,CH Gayle,"SS Hazare, RB Tiffin",AJ Pycroft,6,20
501223,2011-04-23,2011,T20,,Delhi Capitals,Punjab Kings,Delhi Capitals,,29.0,,Punjab Kings,field,,Feroz Shah Kotla,"Arun Jaitley Stadium, Delhi",Delhi,Delhi,Delhi Capitals,DA Warner,"S Asnani, RE Koertzen",J Srinath,6,20
501224,2011-04-24,2011,T20,,Sunrisers Hyderabad,Mumbai Indians,Mumbai Indians,,37.0,,Sunrisers Hyderabad,field,,"Rajiv Gandhi International Stadium, Uppal","Rajiv Gandhi International Stadium, Hyderabad",Hyderabad,Hyderabad,Sunrisers Hyderabad,SL Malinga,"HDPK Dharmasena, AL Hill",Raju Mukherjee,6,20
501225,2011-04-24,2011,T20,,Rajasthan Royals,Kochi Tuskers Kerala,Rajasthan Royals,,,8.0,Rajasthan Royals,field,,Sawai Mansingh Stadium,"Sawai Mansingh Stadium, Jaipur",Jaipur,Jaipur,Rajasthan Royals,SK Warne,"BR Doctrove, SK Tarapore",D Govindjee,6,20
501226,2011-04-25,2011,T20,,Chennai Super Kings,Pune Warriors,Chennai Super Kings,,25.0,,Pune Warriors,field,,"MA Chidambaram Stadium, Chepauk","MA Chidambaram Stadium, Chennai",Chennai,Chennai,Chennai Super Kings,MEK Hussey,"Aleem Dar, RB Tiffin",AJ Pycroft,6,20
501227,2011-04-26,2011,T20,,Delhi Capitals,Royal Challengers Bangalore,Royal Challengers Bangalore,,,3.0,Royal Challengers Bangalore,field,,Feroz Shah Kotla,"Arun Jaitley Stadium, Delhi",Delhi,Delhi,Delhi Capitals,V Kohli,"S Asnani, RJ Tucker",J Srinath,6,20
501228,2011-04-27,2011,T20,,Pune Warriors,Chennai Super Kings,Chennai Super Kings,,,8.0,Pune Warriors,bat,,Dr DY Patil Sports Academy,"Dr DY Patil Sports Academy, Navi Mumbai",Mumbai,Navi Mumbai,,DE Bollinger,"Asad Rauf, SL Shastri",GF Labrooy,6,20
501229,2011-04-27,2011,T20,,Kochi Tuskers Kerala,Sunrisers Hyderabad,Sunrisers Hyderabad,,55.0,,Kochi Tuskers Kerala,field,,Nehru Stadium,Nehru Stadium,Kochi,Kochi,,I Sharma,"HDPK Dharmasena, AL Hill",Raju Mukherjee,6,20
501230,2011-04-28,2011,T20,,Delhi Capitals,Kolkata Knight Riders,Kolkata Knight Riders,,17.0,,Delhi Capitals,field,,Feroz Shah Kotla,"Arun Jaitley Stadium, Delhi",Delhi,Delhi,Delhi Capitals,MK Tiwary,"PR Reiffel, RJ Tucker",J Srinath,6,20
501231,2011-04-29,2011,T20,,Rajasthan Royals,Mumbai Indians,Rajasthan Royals,,,7.0,Rajasthan Royals,field,,Sawai Mansingh Stadium,"Sawai Mansingh Stadium, Jaipur",Jaipur,Jaipur,Rajasthan Royals,J Botha,"Asad Rauf, SK Tarapore",D Govindjee,6,20
501232,2011-04-29,2011,T20,,Royal Challengers Bangalore,Pune Warriors,Royal Challengers Bangalore,,26.0,,Pune Warriors,field,,M Chinnaswamy Stadium,"M Chinnaswamy Stadium, Bengaluru",Bangalore,Bengaluru,Royal Challengers Bangalore,V Kohli,"Aleem Dar, SS Hazare",AJ Pycroft,6,20
501233,2011-04-30,2011,T20,,Kochi Tuskers Kerala,Delhi Capitals,Delhi Capitals,,38.0,,Delhi Capitals,bat,,Nehru Stadium,Nehru Stadium,Kochi,Kochi,,V Sehwag,"HDPK Dharmasena, AL Hill",Raju Mukherjee,6,20
501234,2011-04-30,2011,T20,,Kolkata Knight Riders,Punjab Kings,Kolkata Knight Riders,,,8.0,Kolkata Knight Riders,field,,Eden Gardens,"Eden Gardens, Kolkata",Kolkata,Kolkata,Kolkata Knight Riders,Iqbal Abdulla,"AM Saheba, SL Shastri",GF Labrooy,6,20
501235,2011-05-01,2011,T20,,Rajasthan Royals,Pune Warriors,Rajasthan Royals,,,6.0,Rajasthan Royals,field,,Sawai Mansingh Stadium,"Sawai Mansingh Stadium, Jaipur",Jaipur,Jaipur,Rajasthan Royals,LRPL Taylor,"SK Tarapore, SJA Taufel",D Govindjee,6,20
501236,2011-05-01,2011,T20,,Chennai Super Kings,Sunrisers Hyderabad,Chennai Super Kings,,19.0,,Chennai Super Kings,bat,,"MA Chidambaram Stadium, Chepauk","MA Chidambaram Stadium, Chennai",Chennai,Chennai,Chennai Super Kings,JA Morkel,"Aleem Dar, RB Tiffin",AJ Pycroft,6,20
501237,2011-05-02,2011,T20,,Mumbai Indians,Punjab Kings,Mumbai Indians,,23.0,,Punjab Kings,field,,Wankhede Stadium,"Wankhede Stadium, Mumbai",Mumbai,Mumbai,Mumbai Indians,KA Pollard,"HDPK Dharmasena, PR Reiffel",Raju Mukherjee,6,20
501238,2011-05-02,2011,T20,,Delhi Capitals,Kochi Tuskers Kerala,Kochi Tuskers Kerala,,,7.0,Kochi Tuskers Kerala,field,,Feroz Shah Kotla,"Arun Jaitley Stadium, Delhi",Delhi,Delhi,Delhi Capitals,P Parameswaran,"Asad Rauf, SL Shastri",GF Labrooy,6,20
501239,2011-05-03,2011,T20,,Sunrisers Hyderabad,Kolkata Knight Riders,Kolkata Knight Riders,,20.0,,Sunrisers Hyderabad,field,,"Rajiv Gandhi International Stadium, Uppal","Rajiv Gandhi International Stadium, Hyderabad",Hyderabad,Hyderabad,Sunrisers Hyderabad,YK Pathan,"S Asnani, RJ Tucker",J Srinath,6,20
501240,2011-05-04,2011,T20,,Chennai Super Kings,Rajasthan Royals,Chennai Super Kings,,,8.0,Rajasthan Royals,bat,,"MA Chidambaram Stadium, Chepauk","MA Chidambaram Stadium, Chennai",Chennai,Chennai,Chennai Super Kings,MEK Hussey,"SS Hazare, RB Tiffin",AJ Pycroft,6,20
501241,2011-05-04,2011,T20,,Pune Warriors,Mumbai Indians,Mumbai Indians,,21.0,,Pune Warriors,field,,Dr DY Patil Sports Academy,"Dr DY Patil Sports Academy, Navi Mumbai",Mumbai,Navi Mumbai,Mumbai Indians,R Sharma,"HDPK Dharmasena, SJA Taufel",Raju Mukherjee,6,20
501242,2011-05-05,2011,T20,,Kochi Tuskers Kerala,Kolkata Knight Riders,Kochi Tuskers Kerala,,17.0,,Kolkata Knight Riders,field,,Nehru Stadium,Nehru Stadium,Kochi,Kochi,,BJ Hodge,"S Ravi, RJ Tucker",D Govindjee,6,20
501243,2011-05-05,2011,T20,,Sunrisers Hyderabad,Delhi Capitals,Delhi Capitals,,,4.0,Delhi Capitals,field,,"Rajiv Gandhi International Stadium, Uppal","Rajiv Gandhi International Stadium, Hyderabad",Hyderabad,Hyderabad,Sunrisers Hyderabad,V Sehwag,"Asad Rauf, AM Saheba",GF Labrooy,6,20
501244,2011-05-06,2011,T20,,Royal Challengers Bangalore,Punjab Kings,Royal Challengers Bangalore,,85.0,,Punjab Kings,field,,M Chinnaswamy Stadium,"M Chinnaswamy Stadium, Bengaluru",Bangalore,Bengaluru,Royal Challengers Bangalore,CH Gayle,"Aleem Dar, RB Tiffin",AJ Pycroft,6,20
501245,2011-05-07,2011,T20,,Kolkata Knight Riders,Chennai Super Kings,Kolkata Knight Riders,,10.0,,Chennai Super Kings,bat,D/L,Eden Gardens,"Eden Gardens, Kolkata",Kolkata,Kolkata,Kolkata Knight Riders,Iqbal Abdulla,"Asad Rauf, PR Reiffel",Raju Mukherjee,6,20
501246,2011-05-07,2011,T20,,Mumbai Indians,Delhi Capitals,Mumbai Indians,,32.0,,Delhi Capitals,field,,Wankhede Stadium,"Wankhede Stadium, Mumbai",Mumbai,Mumbai,Mumbai Indians,AT Rayudu,"K Hariharan, SJA Taufel",RS Mahanama,6,20
501247,2011-05-08,2011,T20,,Royal Challengers Bangalore,Kochi Tuskers Kerala,Royal Challengers Bangalore,,,9.0,Kochi Tuskers Kerala,bat,,M Chinnaswamy Stadium,"M Chinnaswamy Stadium, Bengaluru",Bangalore,Bengaluru,Royal Challengers Bangalore,CH Gayle,"Aleem Dar, SS Hazare",AJ Pycroft,6,20
501248,2011-05-08,2011,T20,,Punjab Kings,Pune Warriors,Pune Warriors,,,5.0,Punjab Kings,bat,,"Punjab Cricket Association Stadium, Mohali","IS Bindra Stadium, Mohali",Chandigarh,Mohali,Punjab Kings,R Sharma,"SK Tarapore, RJ Tucker",D Govindjee,6,20
501249,2011-05-09,2011,T20,,Rajasthan Royals,Chennai Super Kings,Chennai Super Kings,,63.0,,Rajasthan Royals,field,,Sawai Mansingh Stadium,"Sawai Mansingh Stadium, Jaipur",Jaipur,Jaipur,Rajasthan Royals,M Vijay,"K Hariharan, SJA Taufel",RS Mahanama,6,20
501250,2011-05-10,2011,T20,,Sunrisers Hyderabad,Pune Warriors,Pune Warriors,,,6.0,Sunrisers Hyderabad,bat,,"Rajiv Gandhi International Stadium, Uppal","Rajiv Gandhi International Stadium, Hyderabad",Hyderabad,Hyderabad,Sunrisers Hyderabad,MR Marsh,"Asad Rauf, AM Saheba",GF Labrooy,6,20
501251,2011-05-10,2011,T20,,Punjab Kings,Mumbai Indians,Punjab Kings,,76.0,,Mumbai Indians,field,,"Punjab Cricket Association Stadium, Mohali","IS Bindra Stadium, Mohali",Chandigarh,Mohali,Punjab Kings,BA Bhatt,"SK Tarapore, RJ Tucker",D Govindjee,6,20
501252,2011-05-11,2011,T20,,Rajasthan Royals,Royal Challengers Bangalore,Royal Challengers Bangalore,,,9.0,Royal Challengers Bangalore,field,,Sawai Mansingh Stadium,"Sawai Mansingh Stadium, Jaipur",Jaipur,Jaipur,Rajasthan Royals,S Aravind,"HDPK Dharmasena, K Hariharan",RS Mahanama,6,20
501253,2011-05-12,2011,T20,,Chennai Super Kings,Delhi Capitals,Chennai Super Kings,,18.0,,Chennai Super Kings,bat,,"MA Chidambaram Stadium, Chepauk","MA Chidambaram Stadium, Chennai",Chennai,Chennai,Chennai Super Kings,MS Dhoni,"AM Saheba, SL Shastri",GF Labrooy,6,20
501254,2011-05-13,2011,T20,,Kochi Tuskers Kerala,Punjab Kings,Punjab Kings,,,6.0,Punjab Kings,field,,Holkar Cricket Stadium,"Holkar Cricket Stadium, Indore",Indore,Indore,Punjab Kings,KD Karthik,"S Asnani, RJ Tucker",Raju Mukherjee,6,20
501255,2011-05-14,2011,T20,,Royal Challengers Bangalore,Kolkata Knight Riders,Royal Challengers Bangalore,,,4.0,Royal Challengers Bangalore,field,D/L,M Chinnaswamy Stadium,"M Chinnaswamy Stadium, Bengaluru",Bangalore,Bengaluru,Royal Challengers Bangalore,CH Gayle,"RE Koertzen, RB Tiffin",AJ Pycroft,6,20
501256,2011-05-14,2011,T20,,Mumbai Indians,Sunrisers Hyderabad,Sunrisers Hyderabad,,10.0,,Sunrisers Hyderabad,bat,,Wankhede Stadium,"Wankhede Stadium, Mumbai",Mumbai,Mumbai,Mumbai Indians,A Mishra,"S Ravi, SK Tarapore",D Govindjee,6,20
501257,2011-05-15,2011,T20,,Punjab Kings,Delhi Capitals,Punjab Kings,,29.0,,Delhi Capitals,field,,Himachal Pradesh Cricket Association Stadium,"HPCA Stadium, Dharamsala",Dharamsala,Dharamsala,Punjab Kings,PP Chawla,"Asad Rauf, SL Shastri",GF Labrooy,6,20
501258,2011-05-15,2011,T20,,Kochi Tuskers Kerala,Rajasthan Royals,Kochi Tuskers Kerala,,,8.0,Kochi Tuskers Kerala,field,,Holkar Cricket Stadium,"Holkar Cricket Stadium, Indore",Indore,Indore,,BJ Hodge,"PR Reiffel, RJ Tucker",RS Mahanama,6,20
501259,2011-05-16,2011,T20,,Pune Warriors,Sunrisers Hyderabad,Sunrisers Hyderabad,,,6.0,Sunrisers Hyderabad,field,,Dr DY Patil Sports Academy,"Dr DY Patil Sports Academy, Navi Mumbai",Mumbai,Navi Mumbai,,A Mishra,"S Ravi, SK Tarapore",D Govindjee,6,20
501260,2011-05-17,2011,T20,,Punjab Kings,Royal Challengers Bangalore,Punjab Kings,,111.0,,Punjab Kings,bat,,Himachal Pradesh Cricket Association Stadium,"HPCA Stadium, Dharamsala",Dharamsala,Dharamsala,Punjab Kings,AC Gilchrist,"Asad Rauf, AM Saheba",GF Labrooy,6,20
501261,2011-05-18,2011,T20,,Chennai Super Kings,Kochi Tuskers Kerala,Chennai Super Kings,,11.0,,Chennai Super Kings,bat,,"MA Chidambaram Stadium, Chepauk","MA Chidambaram Stadium, Chennai",Chennai,Chennai,Chennai Super Kings,WP Saha,"HDPK Dharmasena, RE Koertzen",RS Mahanama,6,20
501262,2011-05-19,2011,T20,,Pune Warriors,Kolkata Knight Riders,Kolkata Knight Riders,,,7.0,Kolkata Knight Riders,field,,Dr DY Patil Sports Academy,"Dr DY Patil Sports Academy, Navi Mumbai",Mumbai,Navi Mumbai,,YK Pathan,"S Ravi, SJA Taufel",D Govindjee,6,20
501263,2011-05-20,2011,T20,,Mumbai Indians,Rajasthan Royals,Rajasthan Royals,,,10.0,Mumbai Indians,bat,,Wankhede Stadium,"Wankhede Stadium, Mumbai",Mumbai,Mumbai,Mumbai Indians,SR Watson,"RE Koertzen, PR Reiffel",J Srinath,6,20
501264,2011-05-21,2011,T20,,Punjab Kings,Sunrisers Hyderabad,Sunrisers Hyderabad,,82.0,,Punjab Kings,field,,Himachal Pradesh Cricket Association Stadium,"HPCA Stadium, Dharamsala",Dharamsala,Dharamsala,Punjab Kings,S Dhawan,"Asad Rauf, AM Saheba",GF Labrooy,6,20
501265,2011-05-21,2011,T20,,Delhi Capitals,Pune Warriors,,no result,,,Delhi Capitals,bat,,Feroz Shah Kotla,"Arun Jaitley Stadium, Delhi",Delhi,Delhi,Delhi Capitals,,"SS Hazare, RJ Tucker",AJ Pycroft,6,20
501266,2011-05-22,2011,T20,,Royal Challengers Bangalore,Chennai Super Kings,Royal Challengers Bangalore,,,8.0,Royal Challengers Bangalore,field,,M Chinnaswamy Stadium,"M Chinnaswamy Stadium, Bengaluru",Bangalore,Bengaluru,Royal Challengers Bangalore,CH Gayle,"K Hariharan, RE Koertzen",RS Mahanama,6,20
501267,2011-05-22,2011,T20,,Kolkata Knight Riders,Mumbai Indians,Mumbai Indians,,,5.0,Mumbai Indians,field,,Eden Gardens,"Eden Gardens, Kolkata",Kolkata,Kolkata,Kolkata Knight Riders,JEC Franklin,"SK Tarapore, SJA Taufel",D Govindjee,6,20
501268,2011-05-24,2011,T20,,Royal Challengers Bangalore,Chennai Super Kings,Chennai Super Kings,,,6.0,Chennai Super Kings,field,,Wankhede Stadium,"Wankhede Stadium, Mumbai",Mumbai,Mumbai,,SK Raina,"Asad Rauf, SJA Taufel",RS Mahanama,6,20
501269,2011-05-25,2011,T20,,Mumbai Indians,Kolkata Knight Riders,Mumbai Indians,,,4.0,Mumbai Indians,field,,Wankhede Stadium,"Wankhede Stadium, Mumbai",Mumbai,Mumbai,Mumbai Indians,MM Patel,"Asad Rauf, SJA Taufel",RS Mahanama,6,20
501270,2011-05-27,2011,T20,,Royal Challengers Bangalore,Mumbai Indians,Royal Challengers Bangalore,,43.0,,Mumbai Indians,field,,"MA Chidambaram Stadium, Chepauk","MA Chidambaram Stadium, Chennai",Chennai,Chennai,,CH Gayle,"Asad Rauf, SJA Taufel",RS Mahanama,6,20
501271,2011-05-28,2011,T20,,Chennai Super Kings,Royal Challengers Bangalore,Chennai Super Kings,,58.0,,Chennai Super Kings,bat,,"MA Chidambaram Stadium, Chepauk","MA Chidambaram Stadium, Chennai",Chennai,Chennai,Chennai Super Kings,M Vijay,"Asad Rauf, SJA Taufel",RS Mahanama,6,20
548306,2012-04-04,2012,T20,,Chennai Super Kings,Mumbai Indians,Mumbai Indians,,,8.0,Mumbai Indians,field,,"MA Chidambaram Stadium, Chepauk","MA Chidambaram Stadium, Chennai",Chennai,Chennai,Chennai Super Kings,RE Levi,"JD Cloete, SJA Taufel",RS Madugalle,6,20
548307,2012-04-05,2012,T20,,Kolkata Knight Riders,Delhi Capitals,Delhi Capitals,,,8.0,Delhi Capitals,field,,Eden Gardens,"Eden Gardens, Kolkata",Kolkata,Kolkata,Kolkata Knight Riders,IK Pathan,"S Asnani, HDPK Dharmasena",GF Labrooy,6,20
548308,2012-04-06,2012,T20,,Mumbai Indians,Pune Warriors,Pune Warriors,,28.0,,Mumbai Indians,field,,Wankhede Stadium,"Wankhede Stadium, Mumbai",Mumbai,Mumbai,Mumbai Indians,SPD Smith,"AK Chaudhary, SJA Taufel",RR Jadeja,6,20
548309,2012-04-06,2012,T20,,Rajasthan Royals,Punjab Kings,Rajasthan Royals,,31.0,,Punjab Kings,field,,Sawai Mansingh Stadium,"Sawai Mansingh Stadium, Jaipur",Jaipur,Jaipur,Rajasthan Royals,AM Rahane,"BF Bowden, SK Tarapore",RS Madugalle,6,20
548310,2012-04-07,2012,T20,,Royal Challengers Bangalore,Delhi Capitals,Royal Challengers Bangalore,,20.0,,Delhi Capitals,field,,M Chinnaswamy Stadium,"M Chinnaswamy Stadium, Bengaluru",Bangalore,Bengaluru,Royal Challengers Bangalore,AB de Villiers,"S Asnani, S Ravi",Raju Mukherjee,6,20
548311,2012-04-07,2012,T20,,Sunrisers Hyderabad,Chennai Super Kings,Chennai Super Kings,,74.0,,Sunrisers Hyderabad,field,,Dr. Y.S. Rajasekhara Reddy ACA-VDCA Cricket Stadium,Dr. Y.S. Rajasekhara Reddy ACA-VDCA Cricket Stadium,Visakhapatnam,Visakhapatnam,,RA Jadeja,"JD Cloete, HDPK Dharmasena",GF Labrooy,6,20
548312,2012-04-08,2012,T20,,Rajasthan Royals,Kolkata Knight Riders,Rajasthan Royals,,22.0,,Kolkata Knight Riders,field,,Sawai Mansingh Stadium,"Sawai Mansingh Stadium, Jaipur",Jaipur,Jaipur,Rajasthan Royals,BJ Hodge,"BF Bowden, VA Kulkarni",RS Madugalle,6,20
548313,2012-04-08,2012,T20,,Pune Warriors,Punjab Kings,Pune Warriors,,22.0,,Pune Warriors,bat,,Subrata Roy Sahara Stadium,Subrata Roy Sahara Stadium,Pune,Pune,Pune Warriors,MN Samuels,"S Das, SJA Taufel",RR Jadeja,6,20
548314,2012-04-09,2012,T20,,Sunrisers Hyderabad,Mumbai Indians,Mumbai Indians,,,5.0,Sunrisers Hyderabad,bat,,Dr. Y.S. Rajasekhara Reddy ACA-VDCA Cricket Stadium,Dr. Y.S. Rajasekhara Reddy ACA-VDCA Cricket Stadium,Visakhapatnam,Visakhapatnam,,RG Sharma,"AK Chaudhary, JD Cloete",GF Labrooy,6,20
548315,2012-04-10,2012,T20,,Royal Challengers Bangalore,Kolkata Knight Riders,Kolkata Knight Riders,,42.0,,Royal Challengers Bangalore,field,,M Chinnaswamy Stadium,"M Chinnaswamy Stadium, Bengaluru",Bangalore,Bengaluru,Royal Challengers Bangalore,L Balaji,"S Ravi, RJ Tucker",Raju Mukherjee,6,20
548316,2012-04-10,2012,T20,,Delhi Capitals,Chennai Super Kings,Delhi Capitals,,,8.0,Delhi Capitals,field,,Feroz Shah Kotla,"Arun Jaitley Stadium, Delhi",Delhi,Delhi,Delhi Capitals,M Morkel,"Asad Rauf, SK Tarapore",RS Madugalle,6,20
548317,2012-04-11,2012,T20,,Mumbai Indians,Rajasthan Royals,Mumbai Indians,,27.0,,Rajasthan Royals,field,,Wankhede Stadium,"Wankhede Stadium, Mumbai",Mumbai,Mumbai,Mumbai Indians,KA Pollard,"Aleem Dar, BNJ Oxenford",J Srinath,6,20
548318,2012-04-12,2012,T20,,Chennai Super Kings,Royal Challengers Bangalore,Chennai Super Kings,,,5.0,Royal Challengers Bangalore,bat,,"MA Chidambaram Stadium, Chepauk","MA Chidambaram Stadium, Chennai",Chennai,Chennai,Chennai Super Kings,F du Plessis,"HDPK Dharmasena, RJ Tucker",Raju Mukherjee,6,20
548319,2012-04-12,2012,T20,,Punjab Kings,Pune Warriors,Punjab Kings,,,7.0,Punjab Kings,field,,"Punjab Cricket Association Stadium, Mohali","IS Bindra Stadium, Mohali",Chandigarh,Mohali,Punjab Kings,AD Mascarenhas,"VA Kulkarni, SK Tarapore",RS Madugalle,6,20
548320,2012-04-13,2012,T20,,Kolkata Knight Riders,Rajasthan Royals,Kolkata Knight Riders,,,5.0,Rajasthan Royals,bat,,Eden Gardens,"Eden Gardens, Kolkata",Kolkata,Kolkata,Kolkata Knight Riders,Shakib Al Hasan,"Asad Rauf, S Asnani",GF Labrooy,6,20
548322,2012-04-14,2012,T20,,Pune Warriors,Chennai Super Kings,Pune Warriors,,,7.0,Chennai Super Kings,bat,,Subrata Roy Sahara Stadium,Subrata Roy Sahara Stadium,Pune,Pune,Pune Warriors,JD Ryder,"Aleem Dar, BNJ Oxenford",RR Jadeja,6,20
548323,2012-04-15,2012,T20,,Kolkata Knight Riders,Punjab Kings,Punjab Kings,,2.0,,Kolkata Knight Riders,field,,Eden Gardens,"Eden Gardens, Kolkata",Kolkata,Kolkata,Kolkata Knight Riders,SP Narine,"Asad Rauf, S Asnani",GF Labrooy,6,20
548324,2012-04-15,2012,T20,,Royal Challengers Bangalore,Rajasthan Royals,Rajasthan Royals,,59.0,,Rajasthan Royals,bat,,M Chinnaswamy Stadium,"M Chinnaswamy Stadium, Bengaluru",Bangalore,Bengaluru,Royal Challengers Bangalore,AM Rahane,"JD Cloete, RJ Tucker",Raju Mukherjee,6,20
548325,2012-04-16,2012,T20,,Mumbai Indians,Delhi Capitals,Delhi Capitals,,,7.0,Delhi Capitals,field,,Wankhede Stadium,"Wankhede Stadium, Mumbai",Mumbai,Mumbai,Mumbai Indians,S Nadeem,"BF Bowden, SK Tarapore",RS Madugalle,6,20
548326,2012-04-17,2012,T20,,Rajasthan Royals,Sunrisers Hyderabad,Rajasthan Royals,,,5.0,Sunrisers Hyderabad,bat,,Sawai Mansingh Stadium,"Sawai Mansingh Stadium, Jaipur",Jaipur,Jaipur,Rajasthan Royals,BJ Hodge,"Aleem Dar, BNJ Oxenford",RR Jadeja,6,20
548327,2012-04-17,2012,T20,,Royal Challengers Bangalore,Pune Warriors,Royal Challengers Bangalore,,,6.0,Pune Warriors,bat,,M Chinnaswamy Stadium,"M Chinnaswamy Stadium, Bengaluru",Bangalore,Bengaluru,Royal Challengers Bangalore,CH Gayle,"S Asnani, S Das",GF Labrooy,6,20
548328,2012-04-18,2012,T20,,Punjab Kings,Kolkata Knight Riders,Kolkata Knight Riders,,,8.0,Punjab Kings,bat,,"Punjab Cricket Association Stadium, Mohali","IS Bindra Stadium, Mohali",Chandigarh,Mohali,Punjab Kings,G Gambhir,"JD Cloete, RJ Tucker",RS Mahanama,6,20
548321,2012-04-19,2012,T20,,Delhi Capitals,Sunrisers Hyderabad,Delhi Capitals,,,5.0,Sunrisers Hyderabad,bat,,Feroz Shah Kotla,"Arun Jaitley Stadium, Delhi",Delhi,Delhi,Delhi Capitals,KP Pietersen,"BF Bowden, SK Tarapore",RS Madugalle,6,20
548330,2012-04-19,2012,T20,,Chennai Super Kings,Pune Warriors,Chennai Super Kings,,13.0,,Pune Warriors,field,,"MA Chidambaram Stadium, Chepauk","MA Chidambaram Stadium, Chennai",Chennai,Chennai,Chennai Super Kings,KMDN Kulasekara,"Asad Rauf, S Das",GF Labrooy,6,20
548331,2012-04-20,2012,T20,,Punjab Kings,Royal Challengers Bangalore,Royal Challengers Bangalore,,,5.0,Royal Challengers Bangalore,field,,"Punjab Cricket Association Stadium, Mohali","IS Bindra Stadium, Mohali",Chandigarh,Mohali,Punjab Kings,CH Gayle,"S Ravi, RJ Tucker",RS Mahanama,6,20
548332,2012-04-21,2012,T20,,Chennai Super Kings,Rajasthan Royals,Chennai Super Kings,,,7.0,Rajasthan Royals,bat,,"MA Chidambaram Stadium, Chepauk","MA Chidambaram Stadium, Chennai",Chennai,Chennai,Chennai Super Kings,F du Plessis,"Aleem Dar, BNJ Oxenford",J Srinath,6,20
548333,2012-04-21,2012,T20,,Delhi Capitals,Pune Warriors,Pune Warriors,,20.0,,Delhi Capitals,field,,Feroz Shah Kotla,"Arun Jaitley Stadium, Delhi",Delhi,Delhi,Delhi Capitals,SC Ganguly,"Asad Rauf, S Das",GF Labrooy,6,20
548334,2012-04-22,2012,T20,,Mumbai Indians,Punjab Kings,Punjab Kings,,,6.0,Mumbai Indians,bat,,Wankhede Stadium,"Wankhede Stadium, Mumbai",Mumbai,Mumbai,Mumbai Indians,SE Marsh,"S Ravi, RJ Tucker",Raju Mukherjee,6,20
548335,2012-04-22,2012,T20,,Sunrisers Hyderabad,Kolkata Knight Riders,Kolkata Knight Riders,,,5.0,Kolkata Knight Riders,field,,Barabati Stadium,Barabati Stadium,Cuttack,Cuttack,,B Lee,"BF Bowden, SK Tarapore",RS Mahanama,6,20
548336,2012-04-23,2012,T20,,Rajasthan Royals,Royal Challengers Bangalore,Royal Challengers Bangalore,,46.0,,Rajasthan Royals,field,,Sawai Mansingh Stadium,"Sawai Mansingh Stadium, Jaipur",Jaipur,Jaipur,Rajasthan Royals,AB de Villiers,"Asad Rauf, S Asnani",RS Madugalle,6,20
548337,2012-04-24,2012,T20,,Pune Warriors,Delhi Capitals,Delhi Capitals,,,8.0,Pune Warriors,bat,,Subrata Roy Sahara Stadium,Subrata Roy Sahara Stadium,Pune,Pune,Pune Warriors,V Sehwag,"S Ravi, RJ Tucker",Raju Mukherjee,6,20
548339,2012-04-25,2012,T20,,Punjab Kings,Mumbai Indians,Mumbai Indians,,,4.0,Punjab Kings,bat,,"Punjab Cricket Association Stadium, Mohali","IS Bindra Stadium, Mohali",Chandigarh,Mohali,Punjab Kings,AT Rayudu,"Aleem Dar, BNJ Oxenford",RS Mahanama,6,20
548341,2012-04-26,2012,T20,,Pune Warriors,Sunrisers Hyderabad,Sunrisers Hyderabad,,18.0,,Sunrisers Hyderabad,bat,,Subrata Roy Sahara Stadium,Subrata Roy Sahara Stadium,Pune,Pune,Pune Warriors,CL White,"S Ravi, RJ Tucker",Raju Mukherjee,6,20
548342,2012-04-27,2012,T20,,Delhi Capitals,Mumbai Indians,Delhi Capitals,,37.0,,Mumbai Indians,field,,Feroz Shah Kotla,"Arun Jaitley Stadium, Delhi",Delhi,Delhi,Delhi Capitals,V Sehwag,"Aleem Dar, BNJ Oxenford",J Srinath,6,20
548343,2012-04-28,2012,T20,,Chennai Super Kings,Punjab Kings,Punjab Kings,,7.0,,Punjab Kings,bat,,"MA Chidambaram Stadium, Chepauk","MA Chidambaram Stadium, Chennai",Chennai,Chennai,Chennai Super Kings,Mandeep Singh,"BF Bowden, SK Tarapore",RS Mahanama,6,20
548344,2012-04-28,2012,T20,,Kolkata Knight Riders,Royal Challengers Bangalore,Kolkata Knight Riders,,47.0,,Kolkata Knight Riders,bat,,Eden Gardens,"Eden Gardens, Kolkata",Kolkata,Kolkata,Kolkata Knight Riders,G Gambhir,"Asad Rauf, BR Doctrove",RR Jadeja,6,20
548345,2012-04-29,2012,T20,,Delhi Capitals,Rajasthan Royals,Delhi Capitals,,1.0,,Delhi Capitals,bat,,Feroz Shah Kotla,"Arun Jaitley Stadium, Delhi",Delhi,Delhi,Delhi Capitals,V Sehwag,"S Ravi, RJ Tucker",Raju Mukherjee,6,20
548346,2012-04-29,2012,T20,,Mumbai Indians,Sunrisers Hyderabad,Mumbai Indians,,,5.0,Mumbai Indians,field,,Wankhede Stadium,"Wankhede Stadium, Mumbai",Mumbai,Mumbai,Mumbai Indians,DW Steyn,"AK Chaudhary, BNJ Oxenford",J Srinath,6,20
548347,2012-04-30,2012,T20,,Chennai Super Kings,Kolkata Knight Riders,Kolkata Knight Riders,,,5.0,Chennai Super Kings,bat,,"MA Chidambaram Stadium, Chepauk","MA Chidambaram Stadium, Chennai",Chennai,Chennai,Chennai Super Kings,G Gambhir,"BF Bowden, C Shamshuddin",RS Mahanama,6,20
548348,2012-05-01,2012,T20,,Sunrisers Hyderabad,Pune Warriors,Sunrisers Hyderabad,,13.0,,Sunrisers Hyderabad,bat,,Barabati Stadium,Barabati Stadium,Cuttack,Cuttack,,KC Sangakkara,"Aleem Dar, AK Chaudhary",AJ Pycroft,6,20
548349,2012-05-01,2012,T20,,Rajasthan Royals,Delhi Capitals,Delhi Capitals,,,6.0,Rajasthan Royals,bat,,Sawai Mansingh Stadium,"Sawai Mansingh Stadium, Jaipur",Jaipur,Jaipur,Rajasthan Royals,P Negi,"JD Cloete, SJA Taufel",Raju Mukherjee,6,20
548350,2012-05-02,2012,T20,,Royal Challengers Bangalore,Punjab Kings,Punjab Kings,,,4.0,Punjab Kings,field,,M Chinnaswamy Stadium,"M Chinnaswamy Stadium, Bengaluru",Bangalore,Bengaluru,Royal Challengers Bangalore,Azhar Mahmood,"BF Bowden, C Shamshuddin",RS Mahanama,6,20
548351,2012-05-03,2012,T20,,Pune Warriors,Mumbai Indians,Mumbai Indians,,1.0,,Mumbai Indians,bat,,Subrata Roy Sahara Stadium,Subrata Roy Sahara Stadium,Pune,Pune,Pune Warriors,SL Malinga,"Asad Rauf, S Asnani",AJ Pycroft,6,20
548352,2012-05-04,2012,T20,,Chennai Super Kings,Sunrisers Hyderabad,Chennai Super Kings,,10.0,,Chennai Super Kings,bat,,"MA Chidambaram Stadium, Chepauk","MA Chidambaram Stadium, Chennai",Chennai,Chennai,Chennai Super Kings,SK Raina,"HDPK Dharmasena, BNJ Oxenford",RS Mahanama,6,20
548353,2012-05-05,2012,T20,,Kolkata Knight Riders,Pune Warriors,Kolkata Knight Riders,,7.0,,Kolkata Knight Riders,bat,,Eden Gardens,"Eden Gardens, Kolkata",Kolkata,Kolkata,Kolkata Knight Riders,SP Narine,"BF Bowden, SK Tarapore",J Srinath,6,20
548354,2012-05-05,2012,T20,,Punjab Kings,Rajasthan Royals,Rajasthan Royals,,43.0,,Rajasthan Royals,bat,,"Punjab Cricket Association Stadium, Mohali","IS Bindra Stadium, Mohali",Chandigarh,Mohali,Punjab Kings,SR Watson,"JD Cloete, SJA Taufel",AJ Pycroft,6,20
548355,2012-05-06,2012,T20,,Mumbai Indians,Chennai Super Kings,Mumbai Indians,,,2.0,Mumbai Indians,field,,Wankhede Stadium,"Wankhede Stadium, Mumbai",Mumbai,Mumbai,Mumbai Indians,DR Smith,"Asad Rauf, S Asnani",GF Labrooy,6,20
548356,2012-05-06,2012,T20,,Royal Challengers Bangalore,Sunrisers Hyderabad,Royal Challengers Bangalore,,,5.0,Royal Challengers Bangalore,field,,M Chinnaswamy Stadium,"M Chinnaswamy Stadium, Bengaluru",Bangalore,Bengaluru,Royal Challengers Bangalore,AB de Villiers,"HDPK Dharmasena, BNJ Oxenford",RS Mahanama,6,20
548357,2012-05-07,2012,T20,,Delhi Capitals,Kolkata Knight Riders,Kolkata Knight Riders,,,6.0,Delhi Capitals,bat,,Feroz Shah Kotla,"Arun Jaitley Stadium, Delhi",Delhi,Delhi,Delhi Capitals,JH Kallis,"JD Cloete, S Ravi",AJ Pycroft,6,20
548358,2012-05-08,2012,T20,,Pune Warriors,Rajasthan Royals,Rajasthan Royals,,,7.0,Pune Warriors,bat,,Subrata Roy Sahara Stadium,Subrata Roy Sahara Stadium,Pune,Pune,Pune Warriors,SR Watson,"Asad Rauf, BR Doctrove",GF Labrooy,6,20
548359,2012-05-08,2012,T20,,Sunrisers Hyderabad,Punjab Kings,Punjab Kings,,25.0,,Sunrisers Hyderabad,field,,"Rajiv Gandhi International Stadium, Uppal","Rajiv Gandhi International Stadium, Hyderabad",Hyderabad,Hyderabad,Sunrisers Hyderabad,Mandeep Singh,"HDPK Dharmasena, BNJ Oxenford",J Srinath,6,20
548360,2012-05-09,2012,T20,,Mumbai Indians,Royal Challengers Bangalore,Royal Challengers Bangalore,,,9.0,Royal Challengers Bangalore,field,,Wankhede Stadium,"Wankhede Stadium, Mumbai",Mumbai,Mumbai,Mumbai Indians,CH Gayle,"BF Bowden, VA Kulkarni",RS Madugalle,6,20
548329,2012-05-10,2012,T20,,Sunrisers Hyderabad,Delhi Capitals,Delhi Capitals,,,9.0,Sunrisers Hyderabad,bat,,"Rajiv Gandhi International Stadium, Uppal","Rajiv Gandhi International Stadium, Hyderabad",Hyderabad,Hyderabad,Sunrisers Hyderabad,DA Warner,"JD Cloete, SJA Taufel",J Srinath,6,20
548361,2012-05-10,2012,T20,,Rajasthan Royals,Chennai Super Kings,Chennai Super Kings,,,4.0,Chennai Super Kings,field,,Sawai Mansingh Stadium,"Sawai Mansingh Stadium, Jaipur",Jaipur,Jaipur,Rajasthan Royals,BW Hilfenhaus,"BNJ Oxenford, C Shamshuddin",AJ Pycroft,6,20
548362,2012-05-11,2012,T20,,Pune Warriors,Royal Challengers Bangalore,Royal Challengers Bangalore,,35.0,,Pune Warriors,field,,Subrata Roy Sahara Stadium,Subrata Roy Sahara Stadium,Pune,Pune,Pune Warriors,CH Gayle,"BF Bowden, SK Tarapore",RS Madugalle,6,20
548363,2012-05-12,2012,T20,,Kolkata Knight Riders,Mumbai Indians,Mumbai Indians,,27.0,,Mumbai Indians,bat,,Eden Gardens,"Eden Gardens, Kolkata",Kolkata,Kolkata,Kolkata Knight Riders,RG Sharma,"S Ravi, SJA Taufel",J Srinath,6,20
548364,2012-05-12,2012,T20,,Chennai Super Kings,Delhi Capitals,Chennai Super Kings,,,9.0,Chennai Super Kings,field,,"MA Chidambaram Stadium, Chepauk","MA Chidambaram Stadium, Chennai",Chennai,Chennai,Chennai Super Kings,BW Hilfenhaus,"S Das, BR Doctrove",GF Labrooy,6,20
548365,2012-05-13,2012,T20,,Rajasthan Royals,Pune Warriors,Rajasthan Royals,,45.0,,Rajasthan Royals,bat,,Sawai Mansingh Stadium,"Sawai Mansingh Stadium, Jaipur",Jaipur,Jaipur,Rajasthan Royals,A Chandila,"BF Bowden, SK Tarapore",RS Madugalle,6,20
548366,2012-05-13,2012,T20,,Punjab Kings,Sunrisers Hyderabad,Punjab Kings,,,4.0,Sunrisers Hyderabad,bat,,"Punjab Cricket Association Stadium, Mohali","IS Bindra Stadium, Mohali",Chandigarh,Mohali,Punjab Kings,DJ Hussey,"HDPK Dharmasena, BNJ Oxenford",AJ Pycroft,6,20
548367,2012-05-14,2012,T20,,Royal Challengers Bangalore,Mumbai Indians,Mumbai Indians,,,5.0,Mumbai Indians,field,,M Chinnaswamy Stadium,"M Chinnaswamy Stadium, Bengaluru",Bangalore,Bengaluru,Royal Challengers Bangalore,AT Rayudu,"S Das, BR Doctrove",GF Labrooy,6,20
548368,2012-05-14,2012,T20,,Kolkata Knight Riders,Chennai Super Kings,Chennai Super Kings,,,5.0,Chennai Super Kings,field,,Eden Gardens,"Eden Gardens, Kolkata",Kolkata,Kolkata,Kolkata Knight Riders,MEK Hussey,"JD Cloete, SJA Taufel",Raju Mukherjee,6,20
548369,2012-05-15,2012,T20,,Delhi Capitals,Punjab Kings,Delhi Capitals,,,5.0,Punjab Kings,bat,,Feroz Shah Kotla,"Arun Jaitley Stadium, Delhi",Delhi,Delhi,Delhi Capitals,UT Yadav,"HDPK Dharmasena, BNJ Oxenford",AJ Pycroft,6,20
548370,2012-05-16,2012,T20,,Mumbai Indians,Kolkata Knight Riders,Kolkata Knight Riders,,32.0,,Mumbai Indians,field,,Wankhede Stadium,"Wankhede Stadium, Mumbai",Mumbai,Mumbai,Mumbai Indians,SP Narine,"S Das, BR Doctrove",GF Labrooy,6,20
548371,2012-05-17,2012,T20,,Punjab Kings,Chennai Super Kings,Punjab Kings,,,6.0,Punjab Kings,field,,Himachal Pradesh Cricket Association Stadium,"HPCA Stadium, Dharamsala",Dharamsala,Dharamsala,Punjab Kings,AC Gilchrist,"VA Kulkarni, SK Tarapore",RS Madugalle,6,20
548372,2012-05-17,2012,T20,,Delhi Capitals,Royal Challengers Bangalore,Royal Challengers Bangalore,,21.0,,Delhi Capitals,field,,Feroz Shah Kotla,"Arun Jaitley Stadium, Delhi",Delhi,Delhi,Delhi Capitals,CH Gayle,"HDPK Dharmasena, C Shamshuddin",AJ Pycroft,6,20
548373,2012-05-18,2012,T20,,Sunrisers Hyderabad,Rajasthan Royals,Sunrisers Hyderabad,,,5.0,Rajasthan Royals,bat,,"Rajiv Gandhi International Stadium, Uppal","Rajiv Gandhi International Stadium, Hyderabad",Hyderabad,Hyderabad,Sunrisers Hyderabad,DW Steyn,"S Ravi, SJA Taufel",J Srinath,6,20
548374,2012-05-19,2012,T20,,Punjab Kings,Delhi Capitals,Delhi Capitals,,,6.0,Delhi Capitals,field,,Himachal Pradesh Cricket Association Stadium,"HPCA Stadium, Dharamsala",Dharamsala,Dharamsala,Punjab Kings,UT Yadav,"BF Bowden, VA Kulkarni",RS Madugalle,6,20
548375,2012-05-19,2012,T20,,Pune Warriors,Kolkata Knight Riders,Kolkata Knight Riders,,34.0,,Kolkata Knight Riders,bat,,Subrata Roy Sahara Stadium,Subrata Roy Sahara Stadium,Pune,Pune,Pune Warriors,Shakib Al Hasan,"S Asnani, BR Doctrove",GF Labrooy,6,20
548376,2012-05-20,2012,T20,,Sunrisers Hyderabad,Royal Challengers Bangalore,Sunrisers Hyderabad,,9.0,,Royal Challengers Bangalore,field,,"Rajiv Gandhi International Stadium, Uppal","Rajiv Gandhi International Stadium, Hyderabad",Hyderabad,Hyderabad,Sunrisers Hyderabad,DW Steyn,"S Ravi, SJA Taufel",AJ Pycroft,6,20
548377,2012-05-20,2012,T20,,Rajasthan Royals,Mumbai Indians,Mumbai Indians,,,10.0,Rajasthan Royals,bat,,Sawai Mansingh Stadium,"Sawai Mansingh Stadium, Jaipur",Jaipur,Jaipur,Rajasthan Royals,DR Smith,"HDPK Dharmasena, C Shamshuddin",Raju Mukherjee,6,20
548378,2012-05-22,2012,T20,,Delhi Capitals,Kolkata Knight Riders,Kolkata Knight Riders,,18.0,,Kolkata Knight Riders,bat,,Subrata Roy Sahara Stadium,Subrata Roy Sahara Stadium,Pune,Pune,,YK Pathan,"BR Doctrove, SJA Taufel",AJ Pycroft,6,20
548379,2012-05-23,2012,T20,,Chennai Super Kings,Mumbai Indians,Chennai Super Kings,,38.0,,Mumbai Indians,field,,M Chinnaswamy Stadium,"M Chinnaswamy Stadium, Bengaluru",Bangalore,Bengaluru,,MS Dhoni,"BF Bowden, HDPK Dharmasena",RS Madugalle,6,20
548380,2012-05-25,2012,T20,,Delhi Capitals,Chennai Super Kings,Chennai Super Kings,,86.0,,Delhi Capitals,field,,"MA Chidambaram Stadium, Chepauk","MA Chidambaram Stadium, Chennai",Chennai,Chennai,Chennai Super Kings,M Vijay,"BR Doctrove, SJA Taufel",RS Madugalle,6,20
548381,2012-05-27,2012,T20,,Kolkata Knight Riders,Chennai Super Kings,Kolkata Knight Riders,,,5.0,Chennai Super Kings,bat,,"MA Chidambaram Stadium, Chepauk","MA Chidambaram Stadium, Chennai",Chennai,Chennai,Chennai Super Kings,MS Bisla,"BF Bowden, SJA Taufel",RS Madugalle,6,20
597998,2013-04-03,2013,T20,,Kolkata Knight Riders,Delhi Capitals,Kolkata Knight Riders,,,6.0,Kolkata Knight Riders,field,,Eden Gardens,"Eden Gardens, Kolkata",Kolkata,Kolkata,Kolkata Knight Riders,SP Narine,"S Ravi, SJA Taufel",DC Boon,6,20
597999,2013-04-04,2013,T20,,Royal Challengers Bangalore,Mumbai Indians,Royal Challengers Bangalore,,2.0,,Mumbai Indians,field,,M Chinnaswamy Stadium,"M Chinnaswamy Stadium, Bengaluru",Bangalore,Bengaluru,Royal Challengers Bangalore,CH Gayle,"VA Kulkarni, C Shamshuddin",AJ Pycroft,6,20
598000,2013-04-05,2013,T20,,Sunrisers Hyderabad,Pune Warriors,Sunrisers Hyderabad,,22.0,,Pune Warriors,field,,"Rajiv Gandhi International Stadium, Uppal","Rajiv Gandhi International Stadium, Hyderabad",Hyderabad,Hyderabad,Sunrisers Hyderabad,A Mishra,"S Ravi, SJA Taufel",DC Boon,6,20
598001,2013-04-06,2013,T20,,Delhi Capitals,Rajasthan Royals,Rajasthan Royals,,5.0,,Rajasthan Royals,bat,,Feroz Shah Kotla,"Arun Jaitley Stadium, Delhi",Delhi,Delhi,Delhi Capitals,R Dravid,"S Das, C Shamshuddin",AJ Pycroft,6,20
598002,2013-04-06,2013,T20,,Chennai Super Kings,Mumbai Indians,Mumbai Indians,,9.0,,Mumbai Indians,bat,,"MA Chidambaram Stadium, Chepauk","MA Chidambaram Stadium, Chennai",Chennai,Chennai,Chennai Super Kings,KA Pollard,"M Erasmus, VA Kulkarni",J Srinath,6,20
598003,2013-04-07,2013,T20,,Pune Warriors,Punjab Kings,Punjab Kings,,,8.0,Pune Warriors,bat,,Subrata Roy Sahara Stadium,Subrata Roy Sahara Stadium,Pune,Pune,Pune Warriors,M Vohra,"S Asnani, SJA Taufel",RS Madugalle,6,20
598004,2013-04-07,2013,T20,,Sunrisers Hyderabad,Royal Challengers Bangalore,,tie,,,Royal Challengers Bangalore,bat,,"Rajiv Gandhi International Stadium, Uppal","Rajiv Gandhi International Stadium, Hyderabad",Hyderabad,Hyderabad,Sunrisers Hyderabad,GH Vihari,"AK Chaudhary, S Ravi",DC Boon,6,20
598005,2013-04-08,2013,T20,,Rajasthan Royals,Kolkata Knight Riders,Rajasthan Royals,,19.0,,Kolkata Knight Riders,field,,Sawai Mansingh Stadium,"Sawai Mansingh Stadium, Jaipur",Jaipur,Jaipur,Rajasthan Royals,SK Trivedi,"Aleem Dar, S Das",AJ Pycroft,6,20
598006,2013-04-09,2013,T20,,Mumbai Indians,Delhi Capitals,Mumbai Indians,,44.0,,Mumbai Indians,bat,,Wankhede Stadium,"Wankhede Stadium, Mumbai",Mumbai,Mumbai,Mumbai Indians,KD Karthik,"M Erasmus, VA Kulkarni",RS Madugalle,6,20
598048,2013-04-09,2013,T20,,Royal Challengers Bangalore,Sunrisers Hyderabad,Royal Challengers Bangalore,,,7.0,Sunrisers Hyderabad,bat,,M Chinnaswamy Stadium,"M Chinnaswamy Stadium, Bengaluru",Bangalore,Bengaluru,Royal Challengers Bangalore,V Kohli,"S Ravi, SJA Taufel",DC Boon,6,20
598007,2013-04-10,2013,T20,,Punjab Kings,Chennai Super Kings,Chennai Super Kings,,,10.0,Chennai Super Kings,field,,"Punjab Cricket Association Stadium, Mohali","IS Bindra Stadium, Mohali",Chandigarh,Mohali,Punjab Kings,MEK Hussey,"Aleem Dar, C Shamshuddin",AJ Pycroft,6,20
598008,2013-04-11,2013,T20,,Royal Challengers Bangalore,Kolkata Knight Riders,Royal Challengers Bangalore,,,8.0,Royal Challengers Bangalore,field,,M Chinnaswamy Stadium,"M Chinnaswamy Stadium, Bengaluru",Bangalore,Bengaluru,Royal Challengers Bangalore,CH Gayle,"Asad Rauf, AK Chaudhary",DC Boon,6,20
598009,2013-04-11,2013,T20,,Pune Warriors,Rajasthan Royals,Pune Warriors,,,7.0,Rajasthan Royals,bat,,Subrata Roy Sahara Stadium,Subrata Roy Sahara Stadium,Pune,Pune,Pune Warriors,AJ Finch,"M Erasmus, K Srinath",RS Madugalle,6,20
598010,2013-04-12,2013,T20,,Delhi Capitals,Sunrisers Hyderabad,Sunrisers Hyderabad,,,3.0,Delhi Capitals,bat,,Feroz Shah Kotla,"Arun Jaitley Stadium, Delhi",Delhi,Delhi,Delhi Capitals,A Mishra,"Aleem Dar, Subroto Das",AJ Pycroft,6,20
598011,2013-04-13,2013,T20,,Mumbai Indians,Pune Warriors,Mumbai Indians,,41.0,,Mumbai Indians,bat,,Wankhede Stadium,"Wankhede Stadium, Mumbai",Mumbai,Mumbai,Mumbai Indians,RG Sharma,"S Ravi, SJA Taufel",DC Boon,6,20
598012,2013-04-13,2013,T20,,Chennai Super Kings,Royal Challengers Bangalore,Chennai Super Kings,,,4.0,Chennai Super Kings,field,,"MA Chidambaram Stadium, Chepauk","MA Chidambaram Stadium, Chennai",Chennai,Chennai,Chennai Super Kings,RA Jadeja,"Asad Rauf, AK Chaudhary",J Srinath,6,20
598013,2013-04-14,2013,T20,,Kolkata Knight Riders,Sunrisers Hyderabad,Kolkata Knight Riders,,48.0,,Kolkata Knight Riders,bat,,Eden Gardens,"Eden Gardens, Kolkata",Kolkata,Kolkata,Kolkata Knight Riders,G Gambhir,"M Erasmus, VA Kulkarni",RS Madugalle,6,20
598014,2013-04-14,2013,T20,,Rajasthan Royals,Punjab Kings,Rajasthan Royals,,,6.0,Rajasthan Royals,field,,Sawai Mansingh Stadium,"Sawai Mansingh Stadium, Jaipur",Jaipur,Jaipur,Rajasthan Royals,JP Faulkner,"Aleem Dar, C Shamshuddin",AJ Pycroft,6,20
598015,2013-04-15,2013,T20,,Chennai Super Kings,Pune Warriors,Pune Warriors,,24.0,,Pune Warriors,bat,,"MA Chidambaram Stadium, Chepauk","MA Chidambaram Stadium, Chennai",Chennai,Chennai,Chennai Super Kings,SPD Smith,"Asad Rauf, AK Chaudhary",RR Jadeja,6,20
598016,2013-04-16,2013,T20,,Punjab Kings,Kolkata Knight Riders,Punjab Kings,,4.0,,Kolkata Knight Riders,field,,"Punjab Cricket Association Stadium, Mohali","IS Bindra Stadium, Mohali",Chandigarh,Mohali,Punjab Kings,MS Gony,"CK Nandan, SJA Taufel",RS Mahanama,6,20
598017,2013-04-16,2013,T20,,Royal Challengers Bangalore,Delhi Capitals,,tie,,,Royal Challengers Bangalore,field,,M Chinnaswamy Stadium,"M Chinnaswamy Stadium, Bengaluru",Bangalore,Bengaluru,Royal Challengers Bangalore,V Kohli,"M Erasmus, VA Kulkarni",RS Madugalle,6,20
598018,2013-04-17,2013,T20,,Pune Warriors,Sunrisers Hyderabad,Sunrisers Hyderabad,,11.0,,Pune Warriors,field,,Maharashtra Cricket Association Stadium,"MCA Stadium, Pune",Pune,Pune,Pune Warriors,A Mishra,"Asad Rauf, AK Chaudhary",J Srinath,6,20
598019,2013-04-17,2013,T20,,Rajasthan Royals,Mumbai Indians,Rajasthan Royals,,87.0,,Rajasthan Royals,bat,,Sawai Mansingh Stadium,"Sawai Mansingh Stadium, Jaipur",Jaipur,Jaipur,Rajasthan Royals,AM Rahane,"Aleem Dar, C Shamshuddin",AJ Pycroft,6,20
598020,2013-04-18,2013,T20,,Delhi Capitals,Chennai Super Kings,Chennai Super Kings,,86.0,,Chennai Super Kings,bat,,Feroz Shah Kotla,"Arun Jaitley Stadium, Delhi",Delhi,Delhi,Delhi Capitals,MEK Hussey,"M Erasmus, VA Kulkarni",RS Madugalle,6,20
598021,2013-04-19,2013,T20,,Sunrisers Hyderabad,Punjab Kings,Sunrisers Hyderabad,,,5.0,Punjab Kings,bat,,"Rajiv Gandhi International Stadium, Uppal","Rajiv Gandhi International Stadium, Hyderabad",Hyderabad,Hyderabad,Sunrisers Hyderabad,GH Vihari,"HDPK Dharmasena, CK Nandan",RS Mahanama,6,20
598022,2013-04-20,2013,T20,,Kolkata Knight Riders,Chennai Super Kings,Chennai Super Kings,,,4.0,Kolkata Knight Riders,bat,,Eden Gardens,"Eden Gardens, Kolkata",Kolkata,Kolkata,Kolkata Knight Riders,RA Jadeja,"Asad Rauf, AK Chaudhary",Raju Mukherjee,6,20
598023,2013-04-20,2013,T20,,Royal Challengers Bangalore,Rajasthan Royals,Royal Challengers Bangalore,,,7.0,Royal Challengers Bangalore,field,,M Chinnaswamy Stadium,"M Chinnaswamy Stadium, Bengaluru",Bangalore,Bengaluru,Royal Challengers Bangalore,R Vinay Kumar,"Aleem Dar, C Shamshuddin",AJ Pycroft,6,20
598024,2013-04-21,2013,T20,,Delhi Capitals,Mumbai Indians,Delhi Capitals,,,9.0,Mumbai Indians,bat,,Feroz Shah Kotla,"Arun Jaitley Stadium, Delhi",Delhi,Delhi,Delhi Capitals,V Sehwag,"HDPK Dharmasena, S Ravi",RS Mahanama,6,20
598025,2013-04-21,2013,T20,,Punjab Kings,Pune Warriors,Punjab Kings,,,7.0,Punjab Kings,field,,"Punjab Cricket Association Stadium, Mohali","IS Bindra Stadium, Mohali",Chandigarh,Mohali,Punjab Kings,DA Miller,"M Erasmus, K Srinath",RS Madugalle,6,20
598026,2013-04-22,2013,T20,,Chennai Super Kings,Rajasthan Royals,Chennai Super Kings,,,5.0,Rajasthan Royals,bat,,"MA Chidambaram Stadium, Chepauk","MA Chidambaram Stadium, Chennai",Chennai,Chennai,Chennai Super Kings,MEK Hussey,"S Asnani, AK Chaudhary",RR Jadeja,6,20
598027,2013-04-23,2013,T20,,Royal Challengers Bangalore,Pune Warriors,Royal Challengers Bangalore,,130.0,,Pune Warriors,field,,M Chinnaswamy Stadium,"M Chinnaswamy Stadium, Bengaluru",Bangalore,Bengaluru,Royal Challengers Bangalore,CH Gayle,"Aleem Dar, C Shamshuddin",AJ Pycroft,6,20
598059,2013-04-23,2013,T20,,Delhi Capitals,Punjab Kings,Punjab Kings,,,5.0,Punjab Kings,field,,Feroz Shah Kotla,"Arun Jaitley Stadium, Delhi",Delhi,Delhi,Delhi Capitals,Harmeet Singh,"VA Kulkarni, K Srinath",RS Madugalle,6,20
598029,2013-04-24,2013,T20,,Kolkata Knight Riders,Mumbai Indians,Mumbai Indians,,,5.0,Kolkata Knight Riders,bat,,Eden Gardens,"Eden Gardens, Kolkata",Kolkata,Kolkata,Kolkata Knight Riders,DR Smith,"HDPK Dharmasena, S Ravi",RS Mahanama,6,20
598030,2013-04-25,2013,T20,,Chennai Super Kings,Sunrisers Hyderabad,Chennai Super Kings,,,5.0,Sunrisers Hyderabad,bat,,"MA Chidambaram Stadium, Chepauk","MA Chidambaram Stadium, Chennai",Chennai,Chennai,Chennai Super Kings,MS Dhoni,"Aleem Dar, S Das",AJ Pycroft,6,20
598031,2013-04-26,2013,T20,,Kolkata Knight Riders,Punjab Kings,Kolkata Knight Riders,,,6.0,Punjab Kings,bat,,Eden Gardens,"Eden Gardens, Kolkata",Kolkata,Kolkata,Kolkata Knight Riders,JH Kallis,"CK Nandan, S Ravi",RS Mahanama,6,20
598032,2013-04-27,2013,T20,,Rajasthan Royals,Sunrisers Hyderabad,Rajasthan Royals,,,8.0,Sunrisers Hyderabad,bat,,Sawai Mansingh Stadium,"Sawai Mansingh Stadium, Jaipur",Jaipur,Jaipur,Rajasthan Royals,JP Faulkner,"VA Kulkarni, K Srinath",RS Madugalle,6,20
598033,2013-04-27,2013,T20,,Mumbai Indians,Royal Challengers Bangalore,Mumbai Indians,,58.0,,Mumbai Indians,bat,,Wankhede Stadium,"Wankhede Stadium, Mumbai",Mumbai,Mumbai,Mumbai Indians,DR Smith,"Asad Rauf, S Asnani",J Srinath,6,20
598034,2013-04-28,2013,T20,,Chennai Super Kings,Kolkata Knight Riders,Chennai Super Kings,,14.0,,Kolkata Knight Riders,field,,"MA Chidambaram Stadium, Chepauk","MA Chidambaram Stadium, Chennai",Chennai,Chennai,Chennai Super Kings,MEK Hussey,"Aleem Dar, SJA Taufel",AJ Pycroft,6,20
598035,2013-04-28,2013,T20,,Delhi Capitals,Pune Warriors,Delhi Capitals,,15.0,,Pune Warriors,field,,Shaheed Veer Narayan Singh International Stadium,"SVNS Intl Stadium, Raipur",Raipur,Raipur,Delhi Capitals,DA Warner,"CK Nandan, S Ravi",RS Mahanama,6,20
598036,2013-04-29,2013,T20,,Rajasthan Royals,Royal Challengers Bangalore,Rajasthan Royals,,,4.0,Rajasthan Royals,field,,Sawai Mansingh Stadium,"Sawai Mansingh Stadium, Jaipur",Jaipur,Jaipur,Rajasthan Royals,SV Samson,"M Erasmus, K Srinath",RS Madugalle,6,20
598037,2013-04-29,2013,T20,,Mumbai Indians,Punjab Kings,Mumbai Indians,,4.0,,Mumbai Indians,bat,,Wankhede Stadium,"Wankhede Stadium, Mumbai",Mumbai,Mumbai,Mumbai Indians,RG Sharma,"Asad Rauf, AK Chaudhary",J Srinath,6,20
598038,2013-04-30,2013,T20,,Pune Warriors,Chennai Super Kings,Chennai Super Kings,,37.0,,Chennai Super Kings,bat,,Subrata Roy Sahara Stadium,Subrata Roy Sahara Stadium,Pune,Pune,Pune Warriors,MS Dhoni,"S Das, SJA Taufel",AJ Pycroft,6,20
598039,2013-05-01,2013,T20,,Sunrisers Hyderabad,Mumbai Indians,Sunrisers Hyderabad,,,7.0,Mumbai Indians,bat,,"Rajiv Gandhi International Stadium, Uppal","Rajiv Gandhi International Stadium, Hyderabad",Hyderabad,Hyderabad,Sunrisers Hyderabad,I Sharma,"Asad Rauf, S Asnani",J Srinath,6,20
598040,2013-05-01,2013,T20,,Delhi Capitals,Kolkata Knight Riders,Delhi Capitals,,,7.0,Kolkata Knight Riders,bat,,Shaheed Veer Narayan Singh International Stadium,"SVNS Intl Stadium, Raipur",Raipur,Raipur,Delhi Capitals,DA Warner,"HDPK Dharmasena, CK Nandan",RS Mahanama,6,20
598041,2013-05-02,2013,T20,,Chennai Super Kings,Punjab Kings,Chennai Super Kings,,15.0,,Chennai Super Kings,bat,,"MA Chidambaram Stadium, Chepauk","MA Chidambaram Stadium, Chennai",Chennai,Chennai,Chennai Super Kings,SK Raina,"M Erasmus, VA Kulkarni",Raju Mukherjee,6,20
598042,2013-05-02,2013,T20,,Pune Warriors,Royal Challengers Bangalore,Royal Challengers Bangalore,,17.0,,Royal Challengers Bangalore,bat,,Subrata Roy Sahara Stadium,Subrata Roy Sahara Stadium,Pune,Pune,Pune Warriors,AB de Villiers,"Aleem Dar, C Shamshuddin",AJ Pycroft,6,20
598043,2013-05-03,2013,T20,,Kolkata Knight Riders,Rajasthan Royals,Kolkata Knight Riders,,,8.0,Rajasthan Royals,bat,,Eden Gardens,"Eden Gardens, Kolkata",Kolkata,Kolkata,Kolkata Knight Riders,YK Pathan,"HDPK Dharmasena, CK Nandan",RS Mahanama,6,20
598044,2013-05-04,2013,T20,,Sunrisers Hyderabad,Delhi Capitals,Sunrisers Hyderabad,,,6.0,Delhi Capitals,bat,,"Rajiv Gandhi International Stadium, Uppal","Rajiv Gandhi International Stadium, Hyderabad",Hyderabad,Hyderabad,Sunrisers Hyderabad,DJG Sammy,"Asad Rauf, S Asnani",J Srinath,6,20
598046,2013-05-05,2013,T20,,Mumbai Indians,Chennai Super Kings,Mumbai Indians,,60.0,,Mumbai Indians,bat,,Wankhede Stadium,"Wankhede Stadium, Mumbai",Mumbai,Mumbai,Mumbai Indians,MG Johnson,"HDPK Dharmasena, CK Nandan",RS Mahanama,6,20
598047,2013-05-05,2013,T20,,Rajasthan Royals,Pune Warriors,Rajasthan Royals,,,5.0,Pune Warriors,bat,,Sawai Mansingh Stadium,"Sawai Mansingh Stadium, Jaipur",Jaipur,Jaipur,Rajasthan Royals,AM Rahane,"C Shamshuddin, RJ Tucker",AJ Pycroft,6,20
598064,2013-05-06,2013,T20,,Punjab Kings,Royal Challengers Bangalore,Punjab Kings,,,6.0,Punjab Kings,field,,"Punjab Cricket Association Stadium, Mohali","IS Bindra Stadium, Mohali",Chandigarh,Mohali,Punjab Kings,DA Miller,"VA Kulkarni, NJ Llong",RR Jadeja,6,20
598049,2013-05-07,2013,T20,,Rajasthan Royals,Delhi Capitals,Rajasthan Royals,,,9.0,Delhi Capitals,bat,,Sawai Mansingh Stadium,"Sawai Mansingh Stadium, Jaipur",Jaipur,Jaipur,Rajasthan Royals,AM Rahane,"Aleem Dar, RJ Tucker",AJ Pycroft,6,20
598050,2013-05-07,2013,T20,,Mumbai Indians,Kolkata Knight Riders,Mumbai Indians,,65.0,,Mumbai Indians,bat,,Wankhede Stadium,"Wankhede Stadium, Mumbai",Mumbai,Mumbai,Mumbai Indians,SR Tendulkar,"HDPK Dharmasena, S Ravi",RS Mahanama,6,20
598051,2013-05-08,2013,T20,,Sunrisers Hyderabad,Chennai Super Kings,Chennai Super Kings,,77.0,,Sunrisers Hyderabad,field,,"Rajiv Gandhi International Stadium, Uppal","Rajiv Gandhi International Stadium, Hyderabad",Hyderabad,Hyderabad,Sunrisers Hyderabad,SK Raina,"S Das, NJ Llong",Raju Mukherjee,6,20
598052,2013-05-09,2013,T20,,Punjab Kings,Rajasthan Royals,Rajasthan Royals,,,8.0,Rajasthan Royals,field,,"Punjab Cricket Association Stadium, Mohali","IS Bindra Stadium, Mohali",Chandigarh,Mohali,Punjab Kings,KK Cooper,"HDPK Dharmasena, S Ravi",RS Mahanama,6,20
598053,2013-05-09,2013,T20,,Pune Warriors,Kolkata Knight Riders,Kolkata Knight Riders,,46.0,,Kolkata Knight Riders,bat,,Subrata Roy Sahara Stadium,Subrata Roy Sahara Stadium,Pune,Pune,Pune Warriors,G Gambhir,"Asad Rauf, S Asnani",J Srinath,6,20
598054,2013-05-10,2013,T20,,Delhi Capitals,Royal Challengers Bangalore,Royal Challengers Bangalore,,4.0,,Delhi Capitals,field,,Feroz Shah Kotla,"Arun Jaitley Stadium, Delhi",Delhi,Delhi,Delhi Capitals,JD Unadkat,"NJ Llong, K Srinath",RS Madugalle,6,20
598055,2013-05-11,2013,T20,,Pune Warriors,Mumbai Indians,Mumbai Indians,,,5.0,Pune Warriors,bat,,Subrata Roy Sahara Stadium,Subrata Roy Sahara Stadium,Pune,Pune,Pune Warriors,MG Johnson,"Asad Rauf, AK Chaudhary",J Srinath,6,20
598056,2013-05-11,2013,T20,,Punjab Kings,Sunrisers Hyderabad,Sunrisers Hyderabad,,30.0,,Punjab Kings,field,,"Punjab Cricket Association Stadium, Mohali","IS Bindra Stadium, Mohali",Chandigarh,Mohali,Punjab Kings,PA Patel,"S Das, RJ Tucker",AJ Pycroft,6,20
598057,2013-05-12,2013,T20,,Kolkata Knight Riders,Royal Challengers Bangalore,Kolkata Knight Riders,,,5.0,Kolkata Knight Riders,field,,JSCA International Stadium Complex,JSCA International Stadium Complex,Ranchi,Ranchi,,JH Kallis,"NJ Llong, K Srinath",RS Madugalle,6,20
598058,2013-05-12,2013,T20,,Rajasthan Royals,Chennai Super Kings,Rajasthan Royals,,,5.0,Rajasthan Royals,field,,Sawai Mansingh Stadium,"Sawai Mansingh Stadium, Jaipur",Jaipur,Jaipur,Rajasthan Royals,SR Watson,"HDPK Dharmasena, CK Nandan",RS Mahanama,6,20
598060,2013-05-13,2013,T20,,Mumbai Indians,Sunrisers Hyderabad,Mumbai Indians,,,7.0,Sunrisers Hyderabad,bat,,Wankhede Stadium,"Wankhede Stadium, Mumbai",Mumbai,Mumbai,Mumbai Indians,KA Pollard,"AK Chaudhary, SJA Taufel",RR Jadeja,6,20
598045,2013-05-14,2013,T20,,Royal Challengers Bangalore,Punjab Kings,Punjab Kings,,,7.0,Punjab Kings,field,,M Chinnaswamy Stadium,"M Chinnaswamy Stadium, Bengaluru",Bangalore,Bengaluru,Royal Challengers Bangalore,AC Gilchrist,"HDPK Dharmasena, S Ravi",RS Mahanama,6,20
598062,2013-05-14,2013,T20,,Chennai Super Kings,Delhi Capitals,Chennai Super Kings,,33.0,,Chennai Super Kings,bat,,"MA Chidambaram Stadium, Chepauk","MA Chidambaram Stadium, Chennai",Chennai,Chennai,Chennai Super Kings,MS Dhoni,"C Shamshuddin, RJ Tucker",AJ Pycroft,6,20
598061,2013-05-15,2013,T20,,Kolkata Knight Riders,Pune Warriors,Pune Warriors,,7.0,,Kolkata Knight Riders,field,,JSCA International Stadium Complex,JSCA International Stadium Complex,Ranchi,Ranchi,,MK Pandey,"NJ Llong, K Srinath",RS Madugalle,6,20
598063,2013-05-15,2013,T20,,Mumbai Indians,Rajasthan Royals,Mumbai Indians,,14.0,,Rajasthan Royals,field,,Wankhede Stadium,"Wankhede Stadium, Mumbai",Mumbai,Mumbai,Mumbai Indians,AP Tare,"Asad Rauf, S Asnani",RR Jadeja,6,20
598028,2013-05-16,2013,T20,,Punjab Kings,Delhi Capitals,Punjab Kings,,7.0,,Delhi Capitals,field,,Himachal Pradesh Cricket Association Stadium,"HPCA Stadium, Dharamsala",Dharamsala,Dharamsala,Punjab Kings,DA Miller,"HDPK Dharmasena, S Ravi",RS Mahanama,6,20
598065,2013-05-17,2013,T20,,Sunrisers Hyderabad,Rajasthan Royals,Sunrisers Hyderabad,,23.0,,Sunrisers Hyderabad,bat,,"Rajiv Gandhi International Stadium, Uppal","Rajiv Gandhi International Stadium, Hyderabad",Hyderabad,Hyderabad,Sunrisers Hyderabad,A Mishra,"Asad Rauf, AK Chaudhary",J Srinath,6,20
598066,2013-05-18,2013,T20,,Punjab Kings,Mumbai Indians,Punjab Kings,,50.0,,Mumbai Indians,field,,Himachal Pradesh Cricket Association Stadium,"HPCA Stadium, Dharamsala",Dharamsala,Dharamsala,Punjab Kings,Azhar Mahmood,"HDPK Dharmasena, CK Nandan",RS Mahanama,6,20
598068,2013-05-18,2013,T20,,Royal Challengers Bangalore,Chennai Super Kings,Royal Challengers Bangalore,,24.0,,Chennai Super Kings,field,,M Chinnaswamy Stadium,"M Chinnaswamy Stadium, Bengaluru",Bangalore,Bengaluru,Royal Challengers Bangalore,V Kohli,"C Shamshuddin, RJ Tucker",AJ Pycroft,6,20
598067,2013-05-19,2013,T20,,Pune Warriors,Delhi Capitals,Pune Warriors,,38.0,,Pune Warriors,bat,,Subrata Roy Sahara Stadium,Subrata Roy Sahara Stadium,Pune,Pune,Pune Warriors,LJ Wright,"NJ Llong, SJA Taufel",RS Madugalle,6,20
598069,2013-05-19,2013,T20,,Sunrisers Hyderabad,Kolkata Knight Riders,Sunrisers Hyderabad,,,5.0,Kolkata Knight Riders,bat,,"Rajiv Gandhi International Stadium, Uppal","Rajiv Gandhi International Stadium, Hyderabad",Hyderabad,Hyderabad,Sunrisers Hyderabad,PA Patel,"Asad Rauf, S Asnani",Raju Mukherjee,6,20
598070,2013-05-21,2013,T20,,Chennai Super Kings,Mumbai Indians,Chennai Super Kings,,48.0,,Chennai Super Kings,bat,,Feroz Shah Kotla,"Arun Jaitley Stadium, Delhi",Delhi,Delhi,,MEK Hussey,"NJ Llong, RJ Tucker",RS Mahanama,6,20
598071,2013-05-22,2013,T20,,Rajasthan Royals,Sunrisers Hyderabad,Rajasthan Royals,,,4.0,Sunrisers Hyderabad,bat,,Feroz Shah Kotla,"Arun Jaitley Stadium, Delhi",Delhi,Delhi,,BJ Hodge,"S Ravi, RJ Tucker",RS Mahanama,6,20
598072,2013-05-24,2013,T20,,Mumbai Indians,Rajasthan Royals,Mumbai Indians,,,4.0,Rajasthan Royals,bat,,Eden Gardens,"Eden Gardens, Kolkata",Kolkata,Kolkata,,Harbhajan Singh,"C Shamshuddin, SJA Taufel",RS Madugalle,6,20
598073,2013-05-26,2013,T20,,Chennai Super Kings,Mumbai Indians,Mumbai Indians,,23.0,,Mumbai Indians,bat,,Eden Gardens,"Eden Gardens, Kolkata",Kolkata,Kolkata,,KA Pollard,"HDPK Dharmasena, SJA Taufel",RS Madugalle,6,20
729279,2014-04-16,2014,T20,,Mumbai Indians,Kolkata Knight Riders,Kolkata Knight Riders,,41.0,,Kolkata Knight Riders,bat,,Sheikh Zayed Stadium,"Sheikh Zayed Stadium, Abu Dhabi",Abu Dhabi,Abu Dhabi,,JH Kallis,"M Erasmus, RK Illingworth",AJ Pycroft,6,20
729281,2014-04-17,2014,T20,,Delhi Capitals,Royal Challengers Bangalore,Royal Challengers Bangalore,,,8.0,Royal Challengers Bangalore,field,,Sharjah Cricket Stadium,"Sharjah Cricket Stadium, Sharjah",,Sharjah,,YS Chahal,"Aleem Dar, S Ravi",GF Labrooy,6,20
729283,2014-04-18,2014,T20,,Chennai Super Kings,Punjab Kings,Punjab Kings,,,6.0,Chennai Super Kings,bat,,Sheikh Zayed Stadium,"Sheikh Zayed Stadium, Abu Dhabi",Abu Dhabi,Abu Dhabi,,GJ Maxwell,"RK Illingworth, C Shamshuddin",AJ Pycroft,6,20
729285,2014-04-18,2014,T20,,Sunrisers Hyderabad,Rajasthan Royals,Rajasthan Royals,,,4.0,Rajasthan Royals,field,,Sheikh Zayed Stadium,"Sheikh Zayed Stadium, Abu Dhabi",Abu Dhabi,Abu Dhabi,,AM Rahane,"BF Bowden, RK Illingworth",AJ Pycroft,6,20
729287,2014-04-19,2014,T20,,Royal Challengers Bangalore,Mumbai Indians,Royal Challengers Bangalore,,,7.0,Royal Challengers Bangalore,field,,Dubai International Cricket Stadium,"Dubai International Cricket Stadium, Dubai",,Dubai,,PA Patel,"Aleem Dar, AK Chaudhary",GF Labrooy,6,20
729289,2014-04-19,2014,T20,,Kolkata Knight Riders,Delhi Capitals,Delhi Capitals,,,4.0,Kolkata Knight Riders,bat,,Dubai International Cricket Stadium,"Dubai International Cricket Stadium, Dubai",,Dubai,,JP Duminy,"Aleem Dar, VA Kulkarni",GF Labrooy,6,20
729291,2014-04-20,2014,T20,,Rajasthan Royals,Punjab Kings,Punjab Kings,,,7.0,Punjab Kings,field,,Sharjah Cricket Stadium,"Sharjah Cricket Stadium, Sharjah",,Sharjah,,GJ Maxwell,"BF Bowden, M Erasmus",AJ Pycroft,6,20
729293,2014-04-21,2014,T20,,Chennai Super Kings,Delhi Capitals,Chennai Super Kings,,93.0,,Chennai Super Kings,bat,,Sheikh Zayed Stadium,"Sheikh Zayed Stadium, Abu Dhabi",Abu Dhabi,Abu Dhabi,,SK Raina,"RK Illingworth, C Shamshuddin",GF Labrooy,6,20
729295,2014-04-22,2014,T20,,Punjab Kings,Sunrisers Hyderabad,Punjab Kings,,72.0,,Sunrisers Hyderabad,field,,Sharjah Cricket Stadium,"Sharjah Cricket Stadium, Sharjah",,Sharjah,,GJ Maxwell,"M Erasmus, S Ravi",AJ Pycroft,6,20
729297,2014-04-23,2014,T20,,Rajasthan Royals,Chennai Super Kings,Chennai Super Kings,,7.0,,Rajasthan Royals,field,,Dubai International Cricket Stadium,"Dubai International Cricket Stadium, Dubai",,Dubai,,RA Jadeja,"HDPK Dharmasena, RK Illingworth",GF Labrooy,6,20
729299,2014-04-24,2014,T20,,Royal Challengers Bangalore,Kolkata Knight Riders,Kolkata Knight Riders,,2.0,,Royal Challengers Bangalore,field,,Sharjah Cricket Stadium,"Sharjah Cricket Stadium, Sharjah",,Sharjah,,CA Lynn,"Aleem Dar, VA Kulkarni",AJ Pycroft,6,20
729301,2014-04-25,2014,T20,,Sunrisers Hyderabad,Delhi Capitals,Sunrisers Hyderabad,,4.0,,Sunrisers Hyderabad,bat,,Dubai International Cricket Stadium,"Dubai International Cricket Stadium, Dubai",,Dubai,,AJ Finch,"M Erasmus, S Ravi",GF Labrooy,6,20
729303,2014-04-25,2014,T20,,Chennai Super Kings,Mumbai Indians,Chennai Super Kings,,,7.0,Mumbai Indians,bat,,Dubai International Cricket Stadium,"Dubai International Cricket Stadium, Dubai",,Dubai,,MM Sharma,"BF Bowden, M Erasmus",GF Labrooy,6,20
729305,2014-04-26,2014,T20,,Rajasthan Royals,Royal Challengers Bangalore,Rajasthan Royals,,,6.0,Rajasthan Royals,field,,Sheikh Zayed Stadium,"Sheikh Zayed Stadium, Abu Dhabi",Abu Dhabi,Abu Dhabi,,PV Tambe,"HDPK Dharmasena, C Shamshuddin",AJ Pycroft,6,20
729307,2014-04-26,2014,T20,,Kolkata Knight Riders,Punjab Kings,Punjab Kings,,23.0,,Kolkata Knight Riders,field,,Sheikh Zayed Stadium,"Sheikh Zayed Stadium, Abu Dhabi",Abu Dhabi,Abu Dhabi,,Sandeep Sharma,"HDPK Dharmasena, RK Illingworth",AJ Pycroft,6,20
729309,2014-04-27,2014,T20,,Delhi Capitals,Mumbai Indians,Delhi Capitals,,,6.0,Mumbai Indians,bat,,Sharjah Cricket Stadium,"Sharjah Cricket Stadium, Sharjah",,Sharjah,,M Vijay,"Aleem Dar, VA Kulkarni",GF Labrooy,6,20
729311,2014-04-27,2014,T20,,Sunrisers Hyderabad,Chennai Super Kings,Chennai Super Kings,,,5.0,Sunrisers Hyderabad,bat,,Sharjah Cricket Stadium,"Sharjah Cricket Stadium, Sharjah",,Sharjah,,DR Smith,"AK Chaudhary, VA Kulkarni",GF Labrooy,6,20
729313,2014-04-28,2014,T20,,Punjab Kings,Royal Challengers Bangalore,Punjab Kings,,,5.0,Punjab Kings,field,,Dubai International Cricket Stadium,"Dubai International Cricket Stadium, Dubai",,Dubai,,Sandeep Sharma,"BF Bowden, S Ravi",AJ Pycroft,6,20
729315,2014-04-29,2014,T20,,Kolkata Knight Riders,Rajasthan Royals,,tie,,,Rajasthan Royals,bat,,Sheikh Zayed Stadium,"Sheikh Zayed Stadium, Abu Dhabi",Abu Dhabi,Abu Dhabi,,JP Faulkner,"Aleem Dar, AK Chaudhary",GF Labrooy,6,20
729317,2014-04-30,2014,T20,,Mumbai Indians,Sunrisers Hyderabad,Sunrisers Hyderabad,,15.0,,Mumbai Indians,field,,Dubai International Cricket Stadium,"Dubai International Cricket Stadium, Dubai",,Dubai,,B Kumar,"HDPK Dharmasena, M Erasmus",AJ Pycroft,6,20
733971,2014-05-02,2014,T20,,Chennai Super Kings,Kolkata Knight Riders,Chennai Super Kings,,34.0,,Chennai Super Kings,bat,,JSCA International Stadium Complex,JSCA International Stadium Complex,Ranchi,Ranchi,,RA Jadeja,"AK Chaudhary, NJ Llong",J Srinath,6,20
733973,2014-05-03,2014,T20,,Mumbai Indians,Punjab Kings,Mumbai Indians,,,5.0,Punjab Kings,bat,,Wankhede Stadium,"Wankhede Stadium, Mumbai",Mumbai,Mumbai,Mumbai Indians,CJ Anderson,"BNJ Oxenford, C Shamshuddin",RS Madugalle,6,20
733975,2014-05-03,2014,T20,,Delhi Capitals,Rajasthan Royals,Rajasthan Royals,,,7.0,Rajasthan Royals,field,,Feroz Shah Kotla,"Arun Jaitley Stadium, Delhi",Delhi,Delhi,Delhi Capitals,KK Nair,"SS Hazare, S Ravi",AJ Pycroft,6,20
733977,2014-05-04,2014,T20,,Royal Challengers Bangalore,Sunrisers Hyderabad,Royal Challengers Bangalore,,,4.0,Royal Challengers Bangalore,field,,M Chinnaswamy Stadium,"M Chinnaswamy Stadium, Bengaluru",Bangalore,Bengaluru,Royal Challengers Bangalore,AB de Villiers,"HDPK Dharmasena, VA Kulkarni",RS Mahanama,6,20
733979,2014-05-05,2014,T20,,Rajasthan Royals,Kolkata Knight Riders,Rajasthan Royals,,10.0,,Kolkata Knight Riders,field,,"Sardar Patel Stadium, Motera","Narendra Modi Stadium, Ahmedabad",Ahmedabad,Ahmedabad,,PV Tambe,"NJ Llong, CK Nandan",RS Madugalle,6,20
733981,2014-05-05,2014,T20,,Delhi Capitals,Chennai Super Kings,Chennai Super Kings,,,8.0,Chennai Super Kings,field,,Feroz Shah Kotla,"Arun Jaitley Stadium, Delhi",Delhi,Delhi,Delhi Capitals,DR Smith,"RM Deshpande, BNJ Oxenford",J Srinath,6,20
733983,2014-05-06,2014,T20,,Mumbai Indians,Royal Challengers Bangalore,Mumbai Indians,,19.0,,Royal Challengers Bangalore,field,,Wankhede Stadium,"Wankhede Stadium, Mumbai",Mumbai,Mumbai,Mumbai Indians,RG Sharma,"S Ravi, K Srinath",AJ Pycroft,6,20
733985,2014-05-07,2014,T20,,Delhi Capitals,Kolkata Knight Riders,Kolkata Knight Riders,,,8.0,Delhi Capitals,bat,,Feroz Shah Kotla,"Arun Jaitley Stadium, Delhi",Delhi,Delhi,Delhi Capitals,G Gambhir,"BNJ Oxenford, C Shamshuddin",J Srinath,6,20
733987,2014-05-07,2014,T20,,Punjab Kings,Chennai Super Kings,Punjab Kings,,44.0,,Chennai Super Kings,field,,Barabati Stadium,Barabati Stadium,Cuttack,Cuttack,,GJ Maxwell,"HDPK Dharmasena, PG Pathak",RS Mahanama,6,20
733989,2014-05-08,2014,T20,,Rajasthan Royals,Sunrisers Hyderabad,Sunrisers Hyderabad,,32.0,,Rajasthan Royals,field,,"Sardar Patel Stadium, Motera","Narendra Modi Stadium, Ahmedabad",Ahmedabad,Ahmedabad,,B Kumar,"AK Chaudhary, NJ Llong",RS Madugalle,6,20
733991,2014-05-09,2014,T20,,Royal Challengers Bangalore,Punjab Kings,Punjab Kings,,32.0,,Royal Challengers Bangalore,field,,M Chinnaswamy Stadium,"M Chinnaswamy Stadium, Bengaluru",Bangalore,Bengaluru,Royal Challengers Bangalore,Sandeep Sharma,"S Ravi, K Srinath",AJ Pycroft,6,20
733993,2014-05-10,2014,T20,,Delhi Capitals,Sunrisers Hyderabad,Sunrisers Hyderabad,,,8.0,Sunrisers Hyderabad,field,D/L,Feroz Shah Kotla,"Arun Jaitley Stadium, Delhi",Delhi,Delhi,Delhi Capitals,DW Steyn,"RM Deshpande, BNJ Oxenford",J Srinath,6,20
733995,2014-05-10,2014,T20,,Mumbai Indians,Chennai Super Kings,Chennai Super Kings,,,4.0,Chennai Super Kings,field,,Wankhede Stadium,"Wankhede Stadium, Mumbai",Mumbai,Mumbai,Mumbai Indians,DR Smith,"HDPK Dharmasena, VA Kulkarni",RS Mahanama,6,20
733997,2014-05-11,2014,T20,,Punjab Kings,Kolkata Knight Riders,Kolkata Knight Riders,,,9.0,Kolkata Knight Riders,field,,Barabati Stadium,Barabati Stadium,Cuttack,Cuttack,,G Gambhir,"NJ Llong, CK Nandan",RS Madugalle,6,20
733999,2014-05-11,2014,T20,,Royal Challengers Bangalore,Rajasthan Royals,Rajasthan Royals,,,5.0,Royal Challengers Bangalore,bat,,M Chinnaswamy Stadium,"M Chinnaswamy Stadium, Bengaluru",Bangalore,Bengaluru,Royal Challengers Bangalore,JP Faulkner,"S Ravi, RJ Tucker",AJ Pycroft,6,20
734001,2014-05-12,2014,T20,,Sunrisers Hyderabad,Mumbai Indians,Mumbai Indians,,,7.0,Sunrisers Hyderabad,bat,,"Rajiv Gandhi International Stadium, Uppal","Rajiv Gandhi International Stadium, Hyderabad",Hyderabad,Hyderabad,Sunrisers Hyderabad,AT Rayudu,"HDPK Dharmasena, VA Kulkarni",RS Mahanama,6,20
734003,2014-05-13,2014,T20,,Chennai Super Kings,Rajasthan Royals,Chennai Super Kings,,,5.0,Rajasthan Royals,bat,,JSCA International Stadium Complex,JSCA International Stadium Complex,Ranchi,Ranchi,,RA Jadeja,"BNJ Oxenford, C Shamshuddin",J Srinath,6,20
734005,2014-05-13,2014,T20,,Royal Challengers Bangalore,Delhi Capitals,Royal Challengers Bangalore,,16.0,,Delhi Capitals,field,,M Chinnaswamy Stadium,"M Chinnaswamy Stadium, Bengaluru",Bangalore,Bengaluru,Royal Challengers Bangalore,Yuvraj Singh,"K Srinath, RJ Tucker",AJ Pycroft,6,20
734007,2014-05-14,2014,T20,,Sunrisers Hyderabad,Punjab Kings,Punjab Kings,,,6.0,Punjab Kings,field,,"Rajiv Gandhi International Stadium, Uppal","Rajiv Gandhi International Stadium, Hyderabad",Hyderabad,Hyderabad,Sunrisers Hyderabad,WP Saha,"VA Kulkarni, PG Pathak",RS Mahanama,6,20
734009,2014-05-14,2014,T20,,Kolkata Knight Riders,Mumbai Indians,Kolkata Knight Riders,,,6.0,Kolkata Knight Riders,field,,Barabati Stadium,Barabati Stadium,Cuttack,Cuttack,,RV Uthappa,"AK Chaudhary, NJ Llong",RS Madugalle,6,20
734011,2014-05-15,2014,T20,,Rajasthan Royals,Delhi Capitals,Rajasthan Royals,,62.0,,Delhi Capitals,field,,"Sardar Patel Stadium, Motera","Narendra Modi Stadium, Ahmedabad",Ahmedabad,Ahmedabad,,AM Rahane,"S Ravi, RJ Tucker",AJ Pycroft,6,20
734013,2014-05-18,2014,T20,,Chennai Super Kings,Royal Challengers Bangalore,Royal Challengers Bangalore,,,5.0,Chennai Super Kings,bat,,JSCA International Stadium Complex,JSCA International Stadium Complex,Ranchi,Ranchi,,AB de Villiers,"BNJ Oxenford, C Shamshuddin",J Srinath,6,20
734015,2014-05-18,2014,T20,,Sunrisers Hyderabad,Kolkata Knight Riders,Kolkata Knight Riders,,,7.0,Sunrisers Hyderabad,bat,,"Rajiv Gandhi International Stadium, Uppal","Rajiv Gandhi International Stadium, Hyderabad",Hyderabad,Hyderabad,Sunrisers Hyderabad,UT Yadav,"NJ Llong, CK Nandan",RS Madugalle,6,20
734017,2014-05-19,2014,T20,,Rajasthan Royals,Mumbai Indians,Mumbai Indians,,25.0,,Mumbai Indians,bat,,"Sardar Patel Stadium, Motera","Narendra Modi Stadium, Ahmedabad",Ahmedabad,Ahmedabad,,MEK Hussey,"S Ravi, RJ Tucker",AJ Pycroft,6,20
734019,2014-05-19,2014,T20,,Delhi Capitals,Punjab Kings,Punjab Kings,,,4.0,Punjab Kings,field,,Feroz Shah Kotla,"Arun Jaitley Stadium, Delhi",Delhi,Delhi,Delhi Capitals,AR Patel,"HDPK Dharmasena, PG Pathak",RS Mahanama,6,20
734021,2014-05-20,2014,T20,,Sunrisers Hyderabad,Royal Challengers Bangalore,Sunrisers Hyderabad,,,7.0,Royal Challengers Bangalore,bat,,"Rajiv Gandhi International Stadium, Uppal","Rajiv Gandhi International Stadium, Hyderabad",Hyderabad,Hyderabad,Sunrisers Hyderabad,DA Warner,"AK Chaudhary, NJ Llong",RS Madugalle,6,20
734023,2014-05-20,2014,T20,,Kolkata Knight Riders,Chennai Super Kings,Kolkata Knight Riders,,,8.0,Kolkata Knight Riders,field,,Eden Gardens,"Eden Gardens, Kolkata",Kolkata,Kolkata,Kolkata Knight Riders,RV Uthappa,"RM Deshpande, C Shamshuddin",J Srinath,6,20
734025,2014-05-21,2014,T20,,Punjab Kings,Mumbai Indians,Mumbai Indians,,,7.0,Mumbai Indians,field,,"Punjab Cricket Association Stadium, Mohali","IS Bindra Stadium, Mohali",Chandigarh,Mohali,Punjab Kings,LMP Simmons,"HDPK Dharmasena, VA Kulkarni",RS Mahanama,6,20
734027,2014-05-22,2014,T20,,Kolkata Knight Riders,Royal Challengers Bangalore,Kolkata Knight Riders,,30.0,,Royal Challengers Bangalore,field,,Eden Gardens,"Eden Gardens, Kolkata",Kolkata,Kolkata,Kolkata Knight Riders,RV Uthappa,"AK Chaudhary, CK Nandan",RS Madugalle,6,20
734029,2014-05-22,2014,T20,,Chennai Super Kings,Sunrisers Hyderabad,Sunrisers Hyderabad,,,6.0,Sunrisers Hyderabad,field,,JSCA International Stadium Complex,JSCA International Stadium Complex,Ranchi,Ranchi,,DA Warner,"BNJ Oxenford, C Shamshuddin",J Srinath,6,20
734031,2014-05-23,2014,T20,,Mumbai Indians,Delhi Capitals,Mumbai Indians,,15.0,,Delhi Capitals,field,,Wankhede Stadium,"Wankhede Stadium, Mumbai",Mumbai,Mumbai,Mumbai Indians,MEK Hussey,"S Ravi, RJ Tucker",AJ Pycroft,6,20
734033,2014-05-23,2014,T20,,Punjab Kings,Rajasthan Royals,Punjab Kings,,16.0,,Rajasthan Royals,field,,"Punjab Cricket Association Stadium, Mohali","IS Bindra Stadium, Mohali",Chandigarh,Mohali,Punjab Kings,SE Marsh,"HDPK Dharmasena, PG Pathak",RS Mahanama,6,20
734035,2014-05-24,2014,T20,,Royal Challengers Bangalore,Chennai Super Kings,Chennai Super Kings,,,8.0,Chennai Super Kings,field,,M Chinnaswamy Stadium,"M Chinnaswamy Stadium, Bengaluru",Bangalore,Bengaluru,Royal Challengers Bangalore,MS Dhoni,"AK Chaudhary, NJ Llong",RS Madugalle,6,20
734037,2014-05-24,2014,T20,,Kolkata Knight Riders,Sunrisers Hyderabad,Kolkata Knight Riders,,,4.0,Kolkata Knight Riders,field,,Eden Gardens,"Eden Gardens, Kolkata",Kolkata,Kolkata,Kolkata Knight Riders,YK Pathan,"RM Deshpande, BNJ Oxenford",J Srinath,6,20
734039,2014-05-25,2014,T20,,Punjab Kings,Delhi Capitals,Punjab Kings,,,7.0,Punjab Kings,field,,"Punjab Cricket Association Stadium, Mohali","IS Bindra Stadium, Mohali",Chandigarh,Mohali,Punjab Kings,M Vohra,"HDPK Dharmasena, VA Kulkarni",RS Mahanama,6,20
734041,2014-05-25,2014,T20,,Mumbai Indians,Rajasthan Royals,Mumbai Indians,,,5.0,Mumbai Indians,field,,Wankhede Stadium,"Wankhede Stadium, Mumbai",Mumbai,Mumbai,Mumbai Indians,CJ Anderson,"K Srinath, RJ Tucker",AJ Pycroft,6,20
734043,2014-05-27,2014,T20,,Punjab Kings,Kolkata Knight Riders,Kolkata Knight Riders,,28.0,,Punjab Kings,field,,Eden Gardens,"Eden Gardens, Kolkata",Kolkata,Kolkata,Kolkata Knight Riders,UT Yadav,"NJ Llong, S Ravi",RS Mahanama,6,20
734045,2014-05-28,2014,T20,,Chennai Super Kings,Mumbai Indians,Chennai Super Kings,,,7.0,Chennai Super Kings,field,,Brabourne Stadium,"Brabourne Stadium, Mumbai",Mumbai,Mumbai,Mumbai Indians,SK Raina,"VA Kulkarni, BNJ Oxenford",AJ Pycroft,6,20
734047,2014-05-30,2014,T20,,Chennai Super Kings,Punjab Kings,Punjab Kings,,24.0,,Chennai Super Kings,field,,Wankhede Stadium,"Wankhede Stadium, Mumbai",Mumbai,Mumbai,,V Sehwag,"HDPK Dharmasena, RJ Tucker",J Srinath,6,20
734049,2014-06-01,2014,T20,,Kolkata Knight Riders,Punjab Kings,Kolkata Knight Riders,,,3.0,Kolkata Knight Riders,field,,M Chinnaswamy Stadium,"M Chinnaswamy Stadium, Bengaluru",Bangalore,Bengaluru,,MK Pandey,"HDPK Dharmasena, BNJ Oxenford",RS Mahanama,6,20
829705,2015-04-08,2015,T20,,Kolkata Knight Riders,Mumbai Indians,Kolkata Knight Riders,,,7.0,Kolkata Knight Riders,field,,Eden Gardens,"Eden Gardens, Kolkata",Kolkata,Kolkata,Kolkata Knight Riders,M Morkel,"S Ravi, C Shamshuddin",J Srinath,6,20
829707,2015-04-09,2015,T20,,Chennai Super Kings,Delhi Capitals,Chennai Super Kings,,1.0,,Delhi Capitals,field,,"MA Chidambaram Stadium, Chepauk","MA Chidambaram Stadium, Chennai",Chennai,Chennai,Chennai Super Kings,A Nehra,"RK Illingworth, VA Kulkarni",M Nayyar,6,20
829709,2015-04-10,2015,T20,,Punjab Kings,Rajasthan Royals,Rajasthan Royals,,26.0,,Punjab Kings,field,,Maharashtra Cricket Association Stadium,"MCA Stadium, Pune",Pune,Pune,,JP Faulkner,"SD Fry, CB Gaffaney",GF Labrooy,6,20
829711,2015-04-11,2015,T20,,Chennai Super Kings,Sunrisers Hyderabad,Chennai Super Kings,,45.0,,Chennai Super Kings,bat,,"MA Chidambaram Stadium, Chepauk","MA Chidambaram Stadium, Chennai",Chennai,Chennai,Chennai Super Kings,BB McCullum,"RK Illingworth, VA Kulkarni",M Nayyar,6,20
829713,2015-04-11,2015,T20,,Kolkata Knight Riders,Royal Challengers Bangalore,Royal Challengers Bangalore,,,3.0,Royal Challengers Bangalore,field,,Eden Gardens,"Eden Gardens, Kolkata",Kolkata,Kolkata,Kolkata Knight Riders,CH Gayle,"S Ravi, C Shamshuddin",J Srinath,6,20
829715,2015-04-12,2015,T20,,Delhi Capitals,Rajasthan Royals,Rajasthan Royals,,,3.0,Rajasthan Royals,field,,Feroz Shah Kotla,"Arun Jaitley Stadium, Delhi",Delhi,Delhi,Delhi Capitals,DJ Hooda,"SD Fry, CB Gaffaney",GF Labrooy,6,20
829717,2015-04-12,2015,T20,,Mumbai Indians,Punjab Kings,Punjab Kings,,18.0,,Mumbai Indians,field,,Wankhede Stadium,"Wankhede Stadium, Mumbai",Mumbai,Mumbai,Mumbai Indians,GJ Bailey,"AK Chaudhary, K Srinivasan",Chinmay Sharma,6,20
829719,2015-04-13,2015,T20,,Royal Challengers Bangalore,Sunrisers Hyderabad,Sunrisers Hyderabad,,,8.0,Sunrisers Hyderabad,field,,M Chinnaswamy Stadium,"M Chinnaswamy Stadium, Bengaluru",Bangalore,Bengaluru,Royal Challengers Bangalore,DA Warner,"RM Deshpande, RK Illingworth",M Nayyar,6,20
829721,2015-04-14,2015,T20,,Rajasthan Royals,Mumbai Indians,Rajasthan Royals,,,7.0,Mumbai Indians,bat,,"Sardar Patel Stadium, Motera","Narendra Modi Stadium, Ahmedabad",Ahmedabad,Ahmedabad,,SPD Smith,"AK Chaudhary, SD Fry",Chinmay Sharma,6,20
829725,2015-04-15,2015,T20,,Punjab Kings,Delhi Capitals,Delhi Capitals,,,5.0,Punjab Kings,bat,,Maharashtra Cricket Association Stadium,"MCA Stadium, Pune",Pune,Pune,,MA Agarwal,"CB Gaffaney, K Srinath",GF Labrooy,6,20
829727,2015-04-16,2015,T20,,Sunrisers Hyderabad,Rajasthan Royals,Rajasthan Royals,,,6.0,Rajasthan Royals,field,,Dr. Y.S. Rajasekhara Reddy ACA-VDCA Cricket Stadium,Dr. Y.S. Rajasekhara Reddy ACA-VDCA Cricket Stadium,Visakhapatnam,Visakhapatnam,,AM Rahane,"PG Pathak, S Ravi",M Nayyar,6,20
829729,2015-04-17,2015,T20,,Mumbai Indians,Chennai Super Kings,Chennai Super Kings,,,6.0,Mumbai Indians,bat,,Wankhede Stadium,"Wankhede Stadium, Mumbai",Mumbai,Mumbai,Mumbai Indians,A Nehra,"AK Chaudhary, M Erasmus",Chinmay Sharma,6,20
829731,2015-04-18,2015,T20,,Sunrisers Hyderabad,Delhi Capitals,Delhi Capitals,,4.0,,Delhi Capitals,bat,,Dr. Y.S. Rajasekhara Reddy ACA-VDCA Cricket Stadium,Dr. Y.S. Rajasekhara Reddy ACA-VDCA Cricket Stadium,Visakhapatnam,Visakhapatnam,,JP Duminy,"PG Pathak, S Ravi",M Nayyar,6,20
829733,2015-04-18,2015,T20,,Punjab Kings,Kolkata Knight Riders,Kolkata Knight Riders,,,4.0,Kolkata Knight Riders,field,,Maharashtra Cricket Association Stadium,"MCA Stadium, Pune",Pune,Pune,,AD Russell,"SD Fry, CK Nandan",GF Labrooy,6,20
829735,2015-04-19,2015,T20,,Rajasthan Royals,Chennai Super Kings,Rajasthan Royals,,,8.0,Chennai Super Kings,bat,,"Sardar Patel Stadium, Motera","Narendra Modi Stadium, Ahmedabad",Ahmedabad,Ahmedabad,,AM Rahane,"AK Chaudhary, M Erasmus",Chinmay Sharma,6,20
829737,2015-04-19,2015,T20,,Royal Challengers Bangalore,Mumbai Indians,Mumbai Indians,,18.0,,Royal Challengers Bangalore,field,,M Chinnaswamy Stadium,"M Chinnaswamy Stadium, Bengaluru",Bangalore,Bengaluru,Royal Challengers Bangalore,Harbhajan Singh,"RK Illingworth, VA Kulkarni",J Srinath,6,20
829739,2015-04-20,2015,T20,,Delhi Capitals,Kolkata Knight Riders,Kolkata Knight Riders,,,6.0,Kolkata Knight Riders,field,,Feroz Shah Kotla,"Arun Jaitley Stadium, Delhi",Delhi,Delhi,Delhi Capitals,UT Yadav,"SD Fry, CB Gaffaney",GF Labrooy,6,20
829741,2015-04-21,2015,T20,,Rajasthan Royals,Punjab Kings,,tie,,,Punjab Kings,field,,"Sardar Patel Stadium, Motera","Narendra Modi Stadium, Ahmedabad",Ahmedabad,Ahmedabad,,SE Marsh,"M Erasmus, S Ravi",Chinmay Sharma,6,20
829743,2015-04-22,2015,T20,,Sunrisers Hyderabad,Kolkata Knight Riders,Sunrisers Hyderabad,,16.0,,Kolkata Knight Riders,field,D/L,Dr. Y.S. Rajasekhara Reddy ACA-VDCA Cricket Stadium,Dr. Y.S. Rajasekhara Reddy ACA-VDCA Cricket Stadium,Visakhapatnam,Visakhapatnam,,DA Warner,"RK Illingworth, VA Kulkarni",M Nayyar,6,20
829745,2015-04-22,2015,T20,,Royal Challengers Bangalore,Chennai Super Kings,Chennai Super Kings,,27.0,,Royal Challengers Bangalore,field,,M Chinnaswamy Stadium,"M Chinnaswamy Stadium, Bengaluru",Bangalore,Bengaluru,Royal Challengers Bangalore,SK Raina,"JD Cloete, C Shamshuddin",J Srinath,6,20
829747,2015-04-23,2015,T20,,Delhi Capitals,Mumbai Indians,Delhi Capitals,,37.0,,Mumbai Indians,field,,Feroz Shah Kotla,"Arun Jaitley Stadium, Delhi",Delhi,Delhi,Delhi Capitals,SS Iyer,"SD Fry, CK Nandan",GF Labrooy,6,20
829749,2015-04-24,2015,T20,,Rajasthan Royals,Royal Challengers Bangalore,Royal Challengers Bangalore,,,9.0,Royal Challengers Bangalore,field,,"Sardar Patel Stadium, Motera","Narendra Modi Stadium, Ahmedabad",Ahmedabad,Ahmedabad,,MA Starc,"M Erasmus, S Ravi",Chinmay Sharma,6,20
829751,2015-04-25,2015,T20,,Mumbai Indians,Sunrisers Hyderabad,Mumbai Indians,,20.0,,Mumbai Indians,bat,,Wankhede Stadium,"Wankhede Stadium, Mumbai",Mumbai,Mumbai,Mumbai Indians,SL Malinga,"HDPK Dharmasena, CB Gaffaney",RS Mahanama,6,20
829753,2015-04-25,2015,T20,,Chennai Super Kings,Punjab Kings,Chennai Super Kings,,97.0,,Chennai Super Kings,bat,,"MA Chidambaram Stadium, Chepauk","MA Chidambaram Stadium, Chennai",Chennai,Chennai,Chennai Super Kings,BB McCullum,"JD Cloete, C Shamshuddin",J Srinath,6,20
829757,2015-04-26,2015,T20,,Delhi Capitals,Royal Challengers Bangalore,Royal Challengers Bangalore,,,10.0,Royal Challengers Bangalore,field,,Feroz Shah Kotla,"Arun Jaitley Stadium, Delhi",Delhi,Delhi,Delhi Capitals,VR Aaron,"M Erasmus, S Ravi",GF Labrooy,6,20
829759,2015-04-27,2015,T20,,Punjab Kings,Sunrisers Hyderabad,Sunrisers Hyderabad,,20.0,,Punjab Kings,field,,"Punjab Cricket Association Stadium, Mohali","IS Bindra Stadium, Mohali",Chandigarh,Mohali,Punjab Kings,TA Boult,"HDPK Dharmasena, CB Gaffaney",RS Mahanama,6,20
829765,2015-04-28,2015,T20,,Chennai Super Kings,Kolkata Knight Riders,Chennai Super Kings,,2.0,,Kolkata Knight Riders,field,,"MA Chidambaram Stadium, Chepauk","MA Chidambaram Stadium, Chennai",Chennai,Chennai,Chennai Super Kings,DJ Bravo,"RM Deshpande, VA Kulkarni",J Srinath,6,20
829763,2015-04-29,2015,T20,,Royal Challengers Bangalore,Rajasthan Royals,,no result,,,Rajasthan Royals,field,,M Chinnaswamy Stadium,"M Chinnaswamy Stadium, Bengaluru",Bangalore,Bengaluru,Royal Challengers Bangalore,,"JD Cloete, PG Pathak",RS Madugalle,6,20
829723,2015-04-30,2015,T20,,Kolkata Knight Riders,Chennai Super Kings,Kolkata Knight Riders,,,7.0,Kolkata Knight Riders,field,,Eden Gardens,"Eden Gardens, Kolkata",Kolkata,Kolkata,Kolkata Knight Riders,AD Russell,"AK Chaudhary, M Erasmus",RR Jadeja,6,20
829767,2015-05-01,2015,T20,,Delhi Capitals,Punjab Kings,Delhi Capitals,,,9.0,Delhi Capitals,field,,Feroz Shah Kotla,"Arun Jaitley Stadium, Delhi",Delhi,Delhi,Delhi Capitals,NM Coulter-Nile,"RK Illingworth, S Ravi",RS Madugalle,6,20
829769,2015-05-01,2015,T20,,Mumbai Indians,Rajasthan Royals,Mumbai Indians,,8.0,,Rajasthan Royals,field,,Wankhede Stadium,"Wankhede Stadium, Mumbai",Mumbai,Mumbai,Mumbai Indians,AT Rayudu,"HDPK Dharmasena, CK Nandan",RS Mahanama,6,20
829771,2015-05-02,2015,T20,,Royal Challengers Bangalore,Kolkata Knight Riders,Royal Challengers Bangalore,,,7.0,Royal Challengers Bangalore,field,,M Chinnaswamy Stadium,"M Chinnaswamy Stadium, Bengaluru",Bangalore,Bengaluru,Royal Challengers Bangalore,Mandeep Singh,"JD Cloete, PG Pathak",J Srinath,6,20
829773,2015-05-02,2015,T20,,Sunrisers Hyderabad,Chennai Super Kings,Sunrisers Hyderabad,,22.0,,Chennai Super Kings,field,,"Rajiv Gandhi International Stadium, Uppal","Rajiv Gandhi International Stadium, Hyderabad",Hyderabad,Hyderabad,Sunrisers Hyderabad,DA Warner,"AK Chaudhary, K Srinivasan",RR Jadeja,6,20
829775,2015-05-03,2015,T20,,Punjab Kings,Mumbai Indians,Mumbai Indians,,23.0,,Mumbai Indians,bat,,"Punjab Cricket Association Stadium, Mohali","IS Bindra Stadium, Mohali",Chandigarh,Mohali,Punjab Kings,LMP Simmons,"RK Illingworth, VA Kulkarni",RS Madugalle,6,20
829777,2015-05-03,2015,T20,,Rajasthan Royals,Delhi Capitals,Rajasthan Royals,,14.0,,Delhi Capitals,field,,Brabourne Stadium,"Brabourne Stadium, Mumbai",Mumbai,Mumbai,,AM Rahane,"HDPK Dharmasena, CB Gaffaney",RS Mahanama,6,20
829779,2015-05-04,2015,T20,,Chennai Super Kings,Royal Challengers Bangalore,Chennai Super Kings,,24.0,,Chennai Super Kings,bat,,"MA Chidambaram Stadium, Chepauk","MA Chidambaram Stadium, Chennai",Chennai,Chennai,Chennai Super Kings,SK Raina,"C Shamshuddin, K Srinath",J Srinath,6,20
829781,2015-05-04,2015,T20,,Kolkata Knight Riders,Sunrisers Hyderabad,Kolkata Knight Riders,,35.0,,Sunrisers Hyderabad,field,,Eden Gardens,"Eden Gardens, Kolkata",Kolkata,Kolkata,Kolkata Knight Riders,UT Yadav,"AK Chaudhary, M Erasmus",RR Jadeja,6,20
829783,2015-05-05,2015,T20,,Mumbai Indians,Delhi Capitals,Mumbai Indians,,,5.0,Delhi Capitals,bat,,Wankhede Stadium,"Wankhede Stadium, Mumbai",Mumbai,Mumbai,Mumbai Indians,Harbhajan Singh,"HDPK Dharmasena, CB Gaffaney",RS Mahanama,6,20
829785,2015-05-06,2015,T20,,Royal Challengers Bangalore,Punjab Kings,Royal Challengers Bangalore,,138.0,,Punjab Kings,field,,M Chinnaswamy Stadium,"M Chinnaswamy Stadium, Bengaluru",Bangalore,Bengaluru,Royal Challengers Bangalore,CH Gayle,"RK Illingworth, VA Kulkarni",RS Madugalle,6,20
829761,2015-05-07,2015,T20,,Kolkata Knight Riders,Delhi Capitals,Kolkata Knight Riders,,13.0,,Kolkata Knight Riders,bat,,Eden Gardens,"Eden Gardens, Kolkata",Kolkata,Kolkata,Kolkata Knight Riders,PP Chawla,"AK Chaudhary, M Erasmus",RS Mahanama,6,20
829787,2015-05-07,2015,T20,,Rajasthan Royals,Sunrisers Hyderabad,Sunrisers Hyderabad,,7.0,,Rajasthan Royals,field,,Brabourne Stadium,"Brabourne Stadium, Mumbai",Mumbai,Mumbai,,EJG Morgan,"JD Cloete, C Shamshuddin",J Srinath,6,20
829789,2015-05-08,2015,T20,,Chennai Super Kings,Mumbai Indians,Mumbai Indians,,,6.0,Chennai Super Kings,bat,,"MA Chidambaram Stadium, Chepauk","MA Chidambaram Stadium, Chennai",Chennai,Chennai,Chennai Super Kings,HH Pandya,"CB Gaffaney, CK Nandan",RR Jadeja,6,20
829791,2015-05-09,2015,T20,,Kolkata Knight Riders,Punjab Kings,Kolkata Knight Riders,,,1.0,Punjab Kings,bat,,Eden Gardens,"Eden Gardens, Kolkata",Kolkata,Kolkata,Kolkata Knight Riders,AD Russell,"AK Chaudhary, HDPK Dharmasena",RS Mahanama,6,20
829793,2015-05-09,2015,T20,,Delhi Capitals,Sunrisers Hyderabad,Sunrisers Hyderabad,,6.0,,Sunrisers Hyderabad,bat,,Shaheed Veer Narayan Singh International Stadium,"SVNS Intl Stadium, Raipur",Raipur,Raipur,Delhi Capitals,MC Henriques,"VA Kulkarni, S Ravi",RS Madugalle,6,20
829795,2015-05-10,2015,T20,,Mumbai Indians,Royal Challengers Bangalore,Royal Challengers Bangalore,,39.0,,Royal Challengers Bangalore,bat,,Wankhede Stadium,"Wankhede Stadium, Mumbai",Mumbai,Mumbai,Mumbai Indians,AB de Villiers,"JD Cloete, C Shamshuddin",J Srinath,6,20
829797,2015-05-10,2015,T20,,Chennai Super Kings,Rajasthan Royals,Chennai Super Kings,,12.0,,Chennai Super Kings,bat,,"MA Chidambaram Stadium, Chepauk","MA Chidambaram Stadium, Chennai",Chennai,Chennai,Chennai Super Kings,RA Jadeja,"M Erasmus, CK Nandan",RR Jadeja,6,20
829799,2015-05-11,2015,T20,,Sunrisers Hyderabad,Punjab Kings,Sunrisers Hyderabad,,5.0,,Sunrisers Hyderabad,bat,,"Rajiv Gandhi International Stadium, Uppal","Rajiv Gandhi International Stadium, Hyderabad",Hyderabad,Hyderabad,Sunrisers Hyderabad,DA Warner,"AK Chaudhary, HDPK Dharmasena",RS Mahanama,6,20
829801,2015-05-12,2015,T20,,Delhi Capitals,Chennai Super Kings,Delhi Capitals,,,6.0,Chennai Super Kings,bat,,Shaheed Veer Narayan Singh International Stadium,"SVNS Intl Stadium, Raipur",Raipur,Raipur,Delhi Capitals,Z Khan,"RK Illingworth, VA Kulkarni",RS Madugalle,6,20
829803,2015-05-13,2015,T20,,Punjab Kings,Royal Challengers Bangalore,Punjab Kings,,22.0,,Royal Challengers Bangalore,field,,"Punjab Cricket Association Stadium, Mohali","IS Bindra Stadium, Mohali",Chandigarh,Mohali,Punjab Kings,AR Patel,"JD Cloete, C Shamshuddin",J Srinath,6,20
829805,2015-05-14,2015,T20,,Mumbai Indians,Kolkata Knight Riders,Mumbai Indians,,5.0,,Kolkata Knight Riders,field,,Wankhede Stadium,"Wankhede Stadium, Mumbai",Mumbai,Mumbai,Mumbai Indians,HH Pandya,"RK Illingworth, VA Kulkarni",RR Jadeja,6,20
829807,2015-05-15,2015,T20,,Sunrisers Hyderabad,Royal Challengers Bangalore,Royal Challengers Bangalore,,,6.0,Sunrisers Hyderabad,bat,D/L,"Rajiv Gandhi International Stadium, Uppal","Rajiv Gandhi International Stadium, Hyderabad",Hyderabad,Hyderabad,Sunrisers Hyderabad,V Kohli,"AK Chaudhary, HDPK Dharmasena",RS Mahanama,6,20
829809,2015-05-16,2015,T20,,Punjab Kings,Chennai Super Kings,Chennai Super Kings,,,7.0,Punjab Kings,bat,,"Punjab Cricket Association Stadium, Mohali","IS Bindra Stadium, Mohali",Chandigarh,Mohali,Punjab Kings,P Negi,"CK Nandan, C Shamshuddin",J Srinath,6,20
829811,2015-05-16,2015,T20,,Rajasthan Royals,Kolkata Knight Riders,Rajasthan Royals,,9.0,,Rajasthan Royals,bat,,Brabourne Stadium,"Brabourne Stadium, Mumbai",Mumbai,Mumbai,,SR Watson,"RM Deshpande, RK Illingworth",RR Jadeja,6,20
829813,2015-05-17,2015,T20,,Royal Challengers Bangalore,Delhi Capitals,,no result,,,Royal Challengers Bangalore,field,,M Chinnaswamy Stadium,"M Chinnaswamy Stadium, Bengaluru",Bangalore,Bengaluru,Royal Challengers Bangalore,,"HDPK Dharmasena, K Srinivasan",RS Madugalle,6,20
829815,2015-05-17,2015,T20,,Sunrisers Hyderabad,Mumbai Indians,Mumbai Indians,,,9.0,Sunrisers Hyderabad,bat,,"Rajiv Gandhi International Stadium, Uppal","Rajiv Gandhi International Stadium, Hyderabad",Hyderabad,Hyderabad,Sunrisers Hyderabad,MJ McClenaghan,"CB Gaffaney, K Srinath",RS Mahanama,6,20
829817,2015-05-19,2015,T20,,Chennai Super Kings,Mumbai Indians,Mumbai Indians,,25.0,,Mumbai Indians,bat,,Wankhede Stadium,"Wankhede Stadium, Mumbai",Mumbai,Mumbai,Mumbai Indians,KA Pollard,"HDPK Dharmasena, RK Illingworth",RS Madugalle,6,20
829819,2015-05-20,2015,T20,,Royal Challengers Bangalore,Rajasthan Royals,Royal Challengers Bangalore,,71.0,,Royal Challengers Bangalore,bat,,Maharashtra Cricket Association Stadium,"MCA Stadium, Pune",Pune,Pune,,AB de Villiers,"AK Chaudhary, C Shamshuddin",RS Mahanama,6,20
829821,2015-05-22,2015,T20,,Chennai Super Kings,Royal Challengers Bangalore,Chennai Super Kings,,,3.0,Chennai Super Kings,field,,JSCA International Stadium Complex,JSCA International Stadium Complex,Ranchi,Ranchi,,A Nehra,"AK Chaudhary, CB Gaffaney",RS Mahanama,6,20
829823,2015-05-24,2015,T20,,Mumbai Indians,Chennai Super Kings,Mumbai Indians,,41.0,,Chennai Super Kings,field,,Eden Gardens,"Eden Gardens, Kolkata",Kolkata,Kolkata,,RG Sharma,"HDPK Dharmasena, RK Illingworth",RS Madugalle,6,20
980901,2016-04-09,2016,T20,,Mumbai Indians,Rising Pune Supergiant,Rising Pune Supergiant,,,9.0,Mumbai Indians,bat,,Wankhede Stadium,"Wankhede Stadium, Mumbai",Mumbai,Mumbai,Mumbai Indians,AM Rahane,"HDPK Dharmasena, CK Nandan",J Srinath,6,20
980903,2016-04-10,2016,T20,,Kolkata Knight Riders,Delhi Capitals,Kolkata Knight Riders,,,9.0,Kolkata Knight Riders,field,,Eden Gardens,"Eden Gardens, Kolkata",Kolkata,Kolkata,Kolkata Knight Riders,AD Russell,"S Ravi, C Shamshuddin",M Nayyar,6,20
980905,2016-04-11,2016,T20,,Punjab Kings,Gujarat Lions,Gujarat Lions,,,5.0,Gujarat Lions,field,,"Punjab Cricket Association IS Bindra Stadium, Mohali","IS Bindra Stadium, Mohali",Chandigarh,Mohali,Punjab Kings,AJ Finch,"AK Chaudhary, VA Kulkarni",Chinmay Sharma,6,20
980907,2016-04-12,2016,T20,,Royal Challengers Bangalore,Sunrisers Hyderabad,Royal Challengers Bangalore,,45.0,,Sunrisers Hyderabad,field,,M Chinnaswamy Stadium,"M Chinnaswamy Stadium, Bengaluru",Bangalore,Bengaluru,Royal Challengers Bangalore,AB de Villiers,"HDPK Dharmasena, VK Sharma",J Srinath,6,20
980909,2016-04-13,2016,T20,,Kolkata Knight Riders,Mumbai Indians,Mumbai Indians,,,6.0,Mumbai Indians,field,,Eden Gardens,"Eden Gardens, Kolkata",Kolkata,Kolkata,Kolkata Knight Riders,RG Sharma,"Nitin Menon, S Ravi",M Nayyar,6,20
980911,2016-04-14,2016,T20,,Gujarat Lions,Rising Pune Supergiant,Gujarat Lions,,,7.0,Rising Pune Supergiant,bat,,Saurashtra Cricket Association Stadium,Saurashtra Cricket Association Stadium,Rajkot,Rajkot,,AJ Finch,"VA Kulkarni, CK Nandan",Chinmay Sharma,6,20
980913,2016-04-15,2016,T20,,Delhi Capitals,Punjab Kings,Delhi Capitals,,,8.0,Delhi Capitals,field,,Feroz Shah Kotla,"Arun Jaitley Stadium, Delhi",Delhi,Delhi,Delhi Capitals,A Mishra,"S Ravi, C Shamshuddin",RS Mahanama,6,20
980915,2016-04-16,2016,T20,,Sunrisers Hyderabad,Kolkata Knight Riders,Kolkata Knight Riders,,,8.0,Sunrisers Hyderabad,bat,,"Rajiv Gandhi International Stadium, Uppal","Rajiv Gandhi International Stadium, Hyderabad",Hyderabad,Hyderabad,Sunrisers Hyderabad,G Gambhir,"AK Chaudhary, CK Nandan",J Srinath,6,20
980917,2016-04-16,2016,T20,,Mumbai Indians,Gujarat Lions,Gujarat Lions,,,3.0,Gujarat Lions,field,,Wankhede Stadium,"Wankhede Stadium, Mumbai",Mumbai,Mumbai,Mumbai Indians,AJ Finch,"HDPK Dharmasena, VK Sharma",Chinmay Sharma,6,20
980919,2016-04-17,2016,T20,,Punjab Kings,Rising Pune Supergiant,Punjab Kings,,,6.0,Rising Pune Supergiant,bat,,"Punjab Cricket Association IS Bindra Stadium, Mohali","IS Bindra Stadium, Mohali",Chandigarh,Mohali,Punjab Kings,M Vohra,"S Ravi, C Shamshuddin",M Nayyar,6,20
980921,2016-04-17,2016,T20,,Royal Challengers Bangalore,Delhi Capitals,Delhi Capitals,,,7.0,Delhi Capitals,field,,M Chinnaswamy Stadium,"M Chinnaswamy Stadium, Bengaluru",Bangalore,Bengaluru,Royal Challengers Bangalore,Q de Kock,"VA Kulkarni, A Nand Kishore",RS Mahanama,6,20
980923,2016-04-18,2016,T20,,Sunrisers Hyderabad,Mumbai Indians,Sunrisers Hyderabad,,,7.0,Sunrisers Hyderabad,field,,"Rajiv Gandhi International Stadium, Uppal","Rajiv Gandhi International Stadium, Hyderabad",Hyderabad,Hyderabad,Sunrisers Hyderabad,DA Warner,"HDPK Dharmasena, VK Sharma",J Srinath,6,20
980925,2016-04-19,2016,T20,,Punjab Kings,Kolkata Knight Riders,Kolkata Knight Riders,,,6.0,Kolkata Knight Riders,field,,"Punjab Cricket Association IS Bindra Stadium, Mohali","IS Bindra Stadium, Mohali",Chandigarh,Mohali,Punjab Kings,RV Uthappa,"S Ravi, C Shamshuddin",M Nayyar,6,20
980927,2016-04-20,2016,T20,,Mumbai Indians,Royal Challengers Bangalore,Mumbai Indians,,,6.0,Mumbai Indians,field,,Wankhede Stadium,"Wankhede Stadium, Mumbai",Mumbai,Mumbai,Mumbai Indians,RG Sharma,"AK Chaudhary, CK Nandan",RS Mahanama,6,20
980929,2016-04-21,2016,T20,,Gujarat Lions,Sunrisers Hyderabad,Sunrisers Hyderabad,,,10.0,Sunrisers Hyderabad,field,,Saurashtra Cricket Association Stadium,Saurashtra Cricket Association Stadium,Rajkot,Rajkot,,B Kumar,"K Bharatan, HDPK Dharmasena",S Chaturvedi,6,20
980931,2016-04-22,2016,T20,,Rising Pune Supergiant,Royal Challengers Bangalore,Royal Challengers Bangalore,,13.0,,Rising Pune Supergiant,field,,Maharashtra Cricket Association Stadium,"MCA Stadium, Pune",Pune,Pune,Rising Pune Supergiant,AB de Villiers,"CB Gaffaney, VK Sharma",Chinmay Sharma,6,20
980933,2016-04-23,2016,T20,,Delhi Capitals,Mumbai Indians,Delhi Capitals,,10.0,,Mumbai Indians,field,,Feroz Shah Kotla,"Arun Jaitley Stadium, Delhi",Delhi,Delhi,Delhi Capitals,SV Samson,"S Ravi, C Shamshuddin",M Nayyar,6,20
980935,2016-04-23,2016,T20,,Sunrisers Hyderabad,Punjab Kings,Sunrisers Hyderabad,,,5.0,Sunrisers Hyderabad,field,,"Rajiv Gandhi International Stadium, Uppal","Rajiv Gandhi International Stadium, Hyderabad",Hyderabad,Hyderabad,Sunrisers Hyderabad,Mustafizur Rahman,"AK Chaudhary, CK Nandan",RS Mahanama,6,20
980937,2016-04-24,2016,T20,,Gujarat Lions,Royal Challengers Bangalore,Gujarat Lions,,,6.0,Royal Challengers Bangalore,bat,,Saurashtra Cricket Association Stadium,Saurashtra Cricket Association Stadium,Rajkot,Rajkot,,V Kohli,"K Bharatan, BNJ Oxenford",S Chaturvedi,6,20
980939,2016-04-24,2016,T20,,Rising Pune Supergiant,Kolkata Knight Riders,Kolkata Knight Riders,,,2.0,Kolkata Knight Riders,field,,Maharashtra Cricket Association Stadium,"MCA Stadium, Pune",Pune,Pune,Rising Pune Supergiant,SA Yadav,"CB Gaffaney, A Nand Kishore",Chinmay Sharma,6,20
980941,2016-04-25,2016,T20,,Punjab Kings,Mumbai Indians,Mumbai Indians,,25.0,,Punjab Kings,field,,"Punjab Cricket Association IS Bindra Stadium, Mohali","IS Bindra Stadium, Mohali",Chandigarh,Mohali,Punjab Kings,PA Patel,"Nitin Menon, RJ Tucker",RS Madugalle,6,20
980943,2016-04-26,2016,T20,,Sunrisers Hyderabad,Rising Pune Supergiant,Rising Pune Supergiant,,34.0,,Rising Pune Supergiant,field,D/L,"Rajiv Gandhi International Stadium, Uppal","Rajiv Gandhi International Stadium, Hyderabad",Hyderabad,Hyderabad,Sunrisers Hyderabad,AB Dinda,"AY Dandekar, CK Nandan",Amit Sharma,6,20
980945,2016-04-27,2016,T20,,Delhi Capitals,Gujarat Lions,Gujarat Lions,,1.0,,Delhi Capitals,field,,Feroz Shah Kotla,"Arun Jaitley Stadium, Delhi",Delhi,Delhi,Delhi Capitals,CH Morris,"M Erasmus, S Ravi",J Srinath,6,20
980947,2016-04-28,2016,T20,,Mumbai Indians,Kolkata Knight Riders,Mumbai Indians,,,6.0,Mumbai Indians,field,,Wankhede Stadium,"Wankhede Stadium, Mumbai",Mumbai,Mumbai,Mumbai Indians,RG Sharma,"Nitin Menon, RJ Tucker",RS Madugalle,6,20
980949,2016-04-29,2016,T20,,Rising Pune Supergiant,Gujarat Lions,Gujarat Lions,,,3.0,Gujarat Lions,field,,Maharashtra Cricket Association Stadium,"MCA Stadium, Pune",Pune,Pune,Rising Pune Supergiant,DR Smith,"CB Gaffaney, BNJ Oxenford",Chinmay Sharma,6,20
980951,2016-04-30,2016,T20,,Delhi Capitals,Kolkata Knight Riders,Delhi Capitals,,27.0,,Kolkata Knight Riders,field,,Feroz Shah Kotla,"Arun Jaitley Stadium, Delhi",Delhi,Delhi,Delhi Capitals,CR Brathwaite,"KN Ananthapadmanabhan, M Erasmus",J Srinath,6,20
980953,2016-04-30,2016,T20,,Sunrisers Hyderabad,Royal Challengers Bangalore,Sunrisers Hyderabad,,15.0,,Royal Challengers Bangalore,field,,"Rajiv Gandhi International Stadium, Uppal","Rajiv Gandhi International Stadium, Hyderabad",Hyderabad,Hyderabad,Sunrisers Hyderabad,DA Warner,"AK Chaudhary, HDPK Dharmasena",RS Mahanama,6,20
980955,2016-05-01,2016,T20,,Gujarat Lions,Punjab Kings,Punjab Kings,,23.0,,Gujarat Lions,field,,Saurashtra Cricket Association Stadium,Saurashtra Cricket Association Stadium,Rajkot,Rajkot,,AR Patel,"BNJ Oxenford, VK Sharma",M Nayyar,6,20
980957,2016-05-01,2016,T20,,Rising Pune Supergiant,Mumbai Indians,Mumbai Indians,,,8.0,Mumbai Indians,field,,Maharashtra Cricket Association Stadium,"MCA Stadium, Pune",Pune,Pune,Rising Pune Supergiant,RG Sharma,"AY Dandekar, RJ Tucker",RS Madugalle,6,20
980959,2016-05-02,2016,T20,,Royal Challengers Bangalore,Kolkata Knight Riders,Kolkata Knight Riders,,,5.0,Kolkata Knight Riders,field,,M Chinnaswamy Stadium,"M Chinnaswamy Stadium, Bengaluru",Bangalore,Bengaluru,Royal Challengers Bangalore,AD Russell,"M Erasmus, S Ravi",J Srinath,6,20
980961,2016-05-03,2016,T20,,Gujarat Lions,Delhi Capitals,Delhi Capitals,,,8.0,Delhi Capitals,field,,Saurashtra Cricket Association Stadium,Saurashtra Cricket Association Stadium,Rajkot,Rajkot,,RR Pant,"CB Gaffaney, BNJ Oxenford",M Nayyar,6,20
980963,2016-05-04,2016,T20,,Kolkata Knight Riders,Punjab Kings,Kolkata Knight Riders,,7.0,,Punjab Kings,field,,Eden Gardens,"Eden Gardens, Kolkata",Kolkata,Kolkata,Kolkata Knight Riders,AD Russell,"AK Chaudhary, HDPK Dharmasena",Amit Sharma,6,20
980965,2016-05-05,2016,T20,,Delhi Capitals,Rising Pune Supergiant,Rising Pune Supergiant,,,7.0,Rising Pune Supergiant,field,,Feroz Shah Kotla,"Arun Jaitley Stadium, Delhi",Delhi,Delhi,Delhi Capitals,AM Rahane,"C Shamshuddin, RJ Tucker",RS Madugalle,6,20
980967,2016-05-06,2016,T20,,Sunrisers Hyderabad,Gujarat Lions,Sunrisers Hyderabad,,,5.0,Sunrisers Hyderabad,field,,"Rajiv Gandhi International Stadium, Uppal","Rajiv Gandhi International Stadium, Hyderabad",Hyderabad,Hyderabad,Sunrisers Hyderabad,B Kumar,"M Erasmus, S Ravi",J Srinath,6,20
980969,2016-05-07,2016,T20,,Royal Challengers Bangalore,Rising Pune Supergiant,Royal Challengers Bangalore,,,7.0,Royal Challengers Bangalore,field,,M Chinnaswamy Stadium,"M Chinnaswamy Stadium, Bengaluru",Bangalore,Bengaluru,Royal Challengers Bangalore,V Kohli,"CB Gaffaney, BNJ Oxenford",Chinmay Sharma,6,20
980971,2016-05-07,2016,T20,,Punjab Kings,Delhi Capitals,Punjab Kings,,9.0,,Delhi Capitals,field,,"Punjab Cricket Association IS Bindra Stadium, Mohali","IS Bindra Stadium, Mohali",Chandigarh,Mohali,Punjab Kings,MP Stoinis,"HDPK Dharmasena, CK Nandan",RS Mahanama,6,20
980973,2016-05-08,2016,T20,,Mumbai Indians,Sunrisers Hyderabad,Sunrisers Hyderabad,,85.0,,Mumbai Indians,field,,Dr. Y.S. Rajasekhara Reddy ACA-VDCA Cricket Stadium,Dr. Y.S. Rajasekhara Reddy ACA-VDCA Cricket Stadium,Visakhapatnam,Visakhapatnam,,A Nehra,"S Ravi, C Shamshuddin",RS Madugalle,6,20
980975,2016-05-08,2016,T20,,Kolkata Knight Riders,Gujarat Lions,Gujarat Lions,,,5.0,Gujarat Lions,field,,Eden Gardens,"Eden Gardens, Kolkata",Kolkata,Kolkata,Kolkata Knight Riders,P Kumar,"M Erasmus, RJ Tucker",J Srinath,6,20
980977,2016-05-09,2016,T20,,Punjab Kings,Royal Challengers Bangalore,Royal Challengers Bangalore,,1.0,,Punjab Kings,field,,"Punjab Cricket Association IS Bindra Stadium, Mohali","IS Bindra Stadium, Mohali",Chandigarh,Mohali,Punjab Kings,SR Watson,"AK Chaudhary, HDPK Dharmasena",Amit Sharma,6,20
980979,2016-05-10,2016,T20,,Rising Pune Supergiant,Sunrisers Hyderabad,Sunrisers Hyderabad,,4.0,,Sunrisers Hyderabad,bat,,Dr. Y.S. Rajasekhara Reddy ACA-VDCA Cricket Stadium,Dr. Y.S. Rajasekhara Reddy ACA-VDCA Cricket Stadium,Visakhapatnam,Visakhapatnam,,A Zampa,"CB Gaffaney, VK Sharma",S Chaturvedi,6,20
980981,2016-05-11,2016,T20,,Royal Challengers Bangalore,Mumbai Indians,Mumbai Indians,,,6.0,Mumbai Indians,field,,M Chinnaswamy Stadium,"M Chinnaswamy Stadium, Bengaluru",Bangalore,Bengaluru,Royal Challengers Bangalore,KH Pandya,"AY Dandekar, C Shamshuddin",RS Madugalle,6,20
980983,2016-05-12,2016,T20,,Sunrisers Hyderabad,Delhi Capitals,Delhi Capitals,,,7.0,Delhi Capitals,field,,"Rajiv Gandhi International Stadium, Uppal","Rajiv Gandhi International Stadium, Hyderabad",Hyderabad,Hyderabad,Sunrisers Hyderabad,CH Morris,"K Bharatan, M Erasmus",J Srinath,6,20
980985,2016-05-13,2016,T20,,Mumbai Indians,Punjab Kings,Punjab Kings,,,7.0,Mumbai Indians,bat,,Dr. Y.S. Rajasekhara Reddy ACA-VDCA Cricket Stadium,Dr. Y.S. Rajasekhara Reddy ACA-VDCA Cricket Stadium,Visakhapatnam,Visakhapatnam,,MP Stoinis,"HDPK Dharmasena, CK Nandan",RS Mahanama,6,20
980987,2016-05-14,2016,T20,,Royal Challengers Bangalore,Gujarat Lions,Royal Challengers Bangalore,,144.0,,Gujarat Lions,field,,M Chinnaswamy Stadium,"M Chinnaswamy Stadium, Bengaluru",Bangalore,Bengaluru,Royal Challengers Bangalore,AB de Villiers,"AY Dandekar, VK Sharma",RS Madugalle,6,20
980989,2016-05-14,2016,T20,,Kolkata Knight Riders,Rising Pune Supergiant,Kolkata Knight Riders,,,8.0,Rising Pune Supergiant,bat,D/L,Eden Gardens,"Eden Gardens, Kolkata",Kolkata,Kolkata,Kolkata Knight Riders,YK Pathan,"A Nand Kishore, BNJ Oxenford",Chinmay Sharma,6,20
980991,2016-05-15,2016,T20,,Punjab Kings,Sunrisers Hyderabad,Sunrisers Hyderabad,,,7.0,Punjab Kings,bat,,"Punjab Cricket Association IS Bindra Stadium, Mohali","IS Bindra Stadium, Mohali",Chandigarh,Mohali,Punjab Kings,HM Amla,"KN Ananthapadmanabhan, M Erasmus",M Nayyar,6,20
980993,2016-05-15,2016,T20,,Mumbai Indians,Delhi Capitals,Mumbai Indians,,80.0,,Delhi Capitals,field,,Dr. Y.S. Rajasekhara Reddy ACA-VDCA Cricket Stadium,Dr. Y.S. Rajasekhara Reddy ACA-VDCA Cricket Stadium,Visakhapatnam,Visakhapatnam,,KH Pandya,"Nitin Menon, CK Nandan",Amit Sharma,6,20
980995,2016-05-16,2016,T20,,Kolkata Knight Riders,Royal Challengers Bangalore,Royal Challengers Bangalore,,,9.0,Royal Challengers Bangalore,field,,Eden Gardens,"Eden Gardens, Kolkata",Kolkata,Kolkata,Kolkata Knight Riders,V Kohli,"CB Gaffaney, A Nand Kishore",Chinmay Sharma,6,20
980997,2016-05-17,2016,T20,,Rising Pune Supergiant,Delhi Capitals,Rising Pune Supergiant,,19.0,,Rising Pune Supergiant,field,D/L,Dr. Y.S. Rajasekhara Reddy ACA-VDCA Cricket Stadium,Dr. Y.S. Rajasekhara Reddy ACA-VDCA Cricket Stadium,Visakhapatnam,Visakhapatnam,,AB Dinda,"Nitin Menon, C Shamshuddin",RS Mahanama,6,20
980999,2016-05-18,2016,T20,,Royal Challengers Bangalore,Punjab Kings,Royal Challengers Bangalore,,82.0,,Punjab Kings,field,D/L,M Chinnaswamy Stadium,"M Chinnaswamy Stadium, Bengaluru",Bangalore,Bengaluru,Royal Challengers Bangalore,V Kohli,"KN Ananthapadmanabhan, M Erasmus",M Nayyar,6,20
981001,2016-05-19,2016,T20,,Gujarat Lions,Kolkata Knight Riders,Gujarat Lions,,,6.0,Gujarat Lions,field,,Green Park,Green Park,Kanpur,Kanpur,,DR Smith,"AK Chaudhary, CK Nandan",RS Mahanama,6,20
981003,2016-05-20,2016,T20,,Delhi Capitals,Sunrisers Hyderabad,Delhi Capitals,,,6.0,Delhi Capitals,field,,Shaheed Veer Narayan Singh International Stadium,"SVNS Intl Stadium, Raipur",Raipur,Raipur,Delhi Capitals,KK Nair,"A Nand Kishore, BNJ Oxenford",S Chaturvedi,6,20
981005,2016-05-21,2016,T20,,Rising Pune Supergiant,Punjab Kings,Rising Pune Supergiant,,,4.0,Punjab Kings,bat,,Dr. Y.S. Rajasekhara Reddy ACA-VDCA Cricket Stadium,Dr. Y.S. Rajasekhara Reddy ACA-VDCA Cricket Stadium,Visakhapatnam,Visakhapatnam,,MS Dhoni,"HDPK Dharmasena, Nitin Menon",RS Madugalle,6,20
981007,2016-05-21,2016,T20,,Gujarat Lions,Mumbai Indians,Gujarat Lions,,,6.0,Gujarat Lions,field,,Green Park,Green Park,Kanpur,Kanpur,,SK Raina,"AK Chaudhary, CK Nandan",RS Mahanama,6,20
981009,2016-05-22,2016,T20,,Kolkata Knight Riders,Sunrisers Hyderabad,Kolkata Knight Riders,,22.0,,Sunrisers Hyderabad,field,,Eden Gardens,"Eden Gardens, Kolkata",Kolkata,Kolkata,Kolkata Knight Riders,YK Pathan,"KN Ananthapadmanabhan, M Erasmus",J Srinath,6,20
981011,2016-05-22,2016,T20,,Delhi Capitals,Royal Challengers Bangalore,Royal Challengers Bangalore,,,6.0,Royal Challengers Bangalore,field,,Shaheed Veer Narayan Singh International Stadium,"SVNS Intl Stadium, Raipur",Raipur,Raipur,Delhi Capitals,V Kohli,"A Nand Kishore, BNJ Oxenford",Chinmay Sharma,6,20
981013,2016-05-24,2016,T20,,Gujarat Lions,Royal Challengers Bangalore,Royal Challengers Bangalore,,,4.0,Royal Challengers Bangalore,field,,M Chinnaswamy Stadium,"M Chinnaswamy Stadium, Bengaluru",Bangalore,Bengaluru,Royal Challengers Bangalore,AB de Villiers,"AK Chaudhary, HDPK Dharmasena",RS Mahanama,6,20
981015,2016-05-25,2016,T20,,Sunrisers Hyderabad,Kolkata Knight Riders,Sunrisers Hyderabad,,22.0,,Kolkata Knight Riders,field,,Feroz Shah Kotla,"Arun Jaitley Stadium, Delhi",Delhi,Delhi,,MC Henriques,"M Erasmus, C Shamshuddin",RS Mahanama,6,20
981017,2016-05-27,2016,T20,,Gujarat Lions,Sunrisers Hyderabad,Sunrisers Hyderabad,,,4.0,Sunrisers Hyderabad,field,,Feroz Shah Kotla,"Arun Jaitley Stadium, Delhi",Delhi,Delhi,,DA Warner,"M Erasmus, CK Nandan",RS Mahanama,6,20
981019,2016-05-29,2016,T20,,Royal Challengers Bangalore,Sunrisers Hyderabad,Sunrisers Hyderabad,,8.0,,Sunrisers Hyderabad,bat,,M Chinnaswamy Stadium,"M Chinnaswamy Stadium, Bengaluru",Bangalore,Bengaluru,Royal Challengers Bangalore,BCJ Cutting,"HDPK Dharmasena, BNJ Oxenford",RS Madugalle,6,20
1082591,2017-04-05,2017,T20,,Sunrisers Hyderabad,Royal Challengers Bangalore,Sunrisers Hyderabad,,35.0,,Royal Challengers Bangalore,field,,"Rajiv Gandhi International Stadium, Uppal","Rajiv Gandhi International Stadium, Hyderabad",Hyderabad,Hyderabad,Sunrisers Hyderabad,Yuvraj Singh,"AY Dandekar, NJ Llong",J Srinath,6,20
1082592,2017-04-06,2017,T20,,Rising Pune Supergiant,Mumbai Indians,Rising Pune Supergiant,,,7.0,Rising Pune Supergiant,field,,Maharashtra Cricket Association Stadium,"MCA Stadium, Pune",Pune,Pune,Rising Pune Supergiant,SPD Smith,"A Nand Kishore, S Ravi",M Nayyar,6,20
1082593,2017-04-07,2017,T20,,Gujarat Lions,Kolkata Knight Riders,Kolkata Knight Riders,,,10.0,Kolkata Knight Riders,field,,Saurashtra Cricket Association Stadium,Saurashtra Cricket Association Stadium,Rajkot,Rajkot,,CA Lynn,"Nitin Menon, CK Nandan",V Narayan Kutty,6,20
1082594,2017-04-08,2017,T20,,Punjab Kings,Rising Pune Supergiant,Punjab Kings,,,6.0,Punjab Kings,field,,Holkar Cricket Stadium,"Holkar Cricket Stadium, Indore",Indore,Indore,Punjab Kings,GJ Maxwell,"AK Chaudhary, C Shamshuddin",Chinmay Sharma,6,20
1082595,2017-04-08,2017,T20,,Royal Challengers Bangalore,Delhi Capitals,Royal Challengers Bangalore,,15.0,,Royal Challengers Bangalore,bat,,M.Chinnaswamy Stadium,M.Chinnaswamy Stadium,Bengaluru,Bengaluru,Royal Challengers Bangalore,KM Jadhav,"S Ravi, VK Sharma",J Srinath,6,20
1082596,2017-04-09,2017,T20,,Sunrisers Hyderabad,Gujarat Lions,Sunrisers Hyderabad,,,9.0,Sunrisers Hyderabad,field,,"Rajiv Gandhi International Stadium, Uppal","Rajiv Gandhi International Stadium, Hyderabad",Hyderabad,Hyderabad,Sunrisers Hyderabad,Rashid Khan,"A Deshmukh, NJ Llong",M Nayyar,6,20
1082597,2017-04-09,2017,T20,,Mumbai Indians,Kolkata Knight Riders,Mumbai Indians,,,4.0,Mumbai Indians,field,,Wankhede Stadium,"Wankhede Stadium, Mumbai",Mumbai,Mumbai,Mumbai Indians,N Rana,"Nitin Menon, CK Nandan",S Chaturvedi,6,20
1082598,2017-04-10,2017,T20,,Punjab Kings,Royal Challengers Bangalore,Punjab Kings,,,8.0,Royal Challengers Bangalore,bat,,Holkar Cricket Stadium,"Holkar Cricket Stadium, Indore",Indore,Indore,Punjab Kings,AR Patel,"AK Chaudhary, C Shamshuddin",Chinmay Sharma,6,20
1082599,2017-04-11,2017,T20,,Rising Pune Supergiant,Delhi Capitals,Delhi Capitals,,97.0,,Rising Pune Supergiant,field,,Maharashtra Cricket Association Stadium,"MCA Stadium, Pune",Pune,Pune,Rising Pune Supergiant,SV Samson,"AY Dandekar, S Ravi",J Srinath,6,20
1082600,2017-04-12,2017,T20,,Mumbai Indians,Sunrisers Hyderabad,Mumbai Indians,,,4.0,Mumbai Indians,field,,Wankhede Stadium,"Wankhede Stadium, Mumbai",Mumbai,Mumbai,Mumbai Indians,JJ Bumrah,"Nitin Menon, CK Nandan",M Nayyar,6,20
1082601,2017-04-13,2017,T20,,Kolkata Knight Riders,Punjab Kings,Kolkata Knight Riders,,,8.0,Kolkata Knight Riders,field,,Eden Gardens,"Eden Gardens, Kolkata",Kolkata,Kolkata,Kolkata Knight Riders,SP Narine,"A Deshmukh, NJ Llong",AJ Pycroft,6,20
1082602,2017-04-14,2017,T20,,Royal Challengers Bangalore,Mumbai Indians,Mumbai Indians,,,4.0,Mumbai Indians,field,,M Chinnaswamy Stadium,"M Chinnaswamy Stadium, Bengaluru",Bangalore,Bengaluru,Royal Challengers Bangalore,KA Pollard,"KN Ananthapadmanabhan, AK Chaudhary",Chinmay Sharma,6,20
1082603,2017-04-14,2017,T20,,Gujarat Lions,Rising Pune Supergiant,Gujarat Lions,,,7.0,Gujarat Lions,field,,Saurashtra Cricket Association Stadium,Saurashtra Cricket Association Stadium,Rajkot,Rajkot,,AJ Tye,"A Nand Kishore, S Ravi",J Srinath,6,20
1082604,2017-04-15,2017,T20,,Kolkata Knight Riders,Sunrisers Hyderabad,Kolkata Knight Riders,,17.0,,Sunrisers Hyderabad,field,,Eden Gardens,"Eden Gardens, Kolkata",Kolkata,Kolkata,Kolkata Knight Riders,RV Uthappa,"AY Dandekar, NJ Llong",AJ Pycroft,6,20
1082605,2017-04-15,2017,T20,,Delhi Capitals,Punjab Kings,Delhi Capitals,,51.0,,Delhi Capitals,bat,,Feroz Shah Kotla,"Arun Jaitley Stadium, Delhi",Delhi,Delhi,Delhi Capitals,CJ Anderson,"YC Barde, Nitin Menon",S Chaturvedi,6,20
1082606,2017-04-16,2017,T20,,Mumbai Indians,Gujarat Lions,Mumbai Indians,,,6.0,Mumbai Indians,field,,Wankhede Stadium,"Wankhede Stadium, Mumbai",Mumbai,Mumbai,Mumbai Indians,N Rana,"A Nand Kishore, S Ravi",M Nayyar,6,20
1082607,2017-04-16,2017,T20,,Royal Challengers Bangalore,Rising Pune Supergiant,Rising Pune Supergiant,,27.0,,Royal Challengers Bangalore,field,,M Chinnaswamy Stadium,"M Chinnaswamy Stadium, Bengaluru",Bangalore,Bengaluru,Royal Challengers Bangalore,BA Stokes,"KN Ananthapadmanabhan, C Shamshuddin",Chinmay Sharma,6,20
1082608,2017-04-17,2017,T20,,Delhi Capitals,Kolkata Knight Riders,Kolkata Knight Riders,,,4.0,Delhi Capitals,bat,,Feroz Shah Kotla,"Arun Jaitley Stadium, Delhi",Delhi,Delhi,Delhi Capitals,NM Coulter-Nile,"Nitin Menon, CK Nandan",S Chaturvedi,6,20
1082609,2017-04-17,2017,T20,,Sunrisers Hyderabad,Punjab Kings,Sunrisers Hyderabad,,5.0,,Punjab Kings,field,,"Rajiv Gandhi International Stadium, Uppal","Rajiv Gandhi International Stadium, Hyderabad",Hyderabad,Hyderabad,Sunrisers Hyderabad,B Kumar,"AY Dandekar, A Deshmukh",AJ Pycroft,6,20
1082610,2017-04-18,2017,T20,,Gujarat Lions,Royal Challengers Bangalore,Royal Challengers Bangalore,,21.0,,Gujarat Lions,field,,Saurashtra Cricket Association Stadium,Saurashtra Cricket Association Stadium,Rajkot,Rajkot,,CH Gayle,"S Ravi, VK Sharma",J Srinath,6,20
1082611,2017-04-19,2017,T20,,Sunrisers Hyderabad,Delhi Capitals,Sunrisers Hyderabad,,15.0,,Sunrisers Hyderabad,bat,,"Rajiv Gandhi International Stadium, Uppal","Rajiv Gandhi International Stadium, Hyderabad",Hyderabad,Hyderabad,Sunrisers Hyderabad,KS Williamson,"CB Gaffaney, NJ Llong",M Nayyar,6,20
1082612,2017-04-20,2017,T20,,Punjab Kings,Mumbai Indians,Mumbai Indians,,,8.0,Mumbai Indians,field,,Holkar Cricket Stadium,"Holkar Cricket Stadium, Indore",Indore,Indore,Punjab Kings,JC Buttler,"M Erasmus, C Shamshuddin",AJ Pycroft,6,20
1082613,2017-04-21,2017,T20,,Kolkata Knight Riders,Gujarat Lions,Gujarat Lions,,,4.0,Gujarat Lions,field,,Eden Gardens,"Eden Gardens, Kolkata",Kolkata,Kolkata,Kolkata Knight Riders,SK Raina,"CB Gaffaney, Nitin Menon",V Narayan Kutty,6,20
1082614,2017-04-22,2017,T20,,Mumbai Indians,Delhi Capitals,Mumbai Indians,,14.0,,Delhi Capitals,field,,Wankhede Stadium,"Wankhede Stadium, Mumbai",Mumbai,Mumbai,Mumbai Indians,MJ McClenaghan,"A Nand Kishore, S Ravi",J Srinath,6,20
1082615,2017-04-22,2017,T20,,Rising Pune Supergiant,Sunrisers Hyderabad,Rising Pune Supergiant,,,6.0,Rising Pune Supergiant,field,,Maharashtra Cricket Association Stadium,"MCA Stadium, Pune",Pune,Pune,Rising Pune Supergiant,MS Dhoni,"AY Dandekar, A Deshmukh",M Nayyar,6,20
1082616,2017-04-23,2017,T20,,Gujarat Lions,Punjab Kings,Punjab Kings,,26.0,,Gujarat Lions,field,,Saurashtra Cricket Association Stadium,Saurashtra Cricket Association Stadium,Rajkot,Rajkot,,HM Amla,"AK Chaudhary, M Erasmus",Chinmay Sharma,6,20
1082617,2017-04-23,2017,T20,,Kolkata Knight Riders,Royal Challengers Bangalore,Kolkata Knight Riders,,82.0,,Royal Challengers Bangalore,field,,Eden Gardens,"Eden Gardens, Kolkata",Kolkata,Kolkata,Kolkata Knight Riders,NM Coulter-Nile,"CB Gaffaney, CK Nandan",V Narayan Kutty,6,20
1082618,2017-04-24,2017,T20,,Mumbai Indians,Rising Pune Supergiant,Rising Pune Supergiant,,3.0,,Mumbai Indians,field,,Wankhede Stadium,"Wankhede Stadium, Mumbai",Mumbai,Mumbai,Mumbai Indians,BA Stokes,"A Nand Kishore, S Ravi",J Srinath,6,20
1082620,2017-04-26,2017,T20,,Rising Pune Supergiant,Kolkata Knight Riders,Kolkata Knight Riders,,,7.0,Kolkata Knight Riders,field,,Maharashtra Cricket Association Stadium,"MCA Stadium, Pune",Pune,Pune,Rising Pune Supergiant,RV Uthappa,"AY Dandekar, NJ Llong",AJ Pycroft,6,20
1082621,2017-04-27,2017,T20,,Royal Challengers Bangalore,Gujarat Lions,Gujarat Lions,,,7.0,Gujarat Lions,field,,M Chinnaswamy Stadium,"M Chinnaswamy Stadium, Bengaluru",Bangalore,Bengaluru,Royal Challengers Bangalore,AJ Tye,"AK Chaudhary, C Shamshuddin",Chinmay Sharma,6,20
1082622,2017-04-28,2017,T20,,Kolkata Knight Riders,Delhi Capitals,Kolkata Knight Riders,,,7.0,Kolkata Knight Riders,field,,Eden Gardens,"Eden Gardens, Kolkata",Kolkata,Kolkata,Kolkata Knight Riders,G Gambhir,"NJ Llong, S Ravi",AJ Pycroft,6,20
1082623,2017-04-28,2017,T20,,Punjab Kings,Sunrisers Hyderabad,Sunrisers Hyderabad,,26.0,,Punjab Kings,field,,"Punjab Cricket Association IS Bindra Stadium, Mohali","IS Bindra Stadium, Mohali",Chandigarh,Mohali,Punjab Kings,Rashid Khan,"Nitin Menon, CK Nandan",S Chaturvedi,6,20
1082624,2017-04-29,2017,T20,,Rising Pune Supergiant,Royal Challengers Bangalore,Rising Pune Supergiant,,61.0,,Royal Challengers Bangalore,field,,Maharashtra Cricket Association Stadium,"MCA Stadium, Pune",Pune,Pune,Rising Pune Supergiant,LH Ferguson,"KN Ananthapadmanabhan, M Erasmus",Chinmay Sharma,6,20
1082625,2017-04-29,2017,T20,,Gujarat Lions,Mumbai Indians,,tie,,,Gujarat Lions,bat,,Saurashtra Cricket Association Stadium,Saurashtra Cricket Association Stadium,Rajkot,Rajkot,,KH Pandya,"AK Chaudhary, CB Gaffaney",M Nayyar,6,20
1082626,2017-04-30,2017,T20,,Punjab Kings,Delhi Capitals,Punjab Kings,,,10.0,Punjab Kings,field,,"Punjab Cricket Association IS Bindra Stadium, Mohali","IS Bindra Stadium, Mohali",Chandigarh,Mohali,Punjab Kings,Sandeep Sharma,"YC Barde, CK Nandan",S Chaturvedi,6,20
1082627,2017-04-30,2017,T20,,Sunrisers Hyderabad,Kolkata Knight Riders,Sunrisers Hyderabad,,48.0,,Kolkata Knight Riders,field,,"Rajiv Gandhi International Stadium, Uppal","Rajiv Gandhi International Stadium, Hyderabad",Hyderabad,Hyderabad,Sunrisers Hyderabad,DA Warner,"AY Dandekar, S Ravi",J Srinath,6,20
1082628,2017-05-01,2017,T20,,Mumbai Indians,Royal Challengers Bangalore,Mumbai Indians,,,5.0,Royal Challengers Bangalore,bat,,Wankhede Stadium,"Wankhede Stadium, Mumbai",Mumbai,Mumbai,Mumbai Indians,RG Sharma,"AK Chaudhary, CB Gaffaney",M Nayyar,6,20
1082629,2017-05-01,2017,T20,,Rising Pune Supergiant,Gujarat Lions,Rising Pune Supergiant,,,5.0,Rising Pune Supergiant,field,,Maharashtra Cricket Association Stadium,"MCA Stadium, Pune",Pune,Pune,Rising Pune Supergiant,BA Stokes,"M Erasmus, C Shamshuddin",Chinmay Sharma,6,20
1082630,2017-05-02,2017,T20,,Delhi Capitals,Sunrisers Hyderabad,Delhi Capitals,,,6.0,Delhi Capitals,field,,Feroz Shah Kotla,"Arun Jaitley Stadium, Delhi",Delhi,Delhi,Delhi Capitals,Mohammed Shami,"YC Barde, Nitin Menon",AJ Pycroft,6,20
1082631,2017-05-03,2017,T20,,Kolkata Knight Riders,Rising Pune Supergiant,Rising Pune Supergiant,,,4.0,Rising Pune Supergiant,field,,Eden Gardens,"Eden Gardens, Kolkata",Kolkata,Kolkata,Kolkata Knight Riders,RA Tripathi,"KN Ananthapadmanabhan, A Nand Kishore",J Srinath,6,20
1082632,2017-05-04,2017,T20,,Delhi Capitals,Gujarat Lions,Delhi Capitals,,,7.0,Delhi Capitals,field,,Feroz Shah Kotla,"Arun Jaitley Stadium, Delhi",Delhi,Delhi,Delhi Capitals,RR Pant,"M Erasmus, Nitin Menon",M Nayyar,6,20
1082633,2017-05-05,2017,T20,,Royal Challengers Bangalore,Punjab Kings,Punjab Kings,,19.0,,Royal Challengers Bangalore,field,,M Chinnaswamy Stadium,"M Chinnaswamy Stadium, Bengaluru",Bangalore,Bengaluru,Royal Challengers Bangalore,Sandeep Sharma,"CB Gaffaney, C Shamshuddin",V Narayan Kutty,6,20
1082634,2017-05-06,2017,T20,,Sunrisers Hyderabad,Rising Pune Supergiant,Rising Pune Supergiant,,12.0,,Sunrisers Hyderabad,field,,"Rajiv Gandhi International Stadium, Uppal","Rajiv Gandhi International Stadium, Hyderabad",Hyderabad,Hyderabad,Sunrisers Hyderabad,JD Unadkat,"KN Ananthapadmanabhan, AK Chaudhary",Chinmay Sharma,6,20
1082635,2017-05-06,2017,T20,,Delhi Capitals,Mumbai Indians,Mumbai Indians,,146.0,,Delhi Capitals,field,,Feroz Shah Kotla,"Arun Jaitley Stadium, Delhi",Delhi,Delhi,Delhi Capitals,LMP Simmons,"Nitin Menon, CK Nandan",M Nayyar,6,20
1082636,2017-05-07,2017,T20,,Royal Challengers Bangalore,Kolkata Knight Riders,Kolkata Knight Riders,,,6.0,Kolkata Knight Riders,field,,M Chinnaswamy Stadium,"M Chinnaswamy Stadium, Bengaluru",Bangalore,Bengaluru,Royal Challengers Bangalore,SP Narine,"AY Dandekar, C Shamshuddin",AJ Pycroft,6,20
1082637,2017-05-07,2017,T20,,Punjab Kings,Gujarat Lions,Gujarat Lions,,,6.0,Gujarat Lions,field,,"Punjab Cricket Association IS Bindra Stadium, Mohali","IS Bindra Stadium, Mohali",Chandigarh,Mohali,Punjab Kings,DR Smith,"A Nand Kishore, VK Sharma",J Srinath,6,20
1082638,2017-05-08,2017,T20,,Sunrisers Hyderabad,Mumbai Indians,Sunrisers Hyderabad,,,7.0,Mumbai Indians,bat,,"Rajiv Gandhi International Stadium, Uppal","Rajiv Gandhi International Stadium, Hyderabad",Hyderabad,Hyderabad,Sunrisers Hyderabad,S Dhawan,"KN Ananthapadmanabhan, M Erasmus",Chinmay Sharma,6,20
1082639,2017-05-09,2017,T20,,Punjab Kings,Kolkata Knight Riders,Punjab Kings,,14.0,,Kolkata Knight Riders,field,,"Punjab Cricket Association IS Bindra Stadium, Mohali","IS Bindra Stadium, Mohali",Chandigarh,Mohali,Punjab Kings,MM Sharma,"A Nand Kishore, S Ravi",J Srinath,6,20
1082640,2017-05-10,2017,T20,,Gujarat Lions,Delhi Capitals,Delhi Capitals,,,2.0,Delhi Capitals,field,,Green Park,Green Park,Kanpur,Kanpur,,SS Iyer,"YC Barde, AK Chaudhary",V Narayan Kutty,6,20
1082641,2017-05-11,2017,T20,,Mumbai Indians,Punjab Kings,Punjab Kings,,7.0,,Mumbai Indians,field,,Wankhede Stadium,"Wankhede Stadium, Mumbai",Mumbai,Mumbai,Mumbai Indians,WP Saha,"A Deshmukh, A Nand Kishore",M Nayyar,6,20
1082642,2017-05-12,2017,T20,,Delhi Capitals,Rising Pune Supergiant,Delhi Capitals,,7.0,,Delhi Capitals,bat,,Feroz Shah Kotla,"Arun Jaitley Stadium, Delhi",Delhi,Delhi,Delhi Capitals,KK Nair,"KN Ananthapadmanabhan, CK Nandan",AJ Pycroft,6,20
1082643,2017-05-13,2017,T20,,Gujarat Lions,Sunrisers Hyderabad,Sunrisers Hyderabad,,,8.0,Sunrisers Hyderabad,field,,Green Park,Green Park,Kanpur,Kanpur,,Mohammed Siraj,"AK Chaudhary, Nitin Menon",Chinmay Sharma,6,20
1082644,2017-05-13,2017,T20,,Kolkata Knight Riders,Mumbai Indians,Mumbai Indians,,9.0,,Kolkata Knight Riders,field,,Eden Gardens,"Eden Gardens, Kolkata",Kolkata,Kolkata,Kolkata Knight Riders,AT Rayudu,"A Nand Kishore, S Ravi",J Srinath,6,20
1082645,2017-05-14,2017,T20,,Rising Pune Supergiant,Punjab Kings,Rising Pune Supergiant,,,9.0,Rising Pune Supergiant,field,,Maharashtra Cricket Association Stadium,"MCA Stadium, Pune",Pune,Pune,Rising Pune Supergiant,JD Unadkat,"AY Dandekar, A Deshmukh",M Nayyar,6,20
1082646,2017-05-14,2017,T20,,Delhi Capitals,Royal Challengers Bangalore,Royal Challengers Bangalore,,10.0,,Royal Challengers Bangalore,bat,,Feroz Shah Kotla,"Arun Jaitley Stadium, Delhi",Delhi,Delhi,Delhi Capitals,HV Patel,"CK Nandan, C Shamshuddin",AJ Pycroft,6,20
1082647,2017-05-16,2017,T20,,Mumbai Indians,Rising Pune Supergiant,Rising Pune Supergiant,,20.0,,Mumbai Indians,field,,Wankhede Stadium,"Wankhede Stadium, Mumbai",Mumbai,Mumbai,Mumbai Indians,Washington Sundar,"S Ravi, C Shamshuddin",J Srinath,6,20
1082648,2017-05-17,2017,T20,,Sunrisers Hyderabad,Kolkata Knight Riders,Kolkata Knight Riders,,,7.0,Kolkata Knight Riders,field,D/L,M Chinnaswamy Stadium,"M Chinnaswamy Stadium, Bengaluru",Bangalore,Bengaluru,,NM Coulter-Nile,"AK Chaudhary, Nitin Menon",M Nayyar,6,20
1082649,2017-05-19,2017,T20,,Mumbai Indians,Kolkata Knight Riders,Mumbai Indians,,,6.0,Mumbai Indians,field,,M Chinnaswamy Stadium,"M Chinnaswamy Stadium, Bengaluru",Bangalore,Bengaluru,,KV Sharma,"NJ Llong, Nitin Menon",Chinmay Sharma,6,20
1082650,2017-05-21,2017,T20,,Mumbai Indians,Rising Pune Supergiant,Mumbai Indians,,1.0,,Mumbai Indians,bat,,"Rajiv Gandhi International Stadium, Uppal","Rajiv Gandhi International Stadium, Hyderabad",Hyderabad,Hyderabad,,KH Pandya,"NJ Llong, S Ravi",J Srinath,6,20
1136561,2018-04-07,2018,T20,,Mumbai Indians,Chennai Super Kings,Chennai Super Kings,,,1.0,Chennai Super Kings,field,,Wankhede Stadium,"Wankhede Stadium, Mumbai",Mumbai,Mumbai,Mumbai Indians,DJ Bravo,"CB Gaffaney, A Nand Kishore",RB Richardson,6,20
1136562,2018-04-08,2018,T20,,Delhi Capitals,Punjab Kings,Punjab Kings,,,6.0,Punjab Kings,field,,Punjab Cricket Association IS Bindra Stadium,Punjab Cricket Association IS Bindra Stadium,Chandigarh,Chandigarh,,KL Rahul,"KN Ananthapadmanabhan, RJ Tucker",J Srinath,6,20
1136563,2018-04-08,2018,T20,,Royal Challengers Bangalore,Kolkata Knight Riders,Kolkata Knight Riders,,,4.0,Kolkata Knight Riders,field,,Eden Gardens,"Eden Gardens, Kolkata",Kolkata,Kolkata,Kolkata Knight Riders,SP Narine,"A Deshmukh, C Shamshuddin",V Narayan Kutty,6,20
1136564,2018-04-09,2018,T20,,Rajasthan Royals,Sunrisers Hyderabad,Sunrisers Hyderabad,,,9.0,Sunrisers Hyderabad,field,,Rajiv Gandhi International Stadium,Rajiv Gandhi International Stadium,Hyderabad,Hyderabad,Sunrisers Hyderabad,S Dhawan,"NJ Llong, VA Kulkarni",S Chaturvedi,6,20
1136565,2018-04-10,2018,T20,,Kolkata Knight Riders,Chennai Super Kings,Chennai Super Kings,,,5.0,Chennai Super Kings,field,,MA Chidambaram Stadium,"MA Chidambaram Stadium, Chennai",Chennai,Chennai,Chennai Super Kings,SW Billings,"AK Chaudhary, CB Gaffaney",RB Richardson,6,20
1136566,2018-04-11,2018,T20,,Rajasthan Royals,Delhi Capitals,Rajasthan Royals,,10.0,,Delhi Capitals,field,D/L,Sawai Mansingh Stadium,"Sawai Mansingh Stadium, Jaipur",Jaipur,Jaipur,Rajasthan Royals,SV Samson,"KN Ananthapadmanabhan, Nitin Menon",J Srinath,6,20
1136567,2018-04-12,2018,T20,,Mumbai Indians,Sunrisers Hyderabad,Sunrisers Hyderabad,,,1.0,Sunrisers Hyderabad,field,,Rajiv Gandhi International Stadium,Rajiv Gandhi International Stadium,Hyderabad,Hyderabad,Sunrisers Hyderabad,Rashid Khan,"CK Nandan, NJ Llong",S Chaturvedi,6,20
1136568,2018-04-13,2018,T20,,Punjab Kings,Royal Challengers Bangalore,Royal Challengers Bangalore,,,4.0,Royal Challengers Bangalore,field,,M.Chinnaswamy Stadium,M.Chinnaswamy Stadium,Bengaluru,Bengaluru,Royal Challengers Bangalore,UT Yadav,"A Deshmukh, S Ravi",V Narayan Kutty,6,20
1136569,2018-04-14,2018,T20,,Mumbai Indians,Delhi Capitals,Delhi Capitals,,,7.0,Delhi Capitals,field,,Wankhede Stadium,"Wankhede Stadium, Mumbai",Mumbai,Mumbai,Mumbai Indians,JJ Roy,"KN Ananthapadmanabhan, Nitin Menon",J Srinath,6,20
1136570,2018-04-14,2018,T20,,Kolkata Knight Riders,Sunrisers Hyderabad,Sunrisers Hyderabad,,,5.0,Sunrisers Hyderabad,field,,Eden Gardens,"Eden Gardens, Kolkata",Kolkata,Kolkata,Kolkata Knight Riders,B Stanlake,"AK Chaudhary, A Nand Kishore",RB Richardson,6,20
1136571,2018-04-15,2018,T20,,Rajasthan Royals,Royal Challengers Bangalore,Rajasthan Royals,,19.0,,Royal Challengers Bangalore,field,,M.Chinnaswamy Stadium,M.Chinnaswamy Stadium,Bengaluru,Bengaluru,Royal Challengers Bangalore,SV Samson,"C Shamshuddin, S Ravi",M Nayyar,6,20
1136572,2018-04-15,2018,T20,,Punjab Kings,Chennai Super Kings,Punjab Kings,,4.0,,Chennai Super Kings,field,,Punjab Cricket Association IS Bindra Stadium,Punjab Cricket Association IS Bindra Stadium,Chandigarh,Chandigarh,,CH Gayle,"CK Nandan, VA Kulkarni",S Chaturvedi,6,20
1136573,2018-04-16,2018,T20,,Kolkata Knight Riders,Delhi Capitals,Kolkata Knight Riders,,71.0,,Delhi Capitals,field,,Eden Gardens,"Eden Gardens, Kolkata",Kolkata,Kolkata,Kolkata Knight Riders,N Rana,"AK Chaudhary, A Nand Kishore",RB Richardson,6,20
1136574,2018-04-17,2018,T20,,Mumbai Indians,Royal Challengers Bangalore,Mumbai Indians,,46.0,,Royal Challengers Bangalore,field,,Wankhede Stadium,"Wankhede Stadium, Mumbai",Mumbai,Mumbai,Mumbai Indians,RG Sharma,"Nitin Menon, RJ Tucker",J Srinath,6,20
1136575,2018-04-18,2018,T20,,Rajasthan Royals,Kolkata Knight Riders,Kolkata Knight Riders,,,7.0,Kolkata Knight Riders,field,,Sawai Mansingh Stadium,"Sawai Mansingh Stadium, Jaipur",Jaipur,Jaipur,Rajasthan Royals,N Rana,"A Deshmukh, S Ravi",M Nayyar,6,20
1136576,2018-04-19,2018,T20,,Punjab Kings,Sunrisers Hyderabad,Punjab Kings,,15.0,,Punjab Kings,bat,,Punjab Cricket Association IS Bindra Stadium,Punjab Cricket Association IS Bindra Stadium,Chandigarh,Chandigarh,,CH Gayle,"AK Chaudhary, NJ Llong",S Chaturvedi,6,20
1136577,2018-04-20,2018,T20,,Chennai Super Kings,Rajasthan Royals,Chennai Super Kings,,64.0,,Rajasthan Royals,field,,Maharashtra Cricket Association Stadium,"MCA Stadium, Pune",Pune,Pune,,SR Watson,"KN Ananthapadmanabhan, Nitin Menon",J Srinath,6,20
1136578,2018-04-21,2018,T20,,Kolkata Knight Riders,Punjab Kings,Punjab Kings,,,9.0,Punjab Kings,field,D/L,Eden Gardens,"Eden Gardens, Kolkata",Kolkata,Kolkata,Kolkata Knight Riders,KL Rahul,"A Deshmukh, C Shamshuddin",M Nayyar,6,20
1136579,2018-04-21,2018,T20,,Delhi Capitals,Royal Challengers Bangalore,Royal Challengers Bangalore,,,6.0,Royal Challengers Bangalore,field,,M.Chinnaswamy Stadium,M.Chinnaswamy Stadium,Bengaluru,Bengaluru,Royal Challengers Bangalore,AB de Villiers,"CB Gaffaney, CK Nandan",RB Richardson,6,20
1136580,2018-04-22,2018,T20,,Chennai Super Kings,Sunrisers Hyderabad,Chennai Super Kings,,4.0,,Sunrisers Hyderabad,field,,Rajiv Gandhi International Stadium,Rajiv Gandhi International Stadium,Hyderabad,Hyderabad,Sunrisers Hyderabad,AT Rayudu,"AK Chaudhary, VA Kulkarni",S Chaturvedi,6,20
1136581,2018-04-22,2018,T20,,Mumbai Indians,Rajasthan Royals,Rajasthan Royals,,,3.0,Mumbai Indians,bat,,Sawai Mansingh Stadium,"Sawai Mansingh Stadium, Jaipur",Jaipur,Jaipur,Rajasthan Royals,JC Archer,"KN Ananthapadmanabhan, RJ Tucker",J Srinath,6,20
1136582,2018-04-23,2018,T20,,Punjab Kings,Delhi Capitals,Punjab Kings,,4.0,,Delhi Capitals,field,,Arun Jaitley Stadium,"Arun Jaitley Stadium, Delhi",Delhi,Delhi,Delhi Capitals,AS Rajpoot,"A Nand Kishore, CK Nandan",RB Richardson,6,20
1136583,2018-04-24,2018,T20,,Sunrisers Hyderabad,Mumbai Indians,Sunrisers Hyderabad,,31.0,,Mumbai Indians,field,,Wankhede Stadium,"Wankhede Stadium, Mumbai",Mumbai,Mumbai,Mumbai Indians,Rashid Khan,"C Shamshuddin, S Ravi",V Narayan Kutty,6,20
1136584,2018-04-25,2018,T20,,Royal Challengers Bangalore,Chennai Super Kings,Chennai Super Kings,,,5.0,Chennai Super Kings,field,,M.Chinnaswamy Stadium,M.Chinnaswamy Stadium,Bengaluru,Bengaluru,Royal Challengers Bangalore,MS Dhoni,"NJ Llong, VK Sharma",S Chaturvedi,6,20
1136585,2018-04-26,2018,T20,,Sunrisers Hyderabad,Punjab Kings,Sunrisers Hyderabad,,13.0,,Punjab Kings,field,,Rajiv Gandhi International Stadium,Rajiv Gandhi International Stadium,Hyderabad,Hyderabad,Sunrisers Hyderabad,AS Rajpoot,"CK Nandan, YC Barde",J Srinath,6,20
1136586,2018-04-27,2018,T20,,Delhi Capitals,Kolkata Knight Riders,Delhi Capitals,,55.0,,Kolkata Knight Riders,field,,Arun Jaitley Stadium,"Arun Jaitley Stadium, Delhi",Delhi,Delhi,Delhi Capitals,SS Iyer,"C Shamshuddin, S Ravi",RB Richardson,6,20
1136587,2018-04-28,2018,T20,,Chennai Super Kings,Mumbai Indians,Mumbai Indians,,,8.0,Mumbai Indians,field,,Maharashtra Cricket Association Stadium,"MCA Stadium, Pune",Pune,Pune,,RG Sharma,"CB Gaffaney, Nitin Menon",V Narayan Kutty,6,20
1136588,2018-04-29,2018,T20,,Sunrisers Hyderabad,Rajasthan Royals,Sunrisers Hyderabad,,11.0,,Sunrisers Hyderabad,bat,,Sawai Mansingh Stadium,"Sawai Mansingh Stadium, Jaipur",Jaipur,Jaipur,Rajasthan Royals,KS Williamson,"BNJ Oxenford, A Nand Kishore",AJ Pycroft,6,20
1136589,2018-04-29,2018,T20,,Royal Challengers Bangalore,Kolkata Knight Riders,Kolkata Knight Riders,,,6.0,Kolkata Knight Riders,field,,M.Chinnaswamy Stadium,M.Chinnaswamy Stadium,Bengaluru,Bengaluru,Royal Challengers Bangalore,CA Lynn,"AK Chaudhary, NJ Llong",M Nayyar,6,20
1136590,2018-04-30,2018,T20,,Chennai Super Kings,Delhi Capitals,Chennai Super Kings,,13.0,,Delhi Capitals,field,,Maharashtra Cricket Association Stadium,"MCA Stadium, Pune",Pune,Pune,,SR Watson,"AY Dandekar, C Shamshuddin",V Narayan Kutty,6,20
1136591,2018-05-01,2018,T20,,Royal Challengers Bangalore,Mumbai Indians,Royal Challengers Bangalore,,14.0,,Mumbai Indians,field,,M.Chinnaswamy Stadium,M.Chinnaswamy Stadium,Bengaluru,Bengaluru,Royal Challengers Bangalore,TG Southee,"M Erasmus, Nitin Menon",J Srinath,6,20
1136592,2018-05-02,2018,T20,,Delhi Capitals,Rajasthan Royals,Delhi Capitals,,4.0,,Rajasthan Royals,field,D/L,Arun Jaitley Stadium,"Arun Jaitley Stadium, Delhi",Delhi,Delhi,Delhi Capitals,RR Pant,"CK Nandan, VK Sharma",AJ Pycroft,6,20
1136593,2018-05-03,2018,T20,,Chennai Super Kings,Kolkata Knight Riders,Kolkata Knight Riders,,,6.0,Kolkata Knight Riders,field,,Eden Gardens,"Eden Gardens, Kolkata",Kolkata,Kolkata,Kolkata Knight Riders,SP Narine,"A Deshmukh, HDPK Dharmasena",V Narayan Kutty,6,20
1136594,2018-05-04,2018,T20,,Punjab Kings,Mumbai Indians,Mumbai Indians,,,6.0,Mumbai Indians,field,,Holkar Cricket Stadium,"Holkar Cricket Stadium, Indore",Indore,Indore,Punjab Kings,SA Yadav,"AY Dandekar, S Ravi",M Nayyar,6,20
1136595,2018-05-05,2018,T20,,Royal Challengers Bangalore,Chennai Super Kings,Chennai Super Kings,,,6.0,Chennai Super Kings,field,,Maharashtra Cricket Association Stadium,"MCA Stadium, Pune",Pune,Pune,,RA Jadeja,"Nitin Menon, YC Barde",J Srinath,6,20
1136596,2018-05-05,2018,T20,,Delhi Capitals,Sunrisers Hyderabad,Sunrisers Hyderabad,,,7.0,Delhi Capitals,bat,,Rajiv Gandhi International Stadium,Rajiv Gandhi International Stadium,Hyderabad,Hyderabad,Sunrisers Hyderabad,Rashid Khan,"BNJ Oxenford, CK Nandan",AJ Pycroft,6,20
1136597,2018-05-06,2018,T20,,Mumbai Indians,Kolkata Knight Riders,Mumbai Indians,,13.0,,Kolkata Knight Riders,field,,Wankhede Stadium,"Wankhede Stadium, Mumbai",Mumbai,Mumbai,Mumbai Indians,HH Pandya,"A Deshmukh, HDPK Dharmasena",V Narayan Kutty,6,20
1136598,2018-05-06,2018,T20,,Rajasthan Royals,Punjab Kings,Punjab Kings,,,6.0,Punjab Kings,field,,Holkar Cricket Stadium,"Holkar Cricket Stadium, Indore",Indore,Indore,Punjab Kings,Mujeeb Ur Rahman,"C Shamshuddin, S Ravi",M Nayyar,6,20
1136599,2018-05-07,2018,T20,,Sunrisers Hyderabad,Royal Challengers Bangalore,Sunrisers Hyderabad,,5.0,,Royal Challengers Bangalore,field,,Rajiv Gandhi International Stadium,Rajiv Gandhi International Stadium,Hyderabad,Hyderabad,Sunrisers Hyderabad,KS Williamson,"BNJ Oxenford, VK Sharma",AJ Pycroft,6,20
1136600,2018-05-08,2018,T20,,Rajasthan Royals,Punjab Kings,Rajasthan Royals,,15.0,,Rajasthan Royals,bat,,Sawai Mansingh Stadium,"Sawai Mansingh Stadium, Jaipur",Jaipur,Jaipur,Rajasthan Royals,JC Buttler,"M Erasmus, Nitin Menon",J Srinath,6,20
1136601,2018-05-09,2018,T20,,Mumbai Indians,Kolkata Knight Riders,Mumbai Indians,,102.0,,Kolkata Knight Riders,field,,Eden Gardens,"Eden Gardens, Kolkata",Kolkata,Kolkata,Kolkata Knight Riders,Ishan Kishan,"KN Ananthapadmanabhan, AK Chaudhary",Prakash Bhatt,6,20
1136602,2018-05-10,2018,T20,,Delhi Capitals,Sunrisers Hyderabad,Sunrisers Hyderabad,,,9.0,Delhi Capitals,bat,,Arun Jaitley Stadium,"Arun Jaitley Stadium, Delhi",Delhi,Delhi,Delhi Capitals,S Dhawan,"AY Dandekar, C Shamshuddin",M Nayyar,6,20
1136603,2018-05-11,2018,T20,,Chennai Super Kings,Rajasthan Royals,Rajasthan Royals,,,4.0,Chennai Super Kings,bat,,Sawai Mansingh Stadium,"Sawai Mansingh Stadium, Jaipur",Jaipur,Jaipur,Rajasthan Royals,JC Buttler,"M Erasmus, YC Barde",J Srinath,6,20
1136604,2018-05-12,2018,T20,,Kolkata Knight Riders,Punjab Kings,Kolkata Knight Riders,,31.0,,Punjab Kings,field,,Holkar Cricket Stadium,"Holkar Cricket Stadium, Indore",Indore,Indore,Punjab Kings,SP Narine,"CK Nandan, VK Sharma",AJ Pycroft,6,20
1136605,2018-05-12,2018,T20,,Delhi Capitals,Royal Challengers Bangalore,Royal Challengers Bangalore,,,5.0,Royal Challengers Bangalore,field,,Arun Jaitley Stadium,"Arun Jaitley Stadium, Delhi",Delhi,Delhi,Delhi Capitals,AB de Villiers,"KN Ananthapadmanabhan, HDPK Dharmasena",Prakash Bhatt,6,20
1136606,2018-05-13,2018,T20,,Sunrisers Hyderabad,Chennai Super Kings,Chennai Super Kings,,,8.0,Chennai Super Kings,field,,Maharashtra Cricket Association Stadium,"MCA Stadium, Pune",Pune,Pune,,AT Rayudu,"M Erasmus, YC Barde",M Nayyar,6,20
1136607,2018-05-13,2018,T20,,Mumbai Indians,Rajasthan Royals,Rajasthan Royals,,,7.0,Rajasthan Royals,field,,Wankhede Stadium,"Wankhede Stadium, Mumbai",Mumbai,Mumbai,Mumbai Indians,JC Buttler,"Nitin Menon, S Ravi",J Srinath,6,20
1136608,2018-05-14,2018,T20,,Punjab Kings,Royal Challengers Bangalore,Royal Challengers Bangalore,,,10.0,Royal Challengers Bangalore,field,,Holkar Cricket Stadium,"Holkar Cricket Stadium, Indore",Indore,Indore,Punjab Kings,UT Yadav,"BNJ Oxenford, VK Sharma",AJ Pycroft,6,20
1136609,2018-05-15,2018,T20,,Rajasthan Royals,Kolkata Knight Riders,Kolkata Knight Riders,,,6.0,Kolkata Knight Riders,field,,Eden Gardens,"Eden Gardens, Kolkata",Kolkata,Kolkata,Kolkata Knight Riders,Kuldeep Yadav,"AK Chaudhary, HDPK Dharmasena",M Nayyar,6,20
1136610,2018-05-16,2018,T20,,Mumbai Indians,Punjab Kings,Mumbai Indians,,3.0,,Punjab Kings,field,,Wankhede Stadium,"Wankhede Stadium, Mumbai",Mumbai,Mumbai,Mumbai Indians,JJ Bumrah,"M Erasmus, Nitin Menon",J Srinath,6,20
1136611,2018-05-17,2018,T20,,Royal Challengers Bangalore,Sunrisers Hyderabad,Royal Challengers Bangalore,,14.0,,Sunrisers Hyderabad,field,,M.Chinnaswamy Stadium,M.Chinnaswamy Stadium,Bengaluru,Bengaluru,Royal Challengers Bangalore,AB de Villiers,"AY Dandekar, S Ravi",Prakash Bhatt,6,20
1136612,2018-05-18,2018,T20,,Delhi Capitals,Chennai Super Kings,Delhi Capitals,,34.0,,Chennai Super Kings,field,,Arun Jaitley Stadium,"Arun Jaitley Stadium, Delhi",Delhi,Delhi,Delhi Capitals,HV Patel,"HDPK Dharmasena, VA Kulkarni",M Nayyar,6,20
1136613,2018-05-19,2018,T20,,Rajasthan Royals,Royal Challengers Bangalore,Rajasthan Royals,,30.0,,Rajasthan Royals,bat,,Sawai Mansingh Stadium,"Sawai Mansingh Stadium, Jaipur",Jaipur,Jaipur,Rajasthan Royals,S Gopal,"BNJ Oxenford, VK Sharma",AJ Pycroft,6,20
1136614,2018-05-19,2018,T20,,Sunrisers Hyderabad,Kolkata Knight Riders,Kolkata Knight Riders,,,5.0,Sunrisers Hyderabad,bat,,Rajiv Gandhi International Stadium,Rajiv Gandhi International Stadium,Hyderabad,Hyderabad,Sunrisers Hyderabad,CA Lynn,"AK Chaudhary, S Ravi",Prakash Bhatt,6,20
1136615,2018-05-20,2018,T20,,Delhi Capitals,Mumbai Indians,Delhi Capitals,,11.0,,Delhi Capitals,bat,,Arun Jaitley Stadium,"Arun Jaitley Stadium, Delhi",Delhi,Delhi,Delhi Capitals,A Mishra,"HDPK Dharmasena, CK Nandan",M Nayyar,6,20
1136616,2018-05-20,2018,T20,,Punjab Kings,Chennai Super Kings,Chennai Super Kings,,,5.0,Chennai Super Kings,field,,Maharashtra Cricket Association Stadium,"MCA Stadium, Pune",Pune,Pune,,L Ngidi,"Nitin Menon, YC Barde",J Srinath,6,20
1136617,2018-05-22,2018,T20,,Sunrisers Hyderabad,Chennai Super Kings,Chennai Super Kings,,,2.0,Chennai Super Kings,field,,Wankhede Stadium,"Wankhede Stadium, Mumbai",Mumbai,Mumbai,,F du Plessis,"C Shamshuddin, M Erasmus",AJ Pycroft,6,20
1136618,2018-05-23,2018,T20,,Kolkata Knight Riders,Rajasthan Royals,Kolkata Knight Riders,,25.0,,Rajasthan Royals,field,,Eden Gardens,"Eden Gardens, Kolkata",Kolkata,Kolkata,Kolkata Knight Riders,AD Russell,"AK Chaudhary, Nitin Menon",J Srinath,6,20
1136619,2018-05-25,2018,T20,,Sunrisers Hyderabad,Kolkata Knight Riders,Sunrisers Hyderabad,,14.0,,Kolkata Knight Riders,field,,Eden Gardens,"Eden Gardens, Kolkata",Kolkata,Kolkata,Kolkata Knight Riders,Rashid Khan,"HDPK Dharmasena, Nitin Menon",J Srinath,6,20
1136620,2018-05-27,2018,T20,,Sunrisers Hyderabad,Chennai Super Kings,Chennai Super Kings,,,8.0,Chennai Super Kings,field,,Wankhede Stadium,"Wankhede Stadium, Mumbai",Mumbai,Mumbai,,SR Watson,"M Erasmus, S Ravi",AJ Pycroft,6,20
1175356,2019-03-23,2019,T20,,Royal Challengers Bangalore,Chennai Super Kings,Chennai Super Kings,,,7.0,Chennai Super Kings,field,,MA Chidambaram Stadium,"MA Chidambaram Stadium, Chennai",Chennai,Chennai,Chennai Super Kings,Harbhajan Singh,"AY Dandekar, BNJ Oxenford",J Srinath,6,20
1175357,2019-03-24,2019,T20,,Sunrisers Hyderabad,Kolkata Knight Riders,Kolkata Knight Riders,,,6.0,Kolkata Knight Riders,field,,Eden Gardens,"Eden Gardens, Kolkata",Kolkata,Kolkata,Kolkata Knight Riders,AD Russell,"AK Chaudhary, CB Gaffaney",V Narayan Kutty,6,20
1175358,2019-03-24,2019,T20,,Delhi Capitals,Mumbai Indians,Delhi Capitals,,37.0,,Mumbai Indians,field,,Wankhede Stadium,"Wankhede Stadium, Mumbai",Mumbai,Mumbai,Mumbai Indians,RR Pant,"S Ravi, YC Barde",M Nayyar,6,20
1175359,2019-03-25,2019,T20,,Punjab Kings,Rajasthan Royals,Punjab Kings,,14.0,,Rajasthan Royals,field,,Sawai Mansingh Stadium,"Sawai Mansingh Stadium, Jaipur",Jaipur,Jaipur,Rajasthan Royals,CH Gayle,"C Shamshuddin, KN Ananthapadmanabhan",Chinmay Sharma,6,20
1175360,2019-03-26,2019,T20,,Delhi Capitals,Chennai Super Kings,Chennai Super Kings,,,6.0,Delhi Capitals,bat,,Arun Jaitley Stadium,"Arun Jaitley Stadium, Delhi",Delhi,Delhi,Delhi Capitals,SR Watson,"M Erasmus, Nitin Menon",J Srinath,6,20
1175361,2019-03-27,2019,T20,,Kolkata Knight Riders,Punjab Kings,Kolkata Knight Riders,,28.0,,Punjab Kings,field,,Eden Gardens,"Eden Gardens, Kolkata",Kolkata,Kolkata,Kolkata Knight Riders,AD Russell,"AK Chaudhary, VA Kulkarni",V Narayan Kutty,6,20
1175362,2019-03-28,2019,T20,,Mumbai Indians,Royal Challengers Bangalore,Mumbai Indians,,6.0,,Royal Challengers Bangalore,field,,M.Chinnaswamy Stadium,M.Chinnaswamy Stadium,Bengaluru,Bengaluru,Royal Challengers Bangalore,JJ Bumrah,"CK Nandan, S Ravi",M Nayyar,6,20
1175363,2019-03-29,2019,T20,,Rajasthan Royals,Sunrisers Hyderabad,Sunrisers Hyderabad,,,5.0,Rajasthan Royals,bat,,Rajiv Gandhi International Stadium,Rajiv Gandhi International Stadium,Hyderabad,Hyderabad,Sunrisers Hyderabad,Rashid Khan,"BNJ Oxenford, C Shamshuddin",Chinmay Sharma,6,20
1175364,2019-03-30,2019,T20,,Mumbai Indians,Punjab Kings,Punjab Kings,,,8.0,Punjab Kings,field,,Punjab Cricket Association IS Bindra Stadium,Punjab Cricket Association IS Bindra Stadium,Chandigarh,Chandigarh,,MA Agarwal,"CB Gaffaney, VA Kulkarni",V Narayan Kutty,6,20
1175365,2019-03-30,2019,T20,,Kolkata Knight Riders,Delhi Capitals,,tie,,,Delhi Capitals,field,,Arun Jaitley Stadium,"Arun Jaitley Stadium, Delhi",Delhi,Delhi,Delhi Capitals,PP Shaw,"AY Dandekar, Nitin Menon",J Srinath,6,20
1175366,2019-03-31,2019,T20,,Sunrisers Hyderabad,Royal Challengers Bangalore,Sunrisers Hyderabad,,118.0,,Royal Challengers Bangalore,field,,Rajiv Gandhi International Stadium,Rajiv Gandhi International Stadium,Hyderabad,Hyderabad,Sunrisers Hyderabad,JM Bairstow,"KN Ananthapadmanabhan, S Ravi",Chinmay Sharma,6,20
1175367,2019-03-31,2019,T20,,Chennai Super Kings,Rajasthan Royals,Chennai Super Kings,,8.0,,Rajasthan Royals,field,,MA Chidambaram Stadium,"MA Chidambaram Stadium, Chennai",Chennai,Chennai,Chennai Super Kings,MS Dhoni,"CK Nandan, YC Barde",M Nayyar,6,20
1175368,2019-04-01,2019,T20,,Punjab Kings,Delhi Capitals,Punjab Kings,,14.0,,Delhi Capitals,field,,Punjab Cricket Association IS Bindra Stadium,Punjab Cricket Association IS Bindra Stadium,Chandigarh,Chandigarh,,SM Curran,"AK Chaudhary, CB Gaffaney",V Narayan Kutty,6,20
1175369,2019-04-02,2019,T20,,Royal Challengers Bangalore,Rajasthan Royals,Rajasthan Royals,,,7.0,Rajasthan Royals,field,,Sawai Mansingh Stadium,"Sawai Mansingh Stadium, Jaipur",Jaipur,Jaipur,Rajasthan Royals,S Gopal,"AY Dandekar, M Erasmus",J Srinath,6,20
1175370,2019-04-03,2019,T20,,Mumbai Indians,Chennai Super Kings,Mumbai Indians,,37.0,,Chennai Super Kings,field,,Wankhede Stadium,"Wankhede Stadium, Mumbai",Mumbai,Mumbai,Mumbai Indians,HH Pandya,"BNJ Oxenford, RJ Tucker",M Nayyar,6,20
1175371,2019-04-04,2019,T20,,Delhi Capitals,Sunrisers Hyderabad,Sunrisers Hyderabad,,,5.0,Sunrisers Hyderabad,field,,Arun Jaitley Stadium,"Arun Jaitley Stadium, Delhi",Delhi,Delhi,Delhi Capitals,JM Bairstow,"C Shamshuddin, KN Ananthapadmanabhan",Chinmay Sharma,6,20
1175372,2019-04-05,2019,T20,,Royal Challengers Bangalore,Kolkata Knight Riders,Kolkata Knight Riders,,,5.0,Kolkata Knight Riders,field,,M.Chinnaswamy Stadium,M.Chinnaswamy Stadium,Bengaluru,Bengaluru,Royal Challengers Bangalore,AD Russell,"AK Chaudhary, CB Gaffaney",V Narayan Kutty,6,20
1178393,2019-04-06,2019,T20,,Chennai Super Kings,Punjab Kings,Chennai Super Kings,,22.0,,Chennai Super Kings,bat,,MA Chidambaram Stadium,"MA Chidambaram Stadium, Chennai",Chennai,Chennai,Chennai Super Kings,Harbhajan Singh,"KN Ananthapadmanabhan, RJ Tucker",Chinmay Sharma,6,20
1178394,2019-04-06,2019,T20,,Mumbai Indians,Sunrisers Hyderabad,Mumbai Indians,,40.0,,Sunrisers Hyderabad,field,,Rajiv Gandhi International Stadium,Rajiv Gandhi International Stadium,Hyderabad,Hyderabad,Sunrisers Hyderabad,AS Joseph,"AY Dandekar, Nitin Menon",J Srinath,6,20
1178395,2019-04-07,2019,T20,,Royal Challengers Bangalore,Delhi Capitals,Delhi Capitals,,,4.0,Delhi Capitals,field,,M.Chinnaswamy Stadium,M.Chinnaswamy Stadium,Bengaluru,Bengaluru,Royal Challengers Bangalore,K Rabada,"S Ravi, YC Barde",M Nayyar,6,20
1178396,2019-04-07,2019,T20,,Rajasthan Royals,Kolkata Knight Riders,Kolkata Knight Riders,,,8.0,Kolkata Knight Riders,field,,Sawai Mansingh Stadium,"Sawai Mansingh Stadium, Jaipur",Jaipur,Jaipur,Rajasthan Royals,HF Gurney,"AK Chaudhary, CB Gaffaney",V Narayan Kutty,6,20
1178397,2019-04-08,2019,T20,,Sunrisers Hyderabad,Punjab Kings,Punjab Kings,,,6.0,Punjab Kings,field,,Punjab Cricket Association IS Bindra Stadium,Punjab Cricket Association IS Bindra Stadium,Chandigarh,Chandigarh,,KL Rahul,"AY Dandekar, M Erasmus",J Srinath,6,20
1178398,2019-04-09,2019,T20,,Kolkata Knight Riders,Chennai Super Kings,Chennai Super Kings,,,7.0,Chennai Super Kings,field,,MA Chidambaram Stadium,"MA Chidambaram Stadium, Chennai",Chennai,Chennai,Chennai Super Kings,DL Chahar,"C Shamshuddin, RJ Tucker",Prakash Bhatt,6,20
1178399,2019-04-10,2019,T20,,Punjab Kings,Mumbai Indians,Mumbai Indians,,,3.0,Mumbai Indians,field,,Wankhede Stadium,"Wankhede Stadium, Mumbai",Mumbai,Mumbai,Mumbai Indians,KA Pollard,"S Ravi, YC Barde",M Nayyar,6,20
1178400,2019-04-11,2019,T20,,Rajasthan Royals,Chennai Super Kings,Chennai Super Kings,,,4.0,Chennai Super Kings,field,,Sawai Mansingh Stadium,"Sawai Mansingh Stadium, Jaipur",Jaipur,Jaipur,Rajasthan Royals,MS Dhoni,"BNJ Oxenford, UV Gandhe",Prakash Bhatt,6,20
1178401,2019-04-12,2019,T20,,Kolkata Knight Riders,Delhi Capitals,Delhi Capitals,,,7.0,Delhi Capitals,field,,Eden Gardens,"Eden Gardens, Kolkata",Kolkata,Kolkata,Kolkata Knight Riders,S Dhawan,"CK Nandan, YC Barde",M Nayyar,6,20
1178402,2019-04-13,2019,T20,,Mumbai Indians,Rajasthan Royals,Rajasthan Royals,,,4.0,Rajasthan Royals,field,,Wankhede Stadium,"Wankhede Stadium, Mumbai",Mumbai,Mumbai,Mumbai Indians,JC Buttler,"A Nand Kishore, Nitin Menon",J Srinath,6,20
1178403,2019-04-13,2019,T20,,Punjab Kings,Royal Challengers Bangalore,Royal Challengers Bangalore,,,8.0,Royal Challengers Bangalore,field,,Punjab Cricket Association IS Bindra Stadium,Punjab Cricket Association IS Bindra Stadium,Chandigarh,Chandigarh,,AB de Villiers,"S Ravi, UV Gandhe",Prakash Bhatt,6,20
1178404,2019-04-14,2019,T20,,Kolkata Knight Riders,Chennai Super Kings,Chennai Super Kings,,,5.0,Chennai Super Kings,field,,Eden Gardens,"Eden Gardens, Kolkata",Kolkata,Kolkata,Kolkata Knight Riders,Imran Tahir,"CK Nandan, RJ Tucker",M Nayyar,6,20
1178405,2019-04-14,2019,T20,,Delhi Capitals,Sunrisers Hyderabad,Delhi Capitals,,39.0,,Sunrisers Hyderabad,field,,Rajiv Gandhi International Stadium,Rajiv Gandhi International Stadium,Hyderabad,Hyderabad,Sunrisers Hyderabad,KMA Paul,"AK Chaudhary, BNJ Oxenford",V Narayan Kutty,6,20
1178406,2019-04-15,2019,T20,,Royal Challengers Bangalore,Mumbai Indians,Mumbai Indians,,,5.0,Mumbai Indians,field,,Wankhede Stadium,"Wankhede Stadium, Mumbai",Mumbai,Mumbai,Mumbai Indians,SL Malinga,"M Erasmus, Nitin Menon",J Srinath,6,20
1178407,2019-04-16,2019,T20,,Punjab Kings,Rajasthan Royals,Punjab Kings,,12.0,,Rajasthan Royals,field,,Punjab Cricket Association IS Bindra Stadium,Punjab Cricket Association IS Bindra Stadium,Chandigarh,Chandigarh,,R Ashwin,"AK Chaudhary, VA Kulkarni",AJ Pycroft,6,20
1178408,2019-04-17,2019,T20,,Chennai Super Kings,Sunrisers Hyderabad,Sunrisers Hyderabad,,,6.0,Chennai Super Kings,bat,,Rajiv Gandhi International Stadium,Rajiv Gandhi International Stadium,Hyderabad,Hyderabad,Sunrisers Hyderabad,DA Warner,"IJ Gould, UV Gandhe",Prakash Bhatt,6,20
1178409,2019-04-18,2019,T20,,Mumbai Indians,Delhi Capitals,Mumbai Indians,,40.0,,Mumbai Indians,bat,,Arun Jaitley Stadium,"Arun Jaitley Stadium, Delhi",Delhi,Delhi,Delhi Capitals,HH Pandya,"BNJ Oxenford, NJ Llong",J Srinath,6,20
1178410,2019-04-19,2019,T20,,Royal Challengers Bangalore,Kolkata Knight Riders,Royal Challengers Bangalore,,10.0,,Kolkata Knight Riders,field,,Eden Gardens,"Eden Gardens, Kolkata",Kolkata,Kolkata,Kolkata Knight Riders,V Kohli,"IJ Gould, Nitin Menon",AJ Pycroft,6,20
1178411,2019-04-20,2019,T20,,Mumbai Indians,Rajasthan Royals,Rajasthan Royals,,,5.0,Rajasthan Royals,field,,Sawai Mansingh Stadium,"Sawai Mansingh Stadium, Jaipur",Jaipur,Jaipur,Rajasthan Royals,SPD Smith,"S Ravi, YC Barde",M Nayyar,6,20
1178412,2019-04-20,2019,T20,,Punjab Kings,Delhi Capitals,Delhi Capitals,,,5.0,Delhi Capitals,field,,Arun Jaitley Stadium,"Arun Jaitley Stadium, Delhi",Delhi,Delhi,Delhi Capitals,SS Iyer,"C Shamshuddin, UV Gandhe",Prakash Bhatt,6,20
1178413,2019-04-21,2019,T20,,Kolkata Knight Riders,Sunrisers Hyderabad,Sunrisers Hyderabad,,,9.0,Sunrisers Hyderabad,field,,Rajiv Gandhi International Stadium,Rajiv Gandhi International Stadium,Hyderabad,Hyderabad,Sunrisers Hyderabad,KK Ahmed,"NJ Llong, Nitin Menon",AJ Pycroft,6,20
1178414,2019-04-21,2019,T20,,Royal Challengers Bangalore,Chennai Super Kings,Royal Challengers Bangalore,,1.0,,Chennai Super Kings,field,,M.Chinnaswamy Stadium,M.Chinnaswamy Stadium,Bengaluru,Bengaluru,Royal Challengers Bangalore,PA Patel,"RJ Tucker, VA Kulkarni",J Srinath,6,20
1178415,2019-04-22,2019,T20,,Rajasthan Royals,Delhi Capitals,Delhi Capitals,,,6.0,Delhi Capitals,field,,Sawai Mansingh Stadium,"Sawai Mansingh Stadium, Jaipur",Jaipur,Jaipur,Rajasthan Royals,RR Pant,"A Nand Kishore, S Ravi",M Nayyar,6,20
1178416,2019-04-23,2019,T20,,Sunrisers Hyderabad,Chennai Super Kings,Chennai Super Kings,,,6.0,Chennai Super Kings,field,,MA Chidambaram Stadium,"MA Chidambaram Stadium, Chennai",Chennai,Chennai,Chennai Super Kings,SR Watson,"AK Chaudhary, NJ Llong",V Narayan Kutty,6,20
1178417,2019-04-24,2019,T20,,Royal Challengers Bangalore,Punjab Kings,Royal Challengers Bangalore,,17.0,,Punjab Kings,field,,M.Chinnaswamy Stadium,M.Chinnaswamy Stadium,Bengaluru,Bengaluru,Royal Challengers Bangalore,AB de Villiers,"BNJ Oxenford, C Shamshuddin",J Srinath,6,20
1178418,2019-04-25,2019,T20,,Kolkata Knight Riders,Rajasthan Royals,Rajasthan Royals,,,3.0,Rajasthan Royals,field,,Eden Gardens,"Eden Gardens, Kolkata",Kolkata,Kolkata,Kolkata Knight Riders,VR Aaron,"AY Dandekar, IJ Gould",AJ Pycroft,6,20
1178419,2019-04-26,2019,T20,,Mumbai Indians,Chennai Super Kings,Mumbai Indians,,46.0,,Chennai Super Kings,field,,MA Chidambaram Stadium,"MA Chidambaram Stadium, Chennai",Chennai,Chennai,Chennai Super Kings,RG Sharma,"AK Chaudhary, NJ Llong",V Narayan Kutty,6,20
1178420,2019-04-27,2019,T20,,Sunrisers Hyderabad,Rajasthan Royals,Rajasthan Royals,,,7.0,Rajasthan Royals,field,,Sawai Mansingh Stadium,"Sawai Mansingh Stadium, Jaipur",Jaipur,Jaipur,Rajasthan Royals,JD Unadkat,"A Nand Kishore, YC Barde",M Nayyar,6,20
1178421,2019-04-28,2019,T20,,Delhi Capitals,Royal Challengers Bangalore,Delhi Capitals,,16.0,,Delhi Capitals,bat,,Arun Jaitley Stadium,"Arun Jaitley Stadium, Delhi",Delhi,Delhi,Delhi Capitals,S Dhawan,"BNJ Oxenford, KN Ananthapadmanabhan",J Srinath,6,20
1178422,2019-04-28,2019,T20,,Kolkata Knight Riders,Mumbai Indians,Kolkata Knight Riders,,34.0,,Mumbai Indians,field,,Eden Gardens,"Eden Gardens, Kolkata",Kolkata,Kolkata,Kolkata Knight Riders,AD Russell,"IJ Gould, Nitin Menon",AJ Pycroft,6,20
1178423,2019-04-29,2019,T20,,Sunrisers Hyderabad,Punjab Kings,Sunrisers Hyderabad,,45.0,,Punjab Kings,field,,Rajiv Gandhi International Stadium,Rajiv Gandhi International Stadium,Hyderabad,Hyderabad,Sunrisers Hyderabad,DA Warner,"CK Nandan, S Ravi",M Nayyar,6,20
1178424,2019-04-30,2019,T20,,Royal Challengers Bangalore,Rajasthan Royals,,no result,,,Rajasthan Royals,field,,M.Chinnaswamy Stadium,M.Chinnaswamy Stadium,Bengaluru,Bengaluru,Royal Challengers Bangalore,,"NJ Llong, UV Gandhe",V Narayan Kutty,6,20
1178425,2019-05-01,2019,T20,,Chennai Super Kings,Delhi Capitals,Chennai Super Kings,,80.0,,Delhi Capitals,field,,MA Chidambaram Stadium,"MA Chidambaram Stadium, Chennai",Chennai,Chennai,Chennai Super Kings,MS Dhoni,"AY Dandekar, Nitin Menon",AJ Pycroft,6,20
1178426,2019-05-02,2019,T20,,Mumbai Indians,Sunrisers Hyderabad,,tie,,,Mumbai Indians,bat,,Wankhede Stadium,"Wankhede Stadium, Mumbai",Mumbai,Mumbai,Mumbai Indians,JJ Bumrah,"CK Nandan, S Ravi",M Nayyar,6,20
1178427,2019-05-03,2019,T20,,Punjab Kings,Kolkata Knight Riders,Kolkata Knight Riders,,,7.0,Kolkata Knight Riders,field,,Punjab Cricket Association IS Bindra Stadium,Punjab Cricket Association IS Bindra Stadium,Chandigarh,Chandigarh,,Shubman Gill,"BNJ Oxenford, C Shamshuddin",J Srinath,6,20
1178428,2019-05-04,2019,T20,,Rajasthan Royals,Delhi Capitals,Delhi Capitals,,,5.0,Rajasthan Royals,bat,,Arun Jaitley Stadium,"Arun Jaitley Stadium, Delhi",Delhi,Delhi,Delhi Capitals,A Mishra,"AY Dandekar, IJ Gould",AJ Pycroft,6,20
1178429,2019-05-04,2019,T20,,Sunrisers Hyderabad,Royal Challengers Bangalore,Royal Challengers Bangalore,,,4.0,Royal Challengers Bangalore,field,,M.Chinnaswamy Stadium,M.Chinnaswamy Stadium,Bengaluru,Bengaluru,Royal Challengers Bangalore,SO Hetmyer,"AK Chaudhary, NJ Llong",V Narayan Kutty,6,20
1178430,2019-05-05,2019,T20,,Chennai Super Kings,Punjab Kings,Punjab Kings,,,6.0,Punjab Kings,field,,Punjab Cricket Association IS Bindra Stadium,Punjab Cricket Association IS Bindra Stadium,Chandigarh,Chandigarh,,KL Rahul,"C Shamshuddin, KN Ananthapadmanabhan",J Srinath,6,20
1178431,2019-05-05,2019,T20,,Kolkata Knight Riders,Mumbai Indians,Mumbai Indians,,,9.0,Mumbai Indians,field,,Wankhede Stadium,"Wankhede Stadium, Mumbai",Mumbai,Mumbai,Mumbai Indians,HH Pandya,"A Nand Kishore, CK Nandan",M Nayyar,6,20
1181764,2019-05-07,2019,T20,,Chennai Super Kings,Mumbai Indians,Mumbai Indians,,,6.0,Chennai Super Kings,bat,,MA Chidambaram Stadium,"MA Chidambaram Stadium, Chennai",Chennai,Chennai,Chennai Super Kings,SA Yadav,"NJ Llong, Nitin Menon",J Srinath,6,20
1181766,2019-05-08,2019,T20,,Sunrisers Hyderabad,Delhi Capitals,Delhi Capitals,,,2.0,Delhi Capitals,field,,Dr. Y.S. Rajasekhara Reddy ACA-VDCA Cricket Stadium,Dr. Y.S. Rajasekhara Reddy ACA-VDCA Cricket Stadium,Visakhapatnam,Visakhapatnam,,RR Pant,"BNJ Oxenford, S Ravi",AJ Pycroft,6,20
1181767,2019-05-10,2019,T20,,Delhi Capitals,Chennai Super Kings,Chennai Super Kings,,,6.0,Chennai Super Kings,field,,Dr. Y.S. Rajasekhara Reddy ACA-VDCA Cricket Stadium,Dr. Y.S. Rajasekhara Reddy ACA-VDCA Cricket Stadium,Visakhapatnam,Visakhapatnam,,F du Plessis,"BNJ Oxenford, S Ravi",AJ Pycroft,6,20
1181768,2019-05-12,2019,T20,,Mumbai Indians,Chennai Super Kings,Mumbai Indians,,1.0,,Mumbai Indians,bat,,Rajiv Gandhi International Stadium,Rajiv Gandhi International Stadium,Hyderabad,Hyderabad,,JJ Bumrah,"IJ Gould, Nitin Menon",J Srinath,6,20
1216492,2020-09-19,2020/21,T20,,Mumbai Indians,Chennai Super Kings,Chennai Super Kings,,,5.0,Chennai Super Kings,field,,Sheikh Zayed Stadium,"Sheikh Zayed Stadium, Abu Dhabi",Abu Dhabi,Abu Dhabi,,AT Rayudu,"CB Gaffaney, VK Sharma",M Nayyar,6,20
1216493,2020-09-20,2020/21,T20,,Delhi Capitals,Punjab Kings,,tie,,,Punjab Kings,field,,Dubai International Cricket Stadium,"Dubai International Cricket Stadium, Dubai",,Dubai,,MP Stoinis,"AK Chaudhary, Nitin Menon",J Srinath,6,20
1216534,2020-09-21,2020/21,T20,,Royal Challengers Bangalore,Sunrisers Hyderabad,Royal Challengers Bangalore,,10.0,,Sunrisers Hyderabad,field,,Dubai International Cricket Stadium,"Dubai International Cricket Stadium, Dubai",,Dubai,,YS Chahal,"AY Dandekar, Nitin Menon",Prakash Bhatt,6,20
1216496,2020-09-22,2020/21,T20,,Rajasthan Royals,Chennai Super Kings,Rajasthan Royals,,16.0,,Chennai Super Kings,field,,Sharjah Cricket Stadium,"Sharjah Cricket Stadium, Sharjah",,Sharjah,,SV Samson,"C Shamshuddin, VA Kulkarni",V Narayan Kutty,6,20
1216508,2020-09-23,2020/21,T20,,Mumbai Indians,Kolkata Knight Riders,Mumbai Indians,,49.0,,Kolkata Knight Riders,field,,Sheikh Zayed Stadium,"Sheikh Zayed Stadium, Abu Dhabi",Abu Dhabi,Abu Dhabi,,RG Sharma,"CB Gaffaney, S Ravi",M Nayyar,6,20
1216510,2020-09-24,2020/21,T20,,Punjab Kings,Royal Challengers Bangalore,Punjab Kings,,97.0,,Royal Challengers Bangalore,field,,Dubai International Cricket Stadium,"Dubai International Cricket Stadium, Dubai",,Dubai,,KL Rahul,"AK Chaudhary, PR Reiffel",J Srinath,6,20
1216539,2020-09-25,2020/21,T20,,Delhi Capitals,Chennai Super Kings,Delhi Capitals,,44.0,,Chennai Super Kings,field,,Dubai International Cricket Stadium,"Dubai International Cricket Stadium, Dubai",,Dubai,,PP Shaw,"KN Ananthapadmanabhan, RK Illingworth",V Narayan Kutty,6,20
1216545,2020-09-26,2020/21,T20,,Sunrisers Hyderabad,Kolkata Knight Riders,Kolkata Knight Riders,,,7.0,Sunrisers Hyderabad,bat,,Sheikh Zayed Stadium,"Sheikh Zayed Stadium, Abu Dhabi",Abu Dhabi,Abu Dhabi,,Shubman Gill,"CB Gaffaney, VK Sharma",Shakti Singh,6,20
1216527,2020-09-27,2020/21,T20,,Punjab Kings,Rajasthan Royals,Rajasthan Royals,,,4.0,Rajasthan Royals,field,,Sharjah Cricket Stadium,"Sharjah Cricket Stadium, Sharjah",,Sharjah,,SV Samson,"RK Illingworth, K Srinivasan",V Narayan Kutty,6,20
1216547,2020-09-28,2020/21,T20,,Royal Challengers Bangalore,Mumbai Indians,,tie,,,Mumbai Indians,field,,Dubai International Cricket Stadium,"Dubai International Cricket Stadium, Dubai",,Dubai,,AB de Villiers,"Nitin Menon, PR Reiffel",J Srinath,6,20
1216532,2020-09-29,2020/21,T20,,Sunrisers Hyderabad,Delhi Capitals,Sunrisers Hyderabad,,15.0,,Delhi Capitals,field,,Sheikh Zayed Stadium,"Sheikh Zayed Stadium, Abu Dhabi",Abu Dhabi,Abu Dhabi,,Rashid Khan,"VK Sharma, S Ravi",M Nayyar,6,20
1216504,2020-09-30,2020/21,T20,,Kolkata Knight Riders,Rajasthan Royals,Kolkata Knight Riders,,37.0,,Rajasthan Royals,field,,Dubai International Cricket Stadium,"Dubai International Cricket Stadium, Dubai",,Dubai,,Shivam Mavi,"KN Ananthapadmanabhan, C Shamshuddin",V Narayan Kutty,6,20
1216503,2020-10-01,2020/21,T20,,Mumbai Indians,Punjab Kings,Mumbai Indians,,48.0,,Punjab Kings,field,,Sheikh Zayed Stadium,"Sheikh Zayed Stadium, Abu Dhabi",Abu Dhabi,Abu Dhabi,,KA Pollard,"VK Sharma, S Ravi",M Nayyar,6,20
1216516,2020-10-02,2020/21,T20,,Sunrisers Hyderabad,Chennai Super Kings,Sunrisers Hyderabad,,7.0,,Sunrisers Hyderabad,bat,,Dubai International Cricket Stadium,"Dubai International Cricket Stadium, Dubai",,Dubai,,PK Garg,"AK Chaudhary, PR Reiffel",Prakash Bhatt,6,20
1216514,2020-10-03,2020/21,T20,,Rajasthan Royals,Royal Challengers Bangalore,Royal Challengers Bangalore,,,8.0,Rajasthan Royals,bat,,Sheikh Zayed Stadium,"Sheikh Zayed Stadium, Abu Dhabi",Abu Dhabi,Abu Dhabi,,YS Chahal,"CB Gaffaney, S Ravi",M Nayyar,6,20
1216515,2020-10-03,2020/21,T20,,Delhi Capitals,Kolkata Knight Riders,Delhi Capitals,,18.0,,Kolkata Knight Riders,field,,Sharjah Cricket Stadium,"Sharjah Cricket Stadium, Sharjah",,Sharjah,,SS Iyer,"VA Kulkarni, RK Illingworth",V Narayan Kutty,6,20
1216513,2020-10-04,2020/21,T20,,Punjab Kings,Chennai Super Kings,Chennai Super Kings,,,10.0,Punjab Kings,bat,,Dubai International Cricket Stadium,"Dubai International Cricket Stadium, Dubai",,Dubai,,SR Watson,"AY Dandekar, Nitin Menon",J Srinath,6,20
1216538,2020-10-04,2020/21,T20,,Mumbai Indians,Sunrisers Hyderabad,Mumbai Indians,,34.0,,Mumbai Indians,bat,,Sharjah Cricket Stadium,"Sharjah Cricket Stadium, Sharjah",,Sharjah,,TA Boult,"KN Ananthapadmanabhan, RK Illingworth",V Narayan Kutty,6,20
1216519,2020-10-05,2020/21,T20,,Delhi Capitals,Royal Challengers Bangalore,Delhi Capitals,,59.0,,Royal Challengers Bangalore,field,,Dubai International Cricket Stadium,"Dubai International Cricket Stadium, Dubai",,Dubai,,AR Patel,"Nitin Menon, YC Barde",Prakash Bhatt,6,20
1216511,2020-10-06,2020/21,T20,,Mumbai Indians,Rajasthan Royals,Mumbai Indians,,57.0,,Mumbai Indians,bat,,Sheikh Zayed Stadium,"Sheikh Zayed Stadium, Abu Dhabi",Abu Dhabi,Abu Dhabi,,SA Yadav,"VK Sharma, S Ravi",Shakti Singh,6,20
1216501,2020-10-07,2020/21,T20,,Kolkata Knight Riders,Chennai Super Kings,Kolkata Knight Riders,,10.0,,Kolkata Knight Riders,bat,,Sheikh Zayed Stadium,"Sheikh Zayed Stadium, Abu Dhabi",Abu Dhabi,Abu Dhabi,,RA Tripathi,"KN Ananthapadmanabhan, RK Illingworth",V Narayan Kutty,6,20
1216542,2020-10-08,2020/21,T20,,Sunrisers Hyderabad,Punjab Kings,Sunrisers Hyderabad,,69.0,,Sunrisers Hyderabad,bat,,Dubai International Cricket Stadium,"Dubai International Cricket Stadium, Dubai",,Dubai,,JM Bairstow,"AK Chaudhary, Nitin Menon",J Srinath,6,20
1216500,2020-10-09,2020/21,T20,,Delhi Capitals,Rajasthan Royals,Delhi Capitals,,46.0,,Rajasthan Royals,field,,Sharjah Cricket Stadium,"Sharjah Cricket Stadium, Sharjah",,Sharjah,,R Ashwin,"KN Ananthapadmanabhan, C Shamshuddin",V Narayan Kutty,6,20
1216523,2020-10-10,2020/21,T20,,Kolkata Knight Riders,Punjab Kings,Kolkata Knight Riders,,2.0,,Kolkata Knight Riders,bat,,Sheikh Zayed Stadium,"Sheikh Zayed Stadium, Abu Dhabi",Abu Dhabi,Abu Dhabi,,KD Karthik,"UV Gandhe, CB Gaffaney",M Nayyar,6,20
1216525,2020-10-10,2020/21,T20,,Royal Challengers Bangalore,Chennai Super Kings,Royal Challengers Bangalore,,37.0,,Royal Challengers Bangalore,bat,,Dubai International Cricket Stadium,"Dubai International Cricket Stadium, Dubai",,Dubai,,V Kohli,"AK Chaudhary, PR Reiffel",J Srinath,6,20
1216507,2020-10-11,2020/21,T20,,Sunrisers Hyderabad,Rajasthan Royals,Rajasthan Royals,,,5.0,Sunrisers Hyderabad,bat,,Dubai International Cricket Stadium,"Dubai International Cricket Stadium, Dubai",,Dubai,,R Tewatia,"YC Barde, PR Reiffel",Prakash Bhatt,6,20
1216529,2020-10-11,2020/21,T20,,Delhi Capitals,Mumbai Indians,Mumbai Indians,,,5.0,Delhi Capitals,bat,,Sheikh Zayed Stadium,"Sheikh Zayed Stadium, Abu Dhabi",Abu Dhabi,Abu Dhabi,,Q de Kock,"CB Gaffaney, S Ravi",Shakti Singh,6,20
1216540,2020-10-12,2020/21,T20,,Royal Challengers Bangalore,Kolkata Knight Riders,Royal Challengers Bangalore,,82.0,,Royal Challengers Bangalore,bat,,Sharjah Cricket Stadium,"Sharjah Cricket Stadium, Sharjah",,Sharjah,,AB de Villiers,"RK Illingworth, K Srinivasan",V Narayan Kutty,6,20
1216528,2020-10-13,2020/21,T20,,Chennai Super Kings,Sunrisers Hyderabad,Chennai Super Kings,,20.0,,Chennai Super Kings,bat,,Dubai International Cricket Stadium,"Dubai International Cricket Stadium, Dubai",,Dubai,,RA Jadeja,"AK Chaudhary, PR Reiffel",J Srinath,6,20
1216543,2020-10-14,2020/21,T20,,Delhi Capitals,Rajasthan Royals,Delhi Capitals,,13.0,,Delhi Capitals,bat,,Dubai International Cricket Stadium,"Dubai International Cricket Stadium, Dubai",,Dubai,,A Nortje,"AK Chaudhary, Nitin Menon",J Srinath,6,20
1216531,2020-10-15,2020/21,T20,,Royal Challengers Bangalore,Punjab Kings,Punjab Kings,,,8.0,Royal Challengers Bangalore,bat,,Sharjah Cricket Stadium,"Sharjah Cricket Stadium, Sharjah",,Sharjah,,KL Rahul,"KN Ananthapadmanabhan, C Shamshuddin",V Narayan Kutty,6,20
1216526,2020-10-16,2020/21,T20,,Kolkata Knight Riders,Mumbai Indians,Mumbai Indians,,,8.0,Kolkata Knight Riders,bat,,Sheikh Zayed Stadium,"Sheikh Zayed Stadium, Abu Dhabi",Abu Dhabi,Abu Dhabi,,Q de Kock,"CB Gaffaney, VK Sharma",M Nayyar,6,20
1216509,2020-10-17,2020/21,T20,,Chennai Super Kings,Delhi Capitals,Delhi Capitals,,,5.0,Chennai Super Kings,bat,,Sharjah Cricket Stadium,"Sharjah Cricket Stadium, Sharjah",,Sharjah,,S Dhawan,"KN Ananthapadmanabhan, RK Illingworth",V Narayan Kutty,6,20
1216522,2020-10-17,2020/21,T20,,Rajasthan Royals,Royal Challengers Bangalore,Royal Challengers Bangalore,,,7.0,Rajasthan Royals,bat,,Dubai International Cricket Stadium,"Dubai International Cricket Stadium, Dubai",,Dubai,,AB de Villiers,"AK Chaudhary, Nitin Menon",J Srinath,6,20
1216512,2020-10-18,2020/21,T20,,Kolkata Knight Riders,Sunrisers Hyderabad,,tie,,,Sunrisers Hyderabad,field,,Sheikh Zayed Stadium,"Sheikh Zayed Stadium, Abu Dhabi",Abu Dhabi,Abu Dhabi,,LH Ferguson,"PG Pathak, S Ravi",M Nayyar,6,20
1216517,2020-10-18,2020/21,T20,,Mumbai Indians,Punjab Kings,,tie,,,Mumbai Indians,bat,,Dubai International Cricket Stadium,"Dubai International Cricket Stadium, Dubai",,Dubai,,KL Rahul,"Nitin Menon, PR Reiffel",J Srinath,6,20
1216533,2020-10-19,2020/21,T20,,Chennai Super Kings,Rajasthan Royals,Rajasthan Royals,,,7.0,Chennai Super Kings,bat,,Sheikh Zayed Stadium,"Sheikh Zayed Stadium, Abu Dhabi",Abu Dhabi,Abu Dhabi,,JC Buttler,"CB Gaffaney, VK Sharma",M Nayyar,6,20
1216546,2020-10-20,2020/21,T20,,Delhi Capitals,Punjab Kings,Punjab Kings,,,5.0,Delhi Capitals,bat,,Dubai International Cricket Stadium,"Dubai International Cricket Stadium, Dubai",,Dubai,,S Dhawan,"C Shamshuddin, RK Illingworth",Prakash Bhatt,6,20
1216494,2020-10-21,2020/21,T20,,Kolkata Knight Riders,Royal Challengers Bangalore,Royal Challengers Bangalore,,,8.0,Kolkata Knight Riders,bat,,Sheikh Zayed Stadium,"Sheikh Zayed Stadium, Abu Dhabi",Abu Dhabi,Abu Dhabi,,Mohammed Siraj,"VK Sharma, S Ravi",Shakti Singh,6,20
1216518,2020-10-22,2020/21,T20,,Rajasthan Royals,Sunrisers Hyderabad,Sunrisers Hyderabad,,,8.0,Sunrisers Hyderabad,field,,Dubai International Cricket Stadium,"Dubai International Cricket Stadium, Dubai",,Dubai,,MK Pandey,"Nitin Menon, PR Reiffel",J Srinath,6,20
1216521,2020-10-23,2020/21,T20,,Chennai Super Kings,Mumbai Indians,Mumbai Indians,,,10.0,Mumbai Indians,field,,Sharjah Cricket Stadium,"Sharjah Cricket Stadium, Sharjah",,Sharjah,,TA Boult,"C Shamshuddin, VA Kulkarni",V Narayan Kutty,6,20
1216497,2020-10-24,2020/21,T20,,Kolkata Knight Riders,Delhi Capitals,Kolkata Knight Riders,,59.0,,Delhi Capitals,field,,Sheikh Zayed Stadium,"Sheikh Zayed Stadium, Abu Dhabi",Abu Dhabi,Abu Dhabi,,CV Varun,"CB Gaffaney, PG Pathak",M Nayyar,6,20
1216498,2020-10-24,2020/21,T20,,Punjab Kings,Sunrisers Hyderabad,Punjab Kings,,12.0,,Sunrisers Hyderabad,field,,Dubai International Cricket Stadium,"Dubai International Cricket Stadium, Dubai",,Dubai,,CJ Jordan,"AY Dandekar, PR Reiffel",J Srinath,6,20
1216541,2020-10-25,2020/21,T20,,Mumbai Indians,Rajasthan Royals,Rajasthan Royals,,,8.0,Mumbai Indians,bat,,Sheikh Zayed Stadium,"Sheikh Zayed Stadium, Abu Dhabi",Abu Dhabi,Abu Dhabi,,BA Stokes,"UV Gandhe, VK Sharma",Shakti Singh,6,20
1216544,2020-10-25,2020/21,T20,,Royal Challengers Bangalore,Chennai Super Kings,Chennai Super Kings,,,8.0,Royal Challengers Bangalore,bat,,Dubai International Cricket Stadium,"Dubai International Cricket Stadium, Dubai",,Dubai,,RD Gaikwad,"C Shamshuddin, RK Illingworth",Prakash Bhatt,6,20
1216520,2020-10-26,2020/21,T20,,Kolkata Knight Riders,Punjab Kings,Punjab Kings,,,8.0,Punjab Kings,field,,Sharjah Cricket Stadium,"Sharjah Cricket Stadium, Sharjah",,Sharjah,,CH Gayle,"KN Ananthapadmanabhan, RK Illingworth",V Narayan Kutty,6,20
1216524,2020-10-27,2020/21,T20,,Sunrisers Hyderabad,Delhi Capitals,Sunrisers Hyderabad,,88.0,,Delhi Capitals,field,,Dubai International Cricket Stadium,"Dubai International Cricket Stadium, Dubai",,Dubai,,WP Saha,"AK Chaudhary, Nitin Menon",J Srinath,6,20
1216499,2020-10-28,2020/21,T20,,Royal Challengers Bangalore,Mumbai Indians,Mumbai Indians,,,5.0,Mumbai Indians,field,,Sheikh Zayed Stadium,"Sheikh Zayed Stadium, Abu Dhabi",Abu Dhabi,Abu Dhabi,,SA Yadav,"UV Gandhe, CB Gaffaney",M Nayyar,6,20
1216536,2020-10-29,2020/21,T20,,Kolkata Knight Riders,Chennai Super Kings,Chennai Super Kings,,,6.0,Chennai Super Kings,field,,Dubai International Cricket Stadium,"Dubai International Cricket Stadium, Dubai",,Dubai,,RD Gaikwad,"C Shamshuddin, RK Illingworth",Prakash Bhatt,6,20
1216537,2020-10-30,2020/21,T20,,Punjab Kings,Rajasthan Royals,Rajasthan Royals,,,7.0,Rajasthan Royals,field,,Sheikh Zayed Stadium,"Sheikh Zayed Stadium, Abu Dhabi",Abu Dhabi,Abu Dhabi,,BA Stokes,"CB Gaffaney, S Ravi",M Nayyar,6,20
1216502,2020-10-31,2020/21,T20,,Royal Challengers Bangalore,Sunrisers Hyderabad,Sunrisers Hyderabad,,,5.0,Sunrisers Hyderabad,field,,Sharjah Cricket Stadium,"Sharjah Cricket Stadium, Sharjah",,Sharjah,,Sandeep Sharma,"KN Ananthapadmanabhan, K Srinivasan",V Narayan Kutty,6,20
1216535,2020-10-31,2020/21,T20,,Delhi Capitals,Mumbai Indians,Mumbai Indians,,,9.0,Mumbai Indians,field,,Dubai International Cricket Stadium,"Dubai International Cricket Stadium, Dubai",,Dubai,,Ishan Kishan,"YC Barde, PR Reiffel",J Srinath,6,20
1216506,2020-11-01,2020/21,T20,,Punjab Kings,Chennai Super Kings,Chennai Super Kings,,,9.0,Chennai Super Kings,field,,Sheikh Zayed Stadium,"Sheikh Zayed Stadium, Abu Dhabi",Abu Dhabi,Abu Dhabi,,RD Gaikwad,"PG Pathak, VK Sharma",M Nayyar,6,20
1216530,2020-11-01,2020/21,T20,,Kolkata Knight Riders,Rajasthan Royals,Kolkata Knight Riders,,60.0,,Rajasthan Royals,field,,Dubai International Cricket Stadium,"Dubai International Cricket Stadium, Dubai",,Dubai,,PJ Cummins,"Nitin Menon, PR Reiffel",Shakti Singh,6,20
1216505,2020-11-02,2020/21,T20,,Royal Challengers Bangalore,Delhi Capitals,Delhi Capitals,,,6.0,Delhi Capitals,field,,Sheikh Zayed Stadium,"Sheikh Zayed Stadium, Abu Dhabi",Abu Dhabi,Abu Dhabi,,A Nortje,"CB Gaffaney, S Ravi",M Nayyar,6,20
1216495,2020-11-03,2020/21,T20,,Mumbai Indians,Sunrisers Hyderabad,Sunrisers Hyderabad,,,10.0,Sunrisers Hyderabad,field,,Sharjah Cricket Stadium,"Sharjah Cricket Stadium, Sharjah",,Sharjah,,S Nadeem,"C Shamshuddin, RK Illingworth",Prakash Bhatt,6,20
1237177,2020-11-05,2020/21,T20,,Mumbai Indians,Delhi Capitals,Mumbai Indians,,57.0,,Delhi Capitals,field,,Dubai International Cricket Stadium,"Dubai International Cricket Stadium, Dubai",,Dubai,,JJ Bumrah,"CB Gaffaney, Nitin Menon",J Srinath,6,20
1237178,2020-11-06,2020/21,T20,,Royal Challengers Bangalore,Sunrisers Hyderabad,Sunrisers Hyderabad,,,6.0,Sunrisers Hyderabad,field,,Sheikh Zayed Stadium,"Sheikh Zayed Stadium, Abu Dhabi",Abu Dhabi,Abu Dhabi,,KS Williamson,"PR Reiffel, S Ravi",M Nayyar,6,20
1237180,2020-11-08,2020/21,T20,,Delhi Capitals,Sunrisers Hyderabad,Delhi Capitals,,17.0,,Delhi Capitals,bat,,Sheikh Zayed Stadium,"Sheikh Zayed Stadium, Abu Dhabi",Abu Dhabi,Abu Dhabi,,MP Stoinis,"PR Reiffel, S Ravi",M Nayyar,6,20
1237181,2020-11-10,2020/21,T20,,Delhi Capitals,Mumbai Indians,Mumbai Indians,,,5.0,Delhi Capitals,bat,,Dubai International Cricket Stadium,"Dubai International Cricket Stadium, Dubai",,Dubai,,TA Boult,"CB Gaffaney, Nitin Menon",J Srinath,6,20
1254058,2021-04-09,2021,T20,,Mumbai Indians,Royal Challengers Bangalore,Royal Challengers Bangalore,,,2.0,Royal Challengers Bangalore,field,,"MA Chidambaram Stadium, Chepauk, Chennai","MA Chidambaram Stadium, Chepauk, Chennai",Chennai,Chennai,,HV Patel,"KN Ananthapadmanabhan, Nitin Menon",V Narayan Kutty,6,20
1254059,2021-04-10,2021,T20,,Chennai Super Kings,Delhi Capitals,Delhi Capitals,,,7.0,Delhi Capitals,field,,"Wankhede Stadium, Mumbai","Wankhede Stadium, Mumbai",Mumbai,Mumbai,,S Dhawan,"AK Chaudhary, VK Sharma",M Nayyar,6,20
1254060,2021-04-11,2021,T20,,Kolkata Knight Riders,Sunrisers Hyderabad,Kolkata Knight Riders,,10.0,,Sunrisers Hyderabad,field,,"MA Chidambaram Stadium, Chepauk, Chennai","MA Chidambaram Stadium, Chepauk, Chennai",Chennai,Chennai,,N Rana,"KN Ananthapadmanabhan, Nitin Menon",V Narayan Kutty,6,20
1254061,2021-04-12,2021,T20,,Punjab Kings,Rajasthan Royals,Punjab Kings,,4.0,,Rajasthan Royals,field,,"Wankhede Stadium, Mumbai","Wankhede Stadium, Mumbai",Mumbai,Mumbai,,SV Samson,"AK Chaudhary, S Ravi",M Nayyar,6,20
1254062,2021-04-13,2021,T20,,Mumbai Indians,Kolkata Knight Riders,Mumbai Indians,,10.0,,Kolkata Knight Riders,field,,"MA Chidambaram Stadium, Chepauk, Chennai","MA Chidambaram Stadium, Chepauk, Chennai",Chennai,Chennai,,RD Chahar,"C Shamshuddin, CB Gaffaney",S Chaturvedi,6,20
1254063,2021-04-14,2021,T20,,Royal Challengers Bangalore,Sunrisers Hyderabad,Royal Challengers Bangalore,,6.0,,Sunrisers Hyderabad,field,,"MA Chidambaram Stadium, Chepauk, Chennai","MA Chidambaram Stadium, Chepauk, Chennai",Chennai,Chennai,,GJ Maxwell,"Nitin Menon, UV Gandhe",V Narayan Kutty,6,20
1254064,2021-04-15,2021,T20,,Delhi Capitals,Rajasthan Royals,Rajasthan Royals,,,3.0,Rajasthan Royals,field,,"Wankhede Stadium, Mumbai","Wankhede Stadium, Mumbai",Mumbai,Mumbai,,JD Unadkat,"S Ravi, VK Sharma",Shakti Singh,6,20
1254065,2021-04-16,2021,T20,,Punjab Kings,Chennai Super Kings,Chennai Super Kings,,,6.0,Chennai Super Kings,field,,"Wankhede Stadium, Mumbai","Wankhede Stadium, Mumbai",Mumbai,Mumbai,,DL Chahar,"AK Chaudhary, AY Dandekar",Prakash Bhatt,6,20
1254066,2021-04-17,2021,T20,,Mumbai Indians,Sunrisers Hyderabad,Mumbai Indians,,13.0,,Mumbai Indians,bat,,"MA Chidambaram Stadium, Chepauk, Chennai","MA Chidambaram Stadium, Chepauk, Chennai",Chennai,Chennai,,KA Pollard,"CB Gaffaney, K Srinivasan",S Chaturvedi,6,20
1254067,2021-04-18,2021,T20,,Royal Challengers Bangalore,Kolkata Knight Riders,Royal Challengers Bangalore,,38.0,,Royal Challengers Bangalore,bat,,"MA Chidambaram Stadium, Chepauk, Chennai","MA Chidambaram Stadium, Chepauk, Chennai",Chennai,Chennai,,AB de Villiers,"C Shamshuddin, Nitin Menon",V Narayan Kutty,6,20
1254068,2021-04-18,2021,T20,,Punjab Kings,Delhi Capitals,Delhi Capitals,,,6.0,Delhi Capitals,field,,"Wankhede Stadium, Mumbai","Wankhede Stadium, Mumbai",Mumbai,Mumbai,,S Dhawan,"AK Chaudhary, PR Reiffel",M Nayyar,6,20
1254069,2021-04-19,2021,T20,,Chennai Super Kings,Rajasthan Royals,Chennai Super Kings,,45.0,,Rajasthan Royals,field,,"Wankhede Stadium, Mumbai","Wankhede Stadium, Mumbai",Mumbai,Mumbai,,MM Ali,"PR Reiffel, VK Sharma",Prakash Bhatt,6,20
1254070,2021-04-20,2021,T20,,Mumbai Indians,Delhi Capitals,Delhi Capitals,,,6.0,Mumbai Indians,bat,,"MA Chidambaram Stadium, Chepauk, Chennai","MA Chidambaram Stadium, Chepauk, Chennai",Chennai,Chennai,,A Mishra,"C Shamshuddin, CB Gaffaney",V Narayan Kutty,6,20
1254071,2021-04-21,2021,T20,,Punjab Kings,Sunrisers Hyderabad,Sunrisers Hyderabad,,,9.0,Punjab Kings,bat,,"MA Chidambaram Stadium, Chepauk, Chennai","MA Chidambaram Stadium, Chepauk, Chennai",Chennai,Chennai,,JM Bairstow,"K Srinivasan, Nitin Menon",S Chaturvedi,6,20
1254072,2021-04-21,2021,T20,,Chennai Super Kings,Kolkata Knight Riders,Chennai Super Kings,,18.0,,Kolkata Knight Riders,field,,"Wankhede Stadium, Mumbai","Wankhede Stadium, Mumbai",Mumbai,Mumbai,,F du Plessis,"AY Dandekar, PR Reiffel",Shakti Singh,6,20
1254073,2021-04-22,2021,T20,,Rajasthan Royals,Royal Challengers Bangalore,Royal Challengers Bangalore,,,10.0,Royal Challengers Bangalore,field,,"Wankhede Stadium, Mumbai","Wankhede Stadium, Mumbai",Mumbai,Mumbai,,D Padikkal,"J Madanagopal, S Ravi",Shakti Singh,6,20
1254074,2021-04-23,2021,T20,,Mumbai Indians,Punjab Kings,Punjab Kings,,,9.0,Punjab Kings,field,,"MA Chidambaram Stadium, Chepauk, Chennai","MA Chidambaram Stadium, Chepauk, Chennai",Chennai,Chennai,,KL Rahul,"C Shamshuddin, Nitin Menon",V Narayan Kutty,6,20
1254075,2021-04-24,2021,T20,,Kolkata Knight Riders,Rajasthan Royals,Rajasthan Royals,,,6.0,Rajasthan Royals,field,,"Wankhede Stadium, Mumbai","Wankhede Stadium, Mumbai",Mumbai,Mumbai,,CH Morris,"Navdeep Singh, S Ravi",M Nayyar,6,20
1254076,2021-04-25,2021,T20,,Chennai Super Kings,Royal Challengers Bangalore,Chennai Super Kings,,69.0,,Chennai Super Kings,bat,,"Wankhede Stadium, Mumbai","Wankhede Stadium, Mumbai",Mumbai,Mumbai,,RA Jadeja,"AK Chaudhary, VK Sharma",Shakti Singh,6,20
1254077,2021-04-25,2021,T20,,Delhi Capitals,Sunrisers Hyderabad,,tie,,,Delhi Capitals,bat,,"MA Chidambaram Stadium, Chepauk, Chennai","MA Chidambaram Stadium, Chepauk, Chennai",Chennai,Chennai,,PP Shaw,"CB Gaffaney, KN Ananthapadmanabhan",S Chaturvedi,6,20
1254078,2021-04-26,2021,T20,,Punjab Kings,Kolkata Knight Riders,Kolkata Knight Riders,,,5.0,Kolkata Knight Riders,field,,"Narendra Modi Stadium, Ahmedabad","Narendra Modi Stadium, Ahmedabad",Ahmedabad,Ahmedabad,,EJG Morgan,"PR Reiffel, YC Barde",Prakash Bhatt,6,20
1254079,2021-04-27,2021,T20,,Royal Challengers Bangalore,Delhi Capitals,Royal Challengers Bangalore,,1.0,,Delhi Capitals,field,,"Narendra Modi Stadium, Ahmedabad","Narendra Modi Stadium, Ahmedabad",Ahmedabad,Ahmedabad,,AB de Villiers,"S Ravi, VK Sharma",M Nayyar,6,20
1254080,2021-04-28,2021,T20,,Sunrisers Hyderabad,Chennai Super Kings,Chennai Super Kings,,,7.0,Sunrisers Hyderabad,bat,,"Arun Jaitley Stadium, Delhi","Arun Jaitley Stadium, Delhi",Delhi,Delhi,,RD Gaikwad,"C Shamshuddin, CK Nandan",J Srinath,6,20
1254081,2021-04-29,2021,T20,,Rajasthan Royals,Mumbai Indians,Mumbai Indians,,,7.0,Mumbai Indians,field,,"Arun Jaitley Stadium, Delhi","Arun Jaitley Stadium, Delhi",Delhi,Delhi,,Q de Kock,"CB Gaffaney, KN Ananthapadmanabhan",V Narayan Kutty,6,20
1254082,2021-04-29,2021,T20,,Kolkata Knight Riders,Delhi Capitals,Delhi Capitals,,,7.0,Delhi Capitals,field,,"Narendra Modi Stadium, Ahmedabad","Narendra Modi Stadium, Ahmedabad",Ahmedabad,Ahmedabad,,PP Shaw,"AK Chaudhary, YC Barde",Prakash Bhatt,6,20
1254083,2021-04-30,2021,T20,,Punjab Kings,Royal Challengers Bangalore,Punjab Kings,,34.0,,Royal Challengers Bangalore,field,,"Narendra Modi Stadium, Ahmedabad","Narendra Modi Stadium, Ahmedabad",Ahmedabad,Ahmedabad,,Harpreet Brar,"S Ravi, VK Sharma",Shakti Singh,6,20
1254084,2021-05-01,2021,T20,,Chennai Super Kings,Mumbai Indians,Mumbai Indians,,,4.0,Mumbai Indians,field,,"Arun Jaitley Stadium, Delhi","Arun Jaitley Stadium, Delhi",Delhi,Delhi,,KA Pollard,"KN Ananthapadmanabhan, CK Nandan",J Srinath,6,20
1254085,2021-05-02,2021,T20,,Rajasthan Royals,Sunrisers Hyderabad,Rajasthan Royals,,55.0,,Sunrisers Hyderabad,field,,"Arun Jaitley Stadium, Delhi","Arun Jaitley Stadium, Delhi",Delhi,Delhi,,JC Buttler,"C Shamshuddin, CB Gaffaney",S Chaturvedi,6,20
1254086,2021-05-02,2021,T20,,Punjab Kings,Delhi Capitals,Delhi Capitals,,,7.0,Delhi Capitals,field,,"Narendra Modi Stadium, Ahmedabad","Narendra Modi Stadium, Ahmedabad",Ahmedabad,Ahmedabad,,MA Agarwal,"AK Chaudhary, AY Dandekar",Shakti Singh,6,20
1254104,2021-09-19,2021,T20,,Chennai Super Kings,Mumbai Indians,Chennai Super Kings,,20.0,,Chennai Super Kings,bat,,Dubai International Cricket Stadium,"Dubai International Cricket Stadium, Dubai",Dubai,Dubai,,RD Gaikwad,"Nitin Menon, RK Illingworth",J Srinath,6,20
1254087,2021-09-20,2021,T20,,Royal Challengers Bangalore,Kolkata Knight Riders,Kolkata Knight Riders,,,9.0,Royal Challengers Bangalore,bat,,"Zayed Cricket Stadium, Abu Dhabi","Zayed Cricket Stadium, Abu Dhabi",Abu Dhabi,Abu Dhabi,,CV Varun,"CB Gaffaney, S Ravi",V Narayan Kutty,6,20
1254111,2021-09-21,2021,T20,,Rajasthan Royals,Punjab Kings,Rajasthan Royals,,2.0,,Punjab Kings,field,,Dubai International Cricket Stadium,"Dubai International Cricket Stadium, Dubai",Dubai,Dubai,,Kartik Tyagi,"AK Chaudhary, MA Gough",Prakash Bhatt,6,20
1254105,2021-09-22,2021,T20,,Sunrisers Hyderabad,Delhi Capitals,Delhi Capitals,,,8.0,Sunrisers Hyderabad,bat,,Dubai International Cricket Stadium,"Dubai International Cricket Stadium, Dubai",Dubai,Dubai,,A Nortje,"KN Ananthapadmanabhan, RK Illingworth",M Nayyar,6,20
1254096,2021-09-23,2021,T20,,Mumbai Indians,Kolkata Knight Riders,Kolkata Knight Riders,,,7.0,Kolkata Knight Riders,field,,"Zayed Cricket Stadium, Abu Dhabi","Zayed Cricket Stadium, Abu Dhabi",Abu Dhabi,Abu Dhabi,,SP Narine,"S Ravi, VK Sharma",V Narayan Kutty,6,20
1254113,2021-09-24,2021,T20,,Royal Challengers Bangalore,Chennai Super Kings,Chennai Super Kings,,,6.0,Chennai Super Kings,field,,Sharjah Cricket Stadium,"Sharjah Cricket Stadium, Sharjah",Sharjah,Sharjah,,DJ Bravo,"AK Chaudhary, Nitin Menon",J Srinath,6,20
1254097,2021-09-25,2021,T20,,Delhi Capitals,Rajasthan Royals,Delhi Capitals,,33.0,,Rajasthan Royals,field,,"Zayed Cricket Stadium, Abu Dhabi","Zayed Cricket Stadium, Abu Dhabi",Abu Dhabi,Abu Dhabi,,SS Iyer,"CB Gaffaney, UV Gandhe",V Narayan Kutty,6,20
1254107,2021-09-25,2021,T20,,Punjab Kings,Sunrisers Hyderabad,Punjab Kings,,5.0,,Sunrisers Hyderabad,field,,Sharjah Cricket Stadium,"Sharjah Cricket Stadium, Sharjah",Sharjah,Sharjah,,JO Holder,"RK Illingworth, YC Barde",Prakash Bhatt,6,20
1254098,2021-09-26,2021,T20,,Kolkata Knight Riders,Chennai Super Kings,Chennai Super Kings,,,2.0,Kolkata Knight Riders,bat,,"Zayed Cricket Stadium, Abu Dhabi","Zayed Cricket Stadium, Abu Dhabi",Abu Dhabi,Abu Dhabi,,RA Jadeja,"CB Gaffaney, Tapan Sharma",V Narayan Kutty,6,20
1254108,2021-09-26,2021,T20,,Royal Challengers Bangalore,Mumbai Indians,Royal Challengers Bangalore,,54.0,,Mumbai Indians,field,,Dubai International Cricket Stadium,"Dubai International Cricket Stadium, Dubai",Dubai,Dubai,,GJ Maxwell,"AK Chaudhary, MA Gough",M Nayyar,6,20
1254100,2021-09-27,2021,T20,,Rajasthan Royals,Sunrisers Hyderabad,Sunrisers Hyderabad,,,7.0,Rajasthan Royals,bat,,Dubai International Cricket Stadium,"Dubai International Cricket Stadium, Dubai",Dubai,Dubai,,JJ Roy,"KN Ananthapadmanabhan, Navdeep Singh",J Srinath,6,20
1254092,2021-09-28,2021,T20,,Delhi Capitals,Kolkata Knight Riders,Kolkata Knight Riders,,,3.0,Kolkata Knight Riders,field,,Sharjah Cricket Stadium,"Sharjah Cricket Stadium, Sharjah",Sharjah,Sharjah,,SP Narine,"Nitin Menon, HAS Khalid",Prakash Bhatt,6,20
1254099,2021-09-28,2021,T20,,Punjab Kings,Mumbai Indians,Mumbai Indians,,,6.0,Mumbai Indians,field,,"Zayed Cricket Stadium, Abu Dhabi","Zayed Cricket Stadium, Abu Dhabi",Abu Dhabi,Abu Dhabi,,KA Pollard,"S Ravi, VK Sharma",V Narayan Kutty,6,20
1254103,2021-09-29,2021,T20,,Rajasthan Royals,Royal Challengers Bangalore,Royal Challengers Bangalore,,,7.0,Royal Challengers Bangalore,field,,Dubai International Cricket Stadium,"Dubai International Cricket Stadium, Dubai",Dubai,Dubai,,YS Chahal,"AY Dandekar, KN Ananthapadmanabhan",M Nayyar,6,20
1254091,2021-09-30,2021,T20,,Sunrisers Hyderabad,Chennai Super Kings,Chennai Super Kings,,,6.0,Chennai Super Kings,field,,Sharjah Cricket Stadium,"Sharjah Cricket Stadium, Sharjah",Sharjah,Sharjah,,JR Hazlewood,"Nitin Menon, YC Barde",Prakash Bhatt,6,20
1254102,2021-10-01,2021,T20,,Kolkata Knight Riders,Punjab Kings,Punjab Kings,,,5.0,Punjab Kings,field,,Dubai International Cricket Stadium,"Dubai International Cricket Stadium, Dubai",Dubai,Dubai,,KL Rahul,"KN Ananthapadmanabhan, RK Illingworth",M Nayyar,6,20
1254089,2021-10-02,2021,T20,,Chennai Super Kings,Rajasthan Royals,Rajasthan Royals,,,7.0,Rajasthan Royals,field,,"Zayed Cricket Stadium, Abu Dhabi","Zayed Cricket Stadium, Abu Dhabi",Abu Dhabi,Abu Dhabi,,RD Gaikwad,"CB Gaffaney, VK Sharma",V Narayan Kutty,6,20
1254112,2021-10-02,2021,T20,,Mumbai Indians,Delhi Capitals,Delhi Capitals,,,4.0,Delhi Capitals,field,,Sharjah Cricket Stadium,"Sharjah Cricket Stadium, Sharjah",Sharjah,Sharjah,,AR Patel,"AK Chaudhary, MA Gough",J Srinath,6,20
1254090,2021-10-03,2021,T20,,Royal Challengers Bangalore,Punjab Kings,Royal Challengers Bangalore,,6.0,,Royal Challengers Bangalore,bat,,Sharjah Cricket Stadium,"Sharjah Cricket Stadium, Sharjah",Sharjah,Sharjah,,GJ Maxwell,"KN Ananthapadmanabhan, RK Illingworth",Prakash Bhatt,6,20
1254109,2021-10-03,2021,T20,,Sunrisers Hyderabad,Kolkata Knight Riders,Kolkata Knight Riders,,,6.0,Sunrisers Hyderabad,bat,,Dubai International Cricket Stadium,"Dubai International Cricket Stadium, Dubai",Dubai,Dubai,,Shubman Gill,"J Madanagopal, MA Gough",M Nayyar,6,20
1254110,2021-10-04,2021,T20,,Chennai Super Kings,Delhi Capitals,Delhi Capitals,,,3.0,Delhi Capitals,field,,Dubai International Cricket Stadium,"Dubai International Cricket Stadium, Dubai",Dubai,Dubai,,AR Patel,"AK Chaudhary, Nitin Menon",J Srinath,6,20
1254093,2021-10-05,2021,T20,,Rajasthan Royals,Mumbai Indians,Mumbai Indians,,,8.0,Mumbai Indians,field,,Sharjah Cricket Stadium,"Sharjah Cricket Stadium, Sharjah",Sharjah,Sharjah,,NM Coulter-Nile,"AK Chaudhary, MA Gough",Prakash Bhatt,6,20
1254095,2021-10-06,2021,T20,,Sunrisers Hyderabad,Royal Challengers Bangalore,Sunrisers Hyderabad,,4.0,,Royal Challengers Bangalore,field,,"Zayed Cricket Stadium, Abu Dhabi","Zayed Cricket Stadium, Abu Dhabi",Abu Dhabi,Abu Dhabi,,KS Williamson,"S Ravi, UV Gandhe",V Narayan Kutty,6,20
1254094,2021-10-07,2021,T20,,Chennai Super Kings,Punjab Kings,Punjab Kings,,,6.0,Punjab Kings,field,,Dubai International Cricket Stadium,"Dubai International Cricket Stadium, Dubai",Dubai,Dubai,,KL Rahul,"K Srinivasan, RK Illingworth",J Srinath,6,20
1254106,2021-10-07,2021,T20,,Kolkata Knight Riders,Rajasthan Royals,Kolkata Knight Riders,,86.0,,Rajasthan Royals,field,,Sharjah Cricket Stadium,"Sharjah Cricket Stadium, Sharjah",Sharjah,Sharjah,,Shivam Mavi,"MA Gough, HAS Khalid",M Nayyar,6,20
1254088,2021-10-08,2021,T20,,Mumbai Indians,Sunrisers Hyderabad,Mumbai Indians,,42.0,,Mumbai Indians,bat,,"Zayed Cricket Stadium, Abu Dhabi","Zayed Cricket Stadium, Abu Dhabi",Abu Dhabi,Abu Dhabi,,Ishan Kishan,"Tapan Sharma, VK Sharma",V Narayan Kutty,6,20
1254101,2021-10-08,2021,T20,,Delhi Capitals,Royal Challengers Bangalore,Royal Challengers Bangalore,,,7.0,Royal Challengers Bangalore,field,,Dubai International Cricket Stadium,"Dubai International Cricket Stadium, Dubai",Dubai,Dubai,,KS Bharat,"KN Ananthapadmanabhan, Nitin Menon",Prakash Bhatt,6,20
1254114,2021-10-10,2021,T20,,Delhi Capitals,Chennai Super Kings,Chennai Super Kings,,,4.0,Chennai Super Kings,field,,Dubai International Cricket Stadium,"Dubai International Cricket Stadium, Dubai",Dubai,Dubai,,RD Gaikwad,"Nitin Menon, RK Illingworth",J Srinath,6,20
1254115,2021-10-11,2021,T20,,Royal Challengers Bangalore,Kolkata Knight Riders,Kolkata Knight Riders,,,4.0,Royal Challengers Bangalore,bat,,Sharjah Cricket Stadium,"Sharjah Cricket Stadium, Sharjah",Sharjah,Sharjah,,SP Narine,"CB Gaffaney, VK Sharma",M Nayyar,6,20
1254116,2021-10-13,2021,T20,,Delhi Capitals,Kolkata Knight Riders,Kolkata Knight Riders,,,3.0,Kolkata Knight Riders,field,,Sharjah Cricket Stadium,"Sharjah Cricket Stadium, Sharjah",Sharjah,Sharjah,,VR Iyer,"KN Ananthapadmanabhan, MA Gough",M Nayyar,6,20
1254117,2021-10-15,2021,T20,,Chennai Super Kings,Kolkata Knight Riders,Chennai Super Kings,,27.0,,Kolkata Knight Riders,field,,Dubai International Cricket Stadium,"Dubai International Cricket Stadium, Dubai",Dubai,Dubai,,F du Plessis,"Nitin Menon, RK Illingworth",J Srinath,6,20
1304047,2022-03-26,2022,T20,,Chennai Super Kings,Kolkata Knight Riders,Kolkata Knight Riders,,,6.0,Kolkata Knight Riders,field,,"Wankhede Stadium, Mumbai","Wankhede Stadium, Mumbai",Mumbai,Mumbai,,UT Yadav,"AK Chaudhary, Nitin Menon",M Nayyar,6,20
1304048,2022-03-27,2022,T20,,Mumbai Indians,Delhi Capitals,Delhi Capitals,,,4.0,Delhi Capitals,field,,"Brabourne Stadium, Mumbai","Brabourne Stadium, Mumbai",Mumbai,Mumbai,Mumbai Indians,Kuldeep Yadav,"RJ Tucker, HAS Khalid",Prakash Bhatt,6,20
1304049,2022-03-27,2022,T20,,Royal Challengers Bangalore,Punjab Kings,Punjab Kings,,,5.0,Punjab Kings,field,,"Dr DY Patil Sports Academy, Mumbai","Dr DY Patil Sports Academy, Mumbai",Mumbai,Mumbai,,OF Smith,"Nitin Menon, YC Barde",M Nayyar,6,20
1304050,2022-03-28,2022,T20,,Lucknow Super Giants,Gujarat Titans,Gujarat Titans,,,5.0,Gujarat Titans,field,,"Wankhede Stadium, Mumbai","Wankhede Stadium, Mumbai",Mumbai,Mumbai,,Mohammed Shami,"PG Pathak, VK Sharma",DS Manohar,6,20
1304051,2022-03-29,2022,T20,,Rajasthan Royals,Sunrisers Hyderabad,Rajasthan Royals,,61.0,,Sunrisers Hyderabad,field,,"Maharashtra Cricket Association Stadium, Pune","Maharashtra Cricket Association Stadium, Pune",Pune,Pune,,SV Samson,"BNJ Oxenford, UV Gandhe",Shakti Singh,6,20
1304052,2022-03-30,2022,T20,,Kolkata Knight Riders,Royal Challengers Bangalore,Royal Challengers Bangalore,,,3.0,Royal Challengers Bangalore,field,,"Dr DY Patil Sports Academy, Mumbai","Dr DY Patil Sports Academy, Mumbai",Mumbai,Mumbai,,PWH de Silva,"J Madanagopal, Navdeep Singh",M Nayyar,6,20
1304053,2022-03-31,2022,T20,,Chennai Super Kings,Lucknow Super Giants,Lucknow Super Giants,,,6.0,Lucknow Super Giants,field,,"Brabourne Stadium, Mumbai","Brabourne Stadium, Mumbai",Mumbai,Mumbai,,E Lewis,"RJ Tucker, VK Sharma",J Srinath,6,20
1304054,2022-04-01,2022,T20,,Punjab Kings,Kolkata Knight Riders,Kolkata Knight Riders,,,6.0,Kolkata Knight Riders,field,,"Wankhede Stadium, Mumbai","Wankhede Stadium, Mumbai",Mumbai,Mumbai,,UT Yadav,"AK Chaudhary, HAS Khalid",Prakash Bhatt,6,20
1304055,2022-04-02,2022,T20,,Rajasthan Royals,Mumbai Indians,Rajasthan Royals,,23.0,,Mumbai Indians,field,,"Dr DY Patil Sports Academy, Mumbai","Dr DY Patil Sports Academy, Mumbai",Mumbai,Mumbai,Mumbai Indians,JC Buttler,"Nitin Menon, PG Pathak",DS Manohar,6,20
1304056,2022-04-02,2022,T20,,Gujarat Titans,Delhi Capitals,Gujarat Titans,,14.0,,Delhi Capitals,field,,"Maharashtra Cricket Association Stadium, Pune","Maharashtra Cricket Association Stadium, Pune",Pune,Pune,,LH Ferguson,"KN Ananthapadmanabhan, UV Gandhe",Shakti Singh,6,20
1304057,2022-04-03,2022,T20,,Punjab Kings,Chennai Super Kings,Punjab Kings,,54.0,,Chennai Super Kings,field,,"Brabourne Stadium, Mumbai","Brabourne Stadium, Mumbai",Mumbai,Mumbai,,LS Livingstone,"RJ Tucker, YC Barde",J Srinath,6,20
1304058,2022-04-04,2022,T20,,Lucknow Super Giants,Sunrisers Hyderabad,Lucknow Super Giants,,12.0,,Sunrisers Hyderabad,field,,"Dr DY Patil Sports Academy, Mumbai","Dr DY Patil Sports Academy, Mumbai",Mumbai,Mumbai,,Avesh Khan,"J Madanagopal, Navdeep Singh",M Nayyar,6,20
1304059,2022-04-05,2022,T20,,Rajasthan Royals,Royal Challengers Bangalore,Royal Challengers Bangalore,,,4.0,Royal Challengers Bangalore,field,,"Wankhede Stadium, Mumbai","Wankhede Stadium, Mumbai",Mumbai,Mumbai,,KD Karthik,"AK Chaudhary, HAS Khalid",Prakash Bhatt,6,20
1304060,2022-04-06,2022,T20,,Mumbai Indians,Kolkata Knight Riders,Kolkata Knight Riders,,,5.0,Kolkata Knight Riders,field,,"Maharashtra Cricket Association Stadium, Pune","Maharashtra Cricket Association Stadium, Pune",Pune,Pune,,PJ Cummins,"BNJ Oxenford, KN Ananthapadmanabhan",V Narayan Kutty,6,20
1304061,2022-04-07,2022,T20,,Delhi Capitals,Lucknow Super Giants,Lucknow Super Giants,,,6.0,Lucknow Super Giants,field,,"Dr DY Patil Sports Academy, Mumbai","Dr DY Patil Sports Academy, Mumbai",Mumbai,Mumbai,,Q de Kock,"RJ Tucker, Tapan Sharma",Shakti Singh,6,20
1304062,2022-04-08,2022,T20,,Punjab Kings,Gujarat Titans,Gujarat Titans,,,6.0,Gujarat Titans,field,,"Brabourne Stadium, Mumbai","Brabourne Stadium, Mumbai",Mumbai,Mumbai,,Shubman Gill,"AK Chaudhary, VK Sharma",J Srinath,6,20
1304063,2022-04-09,2022,T20,,Chennai Super Kings,Sunrisers Hyderabad,Sunrisers Hyderabad,,,8.0,Sunrisers Hyderabad,field,,"Dr DY Patil Sports Academy, Mumbai","Dr DY Patil Sports Academy, Mumbai",Mumbai,Mumbai,,Abhishek Sharma,"Navdeep Singh, Nitin Menon",J Srinath,6,20
1304064,2022-04-09,2022,T20,,Mumbai Indians,Royal Challengers Bangalore,Royal Challengers Bangalore,,,7.0,Royal Challengers Bangalore,field,,"Maharashtra Cricket Association Stadium, Pune","Maharashtra Cricket Association Stadium, Pune",Pune,Pune,,Anuj Rawat,"BNJ Oxenford, KN Ananthapadmanabhan",V Narayan Kutty,6,20
1304065,2022-04-10,2022,T20,,Delhi Capitals,Kolkata Knight Riders,Delhi Capitals,,44.0,,Kolkata Knight Riders,field,,"Brabourne Stadium, Mumbai","Brabourne Stadium, Mumbai",Mumbai,Mumbai,,Kuldeep Yadav,"CB Gaffaney, J Madanagopal",Prakash Bhatt,6,20
1304066,2022-04-10,2022,T20,,Rajasthan Royals,Lucknow Super Giants,Rajasthan Royals,,3.0,,Lucknow Super Giants,field,,"Wankhede Stadium, Mumbai","Wankhede Stadium, Mumbai",Mumbai,Mumbai,,YS Chahal,"AK Chaudhary, Tapan Sharma",J Srinath,6,20
1304067,2022-04-11,2022,T20,,Gujarat Titans,Sunrisers Hyderabad,Sunrisers Hyderabad,,,8.0,Sunrisers Hyderabad,field,,"Dr DY Patil Sports Academy, Mumbai","Dr DY Patil Sports Academy, Mumbai",Mumbai,Mumbai,,KS Williamson,"Chirra Ravikanthreddy, RJ Tucker",DS Manohar,6,20
1304068,2022-04-12,2022,T20,,Chennai Super Kings,Royal Challengers Bangalore,Chennai Super Kings,,23.0,,Royal Challengers Bangalore,field,,"Dr DY Patil Sports Academy, Mumbai","Dr DY Patil Sports Academy, Mumbai",Mumbai,Mumbai,,S Dube,"Nitin Menon, N Pandit",J Srinath,6,20
1304069,2022-04-13,2022,T20,,Punjab Kings,Mumbai Indians,Punjab Kings,,12.0,,Mumbai Indians,field,,"Maharashtra Cricket Association Stadium, Pune","Maharashtra Cricket Association Stadium, Pune",Pune,Pune,,MA Agarwal,"BNJ Oxenford, UV Gandhe",V Narayan Kutty,6,20
1304070,2022-04-14,2022,T20,,Gujarat Titans,Rajasthan Royals,Gujarat Titans,,37.0,,Rajasthan Royals,field,,"Dr DY Patil Sports Academy, Mumbai","Dr DY Patil Sports Academy, Mumbai",Mumbai,Mumbai,,HH Pandya,"CB Gaffaney, R Pandit",M Nayyar,6,20
1304071,2022-04-15,2022,T20,,Kolkata Knight Riders,Sunrisers Hyderabad,Sunrisers Hyderabad,,,7.0,Sunrisers Hyderabad,field,,"Brabourne Stadium, Mumbai","Brabourne Stadium, Mumbai",Mumbai,Mumbai,,RA Tripathi,"GR Sadashiv Iyer, VK Sharma",Prakash Bhatt,6,20
1304072,2022-04-16,2022,T20,,Lucknow Super Giants,Mumbai Indians,Lucknow Super Giants,,18.0,,Mumbai Indians,field,,"Brabourne Stadium, Mumbai","Brabourne Stadium, Mumbai",Mumbai,Mumbai,Mumbai Indians,KL Rahul,"AK Chaudhary, NA Patwardhan",Shakti Singh,6,20
1304073,2022-04-16,2022,T20,,Royal Challengers Bangalore,Delhi Capitals,Royal Challengers Bangalore,,16.0,,Delhi Capitals,field,,"Wankhede Stadium, Mumbai","Wankhede Stadium, Mumbai",Mumbai,Mumbai,,KD Karthik,"Chirra Ravikanthreddy, J Madanagopal",J Srinath,6,20
1304074,2022-04-17,2022,T20,,Punjab Kings,Sunrisers Hyderabad,Sunrisers Hyderabad,,,7.0,Sunrisers Hyderabad,field,,"Dr DY Patil Sports Academy, Mumbai","Dr DY Patil Sports Academy, Mumbai",Mumbai,Mumbai,,Umran Malik,"PG Pathak, R Pandit",DS Manohar,6,20
1304075,2022-04-17,2022,T20,,Chennai Super Kings,Gujarat Titans,Gujarat Titans,,,3.0,Gujarat Titans,field,,"Maharashtra Cricket Association Stadium, Pune","Maharashtra Cricket Association Stadium, Pune",Pune,Pune,,DA Miller,"KN Ananthapadmanabhan, UV Gandhe",V Narayan Kutty,6,20
1304076,2022-04-18,2022,T20,,Rajasthan Royals,Kolkata Knight Riders,Rajasthan Royals,,7.0,,Kolkata Knight Riders,field,,"Brabourne Stadium, Mumbai","Brabourne Stadium, Mumbai",Mumbai,Mumbai,,YS Chahal,"GR Sadashiv Iyer, VK Sharma",M Nayyar,6,20
1304077,2022-04-19,2022,T20,,Royal Challengers Bangalore,Lucknow Super Giants,Royal Challengers Bangalore,,18.0,,Lucknow Super Giants,field,,"Dr DY Patil Sports Academy, Mumbai","Dr DY Patil Sports Academy, Mumbai",Mumbai,Mumbai,,F du Plessis,"CB Gaffaney, N Pandit",Prakash Bhatt,6,20
1304078,2022-04-20,2022,T20,,Punjab Kings,Delhi Capitals,Delhi Capitals,,,9.0,Delhi Capitals,field,,"Brabourne Stadium, Mumbai","Brabourne Stadium, Mumbai",Mumbai,Mumbai,,Kuldeep Yadav,"RJ Tucker, Tapan Sharma",Shakti Singh,6,20
1304079,2022-04-21,2022,T20,,Mumbai Indians,Chennai Super Kings,Chennai Super Kings,,,3.0,Chennai Super Kings,field,,"Dr DY Patil Sports Academy, Mumbai","Dr DY Patil Sports Academy, Mumbai",Navi Mumbai,Mumbai,Mumbai Indians,Mukesh Choudhary,"BNJ Oxenford, UV Gandhe",V Narayan Kutty,6,20
1304080,2022-04-22,2022,T20,,Rajasthan Royals,Delhi Capitals,Rajasthan Royals,,15.0,,Delhi Capitals,field,,"Wankhede Stadium, Mumbai","Wankhede Stadium, Mumbai",Mumbai,Mumbai,,JC Buttler,"NA Patwardhan, Nitin Menon",DS Manohar,6,20
1304081,2022-04-23,2022,T20,,Gujarat Titans,Kolkata Knight Riders,Gujarat Titans,,8.0,,Gujarat Titans,bat,,"Dr DY Patil Sports Academy, Mumbai","Dr DY Patil Sports Academy, Mumbai",Navi Mumbai,Mumbai,,Rashid Khan,"KN Ananthapadmanabhan, UV Gandhe",V Narayan Kutty,6,20
1304082,2022-04-23,2022,T20,,Royal Challengers Bangalore,Sunrisers Hyderabad,Sunrisers Hyderabad,,,9.0,Sunrisers Hyderabad,field,,"Brabourne Stadium, Mumbai","Brabourne Stadium, Mumbai",Mumbai,Mumbai,,M Jansen,"Chirra Ravikanthreddy, J Madanagopal",M Nayyar,6,20
1304083,2022-04-24,2022,T20,,Lucknow Super Giants,Mumbai Indians,Lucknow Super Giants,,36.0,,Mumbai Indians,field,,"Wankhede Stadium, Mumbai","Wankhede Stadium, Mumbai",Mumbai,Mumbai,Mumbai Indians,KL Rahul,"M Erasmus, HAS Khalid",Shakti Singh,6,20
1304084,2022-04-25,2022,T20,,Punjab Kings,Chennai Super Kings,Punjab Kings,,11.0,,Chennai Super Kings,field,,"Wankhede Stadium, Mumbai","Wankhede Stadium, Mumbai",Mumbai,Mumbai,,S Dhawan,"M Erasmus, Tapan Sharma",Prakash Bhatt,6,20
1304085,2022-04-26,2022,T20,,Rajasthan Royals,Royal Challengers Bangalore,Rajasthan Royals,,29.0,,Royal Challengers Bangalore,field,,"Maharashtra Cricket Association Stadium, Pune","Maharashtra Cricket Association Stadium, Pune",Pune,Pune,,R Parag,"BNJ Oxenford, KN Ananthapadmanabhan",V Narayan Kutty,6,20
1304086,2022-04-27,2022,T20,,Sunrisers Hyderabad,Gujarat Titans,Gujarat Titans,,,5.0,Gujarat Titans,field,,"Wankhede Stadium, Mumbai","Wankhede Stadium, Mumbai",Mumbai,Mumbai,,Umran Malik,"CB Gaffaney, Navdeep Singh",Shakti Singh,6,20
1304087,2022-04-28,2022,T20,,Kolkata Knight Riders,Delhi Capitals,Delhi Capitals,,,4.0,Delhi Capitals,field,,"Wankhede Stadium, Mumbai","Wankhede Stadium, Mumbai",Mumbai,Mumbai,,Kuldeep Yadav,"AK Chaudhary, PG Pathak",DS Manohar,6,20
1304088,2022-04-29,2022,T20,,Lucknow Super Giants,Punjab Kings,Lucknow Super Giants,,20.0,,Punjab Kings,field,,"Maharashtra Cricket Association Stadium, Pune","Maharashtra Cricket Association Stadium, Pune",Pune,Pune,,KH Pandya,"MA Gough, UV Gandhe",V Narayan Kutty,6,20
1304089,2022-04-30,2022,T20,,Royal Challengers Bangalore,Gujarat Titans,Gujarat Titans,,,6.0,Royal Challengers Bangalore,bat,,"Brabourne Stadium, Mumbai","Brabourne Stadium, Mumbai",Mumbai,Mumbai,,R Tewatia,"HAS Khalid, VK Sharma",Shakti Singh,6,20
1304090,2022-04-30,2022,T20,,Rajasthan Royals,Mumbai Indians,Mumbai Indians,,,5.0,Mumbai Indians,field,,"Dr DY Patil Sports Academy, Mumbai","Dr DY Patil Sports Academy, Mumbai",Navi Mumbai,Mumbai,Mumbai Indians,SA Yadav,"BNJ Oxenford, YC Barde",M Nayyar,6,20
1304091,2022-05-01,2022,T20,,Lucknow Super Giants,Delhi Capitals,Lucknow Super Giants,,6.0,,Lucknow Super Giants,bat,,"Wankhede Stadium, Mumbai","Wankhede Stadium, Mumbai",Mumbai,Mumbai,,Mohsin Khan,"Chirra Ravikanthreddy, CB Gaffaney",Prakash Bhatt,6,20
1304092,2022-05-01,2022,T20,,Chennai Super Kings,Sunrisers Hyderabad,Chennai Super Kings,,13.0,,Sunrisers Hyderabad,field,,"Maharashtra Cricket Association Stadium, Pune","Maharashtra Cricket Association Stadium, Pune",Pune,Pune,,RD Gaikwad,"AK Chaudhary, KN Ananthapadmanabhan",V Narayan Kutty,6,20
1304093,2022-05-02,2022,T20,,Rajasthan Royals,Kolkata Knight Riders,Kolkata Knight Riders,,,7.0,Kolkata Knight Riders,field,,"Wankhede Stadium, Mumbai","Wankhede Stadium, Mumbai",Mumbai,Mumbai,,RK Singh,"J Madanagopal, N Pandit",Shakti Singh,6,20
1304094,2022-05-03,2022,T20,,Gujarat Titans,Punjab Kings,Punjab Kings,,,8.0,Gujarat Titans,bat,,"Dr DY Patil Sports Academy, Mumbai","Dr DY Patil Sports Academy, Mumbai",Navi Mumbai,Mumbai,,K Rabada,"R Pandit, VK Sharma",DS Manohar,6,20
1304095,2022-05-04,2022,T20,,Royal Challengers Bangalore,Chennai Super Kings,Royal Challengers Bangalore,,13.0,,Chennai Super Kings,field,,"Maharashtra Cricket Association Stadium, Pune","Maharashtra Cricket Association Stadium, Pune",Pune,Pune,,HV Patel,"KN Ananthapadmanabhan, MA Gough",V Narayan Kutty,6,20
1304096,2022-05-05,2022,T20,,Delhi Capitals,Sunrisers Hyderabad,Delhi Capitals,,21.0,,Sunrisers Hyderabad,field,,"Brabourne Stadium, Mumbai","Brabourne Stadium, Mumbai",Mumbai,Mumbai,,DA Warner,"Navdeep Singh, NA Patwardhan",Shakti Singh,6,20
1304097,2022-05-06,2022,T20,,Mumbai Indians,Gujarat Titans,Mumbai Indians,,5.0,,Gujarat Titans,field,,"Brabourne Stadium, Mumbai","Brabourne Stadium, Mumbai",Mumbai,Mumbai,Mumbai Indians,TH David,"J Madanagopal, GR Sadashiv Iyer",M Nayyar,6,20
1304098,2022-05-07,2022,T20,,Punjab Kings,Rajasthan Royals,Rajasthan Royals,,,6.0,Punjab Kings,bat,,"Wankhede Stadium, Mumbai","Wankhede Stadium, Mumbai",Mumbai,Mumbai,,YBK Jaiswal,"Chirra Ravikanthreddy, YC Barde",Prakash Bhatt,6,20
1304099,2022-05-07,2022,T20,,Lucknow Super Giants,Kolkata Knight Riders,Lucknow Super Giants,,75.0,,Kolkata Knight Riders,field,,"Maharashtra Cricket Association Stadium, Pune","Maharashtra Cricket Association Stadium, Pune",Pune,Pune,,Avesh Khan,"AK Chaudhary, MA Gough",V Narayan Kutty,6,20
1304100,2022-05-08,2022,T20,,Royal Challengers Bangalore,Sunrisers Hyderabad,Royal Challengers Bangalore,,67.0,,Royal Challengers Bangalore,bat,,"Wankhede Stadium, Mumbai","Wankhede Stadium, Mumbai",Mumbai,Mumbai,,PWH de Silva,"BNJ Oxenford, N Pandit",Shakti Singh,6,20
1304101,2022-05-08,2022,T20,,Chennai Super Kings,Delhi Capitals,Chennai Super Kings,,91.0,,Delhi Capitals,field,,"Dr DY Patil Sports Academy, Mumbai","Dr DY Patil Sports Academy, Mumbai",Navi Mumbai,Mumbai,,DP Conway,"Nitin Menon, R Pandit",M Nayyar,6,20
1304102,2022-05-09,2022,T20,,Kolkata Knight Riders,Mumbai Indians,Kolkata Knight Riders,,52.0,,Mumbai Indians,field,,"Dr DY Patil Sports Academy, Mumbai","Dr DY Patil Sports Academy, Mumbai",Navi Mumbai,Mumbai,Mumbai Indians,JJ Bumrah,"CB Gaffaney, GR Sadashiv Iyer",Prakash Bhatt,6,20
1304103,2022-05-10,2022,T20,,Gujarat Titans,Lucknow Super Giants,Gujarat Titans,,62.0,,Gujarat Titans,bat,,"Maharashtra Cricket Association Stadium, Pune","Maharashtra Cricket Association Stadium, Pune",Pune,Pune,,Shubman Gill,"KN Ananthapadmanabhan, MA Gough",V Narayan Kutty,6,20
1304104,2022-05-11,2022,T20,,Rajasthan Royals,Delhi Capitals,Delhi Capitals,,,8.0,Delhi Capitals,field,,"Dr DY Patil Sports Academy, Mumbai","Dr DY Patil Sports Academy, Mumbai",Navi Mumbai,Mumbai,,MR Marsh,"NA Patwardhan, Nitin Menon",M Nayyar,6,20
1304105,2022-05-12,2022,T20,,Chennai Super Kings,Mumbai Indians,Mumbai Indians,,,5.0,Mumbai Indians,field,,"Wankhede Stadium, Mumbai","Wankhede Stadium, Mumbai",Mumbai,Mumbai,Mumbai Indians,DR Sams,"Chirra Ravikanthreddy, CB Gaffaney",Shakti Singh,6,20
1304106,2022-05-13,2022,T20,,Punjab Kings,Royal Challengers Bangalore,Punjab Kings,,54.0,,Royal Challengers Bangalore,field,,"Brabourne Stadium, Mumbai","Brabourne Stadium, Mumbai",Mumbai,Mumbai,,JM Bairstow,"J Madanagopal, N Pandit",J Srinath,6,20
1304107,2022-05-14,2022,T20,,Kolkata Knight Riders,Sunrisers Hyderabad,Kolkata Knight Riders,,54.0,,Kolkata Knight Riders,bat,,"Maharashtra Cricket Association Stadium, Pune","Maharashtra Cricket Association Stadium, Pune",Pune,Pune,,AD Russell,"AK Chaudhary, KN Ananthapadmanabhan",V Narayan Kutty,6,20
1304108,2022-05-15,2022,T20,,Chennai Super Kings,Gujarat Titans,Gujarat Titans,,,7.0,Chennai Super Kings,bat,,"Wankhede Stadium, Mumbai","Wankhede Stadium, Mumbai",Mumbai,Mumbai,,WP Saha,"R Pandit, VK Sharma",J Srinath,6,20
1304109,2022-05-15,2022,T20,,Rajasthan Royals,Lucknow Super Giants,Rajasthan Royals,,24.0,,Rajasthan Royals,bat,,"Brabourne Stadium, Mumbai","Brabourne Stadium, Mumbai",Mumbai,Mumbai,,TA Boult,"PG Pathak, Tapan Sharma",Prakash Bhatt,6,20
1304110,2022-05-16,2022,T20,,Delhi Capitals,Punjab Kings,Delhi Capitals,,17.0,,Punjab Kings,field,,"Dr DY Patil Sports Academy, Mumbai","Dr DY Patil Sports Academy, Mumbai",Navi Mumbai,Mumbai,,SN Thakur,"GR Sadashiv Iyer, Nitin Menon",Prakash Bhatt,6,20
1304111,2022-05-17,2022,T20,,Sunrisers Hyderabad,Mumbai Indians,Sunrisers Hyderabad,,3.0,,Mumbai Indians,field,,"Wankhede Stadium, Mumbai","Wankhede Stadium, Mumbai",Mumbai,Mumbai,Mumbai Indians,RA Tripathi,"CB Gaffaney, N Pandit",J Srinath,6,20
1304112,2022-05-18,2022,T20,,Lucknow Super Giants,Kolkata Knight Riders,Lucknow Super Giants,,2.0,,Lucknow Super Giants,bat,,"Dr DY Patil Sports Academy, Mumbai","Dr DY Patil Sports Academy, Mumbai",Navi Mumbai,Mumbai,,Q de Kock,"R Pandit, YC Barde",M Nayyar,6,20
1304113,2022-05-19,2022,T20,,Gujarat Titans,Royal Challengers Bangalore,Royal Challengers Bangalore,,,8.0,Gujarat Titans,bat,,"Wankhede Stadium, Mumbai","Wankhede Stadium, Mumbai",Mumbai,Mumbai,,V Kohli,"KN Ananthapadmanabhan, GR Sadashiv Iyer",J Srinath,6,20
1304114,2022-05-20,2022,T20,,Chennai Super Kings,Rajasthan Royals,Rajasthan Royals,,,5.0,Chennai Super Kings,bat,,"Brabourne Stadium, Mumbai","Brabourne Stadium, Mumbai",Mumbai,Mumbai,,R Ashwin,"CB Gaffaney, NA Patwardhan",M Nayyar,6,20
1304115,2022-05-21,2022,T20,,Delhi Capitals,Mumbai Indians,Mumbai Indians,,,5.0,Mumbai Indians,field,,"Wankhede Stadium, Mumbai","Wankhede Stadium, Mumbai",Mumbai,Mumbai,Mumbai Indians,JJ Bumrah,"Nitin Menon, Tapan Sharma",J Srinath,6,20
1304116,2022-05-22,2022,T20,,Sunrisers Hyderabad,Punjab Kings,Punjab Kings,,,5.0,Sunrisers Hyderabad,bat,,"Wankhede Stadium, Mumbai","Wankhede Stadium, Mumbai",Mumbai,Mumbai,,Harpreet Brar,"AK Chaudhary, NA Patwardhan",J Srinath,6,20
1312197,2022-05-24,2022,T20,,Rajasthan Royals,Gujarat Titans,Gujarat Titans,,,7.0,Gujarat Titans,field,,"Eden Gardens, Kolkata","Eden Gardens, Kolkata",Kolkata,Kolkata,,DA Miller,"BNJ Oxenford, VK Sharma",M Nayyar,6,20
1312198,2022-05-25,2022,T20,,Royal Challengers Bangalore,Lucknow Super Giants,Royal Challengers Bangalore,,14.0,,Lucknow Super Giants,field,,"Eden Gardens, Kolkata","Eden Gardens, Kolkata",Kolkata,Kolkata,,RM Patidar,"J Madanagopal, MA Gough",M Nayyar,6,20
1312199,2022-05-27,2022,T20,,Royal Challengers Bangalore,Rajasthan Royals,Rajasthan Royals,,,7.0,Rajasthan Royals,field,,"Narendra Modi Stadium, Ahmedabad","Narendra Modi Stadium, Ahmedabad",Ahmedabad,Ahmedabad,,JC Buttler,"CB Gaffaney, Nitin Menon",J Srinath,6,20
1312200,2022-05-29,2022,T20,,Rajasthan Royals,Gujarat Titans,Gujarat Titans,,,7.0,Rajasthan Royals,bat,,"Narendra Modi Stadium, Ahmedabad","Narendra Modi Stadium, Ahmedabad",Ahmedabad,Ahmedabad,Gujarat Titans,HH Pandya,"CB Gaffaney, Nitin Menon",J Srinath,6,20
1359475,2023-03-31,2023,T20,,Chennai Super Kings,Gujarat Titans,Gujarat Titans,,,5.0,Gujarat Titans,field,,"Narendra Modi Stadium, Ahmedabad","Narendra Modi Stadium, Ahmedabad",Ahmedabad,Ahmedabad,Gujarat Titans,Rashid Khan,"Nitin Menon, HAS Khalid",J Srinath,6,20
1359476,2023-04-01,2023,T20,,Punjab Kings,Kolkata Knight Riders,Punjab Kings,,7.0,,Kolkata Knight Riders,field,D/L,"Punjab Cricket Association IS Bindra Stadium, Mohali, Chandigarh","Punjab Cricket Association IS Bindra Stadium, Mohali, Chandigarh",Chandigarh,Chandigarh,,Arshdeep Singh,"BNJ Oxenford, YC Barde",M Nayyar,6,20
1359477,2023-04-01,2023,T20,,Lucknow Super Giants,Delhi Capitals,Lucknow Super Giants,,50.0,,Delhi Capitals,field,,"Bharat Ratna Shri Atal Bihari Vajpayee Ekana Cricket Stadium, Lucknow","Bharat Ratna Shri Atal Bihari Vajpayee Ekana Cricket Stadium, Lucknow",Lucknow,Lucknow,Lucknow Super Giants,MA Wood,"AK Chaudhary, NA Patwardhan",DS Manohar,6,20
1359478,2023-04-02,2023,T20,,Rajasthan Royals,Sunrisers Hyderabad,Rajasthan Royals,,72.0,,Sunrisers Hyderabad,field,,"Rajiv Gandhi International Stadium, Uppal, Hyderabad","Rajiv Gandhi International Stadium, Uppal, Hyderabad",Hyderabad,Hyderabad,Sunrisers Hyderabad,JC Buttler,"KN Ananthapadmanabhan, R Pandit",V Narayan Kutty,6,20
1359479,2023-04-02,2023,T20,,Mumbai Indians,Royal Challengers Bangalore,Royal Challengers Bangalore,,,8.0,Royal Challengers Bangalore,field,,"M Chinnaswamy Stadium, Bengaluru","M Chinnaswamy Stadium, Bengaluru",Bengaluru,Bengaluru,Royal Challengers Bangalore,F du Plessis,"Nitin Menon, Tapan Sharma",J Srinath,6,20
1359480,2023-04-03,2023,T20,,Chennai Super Kings,Lucknow Super Giants,Chennai Super Kings,,12.0,,Lucknow Super Giants,field,,"MA Chidambaram Stadium, Chepauk, Chennai","MA Chidambaram Stadium, Chepauk, Chennai",Chennai,Chennai,Chennai Super Kings,MM Ali,"A Totre, BNJ Oxenford",M Nayyar,6,20
1359481,2023-04-04,2023,T20,,Delhi Capitals,Gujarat Titans,Gujarat Titans,,,6.0,Gujarat Titans,field,,"Arun Jaitley Stadium, Delhi","Arun Jaitley Stadium, Delhi",Delhi,Delhi,Delhi Capitals,B Sai Sudharsan,"A Nand Kishore, GR Sadashiv Iyer",DS Manohar,6,20
1359482,2023-04-05,2023,T20,,Punjab Kings,Rajasthan Royals,Punjab Kings,,5.0,,Rajasthan Royals,field,,"Barsapara Cricket Stadium, Guwahati","Barsapara Cricket Stadium, Guwahati",Guwahati,Guwahati,,NT Ellis,"KN Ananthapadmanabhan, MV Saidharshan Kumar",V Narayan Kutty,6,20
1359483,2023-04-06,2023,T20,,Kolkata Knight Riders,Royal Challengers Bangalore,Kolkata Knight Riders,,81.0,,Royal Challengers Bangalore,field,,"Eden Gardens, Kolkata","Eden Gardens, Kolkata",Kolkata,Kolkata,Kolkata Knight Riders,SN Thakur,"Vinod Seshan, VK Sharma",Shakti Singh,6,20
1359484,2023-04-07,2023,T20,,Sunrisers Hyderabad,Lucknow Super Giants,Lucknow Super Giants,,,5.0,Sunrisers Hyderabad,bat,,"Bharat Ratna Shri Atal Bihari Vajpayee Ekana Cricket Stadium, Lucknow","Bharat Ratna Shri Atal Bihari Vajpayee Ekana Cricket Stadium, Lucknow",Lucknow,Lucknow,Lucknow Super Giants,KH Pandya,"J Madanagopal, YC Barde",M Nayyar,6,20
1359485,2023-04-08,2023,T20,,Rajasthan Royals,Delhi Capitals,Rajasthan Royals,,57.0,,Delhi Capitals,field,,"Barsapara Cricket Stadium, Guwahati","Barsapara Cricket Stadium, Guwahati",Guwahati,Guwahati,,YBK Jaiswal,"Navdeep Singh, MV Saidharshan Kumar",V Narayan Kutty,6,20
1359486,2023-04-08,2023,T20,,Mumbai Indians,Chennai Super Kings,Chennai Super Kings,,,7.0,Chennai Super Kings,field,,"Wankhede Stadium, Mumbai","Wankhede Stadium, Mumbai",Mumbai,Mumbai,Mumbai Indians,RA Jadeja,"CB Gaffaney, NA Patwardhan",DS Manohar,6,20
1359487,2023-04-09,2023,T20,,Gujarat Titans,Kolkata Knight Riders,Kolkata Knight Riders,,,3.0,Gujarat Titans,bat,,"Narendra Modi Stadium, Ahmedabad","Narendra Modi Stadium, Ahmedabad",Ahmedabad,Ahmedabad,Gujarat Titans,RK Singh,"Nitin Menon, Tapan Sharma",J Srinath,6,20
1359488,2023-04-09,2023,T20,,Punjab Kings,Sunrisers Hyderabad,Sunrisers Hyderabad,,,8.0,Sunrisers Hyderabad,field,,"Rajiv Gandhi International Stadium, Uppal, Hyderabad","Rajiv Gandhi International Stadium, Uppal, Hyderabad",Hyderabad,Hyderabad,Sunrisers Hyderabad,S Dhawan,"BNJ Oxenford, UV Gandhe",M Nayyar,6,20
1359489,2023-04-10,2023,T20,,Royal Challengers Bangalore,Lucknow Super Giants,Lucknow Super Giants,,,1.0,Lucknow Super Giants,field,,"M Chinnaswamy Stadium, Bengaluru","M Chinnaswamy Stadium, Bengaluru",Bengaluru,Bengaluru,Royal Challengers Bangalore,N Pooran,"AK Chaudhary, A Nand Kishore",DS Manohar,6,20
1359490,2023-04-11,2023,T20,,Delhi Capitals,Mumbai Indians,Mumbai Indians,,,6.0,Mumbai Indians,field,,"Arun Jaitley Stadium, Delhi","Arun Jaitley Stadium, Delhi",Delhi,Delhi,Delhi Capitals,RG Sharma,"MA Gough, R Pandit",V Narayan Kutty,6,20
1359491,2023-04-12,2023,T20,,Rajasthan Royals,Chennai Super Kings,Rajasthan Royals,,3.0,,Chennai Super Kings,field,,"MA Chidambaram Stadium, Chepauk, Chennai","MA Chidambaram Stadium, Chepauk, Chennai",Chennai,Chennai,Chennai Super Kings,R Ashwin,"Vinod Seshan, VK Sharma",J Srinath,6,20
1359492,2023-04-13,2023,T20,,Punjab Kings,Gujarat Titans,Gujarat Titans,,,6.0,Gujarat Titans,field,,"Punjab Cricket Association IS Bindra Stadium, Mohali, Chandigarh","Punjab Cricket Association IS Bindra Stadium, Mohali, Chandigarh",Chandigarh,Chandigarh,,MM Sharma,"A Totre, J Madanagopal",R Seth,6,20
1359493,2023-04-14,2023,T20,,Sunrisers Hyderabad,Kolkata Knight Riders,Sunrisers Hyderabad,,23.0,,Kolkata Knight Riders,field,,"Eden Gardens, Kolkata","Eden Gardens, Kolkata",Kolkata,Kolkata,Kolkata Knight Riders,HC Brook,"CB Gaffaney, GR Sadashiv Iyer",DS Manohar,6,20
1359494,2023-04-15,2023,T20,,Royal Challengers Bangalore,Delhi Capitals,Royal Challengers Bangalore,,23.0,,Delhi Capitals,field,,"M Chinnaswamy Stadium, Bengaluru","M Chinnaswamy Stadium, Bengaluru",Bengaluru,Bengaluru,Royal Challengers Bangalore,V Kohli,"KN Ananthapadmanabhan, MV Saidharshan Kumar",Amit Sharma,6,20
1359495,2023-04-15,2023,T20,,Lucknow Super Giants,Punjab Kings,Punjab Kings,,,2.0,Punjab Kings,field,,"Bharat Ratna Shri Atal Bihari Vajpayee Ekana Cricket Stadium, Lucknow","Bharat Ratna Shri Atal Bihari Vajpayee Ekana Cricket Stadium, Lucknow",Lucknow,Lucknow,Lucknow Super Giants,Sikandar Raza,"HAS Khalid, VK Sharma",Shakti Singh,6,20
1359496,2023-04-16,2023,T20,,Kolkata Knight Riders,Mumbai Indians,Mumbai Indians,,,5.0,Mumbai Indians,field,,"Wankhede Stadium, Mumbai","Wankhede Stadium, Mumbai",Mumbai,Mumbai,Mumbai Indians,VR Iyer,"BNJ Oxenford, UV Gandhe",R Seth,6,20
1359497,2023-04-16,2023,T20,,Gujarat Titans,Rajasthan Royals,Rajasthan Royals,,,3.0,Rajasthan Royals,field,,"Narendra Modi Stadium, Ahmedabad","Narendra Modi Stadium, Ahmedabad",Ahmedabad,Ahmedabad,Gujarat Titans,SO Hetmyer,"AK Chaudhary, CB Gaffaney",Prakash Bhatt,6,20
1359498,2023-04-17,2023,T20,,Chennai Super Kings,Royal Challengers Bangalore,Chennai Super Kings,,8.0,,Royal Challengers Bangalore,field,,"M Chinnaswamy Stadium, Bengaluru","M Chinnaswamy Stadium, Bengaluru",Bengaluru,Bengaluru,Royal Challengers Bangalore,DP Conway,"KN Ananthapadmanabhan, Navdeep Singh",Amit Sharma,6,20
1359499,2023-04-18,2023,T20,,Mumbai Indians,Sunrisers Hyderabad,Mumbai Indians,,14.0,,Sunrisers Hyderabad,field,,"Rajiv Gandhi International Stadium, Uppal, Hyderabad","Rajiv Gandhi International Stadium, Uppal, Hyderabad",Hyderabad,Hyderabad,Sunrisers Hyderabad,C Green,"Nitin Menon, Vinod Seshan",Shakti Singh,6,20
1359500,2023-04-19,2023,T20,,Lucknow Super Giants,Rajasthan Royals,Lucknow Super Giants,,10.0,,Rajasthan Royals,field,,"Sawai Mansingh Stadium, Jaipur","Sawai Mansingh Stadium, Jaipur",Jaipur,Jaipur,Rajasthan Royals,MP Stoinis,"J Madanagopal, YC Barde",R Seth,6,20
1359501,2023-04-20,2023,T20,,Royal Challengers Bangalore,Punjab Kings,Royal Challengers Bangalore,,24.0,,Punjab Kings,field,,"Punjab Cricket Association IS Bindra Stadium, Mohali, Chandigarh","Punjab Cricket Association IS Bindra Stadium, Mohali, Chandigarh",Chandigarh,Chandigarh,,Mohammed Siraj,"AK Chaudhary, GR Sadashiv Iyer",Prakash Bhatt,6,20
1359502,2023-04-20,2023,T20,,Kolkata Knight Riders,Delhi Capitals,Delhi Capitals,,,4.0,Delhi Capitals,field,,"Arun Jaitley Stadium, Delhi","Arun Jaitley Stadium, Delhi",Delhi,Delhi,Delhi Capitals,I Sharma,"MA Gough, R Pandit",Amit Sharma,6,20
1359503,2023-04-21,2023,T20,,Sunrisers Hyderabad,Chennai Super Kings,Chennai Super Kings,,,7.0,Chennai Super Kings,field,,"MA Chidambaram Stadium, Chepauk, Chennai","MA Chidambaram Stadium, Chepauk, Chennai",Chennai,Chennai,Chennai Super Kings,RA Jadeja,"HAS Khalid, VK Sharma",Shakti Singh,6,20
1359504,2023-04-22,2023,T20,,Gujarat Titans,Lucknow Super Giants,Gujarat Titans,,7.0,,Gujarat Titans,bat,,"Bharat Ratna Shri Atal Bihari Vajpayee Ekana Cricket Stadium, Lucknow","Bharat Ratna Shri Atal Bihari Vajpayee Ekana Cricket Stadium, Lucknow",Lucknow,Lucknow,Lucknow Super Giants,MM Sharma,"A Totre, RJ Tucker",R Seth,6,20
1359505,2023-04-22,2023,T20,,Punjab Kings,Mumbai Indians,Punjab Kings,,13.0,,Mumbai Indians,field,,"Wankhede Stadium, Mumbai","Wankhede Stadium, Mumbai",Mumbai,Mumbai,Mumbai Indians,SM Curran,"CB Gaffaney, GR Sadashiv Iyer",Prakash Bhatt,6,20
1359506,2023-04-23,2023,T20,,Royal Challengers Bangalore,Rajasthan Royals,Royal Challengers Bangalore,,7.0,,Rajasthan Royals,field,,"M Chinnaswamy Stadium, Bengaluru","M Chinnaswamy Stadium, Bengaluru",Bengaluru,Bengaluru,Royal Challengers Bangalore,GJ Maxwell,"MA Gough, MV Saidharshan Kumar",Amit Sharma,6,20
1359507,2023-04-23,2023,T20,,Chennai Super Kings,Kolkata Knight Riders,Chennai Super Kings,,49.0,,Kolkata Knight Riders,field,,"Eden Gardens, Kolkata","Eden Gardens, Kolkata",Kolkata,Kolkata,Kolkata Knight Riders,AM Rahane,"Nitin Menon, Tapan Sharma",Shakti Singh,6,20
1359508,2023-04-24,2023,T20,,Delhi Capitals,Sunrisers Hyderabad,Delhi Capitals,,7.0,,Delhi Capitals,bat,,"Rajiv Gandhi International Stadium, Uppal, Hyderabad","Rajiv Gandhi International Stadium, Uppal, Hyderabad",Hyderabad,Hyderabad,Sunrisers Hyderabad,AR Patel,"J Madanagopal, RJ Tucker",R Seth,6,20
1359509,2023-04-25,2023,T20,,Gujarat Titans,Mumbai Indians,Gujarat Titans,,55.0,,Mumbai Indians,field,,"Narendra Modi Stadium, Ahmedabad","Narendra Modi Stadium, Ahmedabad",Ahmedabad,Ahmedabad,Gujarat Titans,A Manohar,"AK Chaudhary, A Nand Kishore",SA Satbhai,6,20
1359510,2023-04-26,2023,T20,,Kolkata Knight Riders,Royal Challengers Bangalore,Kolkata Knight Riders,,21.0,,Royal Challengers Bangalore,field,,"M Chinnaswamy Stadium, Bengaluru","M Chinnaswamy Stadium, Bengaluru",Bengaluru,Bengaluru,Royal Challengers Bangalore,CV Varun,"KN Ananthapadmanabhan, R Pandit",Amit Sharma,6,20
1359511,2023-04-27,2023,T20,,Rajasthan Royals,Chennai Super Kings,Rajasthan Royals,,32.0,,Rajasthan Royals,bat,,"Sawai Mansingh Stadium, Jaipur","Sawai Mansingh Stadium, Jaipur",Jaipur,Jaipur,Rajasthan Royals,YBK Jaiswal,"A Totre, YC Barde",M Nayyar,6,20
1359512,2023-04-28,2023,T20,,Lucknow Super Giants,Punjab Kings,Lucknow Super Giants,,56.0,,Punjab Kings,field,,"Punjab Cricket Association IS Bindra Stadium, Mohali, Chandigarh","Punjab Cricket Association IS Bindra Stadium, Mohali, Chandigarh",Chandigarh,Chandigarh,,MP Stoinis,"Nitin Menon, Vinod Seshan",Shakti Singh,6,20
1359513,2023-04-29,2023,T20,,Kolkata Knight Riders,Gujarat Titans,Gujarat Titans,,,7.0,Gujarat Titans,field,,"Eden Gardens, Kolkata","Eden Gardens, Kolkata",Kolkata,Kolkata,Kolkata Knight Riders,J Little,"NA Patwardhan, GR Sadashiv Iyer",SA Satbhai,6,20
1359514,2023-04-29,2023,T20,,Sunrisers Hyderabad,Delhi Capitals,Sunrisers Hyderabad,,9.0,,Sunrisers Hyderabad,bat,,"Arun Jaitley Stadium, Delhi","Arun Jaitley Stadium, Delhi",Delhi,Delhi,Delhi Capitals,MR Marsh,"MA Gough, Navdeep Singh",V Narayan Kutty,6,20
1359515,2023-04-30,2023,T20,,Chennai Super Kings,Punjab Kings,Punjab Kings,,,4.0,Chennai Super Kings,bat,,"MA Chidambaram Stadium, Chepauk, Chennai","MA Chidambaram Stadium, Chepauk, Chennai",Chennai,Chennai,Chennai Super Kings,DP Conway,"RJ Tucker, UV Gandhe",M Nayyar,6,20
1359516,2023-04-30,2023,T20,,Rajasthan Royals,Mumbai Indians,Mumbai Indians,,,6.0,Rajasthan Royals,bat,,"Wankhede Stadium, Mumbai","Wankhede Stadium, Mumbai",Mumbai,Mumbai,Mumbai Indians,YBK Jaiswal,"Vinod Seshan, VK Sharma",J Srinath,6,20
1359517,2023-05-01,2023,T20,,Royal Challengers Bangalore,Lucknow Super Giants,Royal Challengers Bangalore,,18.0,,Royal Challengers Bangalore,bat,,"Bharat Ratna Shri Atal Bihari Vajpayee Ekana Cricket Stadium, Lucknow","Bharat Ratna Shri Atal Bihari Vajpayee Ekana Cricket Stadium, Lucknow",Lucknow,Lucknow,Lucknow Super Giants,F du Plessis,"AK Chaudhary, GR Sadashiv Iyer",Prakash Bhatt,6,20
1359518,2023-05-02,2023,T20,,Delhi Capitals,Gujarat Titans,Delhi Capitals,,5.0,,Delhi Capitals,bat,,"Narendra Modi Stadium, Ahmedabad","Narendra Modi Stadium, Ahmedabad",Ahmedabad,Ahmedabad,Gujarat Titans,Mohammed Shami,"MA Gough, R Pandit",V Narayan Kutty,6,20
1359519,2023-05-03,2023,T20,,Lucknow Super Giants,Chennai Super Kings,,no result,,,Chennai Super Kings,field,,"Bharat Ratna Shri Atal Bihari Vajpayee Ekana Cricket Stadium, Lucknow","Bharat Ratna Shri Atal Bihari Vajpayee Ekana Cricket Stadium, Lucknow",Lucknow,Lucknow,Lucknow Super Giants,,"AK Chaudhary, NA Patwardhan",Prakash Bhatt,6,20
1359520,2023-05-03,2023,T20,,Punjab Kings,Mumbai Indians,Mumbai Indians,,,6.0,Mumbai Indians,field,,"Punjab Cricket Association IS Bindra Stadium, Mohali, Chandigarh","Punjab Cricket Association IS Bindra Stadium, Mohali, Chandigarh",Chandigarh,Chandigarh,,Ishan Kishan,"J Madanagopal, RJ Tucker",SS Raul,6,20
1359521,2023-05-04,2023,T20,,Kolkata Knight Riders,Sunrisers Hyderabad,Kolkata Knight Riders,,5.0,,Kolkata Knight Riders,bat,,"Rajiv Gandhi International Stadium, Uppal, Hyderabad","Rajiv Gandhi International Stadium, Uppal, Hyderabad",Hyderabad,Hyderabad,Sunrisers Hyderabad,CV Varun,"KN Ananthapadmanabhan, MA Gough",V Narayan Kutty,6,20
1359522,2023-05-05,2023,T20,,Rajasthan Royals,Gujarat Titans,Gujarat Titans,,,9.0,Rajasthan Royals,bat,,"Sawai Mansingh Stadium, Jaipur","Sawai Mansingh Stadium, Jaipur",Jaipur,Jaipur,Rajasthan Royals,Rashid Khan,"HAS Khalid, VK Sharma",J Srinath,6,20
1359523,2023-05-06,2023,T20,,Mumbai Indians,Chennai Super Kings,Chennai Super Kings,,,6.0,Chennai Super Kings,field,,"MA Chidambaram Stadium, Chepauk, Chennai","MA Chidambaram Stadium, Chepauk, Chennai",Chennai,Chennai,Chennai Super Kings,M Pathirana,"BNJ Oxenford, Navdeep Singh",V Narayan Kutty,6,20
1359524,2023-05-06,2023,T20,,Royal Challengers Bangalore,Delhi Capitals,Delhi Capitals,,,7.0,Royal Challengers Bangalore,bat,,"Arun Jaitley Stadium, Delhi","Arun Jaitley Stadium, Delhi",Delhi,Delhi,Delhi Capitals,PD Salt,"RJ Tucker, YC Barde",M Nayyar,6,20
1359525,2023-05-07,2023,T20,,Gujarat Titans,Lucknow Super Giants,Gujarat Titans,,56.0,,Lucknow Super Giants,field,,"Narendra Modi Stadium, Ahmedabad","Narendra Modi Stadium, Ahmedabad",Ahmedabad,Ahmedabad,Gujarat Titans,Shubman Gill,"AK Chaudhary, A Nand Kishore",Prakash Bhatt,6,20
1359526,2023-05-07,2023,T20,,Rajasthan Royals,Sunrisers Hyderabad,Sunrisers Hyderabad,,,4.0,Rajasthan Royals,bat,,"Sawai Mansingh Stadium, Jaipur","Sawai Mansingh Stadium, Jaipur",Jaipur,Jaipur,Rajasthan Royals,GD Phillips,"Nitin Menon, Vinod Seshan",J Srinath,6,20
1359527,2023-05-08,2023,T20,,Punjab Kings,Kolkata Knight Riders,Kolkata Knight Riders,,,5.0,Punjab Kings,bat,,"Eden Gardens, Kolkata","Eden Gardens, Kolkata",Kolkata,Kolkata,Kolkata Knight Riders,AD Russell,"A Totre, J Madanagopal",SS Raul,6,20
1359528,2023-05-09,2023,T20,,Royal Challengers Bangalore,Mumbai Indians,Mumbai Indians,,,6.0,Mumbai Indians,field,,"Wankhede Stadium, Mumbai","Wankhede Stadium, Mumbai",Mumbai,Mumbai,Mumbai Indians,SA Yadav,"HAS Khalid, VK Sharma",RS Sodhi,6,20
1359529,2023-05-10,2023,T20,,Chennai Super Kings,Delhi Capitals,Chennai Super Kings,,27.0,,Chennai Super Kings,bat,,"MA Chidambaram Stadium, Chepauk, Chennai","MA Chidambaram Stadium, Chepauk, Chennai",Chennai,Chennai,Chennai Super Kings,RA Jadeja,"CB Gaffaney, NA Patwardhan",Sanjay Verma,6,20
1359530,2023-05-11,2023,T20,,Kolkata Knight Riders,Rajasthan Royals,Rajasthan Royals,,,9.0,Rajasthan Royals,field,,"Eden Gardens, Kolkata","Eden Gardens, Kolkata",Kolkata,Kolkata,Kolkata Knight Riders,YBK Jaiswal,"RJ Tucker, MV Saidharshan Kumar",P Dharmani,6,20
1359531,2023-05-12,2023,T20,,Mumbai Indians,Gujarat Titans,Mumbai Indians,,27.0,,Gujarat Titans,field,,"Wankhede Stadium, Mumbai","Wankhede Stadium, Mumbai",Mumbai,Mumbai,Mumbai Indians,SA Yadav,"Nitin Menon, Tapan Sharma",RS Sodhi,6,20
1359532,2023-05-13,2023,T20,,Sunrisers Hyderabad,Lucknow Super Giants,Lucknow Super Giants,,,7.0,Sunrisers Hyderabad,bat,,"Rajiv Gandhi International Stadium, Uppal, Hyderabad","Rajiv Gandhi International Stadium, Uppal, Hyderabad",Hyderabad,Hyderabad,Sunrisers Hyderabad,PN Mankad,"A Totre, J Madanagopal",P Dharmani,6,20
1359533,2023-05-13,2023,T20,,Punjab Kings,Delhi Capitals,Punjab Kings,,31.0,,Delhi Capitals,field,,"Arun Jaitley Stadium, Delhi","Arun Jaitley Stadium, Delhi",Delhi,Delhi,Delhi Capitals,P Simran Singh,"CB Gaffaney, NA Patwardhan",Sanjay Verma,6,20
1359534,2023-05-14,2023,T20,,Royal Challengers Bangalore,Rajasthan Royals,Royal Challengers Bangalore,,112.0,,Royal Challengers Bangalore,bat,,"Sawai Mansingh Stadium, Jaipur","Sawai Mansingh Stadium, Jaipur",Jaipur,Jaipur,Rajasthan Royals,WD Parnell,"KN Ananthapadmanabhan, Navdeep Singh",V Narayan Kutty,6,20
1359535,2023-05-14,2023,T20,,Chennai Super Kings,Kolkata Knight Riders,Kolkata Knight Riders,,,6.0,Chennai Super Kings,bat,,"MA Chidambaram Stadium, Chepauk, Chennai","MA Chidambaram Stadium, Chepauk, Chennai",Chennai,Chennai,Chennai Super Kings,RK Singh,"Tapan Sharma, Vinod Seshan",J Srinath,6,20
1359536,2023-05-15,2023,T20,,Gujarat Titans,Sunrisers Hyderabad,Gujarat Titans,,34.0,,Sunrisers Hyderabad,field,,"Narendra Modi Stadium, Ahmedabad","Narendra Modi Stadium, Ahmedabad",Ahmedabad,Ahmedabad,Gujarat Titans,Shubman Gill,"J Madanagopal, UV Gandhe",M Nayyar,6,20
1359537,2023-05-16,2023,T20,,Lucknow Super Giants,Mumbai Indians,Lucknow Super Giants,,5.0,,Mumbai Indians,field,,"Bharat Ratna Shri Atal Bihari Vajpayee Ekana Cricket Stadium, Lucknow","Bharat Ratna Shri Atal Bihari Vajpayee Ekana Cricket Stadium, Lucknow",Lucknow,Lucknow,Lucknow Super Giants,MP Stoinis,"AK Chaudhary, A Nand Kishore",Sanjay Verma,6,20
1359538,2023-05-17,2023,T20,,Delhi Capitals,Punjab Kings,Delhi Capitals,,15.0,,Punjab Kings,field,,"Himachal Pradesh Cricket Association Stadium, Dharamsala","Himachal Pradesh Cricket Association Stadium, Dharamsala",Dharamsala,Dharamsala,Punjab Kings,RR Rossouw,"KN Ananthapadmanabhan, MV Saidharshan Kumar",P Dharmani,6,20
1359539,2023-05-18,2023,T20,,Sunrisers Hyderabad,Royal Challengers Bangalore,Royal Challengers Bangalore,,,8.0,Royal Challengers Bangalore,field,,"Rajiv Gandhi International Stadium, Uppal, Hyderabad","Rajiv Gandhi International Stadium, Uppal, Hyderabad",Hyderabad,Hyderabad,Sunrisers Hyderabad,V Kohli,"BNJ Oxenford, VK Sharma",J Srinath,6,20
1359540,2023-05-19,2023,T20,,Punjab Kings,Rajasthan Royals,Rajasthan Royals,,,4.0,Rajasthan Royals,field,,"Himachal Pradesh Cricket Association Stadium, Dharamsala","Himachal Pradesh Cricket Association Stadium, Dharamsala",Dharamsala,Dharamsala,Punjab Kings,D Padikkal,"A Nand Kishore, RJ Tucker",P Dharmani,6,20
1359541,2023-05-20,2023,T20,,Chennai Super Kings,Delhi Capitals,Chennai Super Kings,,77.0,,Chennai Super Kings,bat,,"Arun Jaitley Stadium, Delhi","Arun Jaitley Stadium, Delhi",Delhi,Delhi,Delhi Capitals,RD Gaikwad,"CB Gaffaney, NA Patwardhan",Sanjay Verma,6,20
1359542,2023-05-20,2023,T20,,Lucknow Super Giants,Kolkata Knight Riders,Lucknow Super Giants,,1.0,,Kolkata Knight Riders,field,,"Eden Gardens, Kolkata","Eden Gardens, Kolkata",Kolkata,Kolkata,Kolkata Knight Riders,N Pooran,"J Madanagopal, UV Gandhe",M Nayyar,6,20
1359543,2023-05-21,2023,T20,,Sunrisers Hyderabad,Mumbai Indians,Mumbai Indians,,,8.0,Mumbai Indians,field,,"Wankhede Stadium, Mumbai","Wankhede Stadium, Mumbai",Mumbai,Mumbai,Mumbai Indians,C Green,"KN Ananthapadmanabhan, RJ Tucker",P Dharmani,6,20
1359544,2023-05-21,2023,T20,,Royal Challengers Bangalore,Gujarat Titans,Gujarat Titans,,,6.0,Gujarat Titans,field,,"M Chinnaswamy Stadium, Bengaluru","M Chinnaswamy Stadium, Bengaluru",Bengaluru,Bengaluru,Royal Challengers Bangalore,Shubman Gill,"Nitin Menon, VK Sharma",J Srinath,6,20
1370350,2023-05-23,2023,T20,,Chennai Super Kings,Gujarat Titans,Chennai Super Kings,,15.0,,Gujarat Titans,field,,"MA Chidambaram Stadium, Chepauk, Chennai","MA Chidambaram Stadium, Chepauk, Chennai",Chennai,Chennai,Chennai Super Kings,RD Gaikwad,"AK Chaudhary, CB Gaffaney",M Nayyar,6,20
1370351,2023-05-24,2023,T20,,Mumbai Indians,Lucknow Super Giants,Mumbai Indians,,81.0,,Mumbai Indians,bat,,"MA Chidambaram Stadium, Chepauk, Chennai","MA Chidambaram Stadium, Chepauk, Chennai",Chennai,Chennai,,Akash Madhwal,"BNJ Oxenford, VK Sharma",V Narayan Kutty,6,20
1370352,2023-05-26,2023,T20,,Gujarat Titans,Mumbai Indians,Gujarat Titans,,62.0,,Mumbai Indians,field,,"Narendra Modi Stadium, Ahmedabad","Narendra Modi Stadium, Ahmedabad",Ahmedabad,Ahmedabad,Gujarat Titans,Shubman Gill,"Nitin Menon, RJ Tucker",J Srinath,6,20
1370353,2023-05-29,2023,T20,,Gujarat Titans,Chennai Super Kings,Chennai Super Kings,,,5.0,Chennai Super Kings,field,D/L,"Narendra Modi Stadium, Ahmedabad","Narendra Modi Stadium, Ahmedabad",Ahmedabad,Ahmedabad,Gujarat Titans,DP Conway,"Nitin Menon, RJ Tucker",J Srinath,6,20
1422119,2024-03-22,2024,T20,,Royal Challengers Bangalore,Chennai Super Kings,Chennai Super Kings,,,6.0,Royal Challengers Bangalore,bat,,"MA Chidambaram Stadium, Chepauk, Chennai","MA Chidambaram Stadium, Chepauk, Chennai",Chennai,Chennai,Chennai Super Kings,Mustafizur Rahman,"HAS Khalid, VK Sharma",J Srinath,6,20
1422120,2024-03-23,2024,T20,,Delhi Capitals,Punjab Kings,Punjab Kings,,,4.0,Punjab Kings,field,,"Maharaja Yadavindra Singh International Cricket Stadium, Mullanpur","Maharaja Yadavindra Singh International Cricket Stadium, Mullanpur",Mohali,Mullanpur,,SM Curran,"J Madanagopal, NA Patwardhan",V Narayan Kutty,6,20
1422121,2024-03-23,2024,T20,,Kolkata Knight Riders,Sunrisers Hyderabad,Kolkata Knight Riders,,4.0,,Sunrisers Hyderabad,field,,"Eden Gardens, Kolkata","Eden Gardens, Kolkata",Kolkata,Kolkata,Kolkata Knight Riders,AD Russell,"R Pandit, YC Barde",M Nayyar,6,20
1422122,2024-03-24,2024,T20,,Rajasthan Royals,Lucknow Super Giants,Rajasthan Royals,,20.0,,Rajasthan Royals,bat,,"Sawai Mansingh Stadium, Jaipur","Sawai Mansingh Stadium, Jaipur",Jaipur,Jaipur,Rajasthan Royals,SV Samson,"A Totre, HDPK Dharmasena",Prakash Bhatt,6,20
1422123,2024-03-24,2024,T20,,Gujarat Titans,Mumbai Indians,Gujarat Titans,,6.0,,Mumbai Indians,field,,"Narendra Modi Stadium, Ahmedabad","Narendra Modi Stadium, Ahmedabad",Ahmedabad,Ahmedabad,Gujarat Titans,B Sai Sudharsan,"VA Kulkarni, VK Sharma",J Srinath,6,20
1422124,2024-03-25,2024,T20,,Punjab Kings,Royal Challengers Bangalore,Royal Challengers Bangalore,,,4.0,Royal Challengers Bangalore,field,,"M Chinnaswamy Stadium, Bengaluru","M Chinnaswamy Stadium, Bengaluru",Bengaluru,Bengaluru,Royal Challengers Bangalore,V Kohli,"AK Chaudhary, MV Saidharshan Kumar",M Nayyar,6,20
1422125,2024-03-26,2024,T20,,Chennai Super Kings,Gujarat Titans,Chennai Super Kings,,63.0,,Gujarat Titans,field,,"MA Chidambaram Stadium, Chepauk, Chennai","MA Chidambaram Stadium, Chepauk, Chennai",Chennai,Chennai,Chennai Super Kings,S Dube,"AG Wharf, Tapan Sharma",V Narayan Kutty,6,20
1422126,2024-03-27,2024,T20,,Sunrisers Hyderabad,Mumbai Indians,Sunrisers Hyderabad,,31.0,,Mumbai Indians,field,,"Rajiv Gandhi International Stadium, Uppal, Hyderabad","Rajiv Gandhi International Stadium, Uppal, Hyderabad",Hyderabad,Hyderabad,Sunrisers Hyderabad,Abhishek Sharma,"KN Ananthapadmanabhan, UV Gandhe",Prakash Bhatt,6,20
1422127,2024-03-28,2024,T20,,Rajasthan Royals,Delhi Capitals,Rajasthan Royals,,12.0,,Delhi Capitals,field,,"Sawai Mansingh Stadium, Jaipur","Sawai Mansingh Stadium, Jaipur",Jaipur,Jaipur,Rajasthan Royals,R Parag,"A Nand Kishore, Nitin Menon",J Srinath,6,20
1422128,2024-03-29,2024,T20,,Royal Challengers Bangalore,Kolkata Knight Riders,Kolkata Knight Riders,,,7.0,Kolkata Knight Riders,field,,"M Chinnaswamy Stadium, Bengaluru","M Chinnaswamy Stadium, Bengaluru",Bengaluru,Bengaluru,Royal Challengers Bangalore,SP Narine,"AK Chaudhary, R Pandit",M Nayyar,6,20
1422129,2024-03-30,2024,T20,,Lucknow Super Giants,Punjab Kings,Lucknow Super Giants,,21.0,,Lucknow Super Giants,bat,,"Bharat Ratna Shri Atal Bihari Vajpayee Ekana Cricket Stadium, Lucknow","Bharat Ratna Shri Atal Bihari Vajpayee Ekana Cricket Stadium, Lucknow",Lucknow,Lucknow,Lucknow Super Giants,MP Yadav,"J Madanagopal, Navdeep Singh",V Narayan Kutty,6,20
1422130,2024-03-31,2024,T20,,Sunrisers Hyderabad,Gujarat Titans,Gujarat Titans,,,7.0,Sunrisers Hyderabad,bat,,"Narendra Modi Stadium, Ahmedabad","Narendra Modi Stadium, Ahmedabad",Ahmedabad,Ahmedabad,Gujarat Titans,MM Sharma,"HAS Khalid, VK Sharma",J Srinath,6,20
1422131,2024-03-31,2024,T20,,Delhi Capitals,Chennai Super Kings,Delhi Capitals,,20.0,,Delhi Capitals,bat,,"Dr. Y.S. Rajasekhara Reddy ACA-VDCA Cricket Stadium, Visakhapatnam","Dr. Y.S. Rajasekhara Reddy ACA-VDCA Cricket Stadium, Visakhapatnam",Visakhapatnam,Visakhapatnam,,KK Ahmed,"HDPK Dharmasena, Vinod Seshan",Prakash Bhatt,6,20
1422132,2024-04-01,2024,T20,,Mumbai Indians,Rajasthan Royals,Rajasthan Royals,,,6.0,Rajasthan Royals,field,,"Wankhede Stadium, Mumbai","Wankhede Stadium, Mumbai",Mumbai,Mumbai,Mumbai Indians,TA Boult,"MV Saidharshan Kumar, YC Barde",M Nayyar,6,20
1422133,2024-04-02,2024,T20,,Lucknow Super Giants,Royal Challengers Bangalore,Lucknow Super Giants,,28.0,,Royal Challengers Bangalore,field,,"M Chinnaswamy Stadium, Bengaluru","M Chinnaswamy Stadium, Bengaluru",Bengaluru,Bengaluru,Royal Challengers Bangalore,MP Yadav,"J Madanagopal, NA Patwardhan",V Narayan Kutty,6,20
1422134,2024-04-03,2024,T20,,Kolkata Knight Riders,Delhi Capitals,Kolkata Knight Riders,,106.0,,Kolkata Knight Riders,bat,,"Dr. Y.S. Rajasekhara Reddy ACA-VDCA Cricket Stadium, Visakhapatnam","Dr. Y.S. Rajasekhara Reddy ACA-VDCA Cricket Stadium, Visakhapatnam",Visakhapatnam,Visakhapatnam,,SP Narine,"A Totre, UV Gandhe",Prakash Bhatt,6,20
1422135,2024-04-04,2024,T20,,Gujarat Titans,Punjab Kings,Punjab Kings,,,3.0,Punjab Kings,field,,"Narendra Modi Stadium, Ahmedabad","Narendra Modi Stadium, Ahmedabad",Ahmedabad,Ahmedabad,Gujarat Titans,Shashank Singh,"Nitin Menon, VA Kulkarni",J Srinath,6,20
1422136,2024-04-05,2024,T20,,Chennai Super Kings,Sunrisers Hyderabad,Sunrisers Hyderabad,,,6.0,Sunrisers Hyderabad,field,,"Rajiv Gandhi International Stadium, Uppal, Hyderabad","Rajiv Gandhi International Stadium, Uppal, Hyderabad",Hyderabad,Hyderabad,Sunrisers Hyderabad,Abhishek Sharma,"R Pandit, YC Barde",M Nayyar,6,20
1422137,2024-04-06,2024,T20,,Royal Challengers Bangalore,Rajasthan Royals,Rajasthan Royals,,,6.0,Rajasthan Royals,field,,"Sawai Mansingh Stadium, Jaipur","Sawai Mansingh Stadium, Jaipur",Jaipur,Jaipur,Rajasthan Royals,JC Buttler,"AG Wharf, Tapan Sharma",V Narayan Kutty,6,20
1422138,2024-04-07,2024,T20,,Mumbai Indians,Delhi Capitals,Mumbai Indians,,29.0,,Delhi Capitals,field,,"Wankhede Stadium, Mumbai","Wankhede Stadium, Mumbai",Mumbai,Mumbai,Mumbai Indians,R Shepherd,"HDPK Dharmasena, UV Gandhe",Prakash Bhatt,6,20
1422139,2024-04-07,2024,T20,,Lucknow Super Giants,Gujarat Titans,Lucknow Super Giants,,33.0,,Lucknow Super Giants,bat,,"Bharat Ratna Shri Atal Bihari Vajpayee Ekana Cricket Stadium, Lucknow","Bharat Ratna Shri Atal Bihari Vajpayee Ekana Cricket Stadium, Lucknow",Lucknow,Lucknow,Lucknow Super Giants,Yash Thakur,"A Nand Kishore, VK Sharma",J Srinath,6,20
1426260,2024-04-08,2024,T20,,Kolkata Knight Riders,Chennai Super Kings,Chennai Super Kings,,,7.0,Chennai Super Kings,field,,"MA Chidambaram Stadium, Chepauk, Chennai","MA Chidambaram Stadium, Chepauk, Chennai",Chennai,Chennai,Chennai Super Kings,RA Jadeja,"AK Chaudhary, MV Saidharshan Kumar",M Nayyar,6,20
1426261,2024-04-09,2024,T20,,Sunrisers Hyderabad,Punjab Kings,Sunrisers Hyderabad,,2.0,,Punjab Kings,field,,"Maharaja Yadavindra Singh International Cricket Stadium, Mullanpur","Maharaja Yadavindra Singh International Cricket Stadium, Mullanpur",Mohali,Mullanpur,,Nithish Kumar Reddy,"Navdeep Singh, NA Patwardhan",V Narayan Kutty,6,20
1426262,2024-04-10,2024,T20,,Rajasthan Royals,Gujarat Titans,Gujarat Titans,,,3.0,Gujarat Titans,field,,"Sawai Mansingh Stadium, Jaipur","Sawai Mansingh Stadium, Jaipur",Jaipur,Jaipur,Rajasthan Royals,Rashid Khan,"HDPK Dharmasena, Vinod Seshan",Prakash Bhatt,6,20
1426263,2024-04-11,2024,T20,,Royal Challengers Bangalore,Mumbai Indians,Mumbai Indians,,,7.0,Mumbai Indians,field,,"Wankhede Stadium, Mumbai","Wankhede Stadium, Mumbai",Mumbai,Mumbai,Mumbai Indians,JJ Bumrah,"Nitin Menon, VA Kulkarni",J Srinath,6,20
1426264,2024-04-12,2024,T20,,Lucknow Super Giants,Delhi Capitals,Delhi Capitals,,,6.0,Lucknow Super Giants,bat,,"Bharat Ratna Shri Atal Bihari Vajpayee Ekana Cricket Stadium, Lucknow","Bharat Ratna Shri Atal Bihari Vajpayee Ekana Cricket Stadium, Lucknow",Lucknow,Lucknow,Lucknow Super Giants,Kuldeep Yadav,"R Pandit, YC Barde",M Nayyar,6,20
1426265,2024-04-13,2024,T20,,Punjab Kings,Rajasthan Royals,Rajasthan Royals,,,3.0,Rajasthan Royals,field,,"Maharaja Yadavindra Singh International Cricket Stadium, Mullanpur","Maharaja Yadavindra Singh International Cricket Stadium, Mullanpur",Mohali,Mullanpur,,SO Hetmyer,"AK Chaudhary, Tapan Sharma",V Narayan Kutty,6,20
1426266,2024-04-14,2024,T20,,Lucknow Super Giants,Kolkata Knight Riders,Kolkata Knight Riders,,,8.0,Kolkata Knight Riders,field,,"Eden Gardens, Kolkata","Eden Gardens, Kolkata",Kolkata,Kolkata,Kolkata Knight Riders,PD Salt,"A Totre, Vinod Seshan",Amit Sharma,6,20
1426267,2024-04-14,2024,T20,,Chennai Super Kings,Mumbai Indians,Chennai Super Kings,,20.0,,Mumbai Indians,field,,"Wankhede Stadium, Mumbai","Wankhede Stadium, Mumbai",Mumbai,Mumbai,Mumbai Indians,M Pathirana,"Nitin Menon, HAS Khalid",J Srinath,6,20
1426268,2024-04-15,2024,T20,,Sunrisers Hyderabad,Royal Challengers Bangalore,Sunrisers Hyderabad,,25.0,,Royal Challengers Bangalore,field,,"M Chinnaswamy Stadium, Bengaluru","M Chinnaswamy Stadium, Bengaluru",Bengaluru,Bengaluru,Royal Challengers Bangalore,TM Head,"AK Chaudhary, R Pandit",M Nayyar,6,20
1426269,2024-04-16,2024,T20,,Kolkata Knight Riders,Rajasthan Royals,Rajasthan Royals,,,2.0,Rajasthan Royals,field,,"Eden Gardens, Kolkata","Eden Gardens, Kolkata",Kolkata,Kolkata,Kolkata Knight Riders,JC Buttler,"MA Gough, UV Gandhe",Amit Sharma,6,20
1426270,2024-04-17,2024,T20,,Gujarat Titans,Delhi Capitals,Delhi Capitals,,,6.0,Delhi Capitals,field,,"Narendra Modi Stadium, Ahmedabad","Narendra Modi Stadium, Ahmedabad",Ahmedabad,Ahmedabad,Gujarat Titans,RR Pant,"NA Patwardhan, VK Sharma",V Narayan Kutty,6,20
1426271,2024-04-18,2024,T20,,Mumbai Indians,Punjab Kings,Mumbai Indians,,9.0,,Punjab Kings,field,,"Maharaja Yadavindra Singh International Cricket Stadium, Mullanpur","Maharaja Yadavindra Singh International Cricket Stadium, Mullanpur",Mohali,Mullanpur,,JJ Bumrah,"A Nand Kishore, VA Kulkarni",Sanjay Verma,6,20
1426272,2024-04-19,2024,T20,,Chennai Super Kings,Lucknow Super Giants,Lucknow Super Giants,,,8.0,Lucknow Super Giants,field,,"Bharat Ratna Shri Atal Bihari Vajpayee Ekana Cricket Stadium, Lucknow","Bharat Ratna Shri Atal Bihari Vajpayee Ekana Cricket Stadium, Lucknow",Lucknow,Lucknow,Lucknow Super Giants,KL Rahul,"AK Chaudhary, R Pandit",M Nayyar,6,20
1426273,2024-04-20,2024,T20,,Sunrisers Hyderabad,Delhi Capitals,Sunrisers Hyderabad,,67.0,,Delhi Capitals,field,,"Arun Jaitley Stadium, Delhi","Arun Jaitley Stadium, Delhi",Delhi,Delhi,Delhi Capitals,TM Head,"J Madanagopal, Navdeep Singh",Sanjay Verma,6,20
1426274,2024-04-21,2024,T20,,Kolkata Knight Riders,Royal Challengers Bangalore,Kolkata Knight Riders,,1.0,,Royal Challengers Bangalore,field,,"Eden Gardens, Kolkata","Eden Gardens, Kolkata",Kolkata,Kolkata,Kolkata Knight Riders,AD Russell,"A Totre, Vinod Seshan",Amit Sharma,6,20
1426275,2024-04-21,2024,T20,,Punjab Kings,Gujarat Titans,Gujarat Titans,,,3.0,Punjab Kings,bat,,"Maharaja Yadavindra Singh International Cricket Stadium, Mullanpur","Maharaja Yadavindra Singh International Cricket Stadium, Mullanpur",Mohali,Mullanpur,,R Sai Kishore,"A Nand Kishore, VA Kulkarni",J Srinath,6,20
1426276,2024-04-22,2024,T20,,Mumbai Indians,Rajasthan Royals,Rajasthan Royals,,,9.0,Mumbai Indians,bat,,"Sawai Mansingh Stadium, Jaipur","Sawai Mansingh Stadium, Jaipur",Jaipur,Jaipur,Rajasthan Royals,Sandeep Sharma,"AK Chaudhary, MV Saidharshan Kumar",M Nayyar,6,20
1426277,2024-04-23,2024,T20,,Chennai Super Kings,Lucknow Super Giants,Lucknow Super Giants,,,6.0,Lucknow Super Giants,field,,"MA Chidambaram Stadium, Chepauk, Chennai","MA Chidambaram Stadium, Chepauk, Chennai",Chennai,Chennai,Chennai Super Kings,MP Stoinis,"NA Patwardhan, Tapan Sharma",Sanjay Verma,6,20
1426278,2024-04-24,2024,T20,,Delhi Capitals,Gujarat Titans,Delhi Capitals,,4.0,,Gujarat Titans,field,,"Arun Jaitley Stadium, Delhi","Arun Jaitley Stadium, Delhi",Delhi,Delhi,Delhi Capitals,RR Pant,"KN Ananthapadmanabhan, UV Gandhe",Amit Sharma,6,20
1426279,2024-04-25,2024,T20,,Royal Challengers Bangalore,Sunrisers Hyderabad,Royal Challengers Bangalore,,35.0,,Royal Challengers Bangalore,bat,,"Rajiv Gandhi International Stadium, Uppal, Hyderabad","Rajiv Gandhi International Stadium, Uppal, Hyderabad",Hyderabad,Hyderabad,Sunrisers Hyderabad,RM Patidar,"Nitin Menon, HAS Khalid",J Srinath,6,20
1426280,2024-04-26,2024,T20,,Kolkata Knight Riders,Punjab Kings,Punjab Kings,,,8.0,Punjab Kings,field,,"Eden Gardens, Kolkata","Eden Gardens, Kolkata",Kolkata,Kolkata,Kolkata Knight Riders,JM Bairstow,"AK Chaudhary, YC Barde",Sanjay Verma,6,20
1426281,2024-04-27,2024,T20,,Delhi Capitals,Mumbai Indians,Delhi Capitals,,10.0,,Mumbai Indians,field,,"Arun Jaitley Stadium, Delhi","Arun Jaitley Stadium, Delhi",Delhi,Delhi,Delhi Capitals,J Fraser-McGurk,"Navdeep Singh, NA Patwardhan",V Narayan Kutty,6,20
1426282,2024-04-27,2024,T20,,Lucknow Super Giants,Rajasthan Royals,Rajasthan Royals,,,7.0,Rajasthan Royals,field,,"Bharat Ratna Shri Atal Bihari Vajpayee Ekana Cricket Stadium, Lucknow","Bharat Ratna Shri Atal Bihari Vajpayee Ekana Cricket Stadium, Lucknow",Lucknow,Lucknow,Lucknow Super Giants,SV Samson,"KN Ananthapadmanabhan, MA Gough",Amit Sharma,6,20
1426283,2024-04-28,2024,T20,,Gujarat Titans,Royal Challengers Bangalore,Royal Challengers Bangalore,,,9.0,Royal Challengers Bangalore,field,,"Narendra Modi Stadium, Ahmedabad","Narendra Modi Stadium, Ahmedabad",Ahmedabad,Ahmedabad,Gujarat Titans,WG Jacks,"Nitin Menon, VK Sharma",J Srinath,6,20
1426284,2024-04-28,2024,T20,,Chennai Super Kings,Sunrisers Hyderabad,Chennai Super Kings,,78.0,,Sunrisers Hyderabad,field,,"MA Chidambaram Stadium, Chepauk, Chennai","MA Chidambaram Stadium, Chepauk, Chennai",Chennai,Chennai,Chennai Super Kings,RD Gaikwad,"R Pandit, MV Saidharshan Kumar",Sanjay Verma,6,20
1426285,2024-04-29,2024,T20,,Delhi Capitals,Kolkata Knight Riders,Kolkata Knight Riders,,,7.0,Delhi Capitals,bat,,"Eden Gardens, Kolkata","Eden Gardens, Kolkata",Kolkata,Kolkata,Kolkata Knight Riders,CV Varun,"Navdeep Singh, Tapan Sharma",V Narayan Kutty,6,20
1426286,2024-04-30,2024,T20,,Mumbai Indians,Lucknow Super Giants,Lucknow Super Giants,,,4.0,Lucknow Super Giants,field,,"Bharat Ratna Shri Atal Bihari Vajpayee Ekana Cricket Stadium, Lucknow","Bharat Ratna Shri Atal Bihari Vajpayee Ekana Cricket Stadium, Lucknow",Lucknow,Lucknow,Lucknow Super Giants,MP Stoinis,"MA Gough, UV Gandhe",DS Manohar,6,20
1426287,2024-05-01,2024,T20,,Chennai Super Kings,Punjab Kings,Punjab Kings,,,7.0,Punjab Kings,field,,"MA Chidambaram Stadium, Chepauk, Chennai","MA Chidambaram Stadium, Chepauk, Chennai",Chennai,Chennai,Chennai Super Kings,Harpreet Brar,"HAS Khalid, VK Sharma",R Seth,6,20
1426288,2024-05-02,2024,T20,,Sunrisers Hyderabad,Rajasthan Royals,Sunrisers Hyderabad,,1.0,,Sunrisers Hyderabad,bat,,"Rajiv Gandhi International Stadium, Uppal, Hyderabad","Rajiv Gandhi International Stadium, Uppal, Hyderabad",Hyderabad,Hyderabad,Sunrisers Hyderabad,B Kumar,"AK Chaudhary, YC Barde",Shakti Singh,6,20
1426289,2024-05-03,2024,T20,,Kolkata Knight Riders,Mumbai Indians,Kolkata Knight Riders,,24.0,,Mumbai Indians,field,,"Wankhede Stadium, Mumbai","Wankhede Stadium, Mumbai",Mumbai,Mumbai,Mumbai Indians,VR Iyer,"J Madanagopal, Tapan Sharma",P Dharmani,6,20
1426290,2024-05-04,2024,T20,,Gujarat Titans,Royal Challengers Bangalore,Royal Challengers Bangalore,,,4.0,Royal Challengers Bangalore,field,,"M Chinnaswamy Stadium, Bengaluru","M Chinnaswamy Stadium, Bengaluru",Bengaluru,Bengaluru,Royal Challengers Bangalore,Mohammed Siraj,"A Totre, Vinod Seshan",DS Manohar,6,20
1426291,2024-05-05,2024,T20,,Chennai Super Kings,Punjab Kings,Chennai Super Kings,,28.0,,Punjab Kings,field,,"Himachal Pradesh Cricket Association Stadium, Dharamsala","Himachal Pradesh Cricket Association Stadium, Dharamsala",Dharamsala,Dharamsala,Punjab Kings,RA Jadeja,"A Nand Kishore, VA Kulkarni",R Seth,6,20
1426292,2024-05-05,2024,T20,,Kolkata Knight Riders,Lucknow Super Giants,Kolkata Knight Riders,,98.0,,Lucknow Super Giants,field,,"Bharat Ratna Shri Atal Bihari Vajpayee Ekana Cricket Stadium, Lucknow","Bharat Ratna Shri Atal Bihari Vajpayee Ekana Cricket Stadium, Lucknow",Lucknow,Lucknow,Lucknow Super Giants,SP Narine,"MV Saidharshan Kumar, YC Barde",Shakti Singh,6,20
1426293,2024-05-06,2024,T20,,Sunrisers Hyderabad,Mumbai Indians,Mumbai Indians,,,7.0,Mumbai Indians,field,,"Wankhede Stadium, Mumbai","Wankhede Stadium, Mumbai",Mumbai,Mumbai,Mumbai Indians,SA Yadav,"Navdeep Singh, Tapan Sharma",P Dharmani,6,20
1426294,2024-05-07,2024,T20,,Delhi Capitals,Rajasthan Royals,Delhi Capitals,,20.0,,Rajasthan Royals,field,,"Arun Jaitley Stadium, Delhi","Arun Jaitley Stadium, Delhi",Delhi,Delhi,Delhi Capitals,Kuldeep Yadav,"KN Ananthapadmanabhan, UV Gandhe",DS Manohar,6,20
1426295,2024-05-08,2024,T20,,Lucknow Super Giants,Sunrisers Hyderabad,Sunrisers Hyderabad,,,10.0,Lucknow Super Giants,bat,,"Rajiv Gandhi International Stadium, Uppal, Hyderabad","Rajiv Gandhi International Stadium, Uppal, Hyderabad",Hyderabad,Hyderabad,Sunrisers Hyderabad,TM Head,"MV Saidharshan Kumar, YC Barde",Shakti Singh,6,20
1426296,2024-05-09,2024,T20,,Royal Challengers Bangalore,Punjab Kings,Royal Challengers Bangalore,,60.0,,Punjab Kings,field,,"Himachal Pradesh Cricket Association Stadium, Dharamsala","Himachal Pradesh Cricket Association Stadium, Dharamsala",Dharamsala,Dharamsala,Punjab Kings,V Kohli,"Nitin Menon, HAS Khalid",R Seth,6,20
1426297,2024-05-10,2024,T20,,Gujarat Titans,Chennai Super Kings,Gujarat Titans,,35.0,,Chennai Super Kings,field,,"Narendra Modi Stadium, Ahmedabad","Narendra Modi Stadium, Ahmedabad",Ahmedabad,Ahmedabad,Gujarat Titans,Shubman Gill,"KN Ananthapadmanabhan, NA Patwardhan",P Dharmani,6,20
1426298,2024-05-11,2024,T20,,Kolkata Knight Riders,Mumbai Indians,Kolkata Knight Riders,,18.0,,Mumbai Indians,field,,"Eden Gardens, Kolkata","Eden Gardens, Kolkata",Kolkata,Kolkata,Kolkata Knight Riders,CV Varun,"UV Gandhe, Vinod Seshan",DS Manohar,6,20
1426299,2024-05-12,2024,T20,,Rajasthan Royals,Chennai Super Kings,Chennai Super Kings,,,5.0,Rajasthan Royals,bat,,"MA Chidambaram Stadium, Chepauk, Chennai","MA Chidambaram Stadium, Chepauk, Chennai",Chennai,Chennai,Chennai Super Kings,Simarjeet Singh,"R Pandit, YC Barde",Shakti Singh,6,20
1426300,2024-05-12,2024,T20,,Royal Challengers Bangalore,Delhi Capitals,Royal Challengers Bangalore,,47.0,,Delhi Capitals,field,,"M Chinnaswamy Stadium, Bengaluru","M Chinnaswamy Stadium, Bengaluru",Bengaluru,Bengaluru,Royal Challengers Bangalore,C Green,"A Nand Kishore, VA Kulkarni",R Seth,6,20
1426302,2024-05-14,2024,T20,,Delhi Capitals,Lucknow Super Giants,Delhi Capitals,,19.0,,Lucknow Super Giants,field,,"Arun Jaitley Stadium, Delhi","Arun Jaitley Stadium, Delhi",Delhi,Delhi,Delhi Capitals,I Sharma,"A Totre, Vinod Seshan",DS Manohar,6,20
1426303,2024-05-15,2024,T20,,Rajasthan Royals,Punjab Kings,Punjab Kings,,,5.0,Rajasthan Royals,bat,,"Barsapara Cricket Stadium, Guwahati","Barsapara Cricket Stadium, Guwahati",Guwahati,Guwahati,,SM Curran,"R Pandit, MV Saidharshan Kumar",Shakti Singh,6,20
1426305,2024-05-17,2024,T20,,Lucknow Super Giants,Mumbai Indians,Lucknow Super Giants,,18.0,,Mumbai Indians,field,,"Wankhede Stadium, Mumbai","Wankhede Stadium, Mumbai",Mumbai,Mumbai,Mumbai Indians,N Pooran,"Navdeep Singh, R Pandit",P Dharmani,6,20
1426306,2024-05-18,2024,T20,,Royal Challengers Bangalore,Chennai Super Kings,Royal Challengers Bangalore,,27.0,,Chennai Super Kings,field,,"M Chinnaswamy Stadium, Bengaluru","M Chinnaswamy Stadium, Bengaluru",Bengaluru,Bengaluru,Royal Challengers Bangalore,F du Plessis,"A Totre, KN Ananthapadmanabhan",DS Manohar,6,20
1426307,2024-05-19,2024,T20,,Punjab Kings,Sunrisers Hyderabad,Sunrisers Hyderabad,,,4.0,Punjab Kings,bat,,"Rajiv Gandhi International Stadium, Uppal, Hyderabad","Rajiv Gandhi International Stadium, Uppal, Hyderabad",Hyderabad,Hyderabad,Sunrisers Hyderabad,Abhishek Sharma,"Nitin Menon, VK Sharma",Prakash Bhatt,6,20
1426309,2024-05-21,2024,T20,,Sunrisers Hyderabad,Kolkata Knight Riders,Kolkata Knight Riders,,,8.0,Sunrisers Hyderabad,bat,,"Narendra Modi Stadium, Ahmedabad","Narendra Modi Stadium, Ahmedabad",Ahmedabad,Ahmedabad,,MA Starc,"AK Chaudhary, R Pandit",J Srinath,6,20
1426310,2024-05-22,2024,T20,,Royal Challengers Bangalore,Rajasthan Royals,Rajasthan Royals,,,4.0,Rajasthan Royals,field,,"Narendra Modi Stadium, Ahmedabad","Narendra Modi Stadium, Ahmedabad",Ahmedabad,Ahmedabad,,R Ashwin,"KN Ananthapadmanabhan, MV Saidharshan Kumar",V Narayan Kutty,6,20
1426311,2024-05-24,2024,T20,,Sunrisers Hyderabad,Rajasthan Royals,Sunrisers Hyderabad,,36.0,,Rajasthan Royals,field,,"MA Chidambaram Stadium, Chepauk, Chennai","MA Chidambaram Stadium, Chepauk, Chennai",Chennai,Chennai,,Shahbaz Ahmed,"Nitin Menon, VK Sharma",J Srinath,6,20
1426312,2024-05-26,2024,T20,,Sunrisers Hyderabad,Kolkata Knight Riders,Kolkata Knight Riders,,,8.0,Sunrisers Hyderabad,bat,,"MA Chidambaram Stadium, Chepauk, Chennai","MA Chidambaram Stadium, Chepauk, Chennai",Chennai,Chennai,,MA Starc,"J Madanagopal, Nitin Menon",M Nayyar,6,20
1473438,2025-03-22,2025,T20,,Kolkata Knight Riders,Royal Challengers Bangalore,Royal Challengers Bangalore,,,7.0,Royal Challengers Bangalore,field,,"Eden Gardens, Kolkata","Eden Gardens, Kolkata",Kolkata,Kolkata,Kolkata Knight Riders,KH Pandya,"A Bengeri, Vinod Seshan",Prakash Bhatt,6,20
1473439,2025-03-23,2025,T20,,Sunrisers Hyderabad,Rajasthan Royals,Sunrisers Hyderabad,,44.0,,Rajasthan Royals,field,,"Rajiv Gandhi International Stadium, Uppal, Hyderabad","Rajiv Gandhi International Stadium, Uppal, Hyderabad",Hyderabad,Hyderabad,Sunrisers Hyderabad,Ishan Kishan,"AT Holdstock, A Totre",Shakti Singh,6,20
1473440,2025-03-23,2025,T20,,Mumbai Indians,Chennai Super Kings,Chennai Super Kings,,,4.0,Chennai Super Kings,field,,"MA Chidambaram Stadium, Chepauk, Chennai","MA Chidambaram Stadium, Chepauk, Chennai",Chennai,Chennai,Chennai Super Kings,Noor Ahmad,"KN Ananthapadmanabhan, HAS Khalid",J Srinath,6,20
1473441,2025-03-24,2025,T20,,Lucknow Super Giants,Delhi Capitals,Delhi Capitals,,,1.0,Delhi Capitals,field,,"Dr. Y.S. Rajasekhara Reddy ACA-VDCA Cricket Stadium, Visakhapatnam","Dr. Y.S. Rajasekhara Reddy ACA-VDCA Cricket Stadium, Visakhapatnam",Visakhapatnam,Visakhapatnam,,Ashutosh Sharma,"Abhijit Bhattacharya, UV Gandhe",V Narayan Kutty,6,20
1473442,2025-03-25,2025,T20,,Punjab Kings,Gujarat Titans,Punjab Kings,,11.0,,Gujarat Titans,field,,"Narendra Modi Stadium, Ahmedabad","Narendra Modi Stadium, Ahmedabad",Ahmedabad,Ahmedabad,Gujarat Titans,SS Iyer,"A Bengeri, Vinod Seshan",Prakash Bhatt,6,20
1473443,2025-03-26,2025,T20,,Rajasthan Royals,Kolkata Knight Riders,Kolkata Knight Riders,,,8.0,Kolkata Knight Riders,field,,"Barsapara Cricket Stadium, Guwahati","Barsapara Cricket Stadium, Guwahati",Guwahati,Guwahati,,Q de Kock,"A Totre, R Pandit",Shakti Singh,6,20
1473444,2025-03-27,2025,T20,,Sunrisers Hyderabad,Lucknow Super Giants,Lucknow Super Giants,,,5.0,Lucknow Super Giants,field,,"Rajiv Gandhi International Stadium, Uppal, Hyderabad","Rajiv Gandhi International Stadium, Uppal, Hyderabad",Hyderabad,Hyderabad,Sunrisers Hyderabad,SN Thakur,"Abhijit Bhattacharya, UV Gandhe",V Narayan Kutty,6,20
1473445,2025-03-28,2025,T20,,Royal Challengers Bangalore,Chennai Super Kings,Royal Challengers Bangalore,,50.0,,Chennai Super Kings,field,,"MA Chidambaram Stadium, Chepauk, Chennai","MA Chidambaram Stadium, Chepauk, Chennai",Chennai,Chennai,Chennai Super Kings,RM Patidar,"Nitin Menon, HAS Khalid",J Srinath,6,20
1473446,2025-03-29,2025,T20,,Gujarat Titans,Mumbai Indians,Gujarat Titans,,36.0,,Mumbai Indians,field,,"Narendra Modi Stadium, Ahmedabad","Narendra Modi Stadium, Ahmedabad",Ahmedabad,Ahmedabad,Gujarat Titans,M Prasidh Krishna,"A Bengeri, Vinod Seshan",Prakash Bhatt,6,20
1473447,2025-03-30,2025,T20,,Sunrisers Hyderabad,Delhi Capitals,Delhi Capitals,,,7.0,Sunrisers Hyderabad,bat,,"Dr. Y.S. Rajasekhara Reddy ACA-VDCA Cricket Stadium, Visakhapatnam","Dr. Y.S. Rajasekhara Reddy ACA-VDCA Cricket Stadium, Visakhapatnam",Visakhapatnam,Visakhapatnam,,MA Starc,"Abhijit Bhattacharya, UV Gandhe",V Narayan Kutty,6,20
1473448,2025-03-30,2025,T20,,Rajasthan Royals,Chennai Super Kings,Rajasthan Royals,,6.0,,Chennai Super Kings,field,,"Barsapara Cricket Stadium, Guwahati","Barsapara Cricket Stadium, Guwahati",Guwahati,Guwahati,,N Rana,"AT Holdstock, A Totre",Shakti Singh,6,20
1473449,2025-03-31,2025,T20,,Kolkata Knight Riders,Mumbai Indians,Mumbai Indians,,,8.0,Mumbai Indians,field,,"Wankhede Stadium, Mumbai","Wankhede Stadium, Mumbai",Mumbai,Mumbai,Mumbai Indians,Ashwani Kumar,"MV Saidharshan Kumar, HAS Khalid",J Srinath,6,20
1473450,2025-04-01,2025,T20,,Lucknow Super Giants,Punjab Kings,Punjab Kings,,,8.0,Punjab Kings,field,,"Bharat Ratna Shri Atal Bihari Vajpayee Ekana Cricket Stadium, Lucknow","Bharat Ratna Shri Atal Bihari Vajpayee Ekana Cricket Stadium, Lucknow",Lucknow,Lucknow,Lucknow Super Giants,P Simran Singh,"A Bengeri, Vinod Seshan",Prakash Bhatt,6,20
1473451,2025-04-02,2025,T20,,Royal Challengers Bangalore,Gujarat Titans,Gujarat Titans,,,8.0,Gujarat Titans,field,,"M Chinnaswamy Stadium, Bengaluru","M Chinnaswamy Stadium, Bengaluru",Bengaluru,Bengaluru,Royal Challengers Bangalore,Mohammed Siraj,"Abhijit Bhattacharya, UV Gandhe",V Narayan Kutty,6,20
1473452,2025-04-03,2025,T20,,Kolkata Knight Riders,Sunrisers Hyderabad,Kolkata Knight Riders,,80.0,,Sunrisers Hyderabad,field,,"Eden Gardens, Kolkata","Eden Gardens, Kolkata",Kolkata,Kolkata,Kolkata Knight Riders,VG Arora,"AT Holdstock, A Totre",Shakti Singh,6,20
1473453,2025-04-04,2025,T20,,Lucknow Super Giants,Mumbai Indians,Lucknow Super Giants,,12.0,,Mumbai Indians,field,,"Bharat Ratna Shri Atal Bihari Vajpayee Ekana Cricket Stadium, Lucknow","Bharat Ratna Shri Atal Bihari Vajpayee Ekana Cricket Stadium, Lucknow",Lucknow,Lucknow,Lucknow Super Giants,DS Rathi,"Nitin Menon, MV Saidharshan Kumar",J Srinath,6,20
1473454,2025-04-05,2025,T20,,Delhi Capitals,Chennai Super Kings,Delhi Capitals,,25.0,,Delhi Capitals,bat,,"MA Chidambaram Stadium, Chepauk, Chennai","MA Chidambaram Stadium, Chepauk, Chennai",Chennai,Chennai,Chennai Super Kings,KL Rahul,"A Bengeri, P Joshi",Prakash Bhatt,6,20
1473455,2025-04-05,2025,T20,,Rajasthan Royals,Punjab Kings,Rajasthan Royals,,50.0,,Punjab Kings,field,,"Maharaja Yadavindra Singh International Cricket Stadium, Mullanpur","Maharaja Yadavindra Singh International Cricket Stadium, Mullanpur",Mohali,Mullanpur,,JC Archer,"K Swaroopanand, UV Gandhe",V Narayan Kutty,6,20
1473457,2025-04-06,2025,T20,,Sunrisers Hyderabad,Gujarat Titans,Gujarat Titans,,,7.0,Gujarat Titans,field,,"Rajiv Gandhi International Stadium, Uppal, Hyderabad","Rajiv Gandhi International Stadium, Uppal, Hyderabad",Hyderabad,Hyderabad,Sunrisers Hyderabad,Mohammed Siraj,"KN Ananthapadmanabhan, MV Saidharshan Kumar",J Srinath,6,20
1473458,2025-04-07,2025,T20,,Royal Challengers Bangalore,Mumbai Indians,Royal Challengers Bangalore,,12.0,,Mumbai Indians,field,,"Wankhede Stadium, Mumbai","Wankhede Stadium, Mumbai",Mumbai,Mumbai,Mumbai Indians,RM Patidar,"P Joshi, Vinod Seshan",Prakash Bhatt,6,20
1473456,2025-04-08,2025,T20,,Lucknow Super Giants,Kolkata Knight Riders,Lucknow Super Giants,,4.0,,Kolkata Knight Riders,field,,"Eden Gardens, Kolkata","Eden Gardens, Kolkata",Kolkata,Kolkata,Kolkata Knight Riders,N Pooran,"AT Holdstock, A Totre",Shakti Singh,6,20
1473459,2025-04-08,2025,T20,,Punjab Kings,Chennai Super Kings,Punjab Kings,,18.0,,Punjab Kings,bat,,"Maharaja Yadavindra Singh International Cricket Stadium, Mullanpur","Maharaja Yadavindra Singh International Cricket Stadium, Mullanpur",Mohali,Mullanpur,,Priyansh Arya,"Abhijit Bhattacharya, UV Gandhe",V Narayan Kutty,6,20
1473460,2025-04-09,2025,T20,,Gujarat Titans,Rajasthan Royals,Gujarat Titans,,58.0,,Rajasthan Royals,field,,"Narendra Modi Stadium, Ahmedabad","Narendra Modi Stadium, Ahmedabad",Ahmedabad,Ahmedabad,Gujarat Titans,B Sai Sudharsan,"A Totre, R Pandit",Shakti Singh,6,20
1473461,2025-04-10,2025,T20,,Royal Challengers Bangalore,Delhi Capitals,Delhi Capitals,,,6.0,Delhi Capitals,field,,"M Chinnaswamy Stadium, Bengaluru","M Chinnaswamy Stadium, Bengaluru",Bengaluru,Bengaluru,Royal Challengers Bangalore,KL Rahul,"KN Ananthapadmanabhan, MV Saidharshan Kumar",J Srinath,6,20
1473462,2025-04-11,2025,T20,,Chennai Super Kings,Kolkata Knight Riders,Kolkata Knight Riders,,,8.0,Kolkata Knight Riders,field,,"MA Chidambaram Stadium, Chepauk, Chennai","MA Chidambaram Stadium, Chepauk, Chennai",Chennai,Chennai,Chennai Super Kings,SP Narine,"CB Gaffaney, P Joshi",Prakash Bhatt,6,20
1473463,2025-04-12,2025,T20,,Gujarat Titans,Lucknow Super Giants,Lucknow Super Giants,,,6.0,Lucknow Super Giants,field,,"Bharat Ratna Shri Atal Bihari Vajpayee Ekana Cricket Stadium, Lucknow","Bharat Ratna Shri Atal Bihari Vajpayee Ekana Cricket Stadium, Lucknow",Lucknow,Lucknow,Lucknow Super Giants,AK Markram,"K Swaroopanand, UV Gandhe",V Narayan Kutty,6,20
1473464,2025-04-12,2025,T20,,Punjab Kings,Sunrisers Hyderabad,Sunrisers Hyderabad,,,8.0,Punjab Kings,bat,,"Rajiv Gandhi International Stadium, Uppal, Hyderabad","Rajiv Gandhi International Stadium, Uppal, Hyderabad",Hyderabad,Hyderabad,Sunrisers Hyderabad,Abhishek Sharma,"A Totre, K Kelkar",Shakti Singh,6,20
1473465,2025-04-13,2025,T20,,Rajasthan Royals,Royal Challengers Bangalore,Royal Challengers Bangalore,,,9.0,Royal Challengers Bangalore,field,,"Sawai Mansingh Stadium, Jaipur","Sawai Mansingh Stadium, Jaipur",Jaipur,Jaipur,Rajasthan Royals,PD Salt,"Nitin Menon, MV Saidharshan Kumar",J Srinath,6,20
1473466,2025-04-13,2025,T20,,Mumbai Indians,Delhi Capitals,Mumbai Indians,,12.0,,Delhi Capitals,field,,"Arun Jaitley Stadium, Delhi","Arun Jaitley Stadium, Delhi",Delhi,Delhi,Delhi Capitals,KV Sharma,"CB Gaffaney, Vinod Seshan",Prakash Bhatt,6,20
1473467,2025-04-14,2025,T20,,Lucknow Super Giants,Chennai Super Kings,Chennai Super Kings,,,5.0,Chennai Super Kings,field,,"Bharat Ratna Shri Atal Bihari Vajpayee Ekana Cricket Stadium, Lucknow","Bharat Ratna Shri Atal Bihari Vajpayee Ekana Cricket Stadium, Lucknow",Lucknow,Lucknow,Lucknow Super Giants,MS Dhoni,"UV Gandhe, VK Sharma",V Narayan Kutty,6,20
1473468,2025-04-15,2025,T20,,Punjab Kings,Kolkata Knight Riders,Punjab Kings,,16.0,,Punjab Kings,bat,,"Maharaja Yadavindra Singh International Cricket Stadium, Mullanpur","Maharaja Yadavindra Singh International Cricket Stadium, Mullanpur",Mohali,Mullanpur,,YS Chahal,"M Krishnadas, MV Saidharshan Kumar",J Srinath,6,20
1473469,2025-04-16,2025,T20,,Delhi Capitals,Rajasthan Royals,,tie,,,Rajasthan Royals,field,,"Arun Jaitley Stadium, Delhi","Arun Jaitley Stadium, Delhi",Delhi,Delhi,Delhi Capitals,MA Starc,"A Totre, K Kelkar",Shakti Singh,6,20
1473470,2025-04-17,2025,T20,,Sunrisers Hyderabad,Mumbai Indians,Mumbai Indians,,,4.0,Mumbai Indians,field,,"Wankhede Stadium, Mumbai","Wankhede Stadium, Mumbai",Mumbai,Mumbai,Mumbai Indians,WG Jacks,"J Madanagopal, Vinod Seshan",Prakash Bhatt,6,20
1473471,2025-04-18,2025,T20,,Royal Challengers Bangalore,Punjab Kings,Punjab Kings,,,5.0,Punjab Kings,field,,"M Chinnaswamy Stadium, Bengaluru","M Chinnaswamy Stadium, Bengaluru",Bengaluru,Bengaluru,Royal Challengers Bangalore,TH David,"UV Gandhe, VK Sharma",V Narayan Kutty,6,20
1473472,2025-04-19,2025,T20,,Delhi Capitals,Gujarat Titans,Gujarat Titans,,,7.0,Gujarat Titans,field,,"Narendra Modi Stadium, Ahmedabad","Narendra Modi Stadium, Ahmedabad",Ahmedabad,Ahmedabad,Gujarat Titans,JC Buttler,"A Totre, K Kelkar",R Seth,6,20
1473473,2025-04-19,2025,T20,,Lucknow Super Giants,Rajasthan Royals,Lucknow Super Giants,,2.0,,Lucknow Super Giants,bat,,"Sawai Mansingh Stadium, Jaipur","Sawai Mansingh Stadium, Jaipur",Jaipur,Jaipur,Rajasthan Royals,Avesh Khan,"J Madanagopal, Vinod Seshan",Prakash Bhatt,6,20
1473474,2025-04-20,2025,T20,,Punjab Kings,Royal Challengers Bangalore,Royal Challengers Bangalore,,,7.0,Royal Challengers Bangalore,field,,"Maharaja Yadavindra Singh International Cricket Stadium, Mullanpur","Maharaja Yadavindra Singh International Cricket Stadium, Mullanpur",Mohali,Mullanpur,,V Kohli,"KM Gandhi, MV Saidharshan Kumar",J Srinath,6,20
1473475,2025-04-20,2025,T20,,Chennai Super Kings,Mumbai Indians,Mumbai Indians,,,9.0,Mumbai Indians,field,,"Wankhede Stadium, Mumbai","Wankhede Stadium, Mumbai",Mumbai,Mumbai,Mumbai Indians,RG Sharma,"Abhijit Bhattacharya, VK Sharma",V Narayan Kutty,6,20
1473476,2025-04-21,2025,T20,,Gujarat Titans,Kolkata Knight Riders,Gujarat Titans,,39.0,,Kolkata Knight Riders,field,,"Eden Gardens, Kolkata","Eden Gardens, Kolkata",Kolkata,Kolkata,Kolkata Knight Riders,Shubman Gill,"Anish Sahasrabudhe, R Pandit",R Seth,6,20
1473477,2025-04-22,2025,T20,,Lucknow Super Giants,Delhi Capitals,Delhi Capitals,,,8.0,Delhi Capitals,field,,"Bharat Ratna Shri Atal Bihari Vajpayee Ekana Cricket Stadium, Lucknow","Bharat Ratna Shri Atal Bihari Vajpayee Ekana Cricket Stadium, Lucknow",Lucknow,Lucknow,Lucknow Super Giants,Mukesh Kumar,"KM Gandhi, MV Saidharshan Kumar",J Srinath,6,20
1473478,2025-04-23,2025,T20,,Sunrisers Hyderabad,Mumbai Indians,Mumbai Indians,,,7.0,Mumbai Indians,field,,"Rajiv Gandhi International Stadium, Uppal, Hyderabad","Rajiv Gandhi International Stadium, Uppal, Hyderabad",Hyderabad,Hyderabad,Sunrisers Hyderabad,TA Boult,"J Madanagopal, Vinod Seshan",IR Siddiqui,6,20
1473479,2025-04-24,2025,T20,,Royal Challengers Bangalore,Rajasthan Royals,Royal Challengers Bangalore,,11.0,,Rajasthan Royals,field,,"M Chinnaswamy Stadium, Bengaluru","M Chinnaswamy Stadium, Bengaluru",Bengaluru,Bengaluru,Royal Challengers Bangalore,JR Hazlewood,"MA Gough, UV Gandhe",R Seth,6,20
1473480,2025-04-25,2025,T20,,Chennai Super Kings,Sunrisers Hyderabad,Sunrisers Hyderabad,,,5.0,Sunrisers Hyderabad,field,,"MA Chidambaram Stadium, Chepauk, Chennai","MA Chidambaram Stadium, Chepauk, Chennai",Chennai,Chennai,Chennai Super Kings,HV Patel,"M Krishnadas, Nitin Menon",J Srinath,6,20
1473481,2025-04-26,2025,T20,,Punjab Kings,Kolkata Knight Riders,,no result,,,Punjab Kings,bat,,"Eden Gardens, Kolkata","Eden Gardens, Kolkata",Kolkata,Kolkata,Kolkata Knight Riders,,"AT Holdstock, Anish Sahasrabudhe",R Seth,6,20
1473482,2025-04-27,2025,T20,,Mumbai Indians,Lucknow Super Giants,Mumbai Indians,,54.0,,Lucknow Super Giants,field,,"Wankhede Stadium, Mumbai","Wankhede Stadium, Mumbai",Mumbai,Mumbai,Mumbai Indians,WG Jacks,"CB Gaffaney, J Madanagopal",DS Manohar,6,20
1473483,2025-04-27,2025,T20,,Delhi Capitals,Royal Challengers Bangalore,Royal Challengers Bangalore,,,6.0,Royal Challengers Bangalore,field,,"Arun Jaitley Stadium, Delhi","Arun Jaitley Stadium, Delhi",Delhi,Delhi,Delhi Capitals,KH Pandya,"M Krishnadas, Nitin Menon",IR Siddiqui,6,20
1473484,2025-04-28,2025,T20,,Gujarat Titans,Rajasthan Royals,Rajasthan Royals,,,8.0,Rajasthan Royals,field,,"Sawai Mansingh Stadium, Jaipur","Sawai Mansingh Stadium, Jaipur",Jaipur,Jaipur,Rajasthan Royals,V Suryavanshi,"MA Gough, VK Sharma",R Seth,6,20
1473485,2025-04-29,2025,T20,,Kolkata Knight Riders,Delhi Capitals,Kolkata Knight Riders,,14.0,,Delhi Capitals,field,,"Arun Jaitley Stadium, Delhi","Arun Jaitley Stadium, Delhi",Delhi,Delhi,Delhi Capitals,SP Narine,"M Krishnadas, MV Saidharshan Kumar",IR Siddiqui,6,20
1473486,2025-04-30,2025,T20,,Chennai Super Kings,Punjab Kings,Punjab Kings,,,4.0,Punjab Kings,field,,"MA Chidambaram Stadium, Chepauk, Chennai","MA Chidambaram Stadium, Chepauk, Chennai",Chennai,Chennai,Chennai Super Kings,SS Iyer,"A Totre, Anish Sahasrabudhe",Amit Sharma,6,20
1473487,2025-05-01,2025,T20,,Mumbai Indians,Rajasthan Royals,Mumbai Indians,,100.0,,Rajasthan Royals,field,,"Sawai Mansingh Stadium, Jaipur","Sawai Mansingh Stadium, Jaipur",Jaipur,Jaipur,Rajasthan Royals,RD Rickelton,"P Joshi, Vinod Seshan",DS Manohar,6,20
1473488,2025-05-02,2025,T20,,Gujarat Titans,Sunrisers Hyderabad,Gujarat Titans,,38.0,,Sunrisers Hyderabad,field,,"Narendra Modi Stadium, Ahmedabad","Narendra Modi Stadium, Ahmedabad",Ahmedabad,Ahmedabad,Gujarat Titans,M Prasidh Krishna,"K Swaroopanand, VK Sharma",P Dharmani,6,20
1473489,2025-05-03,2025,T20,,Royal Challengers Bangalore,Chennai Super Kings,Royal Challengers Bangalore,,2.0,,Chennai Super Kings,field,,"M Chinnaswamy Stadium, Bengaluru","M Chinnaswamy Stadium, Bengaluru",Bengaluru,Bengaluru,Royal Challengers Bangalore,R Shepherd,"M Krishnadas, Nitin Menon",IR Siddiqui,6,20
1473490,2025-05-04,2025,T20,,Kolkata Knight Riders,Rajasthan Royals,Kolkata Knight Riders,,1.0,,Kolkata Knight Riders,bat,,"Eden Gardens, Kolkata","Eden Gardens, Kolkata",Kolkata,Kolkata,Kolkata Knight Riders,AD Russell,"Anish Sahasrabudhe, R Pandit",Amit Sharma,6,20
1473491,2025-05-04,2025,T20,,Punjab Kings,Lucknow Super Giants,Punjab Kings,,37.0,,Lucknow Super Giants,field,,"Himachal Pradesh Cricket Association Stadium, Dharamsala","Himachal Pradesh Cricket Association Stadium, Dharamsala",Dharamsala,Dharamsala,Punjab Kings,P Simran Singh,"J Madanagopal, P Joshi",DS Manohar,6,20
1473492,2025-05-05,2025,T20,,Delhi Capitals,Sunrisers Hyderabad,,no result,,,Sunrisers Hyderabad,field,,"Rajiv Gandhi International Stadium, Uppal, Hyderabad","Rajiv Gandhi International Stadium, Uppal, Hyderabad",Hyderabad,Hyderabad,Sunrisers Hyderabad,,"K Swaroopanand, VK Sharma",P Dharmani,6,20
1473493,2025-05-06,2025,T20,,Mumbai Indians,Gujarat Titans,Gujarat Titans,,,3.0,Gujarat Titans,field,D/L,"Wankhede Stadium, Mumbai","Wankhede Stadium, Mumbai",Mumbai,Mumbai,Mumbai Indians,Shubman Gill,"KM Gandhi, MV Saidharshan Kumar",A Kripal Singh,6,20
1473494,2025-05-07,2025,T20,,Kolkata Knight Riders,Chennai Super Kings,Chennai Super Kings,,,2.0,Kolkata Knight Riders,bat,,"Eden Gardens, Kolkata","Eden Gardens, Kolkata",Kolkata,Kolkata,Kolkata Knight Riders,Noor Ahmad,"AT Holdstock, Anish Sahasrabudhe",Amit Sharma,6,20
1473495,2025-05-08,2025,T20,,Punjab Kings,Delhi Capitals,,no result,,,Punjab Kings,bat,,"Himachal Pradesh Cricket Association Stadium, Dharamsala","Himachal Pradesh Cricket Association Stadium, Dharamsala",Dharamsala,Dharamsala,Punjab Kings,,"CB Gaffaney, P Joshi",DS Manohar,6,20
1473497,2025-05-18,2025,T20,,Punjab Kings,Rajasthan Royals,Punjab Kings,,10.0,,Punjab Kings,bat,,"Sawai Mansingh Stadium, Jaipur","Sawai Mansingh Stadium, Jaipur",Jaipur,Jaipur,Rajasthan Royals,Harpreet Brar,"A Bengeri, CB Gaffaney",DS Manohar,6,20
1473498,2025-05-18,2025,T20,,Delhi Capitals,Gujarat Titans,Gujarat Titans,,,10.0,Gujarat Titans,field,,"Arun Jaitley Stadium, Delhi","Arun Jaitley Stadium, Delhi",Delhi,Delhi,Delhi Capitals,B Sai Sudharsan,"AT Holdstock, K Kelkar",A Kripal Singh,6,20
1473499,2025-05-19,2025,T20,,Lucknow Super Giants,Sunrisers Hyderabad,Sunrisers Hyderabad,,,6.0,Sunrisers Hyderabad,field,,"Bharat Ratna Shri Atal Bihari Vajpayee Ekana Cricket Stadium, Lucknow","Bharat Ratna Shri Atal Bihari Vajpayee Ekana Cricket Stadium, Lucknow",Lucknow,Lucknow,Lucknow Super Giants,Abhishek Sharma,"K Swaroopanand, MA Gough",P Dharmani,6,20
1473500,2025-05-20,2025,T20,,Chennai Super Kings,Rajasthan Royals,Rajasthan Royals,,,6.0,Rajasthan Royals,field,,"Arun Jaitley Stadium, Delhi","Arun Jaitley Stadium, Delhi",Delhi,Delhi,,Akash Madhwal,"K Kelkar, R Pandit",A Kripal Singh,6,20
1473501,2025-05-21,2025,T20,,Mumbai Indians,Delhi Capitals,Mumbai Indians,,59.0,,Delhi Capitals,field,,"Wankhede Stadium, Mumbai","Wankhede Stadium, Mumbai",Mumbai,Mumbai,Mumbai Indians,SA Yadav,"A Bengeri, J Madanagopal",DS Manohar,6,20
1473502,2025-05-22,2025,T20,,Lucknow Super Giants,Gujarat Titans,Lucknow Super Giants,,33.0,,Gujarat Titans,field,,"Narendra Modi Stadium, Ahmedabad","Narendra Modi Stadium, Ahmedabad",Ahmedabad,Ahmedabad,Gujarat Titans,MR Marsh,"KN Ananthapadmanabhan, M Krishnadas",Amit Sharma,6,20
1473503,2025-05-23,2025,T20,,Sunrisers Hyderabad,Royal Challengers Bangalore,Sunrisers Hyderabad,,42.0,,Royal Challengers Bangalore,field,,"Bharat Ratna Shri Atal Bihari Vajpayee Ekana Cricket Stadium, Lucknow","Bharat Ratna Shri Atal Bihari Vajpayee Ekana Cricket Stadium, Lucknow",Lucknow,Lucknow,,Ishan Kishan,"K Swaroopanand, MA Gough",P Dharmani,6,20
1485779,2025-05-24,2025,T20,,Punjab Kings,Delhi Capitals,Delhi Capitals,,,6.0,Delhi Capitals,field,,"Sawai Mansingh Stadium, Jaipur","Sawai Mansingh Stadium, Jaipur",Jaipur,Jaipur,,Sameer Rizvi,"J Madanagopal, P Joshi",DS Manohar,6,20
1473504,2025-05-25,2025,T20,,Chennai Super Kings,Gujarat Titans,Chennai Super Kings,,83.0,,Chennai Super Kings,bat,,"Narendra Modi Stadium, Ahmedabad","Narendra Modi Stadium, Ahmedabad",Ahmedabad,Ahmedabad,Gujarat Titans,D Brevis,"KM Gandhi, KN Ananthapadmanabhan",Amit Sharma,6,20
1473505,2025-05-25,2025,T20,,Sunrisers Hyderabad,Kolkata Knight Riders,Sunrisers Hyderabad,,110.0,,Sunrisers Hyderabad,bat,,"Arun Jaitley Stadium, Delhi","Arun Jaitley Stadium, Delhi",Delhi,Delhi,,H Klaasen,"AT Holdstock, K Kelkar",A Kripal Singh,6,20
1473506,2025-05-26,2025,T20,,Mumbai Indians,Punjab Kings,Punjab Kings,,,7.0,Punjab Kings,field,,"Sawai Mansingh Stadium, Jaipur","Sawai Mansingh Stadium, Jaipur",Jaipur,Jaipur,,JP Inglis,"CB Gaffaney, P Joshi",DS Manohar,6,20
1473507,2025-05-27,2025,T20,,Lucknow Super Giants,Royal Challengers Bangalore,Royal Challengers Bangalore,,,6.0,Royal Challengers Bangalore,field,,"Bharat Ratna Shri Atal Bihari Vajpayee Ekana Cricket Stadium, Lucknow","Bharat Ratna Shri Atal Bihari Vajpayee Ekana Cricket Stadium, Lucknow",Lucknow,Lucknow,Lucknow Super Giants,JM Sharma,"MA Gough, VK Sharma",P Dharmani,6,20
1473508,2025-05-29,2025,T20,,Punjab Kings,Royal Challengers Bangalore,Royal Challengers Bangalore,,,8.0,Royal Challengers Bangalore,field,,"Maharaja Yadavindra Singh International Cricket Stadium, Mullanpur","Maharaja Yadavindra Singh International Cricket Stadium, Mullanpur",New Chandigarh,Mullanpur,,Suyash Sharma,"MA Gough, VK Sharma",V Narayan Kutty,6,20
1473509,2025-05-30,2025,T20,,Mumbai Indians,Gujarat Titans,Mumbai Indians,,20.0,,Mumbai Indians,bat,,"Maharaja Yadavindra Singh International Cricket Stadium, New Chandigarh","Maharaja Yadavindra Singh International Cricket Stadium, New Chandigarh",New Chandigarh,New Chandigarh,,RG Sharma,"R Pandit, UV Gandhe",Prakash Bhatt,6,20
1473510,2025-06-01,2025,T20,,Mumbai Indians,Punjab Kings,Punjab Kings,,,5.0,Punjab Kings,field,,"Narendra Modi Stadium, Ahmedabad","Narendra Modi Stadium, Ahmedabad",Ahmedabad,Ahmedabad,,SS Iyer,"CB Gaffaney, Nitin Menon",J Srinath,6,20
1473511,2025-06-03,2025,T20,,Royal Challengers Bangalore,Punjab Kings,Royal Challengers Bangalore,,6.0,,Punjab Kings,field,,"Narendra Modi Stadium, Ahmedabad","Narendra Modi Stadium, Ahmedabad",Ahmedabad,Ahmedabad,,KH Pandya,"J Madanagopal, Nitin Menon",J Srinath,6,20
